probe,probe_seed,pair_id,target,prediction
z_cn_to_degree,0,test-0,4.6443908991413725,2.8107595443725586
z_cn_to_degree,0,test-1,3.9889840465642745,4.051271438598633
z_cn_to_degree,0,test-2,4.584967478670571,4.849506378173828
z_cn_to_degree,0,test-3,3.1780538303479453,3.2739334106445312
z_cn_to_degree,0,test-4,4.77912349311153,4.5608367919921875
z_cn_to_degree,0,test-5,3.8066624897703196,3.951057195663452
z_cn_to_degree,0,test-6,5.966146739123692,5.162064552307129
z_cn_to_degree,0,test-7,3.6635616461296463,4.000668525695801
z_cn_to_degree,0,test-8,3.044522437723423,3.3067126274108887
z_cn_to_degree,0,test-9,3.6888794541139367,4.0565876960754395
z_cn_to_degree,0,test-10,3.401197381662155,3.815645694732666
z_cn_to_degree,0,test-11,3.9120230054281464,4.195126056671143
z_cn_to_degree,0,test-12,0.6931471805599453,2.755772829055786
z_cn_to_degree,0,test-13,4.74493212836325,3.200223207473755
z_cn_to_degree,0,test-14,4.0943445622221,3.2728190422058105
z_cn_to_degree,0,test-15,1.791759469228055,2.751969575881958
z_cn_to_degree,0,test-16,4.394449154672439,3.8623104095458984
z_cn_to_degree,0,test-17,4.718498871295095,2.8219237327575684
z_cn_to_degree,0,test-18,0.6931471805599453,2.755772829055786
z_cn_to_degree,0,test-19,3.044522437723423,3.3067126274108887
z_cn_to_degree,0,test-20,3.1780538303479458,2.748579978942871
z_cn_to_degree,0,test-21,3.465735902799726,3.777381420135498
z_cn_to_degree,0,test-22,3.401197381662155,4.064035892486572
z_cn_to_degree,0,test-23,1.0986122886681098,2.752035140991211
z_cn_to_degree,0,test-24,3.5553480614894135,3.7952945232391357
z_cn_to_degree,0,test-25,4.189654742026425,4.9896016120910645
z_cn_to_degree,0,test-26,2.3025850929940455,3.272216320037842
z_cn_to_degree,0,test-27,3.465735902799726,4.067092418670654
z_cn_to_degree,0,test-28,2.8903717578961645,3.534752607345581
z_cn_to_degree,0,test-29,3.688879454113936,4.736469268798828
z_cn_to_degree,0,test-30,4.882801922586371,2.5193419456481934
z_cn_to_degree,0,test-31,4.553876891600541,3.943162441253662
z_cn_to_degree,0,test-32,3.58351893845611,4.118501663208008
z_cn_to_degree,0,test-33,3.58351893845611,3.5824990272521973
z_cn_to_degree,0,test-34,3.1780538303479453,3.9919986724853516
z_cn_to_degree,0,test-35,2.772588722239781,3.9258432388305664
z_cn_to_degree,0,test-36,1.3862943611198906,2.7554614543914795
z_cn_to_degree,0,test-37,2.3025850929940455,2.755654811859131
z_cn_to_degree,0,test-38,3.9889840465642745,2.708305835723877
z_cn_to_degree,0,test-39,1.791759469228055,2.755772829055786
z_cn_to_degree,0,test-40,3.951243718581427,4.496687412261963
z_cn_to_degree,0,test-41,3.6888794541139367,3.0872955322265625
z_cn_to_degree,0,test-42,6.040254711277414,4.854160308837891
z_cn_to_degree,0,test-43,2.4849066497880004,3.0748116970062256
z_cn_to_degree,0,test-44,3.1780538303479453,3.8238492012023926
z_cn_to_degree,0,test-45,0.6931471805599453,2.755772829055786
z_cn_to_degree,0,test-46,4.941642422609304,4.446162223815918
z_cn_to_degree,0,test-47,0.0,2.7554614543914795
z_cn_to_degree,0,test-48,2.8903717578961645,4.49433708190918
z_cn_to_degree,0,test-49,6.040254711277414,4.823177814483643
z_cn_to_degree,0,test-50,3.332204510175204,3.47672700881958
z_cn_to_degree,0,test-51,2.995732273553991,4.094020366668701
z_cn_to_degree,0,test-52,6.327936783729195,5.369375705718994
z_cn_to_degree,0,test-53,2.8903717578961645,3.2554378509521484
z_cn_to_degree,0,test-54,2.6390573296152584,2.770481824874878
z_cn_to_degree,0,test-55,4.927253685157204,5.3937859535217285
z_cn_to_degree,0,test-56,2.70805020110221,3.2554378509521484
z_cn_to_degree,0,test-57,5.272999558563747,4.473526954650879
z_cn_to_degree,0,test-58,3.9889840465642745,4.495905876159668
z_cn_to_degree,0,test-59,2.0794415416798357,3.2239317893981934
z_cn_to_degree,0,test-60,4.7535901911063645,4.033155918121338
z_cn_to_degree,0,test-61,2.1972245773362196,2.75441575050354
z_cn_to_degree,0,test-62,2.3978952727983707,2.751560688018799
z_cn_to_degree,0,test-63,1.3862943611198906,2.7554614543914795
z_cn_to_degree,0,test-64,3.58351893845611,3.9557254314422607
z_cn_to_degree,0,test-65,2.8903717578961645,3.661381244659424
z_cn_to_degree,0,test-66,2.4849066497880004,2.760963201522827
z_cn_to_degree,0,test-67,2.4849066497880004,2.760963201522827
z_cn_to_degree,0,test-68,4.90527477843843,4.771824836730957
z_cn_to_degree,0,test-69,3.2188758248682006,3.7391695976257324
z_cn_to_degree,0,test-70,2.995732273553991,2.5082592964172363
z_cn_to_degree,0,test-71,4.0943445622221,3.5316553115844727
z_cn_to_degree,0,test-72,1.791759469228055,2.755772829055786
z_cn_to_degree,0,test-73,3.951243718581427,4.121107578277588
z_cn_to_degree,0,test-74,2.70805020110221,3.2554378509521484
z_cn_to_degree,0,test-75,3.044522437723423,3.559526205062866
z_cn_to_degree,0,test-76,1.0986122886681098,2.752035140991211
z_cn_to_degree,0,test-77,3.044522437723423,3.7279863357543945
z_cn_to_degree,0,test-78,1.3862943611198906,2.7524728775024414
z_cn_to_degree,0,test-79,1.791759469228055,2.755772829055786
z_cn_to_degree,0,test-80,3.688879454113936,4.446186542510986
z_cn_to_degree,0,test-81,3.58351893845611,4.385538101196289
z_cn_to_degree,0,test-82,3.465735902799726,4.078752040863037
z_cn_to_degree,0,test-83,4.025351690735149,3.067841053009033
z_cn_to_degree,0,test-84,4.718498871295094,4.120623588562012
z_cn_to_degree,0,test-85,3.9889840465642745,4.051271438598633
z_cn_to_degree,0,test-86,3.332204510175204,3.6757938861846924
z_cn_to_degree,0,test-87,2.70805020110221,3.2554378509521484
z_cn_to_degree,0,test-88,2.6390573296152584,2.770481824874878
z_cn_to_degree,0,test-89,3.332204510175204,4.111369609832764
z_cn_to_degree,0,test-90,2.4849066497880004,3.0748116970062256
z_cn_to_degree,0,test-91,2.0794415416798357,2.7562050819396973
z_cn_to_degree,0,test-92,3.1780538303479453,3.54600191116333
z_cn_to_degree,0,test-93,5.272999558563747,2.691422700881958
z_cn_to_degree,0,test-94,2.4849066497880004,3.0748116970062256
z_cn_to_degree,0,test-95,3.401197381662156,4.596083641052246
z_cn_to_degree,0,test-96,7.50659178007084,6.877501964569092
z_cn_to_degree,0,test-97,4.465908118654584,3.2527213096618652
z_cn_to_degree,0,test-98,2.3025850929940455,2.755654811859131
z_cn_to_degree,0,test-99,2.70805020110221,3.2554378509521484
z_cn_to_degree,0,test-100,3.58351893845611,4.041699409484863
z_cn_to_degree,0,test-101,2.70805020110221,3.4167697429656982
z_cn_to_degree,0,test-102,4.02535169073515,2.8636372089385986
z_cn_to_degree,0,test-103,2.772588722239781,3.9258432388305664
z_cn_to_degree,0,test-104,2.1972245773362196,3.5194664001464844
z_cn_to_degree,0,test-105,1.0986122886681098,2.752035140991211
z_cn_to_degree,0,test-106,3.5263605246161616,3.126873254776001
z_cn_to_degree,0,test-107,0.6931471805599453,2.755772829055786
z_cn_to_degree,0,test-108,6.327936783729195,3.817397117614746
z_cn_to_degree,0,test-109,3.58351893845611,3.388605833053589
z_cn_to_degree,0,test-110,2.0794415416798357,2.7562050819396973
z_cn_to_degree,0,test-111,2.8903717578961645,2.7698469161987305
z_cn_to_degree,0,test-112,5.0106352940962555,4.161533355712891
z_cn_to_degree,0,test-113,3.688879454113936,3.9427573680877686
z_cn_to_degree,0,test-114,1.3862943611198906,2.7524728775024414
z_cn_to_degree,0,test-115,1.3862943611198906,3.8633646965026855
z_cn_to_degree,0,test-116,7.3395376954076745,3.67148494720459
z_cn_to_degree,0,test-117,4.304065093204169,4.302159309387207
z_cn_to_degree,0,test-118,3.2188758248682006,4.102025985717773
z_cn_to_degree,0,test-119,6.733401891837358,4.005971908569336
z_cn_to_degree,0,test-120,2.4849066497880004,3.011629343032837
z_cn_to_degree,0,test-121,2.995732273553991,3.665708541870117
z_cn_to_degree,0,test-122,3.58351893845611,3.70137882232666
z_cn_to_degree,0,test-123,1.791759469228055,3.790461540222168
z_cn_to_degree,0,test-124,2.6390573296152584,2.770481824874878
z_cn_to_degree,0,test-125,2.1972245773362196,3.068269968032837
z_cn_to_degree,0,test-126,2.4849066497880004,5.1103315353393555
z_cn_to_degree,0,test-127,1.791759469228055,2.755772829055786
z_cn_to_degree,0,test-128,3.6635616461296463,4.000668525695801
z_cn_to_degree,0,test-129,2.5649493574615367,2.7220077514648438
z_cn_to_degree,0,test-130,2.995732273553991,4.575896263122559
z_cn_to_degree,0,test-131,3.044522437723423,3.6798181533813477
z_cn_to_degree,0,test-132,3.688879454113936,3.9427573680877686
z_cn_to_degree,0,test-133,5.560681631015528,3.97940993309021
z_cn_to_degree,0,test-134,2.1972245773362196,3.068269968032837
z_cn_to_degree,0,test-135,2.772588722239781,3.9301717281341553
z_cn_to_degree,0,test-136,3.688879454113936,3.7510628700256348
z_cn_to_degree,0,test-137,2.1972245773362196,2.75441575050354
z_cn_to_degree,0,test-138,4.31748811353631,4.13376522064209
z_cn_to_degree,0,test-139,1.791759469228055,2.755772829055786
z_cn_to_degree,0,test-140,3.332204510175204,4.111369609832764
z_cn_to_degree,0,test-141,4.276666119016055,4.170286178588867
z_cn_to_degree,0,test-142,2.70805020110221,3.2554378509521484
z_cn_to_degree,0,test-143,2.0794415416798357,2.7562050819396973
z_cn_to_degree,0,test-144,2.772588722239781,3.9258432388305664
z_cn_to_degree,0,test-145,4.882801922586371,2.8232507705688477
z_cn_to_degree,0,test-146,3.465735902799726,3.188084602355957
z_cn_to_degree,0,test-147,3.332204510175204,4.111369609832764
z_cn_to_degree,0,test-148,6.327936783729195,4.34449577331543
z_cn_to_degree,0,test-149,3.2188758248682006,4.102025985717773
z_cn_to_degree,0,test-150,3.931825632724326,3.9669880867004395
z_cn_to_degree,0,test-151,3.295836866004329,3.007080554962158
z_cn_to_degree,0,test-152,3.4011973816621555,2.7887983322143555
z_cn_to_degree,0,test-153,4.0943445622221,4.4209089279174805
z_cn_to_degree,0,test-154,2.0794415416798357,3.809123992919922
z_cn_to_degree,0,test-155,2.3025850929940455,2.755654811859131
z_cn_to_degree,0,test-156,5.4116460518550396,4.736227989196777
z_cn_to_degree,0,test-157,4.564348191467836,3.4312734603881836
z_cn_to_degree,0,test-158,0.0,2.7554614543914795
z_cn_to_degree,0,test-159,2.70805020110221,3.430555820465088
z_cn_to_degree,0,test-160,2.9444389791664403,2.7698469161987305
z_cn_to_degree,0,test-161,1.3862943611198906,2.7524728775024414
z_cn_to_degree,0,test-162,2.8903717578961645,3.618729829788208
z_cn_to_degree,0,test-163,1.791759469228055,2.755772829055786
z_cn_to_degree,0,test-164,5.560681631015528,4.271599769592285
z_cn_to_degree,0,test-165,1.0986122886681098,2.752035140991211
z_cn_to_degree,0,test-166,3.5553480614894135,4.037111282348633
z_cn_to_degree,0,test-167,4.499809670330265,5.3648362159729
z_cn_to_degree,0,test-168,3.5553480614894135,3.2757437229156494
z_cn_to_degree,0,test-169,1.791759469228055,2.755772829055786
z_cn_to_degree,0,test-170,2.0794415416798357,2.7562050819396973
z_cn_to_degree,0,test-171,5.288267030694535,2.843280553817749
z_cn_to_degree,0,test-172,1.3862943611198906,2.7524728775024414
z_cn_to_degree,0,test-173,2.4849066497880004,3.0748116970062256
z_cn_to_degree,0,test-174,3.9120230054281464,4.482181549072266
z_cn_to_degree,0,test-175,4.499809670330265,4.063179969787598
z_cn_to_degree,0,test-176,4.867534450455582,3.3319008350372314
z_cn_to_degree,0,test-177,4.718498871295095,2.8219237327575684
z_cn_to_degree,0,test-178,3.465735902799726,4.1206159591674805
z_cn_to_degree,0,test-179,1.3862943611198906,2.7524728775024414
z_cn_to_degree,0,test-180,3.58351893845611,2.7754523754119873
z_cn_to_degree,0,test-181,3.58351893845611,4.118501663208008
z_cn_to_degree,0,test-182,3.465735902799726,4.1206159591674805
z_cn_to_degree,0,test-183,0.0,2.7554614543914795
z_cn_to_degree,0,test-184,7.24422751560335,7.030368804931641
z_cn_to_degree,0,test-185,3.332204510175204,4.111369609832764
z_cn_to_degree,0,test-186,3.401197381662155,4.047920227050781
z_cn_to_degree,0,test-187,3.332204510175204,4.111369609832764
z_cn_to_degree,0,test-188,2.4849066497880004,3.0748116970062256
z_cn_to_degree,0,test-189,2.1972245773362196,3.068269968032837
z_cn_to_degree,0,test-190,2.70805020110221,3.5580430030822754
z_cn_to_degree,0,test-191,2.0794415416798357,2.7562050819396973
z_cn_to_degree,0,test-192,3.044522437723423,3.3806169033050537
z_cn_to_degree,0,test-193,2.995732273553991,3.9178686141967773
z_cn_to_degree,0,test-194,3.58351893845611,2.7754523754119873
z_cn_to_degree,0,test-195,4.90527477843843,4.3557353019714355
z_cn_to_degree,0,test-196,4.5217885770490405,4.111364841461182
z_cn_to_degree,0,test-197,2.4849066497880004,3.0748116970062256
z_cn_to_degree,0,test-198,4.709530201312334,3.6673874855041504
z_cn_to_degree,0,test-199,1.0986122886681098,2.752035140991211
z_cn_to_degree,0,test-200,1.0986122886681098,2.752035140991211
z_cn_to_degree,0,test-201,1.0986122886681098,2.752035140991211
z_cn_to_degree,0,test-202,3.044522437723423,3.3067126274108887
z_cn_to_degree,0,test-203,2.4849066497880004,3.0748116970062256
z_cn_to_degree,0,test-204,2.6390573296152584,2.846952438354492
z_cn_to_degree,0,test-205,2.1972245773362196,3.068269968032837
z_cn_to_degree,0,test-206,3.58351893845611,4.118501663208008
z_cn_to_degree,0,test-207,4.2484952420493585,3.8147318363189697
z_cn_to_degree,0,test-208,4.0943445622221,4.085827827453613
z_cn_to_degree,0,test-209,4.836281906951478,4.127594470977783
z_cn_to_degree,0,test-210,4.976733742420574,4.2121381759643555
z_cn_to_degree,0,test-211,3.044522437723423,3.7183163166046143
z_cn_to_degree,0,test-212,4.499809670330265,2.804722785949707
z_cn_to_degree,0,test-213,1.3862943611198906,2.7554614543914795
z_cn_to_degree,0,test-214,5.560681631015528,4.189395904541016
z_cn_to_degree,0,test-215,2.0794415416798357,2.7562050819396973
z_cn_to_degree,0,test-216,0.6931471805599453,2.755772829055786
z_cn_to_degree,0,test-217,1.791759469228055,4.125957489013672
z_cn_to_degree,0,test-218,3.044522437723423,3.3067126274108887
z_cn_to_degree,0,test-219,3.58351893845611,4.041699409484863
z_cn_to_degree,0,test-220,2.70805020110221,2.775829315185547
z_cn_to_degree,0,test-221,2.995732273553991,3.9178686141967773
z_cn_to_degree,0,test-222,2.0794415416798357,2.7562050819396973
z_cn_to_degree,0,test-223,3.8712010109078907,3.9567489624023438
z_cn_to_degree,0,test-224,0.0,2.7554614543914795
z_cn_to_degree,0,test-225,3.332204510175204,3.9291188716888428
z_cn_to_degree,0,test-226,2.0794415416798357,2.7562050819396973
z_cn_to_degree,0,test-227,2.772588722239781,3.2506234645843506
z_cn_to_degree,0,test-228,1.791759469228055,2.755772829055786
z_cn_to_degree,0,test-229,2.1972245773362196,3.068269968032837
z_cn_to_degree,0,test-230,3.401197381662156,3.7591447830200195
z_cn_to_degree,0,test-231,4.430816798843313,4.111628532409668
z_cn_to_degree,0,test-232,4.276666119016055,5.556945323944092
z_cn_to_degree,0,test-233,1.791759469228055,2.7524728775024414
z_cn_to_degree,0,test-234,3.58351893845611,4.041699409484863
z_cn_to_degree,0,test-235,3.1780538303479453,3.6312766075134277
z_cn_to_degree,0,test-236,2.8903717578961645,3.2554378509521484
z_cn_to_degree,0,test-237,3.044522437723423,3.3067126274108887
z_cn_to_degree,0,test-238,5.780743515792329,3.704680919647217
z_cn_to_degree,0,test-239,6.327936783729195,5.529151916503906
z_cn_to_degree,0,test-240,0.6931471805599453,2.755772829055786
z_cn_to_degree,0,test-241,2.4849066497880004,2.760963201522827
z_cn_to_degree,0,test-242,2.8903717578961645,3.3719449043273926
z_cn_to_degree,0,test-243,2.1972245773362196,3.426239490509033
z_cn_to_degree,0,test-244,3.044522437723423,3.3067126274108887
z_cn_to_degree,0,test-245,2.70805020110221,3.6132240295410156
z_cn_to_degree,0,test-246,4.74493212836325,5.361672401428223
z_cn_to_degree,0,test-247,1.791759469228055,2.755772829055786
z_cn_to_degree,0,test-248,3.8066624897703196,3.951057195663452
z_cn_to_degree,0,test-249,3.951243718581427,4.121107578277588
z_cn_to_degree,0,test-250,1.3862943611198906,2.7524728775024414
z_cn_to_degree,0,test-251,4.718498871295095,2.8219237327575684
z_cn_to_degree,0,test-252,3.465735902799726,4.1206159591674805
z_cn_to_degree,0,test-253,2.70805020110221,3.2554378509521484
z_cn_to_degree,0,test-254,2.6390573296152584,2.770481824874878
z_cn_to_degree,0,test-255,5.19295685089021,4.058229923248291
z_cn_to_degree,0,test-256,0.0,2.7554614543914795
z_cn_to_degree,0,test-257,5.98141421125448,3.715298652648926
z_cn_to_degree,0,test-258,3.8712010109078907,4.0
z_cn_to_degree,0,test-259,2.9957322735539913,2.756316661834717
z_cn_to_degree,0,test-260,1.0986122886681098,2.752035140991211
z_cn_to_degree,0,test-261,3.401197381662155,4.022523880004883
z_cn_to_degree,0,test-262,2.995732273553991,3.0990848541259766
z_cn_to_degree,0,test-263,2.995732273553991,3.9178686141967773
z_cn_to_degree,0,test-264,4.1588830833596715,4.123470306396484
z_cn_to_degree,0,test-265,4.31748811353631,4.13376522064209
z_cn_to_degree,0,test-266,1.791759469228055,2.8072092533111572
z_cn_to_degree,0,test-267,2.0794415416798357,5.302841663360596
z_cn_to_degree,0,test-268,2.70805020110221,3.2554378509521484
z_cn_to_degree,0,test-269,6.476972362889683,6.3756866455078125
z_cn_to_degree,0,test-270,1.791759469228055,2.755772829055786
z_cn_to_degree,0,test-271,3.044522437723423,2.620551824569702
z_cn_to_degree,0,test-272,3.737669618283368,4.973138809204102
z_cn_to_degree,0,test-273,3.1780538303479453,3.798068046569824
z_cn_to_degree,0,test-274,2.772588722239781,4.326382160186768
z_cn_to_degree,0,test-275,2.70805020110221,3.2554378509521484
z_cn_to_degree,0,test-276,2.0794415416798357,2.75441575050354
z_cn_to_degree,0,test-277,3.332204510175204,4.111369609832764
z_cn_to_degree,0,test-278,5.220355825078324,3.948439598083496
z_cn_to_degree,0,test-279,3.6635616461296463,3.5367560386657715
z_cn_to_degree,0,test-280,2.6390573296152584,2.770481824874878
z_cn_to_degree,0,test-281,2.4849066497880004,3.21956205368042
z_cn_to_degree,0,test-282,3.9512437185814275,2.7678427696228027
z_cn_to_degree,0,test-283,2.995732273553991,3.9178686141967773
z_cn_to_degree,0,test-284,1.6094379124341003,2.7524728775024414
z_cn_to_degree,0,test-285,2.70805020110221,3.2554378509521484
z_cn_to_degree,0,test-286,6.461468176353717,4.589181900024414
z_cn_to_degree,0,test-287,3.044522437723423,3.3067126274108887
z_cn_to_degree,0,test-288,3.4965075614664807,3.6650633811950684
z_cn_to_degree,0,test-289,4.499809670330265,3.9328911304473877
z_cn_to_degree,0,test-290,2.8903717578961645,3.1037189960479736
z_cn_to_degree,0,test-291,5.60947179518496,4.630250453948975
z_cn_to_degree,0,test-292,5.375278407684165,5.993443489074707
z_cn_to_degree,0,test-293,3.6888794541139367,4.569795608520508
z_cn_to_degree,0,test-294,2.1972245773362196,2.871392250061035
z_cn_to_degree,0,test-295,2.3025850929940455,2.7679622173309326
z_cn_to_degree,0,test-296,3.7376696182833684,2.751223564147949
z_cn_to_degree,0,test-297,2.0794415416798357,2.75441575050354
z_cn_to_degree,0,test-298,1.3862943611198906,4.015219688415527
z_cn_to_degree,0,test-299,3.1780538303479453,3.9919986724853516
z_cn_to_degree,0,test-300,2.995732273553991,3.3713667392730713
z_cn_to_degree,0,test-301,1.6094379124341003,2.7524728775024414
z_cn_to_degree,0,test-302,2.4849066497880004,3.5206298828125
z_cn_to_degree,0,test-303,2.0794415416798357,2.7562050819396973
z_cn_to_degree,0,test-304,4.382026634673881,4.11350154876709
z_cn_to_degree,0,test-305,3.332204510175204,3.5814993381500244
z_cn_to_degree,0,test-306,5.556828061699537,4.793643474578857
z_cn_to_degree,0,test-307,2.0794415416798357,2.7562050819396973
z_cn_to_degree,0,test-308,2.0794415416798357,3.092609405517578
z_cn_to_degree,0,test-309,3.58351893845611,3.9318959712982178
z_cn_to_degree,0,test-310,2.1972245773362196,3.068269968032837
z_cn_to_degree,0,test-311,3.8918202981106265,4.162369728088379
z_cn_to_degree,0,test-312,2.4849066497880004,2.7438178062438965
z_cn_to_degree,0,test-313,6.733401891837358,5.662768363952637
z_cn_to_degree,0,test-314,4.941642422609304,4.153482913970947
z_cn_to_degree,0,test-315,1.9459101490553132,2.749466896057129
z_cn_to_degree,0,test-316,2.8903717578961645,2.9237592220306396
z_cn_to_degree,0,test-317,5.4116460518550396,4.587399005889893
z_cn_to_degree,0,test-318,3.332204510175204,4.111369609832764
z_cn_to_degree,0,test-319,6.733401891837358,4.942678451538086
z_cn_to_degree,0,test-320,2.772588722239781,3.9258432388305664
z_cn_to_degree,0,test-321,3.044522437723423,3.3067126274108887
z_cn_to_degree,0,test-322,2.995732273553991,2.9980688095092773
z_cn_to_degree,0,test-323,0.6931471805599453,2.755772829055786
z_cn_to_degree,0,test-324,2.4849066497880004,3.0748116970062256
z_cn_to_degree,0,test-325,2.772588722239781,3.4718968868255615
z_cn_to_degree,0,test-326,3.091042453358316,2.756316661834717
z_cn_to_degree,0,test-327,3.401197381662156,3.63468074798584
z_cn_to_degree,0,test-328,3.688879454113936,3.9427573680877686
z_cn_to_degree,0,test-329,1.6094379124341003,2.7524728775024414
z_cn_to_degree,0,test-330,3.5553480614894135,3.5876641273498535
z_cn_to_degree,0,test-331,3.8712010109078907,4.11032772064209
z_cn_to_degree,0,test-332,2.70805020110221,2.775829315185547
z_cn_to_degree,0,test-333,2.8903717578961645,2.7698469161987305
z_cn_to_degree,0,test-334,2.4849066497880004,2.760963201522827
z_cn_to_degree,0,test-335,4.51085950651685,3.9249212741851807
z_cn_to_degree,0,test-336,2.70805020110221,3.2554378509521484
z_cn_to_degree,0,test-337,3.044522437723423,3.22200345993042
z_cn_to_degree,0,test-338,2.4849066497880004,3.354485511779785
z_cn_to_degree,0,test-339,2.772588722239781,3.7877578735351562
z_cn_to_degree,0,test-340,4.143134726391533,3.2802906036376953
z_cn_to_degree,0,test-341,3.931825632724326,3.8458640575408936
z_cn_to_degree,0,test-342,2.4849066497880004,3.0748116970062256
z_cn_to_degree,0,test-343,4.787491742782047,6.493906021118164
z_cn_to_degree,0,test-344,1.3862943611198906,2.7554614543914795
z_cn_to_degree,0,test-345,3.1780538303479453,3.9688427448272705
z_cn_to_degree,0,test-346,2.4849066497880004,3.30922269821167
z_cn_to_degree,0,test-347,2.4849066497880004,2.6778223514556885
z_cn_to_degree,0,test-348,2.4849066497880004,3.3319780826568604
z_cn_to_degree,0,test-349,3.401197381662155,4.064035892486572
z_cn_to_degree,0,test-350,2.8903717578961645,2.7698469161987305
z_cn_to_degree,0,test-351,3.1780538303479453,3.9919986724853516
z_cn_to_degree,0,test-352,1.3862943611198906,2.7554614543914795
z_cn_to_degree,0,test-353,4.882801922586371,3.0912234783172607
z_cn_to_degree,0,test-354,4.23410650459726,4.010318279266357
z_cn_to_degree,0,test-355,5.6937321388027,5.377946376800537
z_cn_to_degree,0,test-356,0.6931471805599453,2.755772829055786
z_cn_to_degree,0,test-357,1.791759469228055,2.755772829055786
z_cn_to_degree,0,test-358,1.791759469228055,2.755772829055786
z_cn_to_degree,0,test-359,5.966146739123692,4.81880521774292
z_cn_to_degree,0,test-360,3.4965075614664807,3.7267212867736816
z_cn_to_degree,0,test-361,6.733401891837358,4.879369735717773
z_cn_to_degree,0,test-362,5.272999558563747,4.120237350463867
z_cn_to_degree,0,test-363,3.737669618283368,3.8168601989746094
z_cn_to_degree,0,test-364,2.1972245773362196,3.068269968032837
z_cn_to_degree,0,test-365,2.995732273553991,3.9178686141967773
z_cn_to_degree,0,test-366,1.3862943611198906,2.7524728775024414
z_cn_to_degree,0,test-367,6.327936783729195,5.369375705718994
z_cn_to_degree,0,test-368,4.430816798843313,4.496379375457764
z_cn_to_degree,0,test-369,0.0,2.7554614543914795
z_cn_to_degree,0,test-370,2.6390573296152584,3.1293134689331055
z_cn_to_degree,0,test-371,1.6094379124341003,2.7524728775024414
z_cn_to_degree,0,test-372,2.4849066497880004,3.5787787437438965
z_cn_to_degree,0,test-373,3.465735902799726,4.1206159591674805
z_cn_to_degree,0,test-374,2.772588722239781,3.5246996879577637
z_cn_to_degree,0,test-375,2.70805020110221,2.5917394161224365
z_cn_to_degree,0,test-376,4.74493212836325,3.976335048675537
z_cn_to_degree,0,test-377,2.4849066497880004,2.760963201522827
z_cn_to_degree,0,test-378,3.332204510175204,4.111369609832764
z_cn_to_degree,0,test-379,2.4849066497880004,2.760963201522827
z_cn_to_degree,0,test-380,2.8903717578961645,3.6214964389801025
z_cn_to_degree,0,test-381,2.3025850929940455,2.8903841972351074
z_cn_to_degree,0,test-382,1.791759469228055,2.755772829055786
z_cn_to_degree,0,test-383,0.6931471805599453,2.755772829055786
z_cn_to_degree,0,test-384,4.276666119016055,2.815308094024658
z_cn_to_degree,0,test-385,1.791759469228055,2.755772829055786
z_cn_to_degree,0,test-386,1.791759469228055,2.755772829055786
z_cn_to_degree,0,test-387,2.0794415416798357,3.5510573387145996
z_cn_to_degree,0,test-388,2.995732273553991,3.5127248764038086
z_cn_to_degree,0,test-389,2.0794415416798357,2.7562050819396973
z_cn_to_degree,0,test-390,3.044522437723423,3.189049243927002
z_cn_to_degree,0,test-391,2.995732273553991,3.7659456729888916
z_cn_to_degree,0,test-392,0.0,2.7554614543914795
z_cn_to_degree,0,test-393,1.3862943611198906,2.7524728775024414
z_cn_to_degree,0,test-394,2.3025850929940455,2.755654811859131
z_cn_to_degree,0,test-395,3.295836866004329,3.7956583499908447
z_cn_to_degree,0,test-396,1.791759469228055,2.755772829055786
z_cn_to_degree,0,test-397,3.4011973816621555,2.7887983322143555
z_cn_to_degree,0,test-398,2.4849066497880004,2.760963201522827
z_cn_to_degree,0,test-399,2.995732273553991,3.9178686141967773
z_cn_to_degree,0,test-400,2.0794415416798357,3.978532314300537
z_cn_to_degree,0,test-401,2.0794415416798357,3.544456720352173
z_cn_to_degree,0,test-402,3.1780538303479453,3.529940605163574
z_cn_to_degree,0,test-403,3.828641396489095,2.7828149795532227
z_cn_to_degree,0,test-404,4.90527477843843,3.516352415084839
z_cn_to_degree,0,test-405,1.791759469228055,2.7524728775024414
z_cn_to_degree,0,test-406,3.401197381662155,4.064035892486572
z_cn_to_degree,0,test-407,1.3862943611198906,3.0385491847991943
z_cn_to_degree,0,test-408,2.8903717578961645,2.7698469161987305
z_cn_to_degree,0,test-409,4.276666119016055,2.622008800506592
z_cn_to_degree,0,test-410,0.6931471805599453,2.755772829055786
z_cn_to_degree,0,test-411,3.5553480614894135,4.037111282348633
z_cn_to_degree,0,test-412,2.8903717578961645,3.7329137325286865
z_cn_to_degree,0,test-413,3.332204510175204,4.03903865814209
z_cn_to_degree,0,test-414,5.342334251964811,4.3047027587890625
z_cn_to_degree,0,test-415,2.890371757896165,3.8417186737060547
z_cn_to_degree,0,test-416,3.401197381662155,3.2676846981048584
z_cn_to_degree,0,test-417,3.091042453358316,2.756316661834717
z_cn_to_degree,0,test-418,2.995732273553991,3.9178686141967773
z_cn_to_degree,0,test-419,3.401197381662155,4.169137001037598
z_cn_to_degree,0,test-420,4.787491742782046,3.3639039993286133
z_cn_to_degree,0,test-421,4.430816798843313,4.111628532409668
z_cn_to_degree,0,test-422,2.8903717578961645,3.616377115249634
z_cn_to_degree,0,test-423,2.0794415416798357,2.7562050819396973
z_cn_to_degree,0,test-424,3.1780538303479458,3.460211992263794
z_cn_to_degree,0,test-425,1.9459101490553132,2.749466896057129
z_cn_to_degree,0,test-426,2.995732273553991,3.3646390438079834
z_cn_to_degree,0,test-427,2.1972245773362196,3.068269968032837
z_cn_to_degree,0,test-428,1.3862943611198906,3.0385491847991943
z_cn_to_degree,0,test-429,3.401197381662156,3.63468074798584
z_cn_to_degree,0,test-430,3.332204510175204,2.734956741333008
z_cn_to_degree,0,test-431,2.0794415416798357,2.7562050819396973
z_cn_to_degree,0,test-432,2.4849066497880004,3.0748116970062256
z_cn_to_degree,0,test-433,3.6888794541139367,3.2554502487182617
z_cn_to_degree,0,test-434,2.70805020110221,3.350994110107422
z_cn_to_degree,0,test-435,2.4849066497880004,2.907698392868042
z_cn_to_degree,0,test-436,4.718498871295095,2.8219237327575684
z_cn_to_degree,0,test-437,5.634789603169249,4.486677646636963
z_cn_to_degree,0,test-438,4.68213122712422,3.6140241622924805
z_cn_to_degree,0,test-439,1.791759469228055,2.755772829055786
z_cn_to_degree,0,test-440,3.9889840465642745,4.548645973205566
z_cn_to_degree,0,test-441,6.327936783729195,6.384526252746582
z_cn_to_degree,0,test-442,3.044522437723423,3.031230926513672
z_cn_to_degree,0,test-443,2.70805020110221,3.3897438049316406
z_cn_to_degree,0,test-444,1.0986122886681098,2.752035140991211
z_cn_to_degree,0,test-445,2.995732273553991,3.3422207832336426
z_cn_to_degree,0,test-446,2.772588722239781,3.572300672531128
z_cn_to_degree,0,test-447,2.995732273553991,3.9481401443481445
z_cn_to_degree,0,test-448,1.791759469228055,2.7524728775024414
z_cn_to_degree,0,test-449,1.3862943611198906,3.0385491847991943
z_cn_to_degree,0,test-450,2.4849066497880004,3.575737237930298
z_cn_to_degree,0,test-451,7.50659178007084,5.982269763946533
z_cn_to_degree,0,test-452,3.951243718581427,4.121107578277588
z_cn_to_degree,0,test-453,3.5553480614894135,5.695625305175781
z_cn_to_degree,0,test-454,2.70805020110221,3.2554378509521484
z_cn_to_degree,0,test-455,3.258096538021482,3.247319221496582
z_cn_to_degree,0,test-456,5.634789603169249,3.0684351921081543
z_cn_to_degree,0,test-457,0.6931471805599453,2.755772829055786
z_cn_to_degree,0,test-458,2.772588722239781,3.9258432388305664
z_cn_to_degree,0,test-459,3.401197381662156,3.047132730484009
z_cn_to_degree,0,test-460,2.995732273553991,3.7840914726257324
z_cn_to_degree,0,test-461,3.044522437723423,3.4588446617126465
z_cn_to_degree,0,test-462,2.1972245773362196,2.75441575050354
z_cn_to_degree,0,test-463,1.791759469228055,3.2065541744232178
z_cn_to_degree,0,test-464,3.1780538303479458,2.8795948028564453
z_cn_to_degree,0,test-465,2.1972245773362196,2.75441575050354
z_cn_to_degree,0,test-466,3.401197381662155,4.5198516845703125
z_cn_to_degree,0,test-467,6.327936783729195,5.6804704666137695
z_cn_to_degree,0,test-468,2.995732273553991,3.9178686141967773
z_cn_to_degree,0,test-469,3.044522437723423,3.3067126274108887
z_cn_to_degree,0,test-470,1.0986122886681098,2.752035140991211
z_cn_to_degree,0,test-471,3.401197381662155,3.4476258754730225
z_cn_to_degree,0,test-472,2.3025850929940455,2.755654811859131
z_cn_to_degree,0,test-473,6.040254711277414,3.3512909412384033
z_cn_to_degree,0,test-474,4.90527477843843,3.035205125808716
z_cn_to_degree,0,test-475,2.1972245773362196,2.871392250061035
z_cn_to_degree,0,test-476,2.0794415416798357,2.7562050819396973
z_cn_to_degree,0,test-477,2.8903717578961645,3.2554378509521484
z_cn_to_degree,0,test-478,3.1780538303479453,3.4027581214904785
z_cn_to_degree,0,test-479,2.995732273553991,3.094193696975708
z_cn_to_degree,0,test-480,4.276666119016055,3.8326849937438965
z_cn_to_degree,0,test-481,2.4849066497880004,2.760963201522827
z_cn_to_degree,0,test-482,3.295836866004329,3.738755226135254
z_cn_to_degree,0,test-483,3.1780538303479453,2.8060359954833984
z_cn_to_degree,0,test-484,2.0794415416798357,2.7562050819396973
z_cn_to_degree,0,test-485,3.332204510175204,4.111369609832764
z_cn_to_degree,0,test-486,1.3862943611198906,2.7524728775024414
z_cn_to_degree,0,test-487,4.356708826689592,3.970456123352051
z_cn_to_degree,0,test-488,2.0794415416798357,2.7562050819396973
z_cn_to_degree,0,test-489,2.9957322735539913,2.756316661834717
z_cn_to_degree,0,test-490,0.6931471805599453,2.755772829055786
z_cn_to_degree,0,test-491,2.0794415416798357,2.7562050819396973
z_cn_to_degree,0,test-492,4.31748811353631,5.467166900634766
z_cn_to_degree,0,test-493,3.58351893845611,4.191976547241211
z_cn_to_degree,0,test-494,0.0,2.7554614543914795
z_cn_to_degree,0,test-495,5.272999558563747,4.120237350463867
z_cn_to_degree,0,test-496,1.791759469228055,2.755772829055786
z_cn_to_degree,0,test-497,3.7376696182833684,3.174668312072754
z_cn_to_degree,0,test-498,2.4849066497880004,2.760963201522827
z_cn_to_degree,0,test-499,3.8712010109078907,4.968644618988037
z_cn_to_degree,0,test-500,6.040254711277414,4.11396598815918
z_cn_to_degree,0,test-501,3.332204510175204,2.9230377674102783
z_cn_to_degree,0,test-502,3.332204510175204,3.220266103744507
z_cn_to_degree,0,test-503,4.700480365792417,6.0389790534973145
z_cn_to_degree,0,test-504,4.499809670330265,4.28041934967041
z_cn_to_degree,0,test-505,2.1972245773362196,2.7741892337799072
z_cn_to_degree,0,test-506,3.688879454113936,3.9427573680877686
z_cn_to_degree,0,test-507,2.6390573296152584,2.770481824874878
z_cn_to_degree,0,test-508,4.276666119016055,5.87643575668335
z_cn_to_degree,0,test-509,3.8712010109078907,3.966240406036377
z_cn_to_degree,0,test-510,4.442651256490317,4.432011604309082
z_cn_to_degree,0,test-511,5.634789603169249,3.0684351921081543
z_residual_to_degree,0,test-0,4.6443908991413725,3.6477556228637695
z_residual_to_degree,0,test-1,3.9889840465642745,3.790381669998169
z_residual_to_degree,0,test-2,4.584967478670571,3.3826425075531006
z_residual_to_degree,0,test-3,3.1780538303479453,3.3471639156341553
z_residual_to_degree,0,test-4,4.77912349311153,3.1774439811706543
z_residual_to_degree,0,test-5,3.8066624897703196,3.3720293045043945
z_residual_to_degree,0,test-6,5.966146739123692,3.435072660446167
z_residual_to_degree,0,test-7,3.6635616461296463,4.627786636352539
z_residual_to_degree,0,test-8,3.044522437723423,3.580695390701294
z_residual_to_degree,0,test-9,3.6888794541139367,5.36295223236084
z_residual_to_degree,0,test-10,3.401197381662155,3.411255359649658
z_residual_to_degree,0,test-11,3.9120230054281464,3.3328750133514404
z_residual_to_degree,0,test-12,0.6931471805599453,3.8825807571411133
z_residual_to_degree,0,test-13,4.74493212836325,3.3110244274139404
z_residual_to_degree,0,test-14,4.0943445622221,4.0278120040893555
z_residual_to_degree,0,test-15,1.791759469228055,3.421011447906494
z_residual_to_degree,0,test-16,4.394449154672439,3.756546974182129
z_residual_to_degree,0,test-17,4.718498871295095,3.9598240852355957
z_residual_to_degree,0,test-18,0.6931471805599453,1.924790859222412
z_residual_to_degree,0,test-19,3.044522437723423,4.763181209564209
z_residual_to_degree,0,test-20,3.1780538303479458,3.3792834281921387
z_residual_to_degree,0,test-21,3.465735902799726,3.333361864089966
z_residual_to_degree,0,test-22,3.401197381662155,3.5587985515594482
z_residual_to_degree,0,test-23,1.0986122886681098,1.7048978805541992
z_residual_to_degree,0,test-24,3.5553480614894135,3.274754762649536
z_residual_to_degree,0,test-25,4.189654742026425,1.4538967609405518
z_residual_to_degree,0,test-26,2.3025850929940455,3.081730842590332
z_residual_to_degree,0,test-27,3.465735902799726,3.619142770767212
z_residual_to_degree,0,test-28,2.8903717578961645,3.652508497238159
z_residual_to_degree,0,test-29,3.688879454113936,3.672941207885742
z_residual_to_degree,0,test-30,4.882801922586371,3.625753164291382
z_residual_to_degree,0,test-31,4.553876891600541,3.4868171215057373
z_residual_to_degree,0,test-32,3.58351893845611,3.5504770278930664
z_residual_to_degree,0,test-33,3.58351893845611,3.501105308532715
z_residual_to_degree,0,test-34,3.1780538303479453,3.0377726554870605
z_residual_to_degree,0,test-35,2.772588722239781,2.7847867012023926
z_residual_to_degree,0,test-36,1.3862943611198906,3.2030391693115234
z_residual_to_degree,0,test-37,2.3025850929940455,3.604717254638672
z_residual_to_degree,0,test-38,3.9889840465642745,3.37253475189209
z_residual_to_degree,0,test-39,1.791759469228055,4.048269748687744
z_residual_to_degree,0,test-40,3.951243718581427,3.079237461090088
z_residual_to_degree,0,test-41,3.6888794541139367,1.2309331893920898
z_residual_to_degree,0,test-42,6.040254711277414,4.4525227546691895
z_residual_to_degree,0,test-43,2.4849066497880004,3.852810859680176
z_residual_to_degree,0,test-44,3.1780538303479453,3.305131435394287
z_residual_to_degree,0,test-45,0.6931471805599453,2.6668548583984375
z_residual_to_degree,0,test-46,4.941642422609304,3.4905898571014404
z_residual_to_degree,0,test-47,0.0,2.109727144241333
z_residual_to_degree,0,test-48,2.8903717578961645,3.380086660385132
z_residual_to_degree,0,test-49,6.040254711277414,4.354968547821045
z_residual_to_degree,0,test-50,3.332204510175204,3.3316330909729004
z_residual_to_degree,0,test-51,2.995732273553991,3.331516742706299
z_residual_to_degree,0,test-52,6.327936783729195,4.298093318939209
z_residual_to_degree,0,test-53,2.8903717578961645,3.5499889850616455
z_residual_to_degree,0,test-54,2.6390573296152584,3.1832268238067627
z_residual_to_degree,0,test-55,4.927253685157204,3.4292171001434326
z_residual_to_degree,0,test-56,2.70805020110221,3.76090145111084
z_residual_to_degree,0,test-57,5.272999558563747,3.352341890335083
z_residual_to_degree,0,test-58,3.9889840465642745,3.4333879947662354
z_residual_to_degree,0,test-59,2.0794415416798357,3.2326242923736572
z_residual_to_degree,0,test-60,4.7535901911063645,3.520397901535034
z_residual_to_degree,0,test-61,2.1972245773362196,1.9714224338531494
z_residual_to_degree,0,test-62,2.3978952727983707,3.699889898300171
z_residual_to_degree,0,test-63,1.3862943611198906,3.7068285942077637
z_residual_to_degree,0,test-64,3.58351893845611,3.097613573074341
z_residual_to_degree,0,test-65,2.8903717578961645,3.2684686183929443
z_residual_to_degree,0,test-66,2.4849066497880004,3.524935722351074
z_residual_to_degree,0,test-67,2.4849066497880004,2.712458610534668
z_residual_to_degree,0,test-68,4.90527477843843,4.410662651062012
z_residual_to_degree,0,test-69,3.2188758248682006,3.322030782699585
z_residual_to_degree,0,test-70,2.995732273553991,3.398073673248291
z_residual_to_degree,0,test-71,4.0943445622221,3.342679023742676
z_residual_to_degree,0,test-72,1.791759469228055,3.2631967067718506
z_residual_to_degree,0,test-73,3.951243718581427,3.9176251888275146
z_residual_to_degree,0,test-74,2.70805020110221,3.4041576385498047
z_residual_to_degree,0,test-75,3.044522437723423,3.088160276412964
z_residual_to_degree,0,test-76,1.0986122886681098,0.9277679920196533
z_residual_to_degree,0,test-77,3.044522437723423,3.1694161891937256
z_residual_to_degree,0,test-78,1.3862943611198906,3.951641082763672
z_residual_to_degree,0,test-79,1.791759469228055,3.657468318939209
z_residual_to_degree,0,test-80,3.688879454113936,3.2600033283233643
z_residual_to_degree,0,test-81,3.58351893845611,3.471553087234497
z_residual_to_degree,0,test-82,3.465735902799726,3.3679261207580566
z_residual_to_degree,0,test-83,4.025351690735149,3.6510519981384277
z_residual_to_degree,0,test-84,4.718498871295094,2.429652214050293
z_residual_to_degree,0,test-85,3.9889840465642745,3.4907643795013428
z_residual_to_degree,0,test-86,3.332204510175204,4.131694793701172
z_residual_to_degree,0,test-87,2.70805020110221,3.904744863510132
z_residual_to_degree,0,test-88,2.6390573296152584,3.2203023433685303
z_residual_to_degree,0,test-89,3.332204510175204,3.3509607315063477
z_residual_to_degree,0,test-90,2.4849066497880004,2.612558364868164
z_residual_to_degree,0,test-91,2.0794415416798357,3.2028496265411377
z_residual_to_degree,0,test-92,3.1780538303479453,3.8945376873016357
z_residual_to_degree,0,test-93,5.272999558563747,3.872673511505127
z_residual_to_degree,0,test-94,2.4849066497880004,4.514817237854004
z_residual_to_degree,0,test-95,3.401197381662156,3.6404619216918945
z_residual_to_degree,0,test-96,7.50659178007084,4.068426132202148
z_residual_to_degree,0,test-97,4.465908118654584,4.745761871337891
z_residual_to_degree,0,test-98,2.3025850929940455,3.232038974761963
z_residual_to_degree,0,test-99,2.70805020110221,3.1629140377044678
z_residual_to_degree,0,test-100,3.58351893845611,3.4791295528411865
z_residual_to_degree,0,test-101,2.70805020110221,3.1105809211730957
z_residual_to_degree,0,test-102,4.02535169073515,1.6953544616699219
z_residual_to_degree,0,test-103,2.772588722239781,2.786268711090088
z_residual_to_degree,0,test-104,2.1972245773362196,3.4872796535491943
z_residual_to_degree,0,test-105,1.0986122886681098,2.787663698196411
z_residual_to_degree,0,test-106,3.5263605246161616,3.254716157913208
z_residual_to_degree,0,test-107,0.6931471805599453,1.053018569946289
z_residual_to_degree,0,test-108,6.327936783729195,1.575103759765625
z_residual_to_degree,0,test-109,3.58351893845611,3.0310890674591064
z_residual_to_degree,0,test-110,2.0794415416798357,3.5801236629486084
z_residual_to_degree,0,test-111,2.8903717578961645,2.6961231231689453
z_residual_to_degree,0,test-112,5.0106352940962555,3.8659591674804688
z_residual_to_degree,0,test-113,3.688879454113936,3.421497344970703
z_residual_to_degree,0,test-114,1.3862943611198906,1.0748801231384277
z_residual_to_degree,0,test-115,1.3862943611198906,3.2026569843292236
z_residual_to_degree,0,test-116,7.3395376954076745,4.373330116271973
z_residual_to_degree,0,test-117,4.304065093204169,3.5170910358428955
z_residual_to_degree,0,test-118,3.2188758248682006,2.3916642665863037
z_residual_to_degree,0,test-119,6.733401891837358,0.9151284694671631
z_residual_to_degree,0,test-120,2.4849066497880004,3.211329698562622
z_residual_to_degree,0,test-121,2.995732273553991,3.487957239151001
z_residual_to_degree,0,test-122,3.58351893845611,3.3867647647857666
z_residual_to_degree,0,test-123,1.791759469228055,3.3180222511291504
z_residual_to_degree,0,test-124,2.6390573296152584,3.9099388122558594
z_residual_to_degree,0,test-125,2.1972245773362196,3.189192295074463
z_residual_to_degree,0,test-126,2.4849066497880004,4.013556957244873
z_residual_to_degree,0,test-127,1.791759469228055,3.065713405609131
z_residual_to_degree,0,test-128,3.6635616461296463,3.536667585372925
z_residual_to_degree,0,test-129,2.5649493574615367,3.024855136871338
z_residual_to_degree,0,test-130,2.995732273553991,3.339111804962158
z_residual_to_degree,0,test-131,3.044522437723423,3.610886335372925
z_residual_to_degree,0,test-132,3.688879454113936,3.462630033493042
z_residual_to_degree,0,test-133,5.560681631015528,3.4358861446380615
z_residual_to_degree,0,test-134,2.1972245773362196,3.0357823371887207
z_residual_to_degree,0,test-135,2.772588722239781,3.399102210998535
z_residual_to_degree,0,test-136,3.688879454113936,3.467301845550537
z_residual_to_degree,0,test-137,2.1972245773362196,2.0656466484069824
z_residual_to_degree,0,test-138,4.31748811353631,4.577366352081299
z_residual_to_degree,0,test-139,1.791759469228055,5.451372146606445
z_residual_to_degree,0,test-140,3.332204510175204,3.060222625732422
z_residual_to_degree,0,test-141,4.276666119016055,3.64947247505188
z_residual_to_degree,0,test-142,2.70805020110221,3.5571444034576416
z_residual_to_degree,0,test-143,2.0794415416798357,3.1808085441589355
z_residual_to_degree,0,test-144,2.772588722239781,3.6185097694396973
z_residual_to_degree,0,test-145,4.882801922586371,4.114284992218018
z_residual_to_degree,0,test-146,3.465735902799726,3.5024797916412354
z_residual_to_degree,0,test-147,3.332204510175204,4.198368072509766
z_residual_to_degree,0,test-148,6.327936783729195,4.54418420791626
z_residual_to_degree,0,test-149,3.2188758248682006,3.3408589363098145
z_residual_to_degree,0,test-150,3.931825632724326,3.3315393924713135
z_residual_to_degree,0,test-151,3.295836866004329,3.389533281326294
z_residual_to_degree,0,test-152,3.4011973816621555,3.029550552368164
z_residual_to_degree,0,test-153,4.0943445622221,3.438884973526001
z_residual_to_degree,0,test-154,2.0794415416798357,3.3416073322296143
z_residual_to_degree,0,test-155,2.3025850929940455,3.469650983810425
z_residual_to_degree,0,test-156,5.4116460518550396,3.2464940547943115
z_residual_to_degree,0,test-157,4.564348191467836,2.666391372680664
z_residual_to_degree,0,test-158,0.0,2.921126127243042
z_residual_to_degree,0,test-159,2.70805020110221,4.099462032318115
z_residual_to_degree,0,test-160,2.9444389791664403,3.5338826179504395
z_residual_to_degree,0,test-161,1.3862943611198906,3.80499529838562
z_residual_to_degree,0,test-162,2.8903717578961645,3.201127052307129
z_residual_to_degree,0,test-163,1.791759469228055,3.221426010131836
z_residual_to_degree,0,test-164,5.560681631015528,3.9061837196350098
z_residual_to_degree,0,test-165,1.0986122886681098,2.2999298572540283
z_residual_to_degree,0,test-166,3.5553480614894135,3.869455099105835
z_residual_to_degree,0,test-167,4.499809670330265,3.5729615688323975
z_residual_to_degree,0,test-168,3.5553480614894135,3.376852512359619
z_residual_to_degree,0,test-169,1.791759469228055,3.606733560562134
z_residual_to_degree,0,test-170,2.0794415416798357,3.378936529159546
z_residual_to_degree,0,test-171,5.288267030694535,4.43325662612915
z_residual_to_degree,0,test-172,1.3862943611198906,2.786349296569824
z_residual_to_degree,0,test-173,2.4849066497880004,3.383971691131592
z_residual_to_degree,0,test-174,3.9120230054281464,3.0817344188690186
z_residual_to_degree,0,test-175,4.499809670330265,3.3072731494903564
z_residual_to_degree,0,test-176,4.867534450455582,1.7152693271636963
z_residual_to_degree,0,test-177,4.718498871295095,3.99428653717041
z_residual_to_degree,0,test-178,3.465735902799726,3.381077289581299
z_residual_to_degree,0,test-179,1.3862943611198906,0.6486673355102539
z_residual_to_degree,0,test-180,3.58351893845611,2.5399091243743896
z_residual_to_degree,0,test-181,3.58351893845611,3.279475450515747
z_residual_to_degree,0,test-182,3.465735902799726,4.059194564819336
z_residual_to_degree,0,test-183,0.0,2.0545670986175537
z_residual_to_degree,0,test-184,7.24422751560335,3.95318865776062
z_residual_to_degree,0,test-185,3.332204510175204,3.2693099975585938
z_residual_to_degree,0,test-186,3.401197381662155,3.2631988525390625
z_residual_to_degree,0,test-187,3.332204510175204,3.768054485321045
z_residual_to_degree,0,test-188,2.4849066497880004,4.364818572998047
z_residual_to_degree,0,test-189,2.1972245773362196,3.3512940406799316
z_residual_to_degree,0,test-190,2.70805020110221,3.593787431716919
z_residual_to_degree,0,test-191,2.0794415416798357,3.934840679168701
z_residual_to_degree,0,test-192,3.044522437723423,3.277874708175659
z_residual_to_degree,0,test-193,2.995732273553991,3.586543083190918
z_residual_to_degree,0,test-194,3.58351893845611,4.424878120422363
z_residual_to_degree,0,test-195,4.90527477843843,5.6212005615234375
z_residual_to_degree,0,test-196,4.5217885770490405,3.4884932041168213
z_residual_to_degree,0,test-197,2.4849066497880004,3.799870729446411
z_residual_to_degree,0,test-198,4.709530201312334,3.724004030227661
z_residual_to_degree,0,test-199,1.0986122886681098,2.8941149711608887
z_residual_to_degree,0,test-200,1.0986122886681098,3.3180618286132812
z_residual_to_degree,0,test-201,1.0986122886681098,2.320577621459961
z_residual_to_degree,0,test-202,3.044522437723423,3.183349609375
z_residual_to_degree,0,test-203,2.4849066497880004,3.0919933319091797
z_residual_to_degree,0,test-204,2.6390573296152584,3.6936752796173096
z_residual_to_degree,0,test-205,2.1972245773362196,3.508179187774658
z_residual_to_degree,0,test-206,3.58351893845611,3.7538297176361084
z_residual_to_degree,0,test-207,4.2484952420493585,3.332622528076172
z_residual_to_degree,0,test-208,4.0943445622221,3.887327194213867
z_residual_to_degree,0,test-209,4.836281906951478,3.6524131298065186
z_residual_to_degree,0,test-210,4.976733742420574,3.4823150634765625
z_residual_to_degree,0,test-211,3.044522437723423,3.070854663848877
z_residual_to_degree,0,test-212,4.499809670330265,4.333712577819824
z_residual_to_degree,0,test-213,1.3862943611198906,0.3585052490234375
z_residual_to_degree,0,test-214,5.560681631015528,3.342862844467163
z_residual_to_degree,0,test-215,2.0794415416798357,4.123196601867676
z_residual_to_degree,0,test-216,0.6931471805599453,2.1447856426239014
z_residual_to_degree,0,test-217,1.791759469228055,5.312063217163086
z_residual_to_degree,0,test-218,3.044522437723423,2.6310982704162598
z_residual_to_degree,0,test-219,3.58351893845611,3.246910333633423
z_residual_to_degree,0,test-220,2.70805020110221,4.568539619445801
z_residual_to_degree,0,test-221,2.995732273553991,4.098898410797119
z_residual_to_degree,0,test-222,2.0794415416798357,4.475869178771973
z_residual_to_degree,0,test-223,3.8712010109078907,3.183257818222046
z_residual_to_degree,0,test-224,0.0,1.5492277145385742
z_residual_to_degree,0,test-225,3.332204510175204,3.176392078399658
z_residual_to_degree,0,test-226,2.0794415416798357,3.564666748046875
z_residual_to_degree,0,test-227,2.772588722239781,3.0924081802368164
z_residual_to_degree,0,test-228,1.791759469228055,1.5937682390213013
z_residual_to_degree,0,test-229,2.1972245773362196,3.295246124267578
z_residual_to_degree,0,test-230,3.401197381662156,3.4761343002319336
z_residual_to_degree,0,test-231,4.430816798843313,3.6668388843536377
z_residual_to_degree,0,test-232,4.276666119016055,3.846890926361084
z_residual_to_degree,0,test-233,1.791759469228055,1.982950210571289
z_residual_to_degree,0,test-234,3.58351893845611,2.9070382118225098
z_residual_to_degree,0,test-235,3.1780538303479453,3.636023998260498
z_residual_to_degree,0,test-236,2.8903717578961645,3.752772092819214
z_residual_to_degree,0,test-237,3.044522437723423,3.215449810028076
z_residual_to_degree,0,test-238,5.780743515792329,3.5800864696502686
z_residual_to_degree,0,test-239,6.327936783729195,4.659076690673828
z_residual_to_degree,0,test-240,0.6931471805599453,1.761489748954773
z_residual_to_degree,0,test-241,2.4849066497880004,3.1814820766448975
z_residual_to_degree,0,test-242,2.8903717578961645,3.0972797870635986
z_residual_to_degree,0,test-243,2.1972245773362196,3.836276054382324
z_residual_to_degree,0,test-244,3.044522437723423,3.5801753997802734
z_residual_to_degree,0,test-245,2.70805020110221,3.1847639083862305
z_residual_to_degree,0,test-246,4.74493212836325,3.4633798599243164
z_residual_to_degree,0,test-247,1.791759469228055,4.8911919593811035
z_residual_to_degree,0,test-248,3.8066624897703196,3.703413248062134
z_residual_to_degree,0,test-249,3.951243718581427,3.8524169921875
z_residual_to_degree,0,test-250,1.3862943611198906,1.128481388092041
z_residual_to_degree,0,test-251,4.718498871295095,5.045771598815918
z_residual_to_degree,0,test-252,3.465735902799726,3.6064274311065674
z_residual_to_degree,0,test-253,2.70805020110221,2.6164636611938477
z_residual_to_degree,0,test-254,2.6390573296152584,3.517944574356079
z_residual_to_degree,0,test-255,5.19295685089021,3.5026698112487793
z_residual_to_degree,0,test-256,0.0,2.572178363800049
z_residual_to_degree,0,test-257,5.98141421125448,3.843613386154175
z_residual_to_degree,0,test-258,3.8712010109078907,3.3801381587982178
z_residual_to_degree,0,test-259,2.9957322735539913,3.6969833374023438
z_residual_to_degree,0,test-260,1.0986122886681098,2.8954949378967285
z_residual_to_degree,0,test-261,3.401197381662155,3.723233222961426
z_residual_to_degree,0,test-262,2.995732273553991,3.3508973121643066
z_residual_to_degree,0,test-263,2.995732273553991,3.0917277336120605
z_residual_to_degree,0,test-264,4.1588830833596715,3.366061210632324
z_residual_to_degree,0,test-265,4.31748811353631,4.543512344360352
z_residual_to_degree,0,test-266,1.791759469228055,3.1169087886810303
z_residual_to_degree,0,test-267,2.0794415416798357,3.616544008255005
z_residual_to_degree,0,test-268,2.70805020110221,4.972802639007568
z_residual_to_degree,0,test-269,6.476972362889683,3.3767707347869873
z_residual_to_degree,0,test-270,1.791759469228055,3.3068594932556152
z_residual_to_degree,0,test-271,3.044522437723423,3.5535120964050293
z_residual_to_degree,0,test-272,3.737669618283368,3.6438798904418945
z_residual_to_degree,0,test-273,3.1780538303479453,3.338649272918701
z_residual_to_degree,0,test-274,2.772588722239781,3.476907730102539
z_residual_to_degree,0,test-275,2.70805020110221,3.397535800933838
z_residual_to_degree,0,test-276,2.0794415416798357,1.7652223110198975
z_residual_to_degree,0,test-277,3.332204510175204,4.376113414764404
z_residual_to_degree,0,test-278,5.220355825078324,3.3889122009277344
z_residual_to_degree,0,test-279,3.6635616461296463,3.3944292068481445
z_residual_to_degree,0,test-280,2.6390573296152584,1.4794319868087769
z_residual_to_degree,0,test-281,2.4849066497880004,3.2572450637817383
z_residual_to_degree,0,test-282,3.9512437185814275,5.879185676574707
z_residual_to_degree,0,test-283,2.995732273553991,3.125636339187622
z_residual_to_degree,0,test-284,1.6094379124341003,2.667872190475464
z_residual_to_degree,0,test-285,2.70805020110221,2.5684239864349365
z_residual_to_degree,0,test-286,6.461468176353717,3.76816725730896
z_residual_to_degree,0,test-287,3.044522437723423,3.187067747116089
z_residual_to_degree,0,test-288,3.4965075614664807,3.547027587890625
z_residual_to_degree,0,test-289,4.499809670330265,3.397644281387329
z_residual_to_degree,0,test-290,2.8903717578961645,3.222358465194702
z_residual_to_degree,0,test-291,5.60947179518496,3.808371067047119
z_residual_to_degree,0,test-292,5.375278407684165,3.128781318664551
z_residual_to_degree,0,test-293,3.6888794541139367,3.6851518154144287
z_residual_to_degree,0,test-294,2.1972245773362196,3.433851480484009
z_residual_to_degree,0,test-295,2.3025850929940455,2.7916219234466553
z_residual_to_degree,0,test-296,3.7376696182833684,4.890876770019531
z_residual_to_degree,0,test-297,2.0794415416798357,2.3865251541137695
z_residual_to_degree,0,test-298,1.3862943611198906,3.3034749031066895
z_residual_to_degree,0,test-299,3.1780538303479453,3.8328075408935547
z_residual_to_degree,0,test-300,2.995732273553991,3.387864112854004
z_residual_to_degree,0,test-301,1.6094379124341003,3.1329729557037354
z_residual_to_degree,0,test-302,2.4849066497880004,3.2268729209899902
z_residual_to_degree,0,test-303,2.0794415416798357,4.0322041511535645
z_residual_to_degree,0,test-304,4.382026634673881,4.114829063415527
z_residual_to_degree,0,test-305,3.332204510175204,3.245364189147949
z_residual_to_degree,0,test-306,5.556828061699537,3.4677858352661133
z_residual_to_degree,0,test-307,2.0794415416798357,3.6642520427703857
z_residual_to_degree,0,test-308,2.0794415416798357,3.2249460220336914
z_residual_to_degree,0,test-309,3.58351893845611,3.8647873401641846
z_residual_to_degree,0,test-310,2.1972245773362196,3.470383882522583
z_residual_to_degree,0,test-311,3.8918202981106265,3.276503086090088
z_residual_to_degree,0,test-312,2.4849066497880004,1.653194785118103
z_residual_to_degree,0,test-313,6.733401891837358,4.311000823974609
z_residual_to_degree,0,test-314,4.941642422609304,3.183027982711792
z_residual_to_degree,0,test-315,1.9459101490553132,1.2141332626342773
z_residual_to_degree,0,test-316,2.8903717578961645,3.4801762104034424
z_residual_to_degree,0,test-317,5.4116460518550396,3.3475592136383057
z_residual_to_degree,0,test-318,3.332204510175204,3.2609801292419434
z_residual_to_degree,0,test-319,6.733401891837358,4.055459976196289
z_residual_to_degree,0,test-320,2.772588722239781,3.632822036743164
z_residual_to_degree,0,test-321,3.044522437723423,3.685441255569458
z_residual_to_degree,0,test-322,2.995732273553991,3.062549114227295
z_residual_to_degree,0,test-323,0.6931471805599453,3.1558895111083984
z_residual_to_degree,0,test-324,2.4849066497880004,3.5474460124969482
z_residual_to_degree,0,test-325,2.772588722239781,3.263814687728882
z_residual_to_degree,0,test-326,3.091042453358316,3.1378540992736816
z_residual_to_degree,0,test-327,3.401197381662156,3.250332832336426
z_residual_to_degree,0,test-328,3.688879454113936,3.476886034011841
z_residual_to_degree,0,test-329,1.6094379124341003,3.0977699756622314
z_residual_to_degree,0,test-330,3.5553480614894135,3.524848699569702
z_residual_to_degree,0,test-331,3.8712010109078907,3.905463457107544
z_residual_to_degree,0,test-332,2.70805020110221,2.978212594985962
z_residual_to_degree,0,test-333,2.8903717578961645,3.860532760620117
z_residual_to_degree,0,test-334,2.4849066497880004,3.5976109504699707
z_residual_to_degree,0,test-335,4.51085950651685,3.0619053840637207
z_residual_to_degree,0,test-336,2.70805020110221,4.185120582580566
z_residual_to_degree,0,test-337,3.044522437723423,3.806854009628296
z_residual_to_degree,0,test-338,2.4849066497880004,3.436337947845459
z_residual_to_degree,0,test-339,2.772588722239781,3.4330973625183105
z_residual_to_degree,0,test-340,4.143134726391533,3.5981431007385254
z_residual_to_degree,0,test-341,3.931825632724326,3.120028018951416
z_residual_to_degree,0,test-342,2.4849066497880004,4.635087490081787
z_residual_to_degree,0,test-343,4.787491742782047,3.839069366455078
z_residual_to_degree,0,test-344,1.3862943611198906,3.532712936401367
z_residual_to_degree,0,test-345,3.1780538303479453,3.567523956298828
z_residual_to_degree,0,test-346,2.4849066497880004,4.318742752075195
z_residual_to_degree,0,test-347,2.4849066497880004,3.154414176940918
z_residual_to_degree,0,test-348,2.4849066497880004,3.1261863708496094
z_residual_to_degree,0,test-349,3.401197381662155,3.574418306350708
z_residual_to_degree,0,test-350,2.8903717578961645,3.131685256958008
z_residual_to_degree,0,test-351,3.1780538303479453,3.3867361545562744
z_residual_to_degree,0,test-352,1.3862943611198906,1.1875441074371338
z_residual_to_degree,0,test-353,4.882801922586371,5.169735431671143
z_residual_to_degree,0,test-354,4.23410650459726,3.563749313354492
z_residual_to_degree,0,test-355,5.6937321388027,4.641026973724365
z_residual_to_degree,0,test-356,0.6931471805599453,1.9751520156860352
z_residual_to_degree,0,test-357,1.791759469228055,2.9845800399780273
z_residual_to_degree,0,test-358,1.791759469228055,3.5392017364501953
z_residual_to_degree,0,test-359,5.966146739123692,3.430034875869751
z_residual_to_degree,0,test-360,3.4965075614664807,3.475456953048706
z_residual_to_degree,0,test-361,6.733401891837358,3.8553240299224854
z_residual_to_degree,0,test-362,5.272999558563747,3.769056558609009
z_residual_to_degree,0,test-363,3.737669618283368,4.448791027069092
z_residual_to_degree,0,test-364,2.1972245773362196,2.529782295227051
z_residual_to_degree,0,test-365,2.995732273553991,3.4912712574005127
z_residual_to_degree,0,test-366,1.3862943611198906,4.646061897277832
z_residual_to_degree,0,test-367,6.327936783729195,2.429473876953125
z_residual_to_degree,0,test-368,4.430816798843313,3.6954193115234375
z_residual_to_degree,0,test-369,0.0,2.715973377227783
z_residual_to_degree,0,test-370,2.6390573296152584,3.519242525100708
z_residual_to_degree,0,test-371,1.6094379124341003,5.677237033843994
z_residual_to_degree,0,test-372,2.4849066497880004,3.6191442012786865
z_residual_to_degree,0,test-373,3.465735902799726,3.9998865127563477
z_residual_to_degree,0,test-374,2.772588722239781,3.2307209968566895
z_residual_to_degree,0,test-375,2.70805020110221,2.632223606109619
z_residual_to_degree,0,test-376,4.74493212836325,3.5801167488098145
z_residual_to_degree,0,test-377,2.4849066497880004,3.480402946472168
z_residual_to_degree,0,test-378,3.332204510175204,3.483029842376709
z_residual_to_degree,0,test-379,2.4849066497880004,2.4290456771850586
z_residual_to_degree,0,test-380,2.8903717578961645,3.1297309398651123
z_residual_to_degree,0,test-381,2.3025850929940455,4.782228946685791
z_residual_to_degree,0,test-382,1.791759469228055,3.292792797088623
z_residual_to_degree,0,test-383,0.6931471805599453,1.5109621286392212
z_residual_to_degree,0,test-384,4.276666119016055,3.8249716758728027
z_residual_to_degree,0,test-385,1.791759469228055,3.4606809616088867
z_residual_to_degree,0,test-386,1.791759469228055,3.669443130493164
z_residual_to_degree,0,test-387,2.0794415416798357,3.2834649085998535
z_residual_to_degree,0,test-388,2.995732273553991,3.38678240776062
z_residual_to_degree,0,test-389,2.0794415416798357,3.2989261150360107
z_residual_to_degree,0,test-390,3.044522437723423,3.021831512451172
z_residual_to_degree,0,test-391,2.995732273553991,3.276003837585449
z_residual_to_degree,0,test-392,0.0,2.7685112953186035
z_residual_to_degree,0,test-393,1.3862943611198906,2.553569793701172
z_residual_to_degree,0,test-394,2.3025850929940455,3.0884108543395996
z_residual_to_degree,0,test-395,3.295836866004329,3.562067747116089
z_residual_to_degree,0,test-396,1.791759469228055,3.9497692584991455
z_residual_to_degree,0,test-397,3.4011973816621555,3.5529139041900635
z_residual_to_degree,0,test-398,2.4849066497880004,3.2402334213256836
z_residual_to_degree,0,test-399,2.995732273553991,3.298898935317993
z_residual_to_degree,0,test-400,2.0794415416798357,3.847686290740967
z_residual_to_degree,0,test-401,2.0794415416798357,3.127249240875244
z_residual_to_degree,0,test-402,3.1780538303479453,3.3009395599365234
z_residual_to_degree,0,test-403,3.828641396489095,3.2609264850616455
z_residual_to_degree,0,test-404,4.90527477843843,3.39884090423584
z_residual_to_degree,0,test-405,1.791759469228055,1.4276392459869385
z_residual_to_degree,0,test-406,3.401197381662155,2.552708148956299
z_residual_to_degree,0,test-407,1.3862943611198906,3.552516460418701
z_residual_to_degree,0,test-408,2.8903717578961645,4.141990661621094
z_residual_to_degree,0,test-409,4.276666119016055,3.8544318675994873
z_residual_to_degree,0,test-410,0.6931471805599453,1.5853538513183594
z_residual_to_degree,0,test-411,3.5553480614894135,3.5747344493865967
z_residual_to_degree,0,test-412,2.8903717578961645,3.4373512268066406
z_residual_to_degree,0,test-413,3.332204510175204,3.6447863578796387
z_residual_to_degree,0,test-414,5.342334251964811,3.3423759937286377
z_residual_to_degree,0,test-415,2.890371757896165,3.5486414432525635
z_residual_to_degree,0,test-416,3.401197381662155,3.3401663303375244
z_residual_to_degree,0,test-417,3.091042453358316,3.496584415435791
z_residual_to_degree,0,test-418,2.995732273553991,3.9553134441375732
z_residual_to_degree,0,test-419,3.401197381662155,3.6410789489746094
z_residual_to_degree,0,test-420,4.787491742782046,2.9962210655212402
z_residual_to_degree,0,test-421,4.430816798843313,3.724152088165283
z_residual_to_degree,0,test-422,2.8903717578961645,3.2654035091400146
z_residual_to_degree,0,test-423,2.0794415416798357,3.7293782234191895
z_residual_to_degree,0,test-424,3.1780538303479458,3.313184976577759
z_residual_to_degree,0,test-425,1.9459101490553132,2.395596981048584
z_residual_to_degree,0,test-426,2.995732273553991,2.980509042739868
z_residual_to_degree,0,test-427,2.1972245773362196,3.4179883003234863
z_residual_to_degree,0,test-428,1.3862943611198906,3.575977087020874
z_residual_to_degree,0,test-429,3.401197381662156,4.788115501403809
z_residual_to_degree,0,test-430,3.332204510175204,3.1505143642425537
z_residual_to_degree,0,test-431,2.0794415416798357,3.0832347869873047
z_residual_to_degree,0,test-432,2.4849066497880004,3.3639557361602783
z_residual_to_degree,0,test-433,3.6888794541139367,3.079664468765259
z_residual_to_degree,0,test-434,2.70805020110221,3.494704484939575
z_residual_to_degree,0,test-435,2.4849066497880004,3.0463180541992188
z_residual_to_degree,0,test-436,4.718498871295095,4.057958602905273
z_residual_to_degree,0,test-437,5.634789603169249,4.141911506652832
z_residual_to_degree,0,test-438,4.68213122712422,4.366412162780762
z_residual_to_degree,0,test-439,1.791759469228055,3.053446054458618
z_residual_to_degree,0,test-440,3.9889840465642745,3.477457284927368
z_residual_to_degree,0,test-441,6.327936783729195,4.744765281677246
z_residual_to_degree,0,test-442,3.044522437723423,3.5622401237487793
z_residual_to_degree,0,test-443,2.70805020110221,3.0936481952667236
z_residual_to_degree,0,test-444,1.0986122886681098,1.4230506420135498
z_residual_to_degree,0,test-445,2.995732273553991,3.1571719646453857
z_residual_to_degree,0,test-446,2.772588722239781,3.1655898094177246
z_residual_to_degree,0,test-447,2.995732273553991,3.4863181114196777
z_residual_to_degree,0,test-448,1.791759469228055,1.3135263919830322
z_residual_to_degree,0,test-449,1.3862943611198906,3.5732386112213135
z_residual_to_degree,0,test-450,2.4849066497880004,3.477569341659546
z_residual_to_degree,0,test-451,7.50659178007084,3.9905142784118652
z_residual_to_degree,0,test-452,3.951243718581427,3.5372867584228516
z_residual_to_degree,0,test-453,3.5553480614894135,3.7456088066101074
z_residual_to_degree,0,test-454,2.70805020110221,4.006091117858887
z_residual_to_degree,0,test-455,3.258096538021482,3.274519443511963
z_residual_to_degree,0,test-456,5.634789603169249,4.359889984130859
z_residual_to_degree,0,test-457,0.6931471805599453,2.0170164108276367
z_residual_to_degree,0,test-458,2.772588722239781,3.846329927444458
z_residual_to_degree,0,test-459,3.401197381662156,3.435823917388916
z_residual_to_degree,0,test-460,2.995732273553991,3.42887806892395
z_residual_to_degree,0,test-461,3.044522437723423,4.146798610687256
z_residual_to_degree,0,test-462,2.1972245773362196,3.35093355178833
z_residual_to_degree,0,test-463,1.791759469228055,2.7304210662841797
z_residual_to_degree,0,test-464,3.1780538303479458,4.421086311340332
z_residual_to_degree,0,test-465,2.1972245773362196,1.492804765701294
z_residual_to_degree,0,test-466,3.401197381662155,4.763205528259277
z_residual_to_degree,0,test-467,6.327936783729195,4.238388538360596
z_residual_to_degree,0,test-468,2.995732273553991,3.4695472717285156
z_residual_to_degree,0,test-469,3.044522437723423,3.254918098449707
z_residual_to_degree,0,test-470,1.0986122886681098,1.2450001239776611
z_residual_to_degree,0,test-471,3.401197381662155,3.336040735244751
z_residual_to_degree,0,test-472,2.3025850929940455,2.5663342475891113
z_residual_to_degree,0,test-473,6.040254711277414,1.15907621383667
z_residual_to_degree,0,test-474,4.90527477843843,3.807640790939331
z_residual_to_degree,0,test-475,2.1972245773362196,3.528439521789551
z_residual_to_degree,0,test-476,2.0794415416798357,3.2238707542419434
z_residual_to_degree,0,test-477,2.8903717578961645,1.8761980533599854
z_residual_to_degree,0,test-478,3.1780538303479453,3.273963212966919
z_residual_to_degree,0,test-479,2.995732273553991,3.3189315795898438
z_residual_to_degree,0,test-480,4.276666119016055,3.1736998558044434
z_residual_to_degree,0,test-481,2.4849066497880004,4.094520568847656
z_residual_to_degree,0,test-482,3.295836866004329,3.306934118270874
z_residual_to_degree,0,test-483,3.1780538303479453,3.456066370010376
z_residual_to_degree,0,test-484,2.0794415416798357,3.812253952026367
z_residual_to_degree,0,test-485,3.332204510175204,3.274052381515503
z_residual_to_degree,0,test-486,1.3862943611198906,1.7081228494644165
z_residual_to_degree,0,test-487,4.356708826689592,4.161612510681152
z_residual_to_degree,0,test-488,2.0794415416798357,4.075366020202637
z_residual_to_degree,0,test-489,2.9957322735539913,4.092991828918457
z_residual_to_degree,0,test-490,0.6931471805599453,3.6220152378082275
z_residual_to_degree,0,test-491,2.0794415416798357,4.935518264770508
z_residual_to_degree,0,test-492,4.31748811353631,3.760413408279419
z_residual_to_degree,0,test-493,3.58351893845611,3.4067420959472656
z_residual_to_degree,0,test-494,0.0,2.788153648376465
z_residual_to_degree,0,test-495,5.272999558563747,4.486239433288574
z_residual_to_degree,0,test-496,1.791759469228055,3.946550130844116
z_residual_to_degree,0,test-497,3.7376696182833684,3.435415267944336
z_residual_to_degree,0,test-498,2.4849066497880004,3.2552311420440674
z_residual_to_degree,0,test-499,3.8712010109078907,3.119328022003174
z_residual_to_degree,0,test-500,6.040254711277414,1.9850889444351196
z_residual_to_degree,0,test-501,3.332204510175204,3.4151270389556885
z_residual_to_degree,0,test-502,3.332204510175204,3.7292845249176025
z_residual_to_degree,0,test-503,4.700480365792417,3.896676540374756
z_residual_to_degree,0,test-504,4.499809670330265,3.430382251739502
z_residual_to_degree,0,test-505,2.1972245773362196,3.0211944580078125
z_residual_to_degree,0,test-506,3.688879454113936,3.8177123069763184
z_residual_to_degree,0,test-507,2.6390573296152584,4.038369178771973
z_residual_to_degree,0,test-508,4.276666119016055,3.6361827850341797
z_residual_to_degree,0,test-509,3.8712010109078907,3.6359822750091553
z_residual_to_degree,0,test-510,4.442651256490317,3.179507255554199
z_residual_to_degree,0,test-511,5.634789603169249,4.240132808685303
z_degree_to_cn_residual,0,test-0,0.4096507501383539,0.1057901680469513
z_degree_to_cn_residual,0,test-1,-0.257133548881196,0.1673569679260254
z_degree_to_cn_residual,0,test-2,-0.026168497301778282,0.11442955583333969
z_degree_to_cn_residual,0,test-3,-0.09682951278185134,0.1731758713722229
z_degree_to_cn_residual,0,test-4,1.030455039917754,0.08609011769294739
z_degree_to_cn_residual,0,test-5,-0.40617432960244304,0.1691192388534546
z_degree_to_cn_residual,0,test-6,1.072232465549153,0.041185490787029266
z_degree_to_cn_residual,0,test-7,-0.17653506637630972,0.19780144095420837
z_degree_to_cn_residual,0,test-8,-0.09993231907971788,0.203575998544693
z_degree_to_cn_residual,0,test-9,-0.361807736196368,0.1434929221868515
z_degree_to_cn_residual,0,test-10,0.834665253272179,0.21049070358276367
z_degree_to_cn_residual,0,test-11,0.6771872810461878,0.1459742784500122
z_degree_to_cn_residual,0,test-12,-0.0025667768776077267,0.052236273884773254
z_degree_to_cn_residual,0,test-13,0.0920452145115791,0.04393920302391052
z_degree_to_cn_residual,0,test-14,0.1059855857541714,0.034862369298934937
z_degree_to_cn_residual,0,test-15,0.6905804036823375,0.13661319017410278
z_degree_to_cn_residual,0,test-16,0.487417210290867,0.13751545548439026
z_degree_to_cn_residual,0,test-17,0.027598705190133088,0.05083581805229187
z_degree_to_cn_residual,0,test-18,-0.0025667768776077267,0.052236273884773254
z_degree_to_cn_residual,0,test-19,-0.09993231907971788,0.203575998544693
z_degree_to_cn_residual,0,test-20,-0.0006908748283487874,0.0698845237493515
z_degree_to_cn_residual,0,test-21,0.37362887990278976,0.18068817257881165
z_degree_to_cn_residual,0,test-22,-0.26394703539593084,0.21049070358276367
z_degree_to_cn_residual,0,test-23,-0.001592483837966117,0.016316980123519897
z_degree_to_cn_residual,0,test-24,0.3252994169928626,0.20369692146778107
z_degree_to_cn_residual,0,test-25,-0.5320508010865779,0.14105050265789032
z_degree_to_cn_residual,0,test-26,0.6906105992764492,0.11618451774120331
z_degree_to_cn_residual,0,test-27,0.7790939880109542,0.18068817257881165
z_degree_to_cn_residual,0,test-28,0.5980680715538729,0.22661109268665314
z_degree_to_cn_residual,0,test-29,0.6893311186493629,0.18957087397575378
z_degree_to_cn_residual,0,test-30,0.6730018624542556,0.04876940697431564
z_degree_to_cn_residual,0,test-31,0.22033626837748216,0.06410534679889679
z_degree_to_cn_residual,0,test-32,-0.31403642712572494,0.15646502375602722
z_degree_to_cn_residual,0,test-33,0.6854469961951654,0.04045279324054718
z_degree_to_cn_residual,0,test-34,-0.22552334649902314,0.2213073968887329
z_degree_to_cn_residual,0,test-35,-0.15981025222941134,0.27181440591812134
z_degree_to_cn_residual,0,test-36,-0.002483473901375505,0.32888615131378174
z_degree_to_cn_residual,0,test-37,-0.002536581283496064,0.11618451774120331
z_degree_to_cn_residual,0,test-38,0.011027840012221813,0.03566262871026993
z_degree_to_cn_residual,0,test-39,-0.0025667768776077267,0.13661319017410278
z_degree_to_cn_residual,0,test-40,1.0655213517576338,0.12665022909641266
z_degree_to_cn_residual,0,test-41,0.33133944436357726,0.1434929221868515
z_degree_to_cn_residual,0,test-42,0.3907357061859718,0.09396985173225403
z_degree_to_cn_residual,0,test-43,-0.07427151148220186,0.2105862945318222
z_degree_to_cn_residual,0,test-44,1.1607710146208674,0.2213073968887329
z_degree_to_cn_residual,0,test-45,-0.0025667768776077267,0.052236273884773254
z_degree_to_cn_residual,0,test-46,0.12442211904305411,0.07467731088399887
z_degree_to_cn_residual,0,test-47,-0.002483473901375505,-2.1666288375854492e-05
z_degree_to_cn_residual,0,test-48,0.5980680715538729,0.22661109268665314
z_degree_to_cn_residual,0,test-49,0.3907357061859718,0.09396985173225403
z_degree_to_cn_residual,0,test-50,0.3974001350710103,0.20646072924137115
z_degree_to_cn_residual,0,test-51,0.5071241430143024,0.21602486073970795
z_degree_to_cn_residual,0,test-52,-0.5962537633065377,0.09251121431589127
z_degree_to_cn_residual,0,test-53,-0.09507910900607243,0.22661109268665314
z_degree_to_cn_residual,0,test-54,-0.006401163194461921,0.0983031839132309
z_degree_to_cn_residual,0,test-55,-0.5779234037185782,0.029996491968631744
z_degree_to_cn_residual,0,test-56,-0.09507910900607243,0.22050748765468597
z_degree_to_cn_residual,0,test-57,0.8783422192128343,0.09669739753007889
z_degree_to_cn_residual,0,test-58,-0.4855470978437046,0.17863218486309052
z_degree_to_cn_residual,0,test-59,0.6904677205888524,0.09961964190006256
z_degree_to_cn_residual,0,test-60,-0.2474640255978244,0.09948324412107468
z_degree_to_cn_residual,0,test-61,-0.0022128532902202114,0.0019307583570480347
z_degree_to_cn_residual,0,test-62,-0.0014682163898236727,0.00239388644695282
z_degree_to_cn_residual,0,test-63,-0.002483473901375505,0.32888615131378174
z_degree_to_cn_residual,0,test-64,-0.18117393408101218,0.18988269567489624
z_degree_to_cn_residual,0,test-65,1.0035331796620373,0.22661109268665314
z_degree_to_cn_residual,0,test-66,-0.003920084665472663,0.08709649741649628
z_degree_to_cn_residual,0,test-67,-0.003920084665472663,0.08709649741649628
z_degree_to_cn_residual,0,test-68,-0.5121098978044188,0.06889501214027405
z_degree_to_cn_residual,0,test-69,0.40889556438164,0.25034427642822266
z_degree_to_cn_residual,0,test-70,0.5071241430143024,0.21602486073970795
z_degree_to_cn_residual,0,test-71,0.34193555199200737,0.12257865071296692
z_degree_to_cn_residual,0,test-72,-0.0025667768776077267,0.13661319017410278
z_degree_to_cn_residual,0,test-73,-0.32077300936225667,0.12665022909641266
z_degree_to_cn_residual,0,test-74,-0.09507910900607243,0.22050748765468597
z_degree_to_cn_residual,0,test-75,0.9986799695883919,0.203575998544693
z_degree_to_cn_residual,0,test-76,-0.001592483837966117,0.016316980123519897
z_degree_to_cn_residual,0,test-77,0.5932148614802274,0.203575998544693
z_degree_to_cn_residual,0,test-78,-0.0017051669314512175,-0.00484195351600647
z_degree_to_cn_residual,0,test-79,-0.0025667768776077267,0.13661319017410278
z_degree_to_cn_residual,0,test-80,0.6893311186493629,0.18957087397575378
z_degree_to_cn_residual,0,test-81,0.3267009706117635,0.24096032977104187
z_degree_to_cn_residual,0,test-82,1.066776060462735,0.18068817257881165
z_degree_to_cn_residual,0,test-83,-0.06306873591422772,0.034742437303066254
z_degree_to_cn_residual,0,test-84,-0.3195190468888935,0.10143660753965378
z_degree_to_cn_residual,0,test-85,-0.257133548881196,0.1673569679260254
z_degree_to_cn_residual,0,test-86,0.3974001350710103,0.20646072924137115
z_degree_to_cn_residual,0,test-87,-0.09507910900607243,0.22050748765468597
z_degree_to_cn_residual,0,test-88,-0.006401163194461921,0.0983031839132309
z_degree_to_cn_residual,0,test-89,-0.295747045488935,0.20646072924137115
z_degree_to_cn_residual,0,test-90,-0.07427151148220186,0.2105862945318222
z_degree_to_cn_residual,0,test-91,-0.002679459971092827,0.09961964190006256
z_degree_to_cn_residual,0,test-92,0.5963176677780939,0.1731758713722229
z_degree_to_cn_residual,0,test-93,0.47287711110466973,0.09669739753007889
z_degree_to_cn_residual,0,test-94,-0.07427151148220186,0.2105862945318222
z_degree_to_cn_residual,0,test-95,0.5634751272888399,0.1741313934326172
z_degree_to_cn_residual,0,test-96,-0.6219808875579942,-0.032476916909217834
z_degree_to_cn_residual,0,test-97,-0.0948206319924906,0.13342171907424927
z_degree_to_cn_residual,0,test-98,-0.002536581283496064,0.11618451774120331
z_degree_to_cn_residual,0,test-99,-0.09507910900607243,0.22050748765468597
z_degree_to_cn_residual,0,test-100,-0.3664462099481818,0.24096032977104187
z_degree_to_cn_residual,0,test-101,0.5980680715538729,0.22050748765468597
z_degree_to_cn_residual,0,test-102,0.03377005795343527,0.03139617294073105
z_degree_to_cn_residual,0,test-103,-0.15981025222941134,0.27181440591812134
z_degree_to_cn_residual,0,test-104,0.629186265886127,0.26786255836486816
z_degree_to_cn_residual,0,test-105,-0.001592483837966117,0.016316980123519897
z_degree_to_cn_residual,0,test-106,0.689862177614176,0.04086869955062866
z_degree_to_cn_residual,0,test-107,-0.0025667768776077267,0.052236273884773254
z_degree_to_cn_residual,0,test-108,0.09689341725340761,0.09251121431589127
z_degree_to_cn_residual,0,test-109,0.37911075343422035,0.15646502375602722
z_degree_to_cn_residual,0,test-110,-0.002679459971092827,0.09961964190006256
z_degree_to_cn_residual,0,test-111,-0.006236131996241855,0.015657708048820496
z_degree_to_cn_residual,0,test-112,0.4686965299979534,0.07505840808153152
z_degree_to_cn_residual,0,test-113,-0.4092811700187469,0.18957087397575378
z_degree_to_cn_residual,0,test-114,-0.0017051669314512175,-0.00484195351600647
z_degree_to_cn_residual,0,test-115,0.6906637066585698,0.32888615131378174
z_degree_to_cn_residual,0,test-116,1.0402213320986424,-0.0012835562229156494
z_degree_to_cn_residual,0,test-117,0.6948211420213969,0.044057250022888184
z_degree_to_cn_residual,0,test-118,-0.2842516161783053,0.25034427642822266
z_degree_to_cn_residual,0,test-119,0.706182872391234,0.06176218390464783
z_degree_to_cn_residual,0,test-120,0.6188756690777434,0.2105862945318222
z_degree_to_cn_residual,0,test-121,0.5071241430143024,0.21602486073970795
z_degree_to_cn_residual,0,test-122,0.732166078719928,0.24096032977104187
z_degree_to_cn_residual,0,test-123,0.6905804036823375,0.13661319017410278
z_degree_to_cn_residual,0,test-124,-0.006401163194461921,0.0983031839132309
z_degree_to_cn_residual,0,test-125,-0.06396091467381823,0.26786255836486816
z_degree_to_cn_residual,0,test-126,1.0243407771859079,0.2105862945318222
z_degree_to_cn_residual,0,test-127,-0.0025667768776077267,0.13661319017410278
z_degree_to_cn_residual,0,test-128,-0.17653506637630972,0.19780144095420837
z_degree_to_cn_residual,0,test-129,0.006243055183185751,0.007571503520011902
z_degree_to_cn_residual,0,test-130,0.9125892511224669,0.21602486073970795
z_degree_to_cn_residual,0,test-131,0.5932148614802274,0.203575998544693
z_degree_to_cn_residual,0,test-132,-0.4092811700187469,0.18957087397575378
z_degree_to_cn_residual,0,test-133,-0.3910899774469028,0.09078139066696167
z_degree_to_cn_residual,0,test-134,-0.06396091467381823,0.26786255836486816
z_degree_to_cn_residual,0,test-135,0.5333369283305339,0.27181440591812134
z_degree_to_cn_residual,0,test-136,0.6893311186493629,0.18957087397575378
z_degree_to_cn_residual,0,test-137,-0.0022128532902202114,0.0019307583570480347
z_degree_to_cn_residual,0,test-138,-0.4564122585269044,0.10946260392665863
z_degree_to_cn_residual,0,test-139,-0.0025667768776077267,0.13661319017410278
z_degree_to_cn_residual,0,test-140,-0.295747045488935,0.20646072924137115
z_degree_to_cn_residual,0,test-141,0.7232900511466166,0.11546652019023895
z_degree_to_cn_residual,0,test-142,-0.09507910900607243,0.22050748765468597
z_degree_to_cn_residual,0,test-143,-0.002679459971092827,0.09961964190006256
z_degree_to_cn_residual,0,test-144,-0.15981025222941134,0.27181440591812134
z_degree_to_cn_residual,0,test-145,-0.020145318105689636,0.04876940697431564
z_degree_to_cn_residual,0,test-146,0.37362887990278976,0.18068817257881165
z_degree_to_cn_residual,0,test-147,-0.295747045488935,0.20646072924137115
z_degree_to_cn_residual,0,test-148,0.09689341725340761,0.09251121431589127
z_degree_to_cn_residual,0,test-149,-0.2842516161783053,0.25034427642822266
z_degree_to_cn_residual,0,test-150,-0.21219425699455913,0.1724516600370407
z_degree_to_cn_residual,0,test-151,0.5634751272888399,0.17350855469703674
z_degree_to_cn_residual,0,test-152,-0.011174017424812204,0.04634381830692291
z_degree_to_cn_residual,0,test-153,0.2564389628481294,0.12399452924728394
z_degree_to_cn_residual,0,test-154,0.6904677205888524,0.09961964190006256
z_degree_to_cn_residual,0,test-155,-0.002536581283496064,0.11618451774120331
z_degree_to_cn_residual,0,test-156,1.2131515730483942,0.1450338214635849
z_degree_to_cn_residual,0,test-157,-0.11159319800623856,0.1259770691394806
z_degree_to_cn_residual,0,test-158,-0.002483473901375505,-2.1666288375854492e-05
z_degree_to_cn_residual,0,test-159,0.5980680715538729,0.22050748765468597
z_degree_to_cn_residual,0,test-160,-0.006236131996241855,0.017005711793899536
z_degree_to_cn_residual,0,test-161,-0.0017051669314512175,-0.00484195351600647
z_degree_to_cn_residual,0,test-162,0.5980680715538729,0.22661109268665314
z_degree_to_cn_residual,0,test-163,-0.0025667768776077267,0.13661319017410278
z_degree_to_cn_residual,0,test-164,0.30205720311304246,0.09078139066696167
z_degree_to_cn_residual,0,test-165,-0.001592483837966117,0.016316980123519897
z_degree_to_cn_residual,0,test-166,-0.3678477635670827,0.20369692146778107
z_degree_to_cn_residual,0,test-167,-0.5737341020377579,0.10765541344881058
z_degree_to_cn_residual,0,test-168,0.3252994169928626,0.20369692146778107
z_degree_to_cn_residual,0,test-169,-0.0025667768776077267,0.13661319017410278
z_degree_to_cn_residual,0,test-170,-0.002679459971092827,0.09961964190006256
z_degree_to_cn_residual,0,test-171,0.5694612141469256,0.09693225473165512
z_degree_to_cn_residual,0,test-172,-0.0017051669314512175,-0.00484195351600647
z_degree_to_cn_residual,0,test-173,-0.07427151148220186,0.2105862945318222
z_degree_to_cn_residual,0,test-174,1.1880129048121781,0.1459742784500122
z_degree_to_cn_residual,0,test-175,0.8125602590821327,0.10765541344881058
z_degree_to_cn_residual,0,test-176,-0.10231614743923174,0.048946917057037354
z_degree_to_cn_residual,0,test-177,0.027598705190133088,0.05083581805229187
z_degree_to_cn_residual,0,test-178,-0.31951830065715553,0.18068817257881165
z_degree_to_cn_residual,0,test-179,-0.0017051669314512175,-0.00484195351600647
z_degree_to_cn_residual,0,test-180,-0.007700184364779972,0.04045279324054718
z_degree_to_cn_residual,0,test-181,-0.31403642712572494,0.15646502375602722
z_degree_to_cn_residual,0,test-182,-0.31951830065715553,0.18068817257881165
z_degree_to_cn_residual,0,test-183,-0.002483473901375505,-2.1666288375854492e-05
z_degree_to_cn_residual,0,test-184,0.2690154096687156,0.007755681872367859
z_degree_to_cn_residual,0,test-185,-0.295747045488935,0.20646072924137115
z_degree_to_cn_residual,0,test-186,1.1223473257239598,0.21049070358276367
z_degree_to_cn_residual,0,test-187,-0.295747045488935,0.20646072924137115
z_degree_to_cn_residual,0,test-188,-0.07427151148220186,0.2105862945318222
z_degree_to_cn_residual,0,test-189,-0.06396091467381823,0.26786255836486816
z_degree_to_cn_residual,0,test-190,0.5980680715538729,0.22050748765468597
z_degree_to_cn_residual,0,test-191,-0.002679459971092827,0.09961964190006256
z_degree_to_cn_residual,0,test-192,0.5932148614802274,0.203575998544693
z_degree_to_cn_residual,0,test-193,-0.18602303754564287,0.21602486073970795
z_degree_to_cn_residual,0,test-194,-0.007700184364779972,0.04045279324054718
z_degree_to_cn_residual,0,test-195,0.18103728275552644,0.06889501214027405
z_degree_to_cn_residual,0,test-196,-0.3419557546295762,0.11369169503450394
z_degree_to_cn_residual,0,test-197,-0.07427151148220186,0.2105862945318222
z_degree_to_cn_residual,0,test-198,-0.1325756172494532,0.11632221937179565
z_degree_to_cn_residual,0,test-199,-0.001592483837966117,0.016316980123519897
z_degree_to_cn_residual,0,test-200,-0.001592483837966117,0.016316980123519897
z_degree_to_cn_residual,0,test-201,-0.001592483837966117,0.016316980123519897
z_degree_to_cn_residual,0,test-202,-0.09993231907971788,0.203575998544693
z_degree_to_cn_residual,0,test-203,-0.07427151148220186,0.2105862945318222
z_degree_to_cn_residual,0,test-204,0.6867460173654834,0.0983031839132309
z_degree_to_cn_residual,0,test-205,-0.06396091467381823,0.26786255836486816
z_degree_to_cn_residual,0,test-206,-0.31403642712572494,0.15646502375602722
z_degree_to_cn_residual,0,test-207,0.25559953693839854,0.11496099829673767
z_degree_to_cn_residual,0,test-208,-0.3512116285679379,0.12257865071296692
z_degree_to_cn_residual,0,test-209,0.44701726623712135,0.04597310721874237
z_degree_to_cn_residual,0,test-210,0.27064323153028624,0.07509328424930573
z_degree_to_cn_residual,0,test-211,0.9986799695883919,0.203575998544693
z_degree_to_cn_residual,0,test-212,-0.015324816569887118,0.13078713417053223
z_degree_to_cn_residual,0,test-213,-0.002483473901375505,0.32888615131378174
z_degree_to_cn_residual,0,test-214,0.707522311221207,0.09078139066696167
z_degree_to_cn_residual,0,test-215,-0.002679459971092827,0.09961964190006256
z_degree_to_cn_residual,0,test-216,-0.0025667768776077267,0.052236273884773254
z_degree_to_cn_residual,0,test-217,0.6905804036823375,0.13661319017410278
z_degree_to_cn_residual,0,test-218,-0.09993231907971788,0.203575998544693
z_degree_to_cn_residual,0,test-219,-0.3664462099481818,0.24096032977104187
z_degree_to_cn_residual,0,test-220,-0.007796294345678415,0.0110502690076828
z_degree_to_cn_residual,0,test-221,-0.18602303754564287,0.21602486073970795
z_degree_to_cn_residual,0,test-222,-0.002679459971092827,0.09961964190006256
z_degree_to_cn_residual,0,test-223,-0.20673482910021176,0.17810070514678955
z_degree_to_cn_residual,0,test-224,-0.002483473901375505,-2.1666288375854492e-05
z_degree_to_cn_residual,0,test-225,0.8028652431791747,0.20646072924137115
z_degree_to_cn_residual,0,test-226,-0.002679459971092827,0.09961964190006256
z_degree_to_cn_residual,0,test-227,0.9388020364386984,0.27181440591812134
z_degree_to_cn_residual,0,test-228,-0.0025667768776077267,0.13661319017410278
z_degree_to_cn_residual,0,test-229,-0.06396091467381823,0.26786255836486816
z_degree_to_cn_residual,0,test-230,0.5634751272888399,0.1741313934326172
z_degree_to_cn_residual,0,test-231,-0.34185746108770393,0.11851665377616882
z_degree_to_cn_residual,0,test-232,0.5836835270942388,0.12505368888378143
z_degree_to_cn_residual,0,test-233,-0.0017051669314512175,0.0014898478984832764
z_degree_to_cn_residual,0,test-234,-0.3664462099481818,0.24096032977104187
z_degree_to_cn_residual,0,test-235,0.5963176677780939,0.1731758713722229
z_degree_to_cn_residual,0,test-236,-0.09507910900607243,0.22661109268665314
z_degree_to_cn_residual,0,test-237,-0.09993231907971788,0.203575998544693
z_degree_to_cn_residual,0,test-238,1.1098178970570212,0.028584077954292297
z_degree_to_cn_residual,0,test-239,0.09689341725340761,0.09251121431589127
z_degree_to_cn_residual,0,test-240,-0.0025667768776077267,0.052236273884773254
z_degree_to_cn_residual,0,test-241,-0.003920084665472663,0.08709649741649628
z_degree_to_cn_residual,0,test-242,1.0035331796620373,0.22661109268665314
z_degree_to_cn_residual,0,test-243,0.629186265886127,0.26786255836486816
z_degree_to_cn_residual,0,test-244,-0.09993231907971788,0.203575998544693
z_degree_to_cn_residual,0,test-245,0.5980680715538729,0.22050748765468597
z_degree_to_cn_residual,0,test-246,-0.6011019660483662,0.04393920302391052
z_degree_to_cn_residual,0,test-247,-0.0025667768776077267,0.13661319017410278
z_degree_to_cn_residual,0,test-248,-0.40617432960244304,0.1691192388534546
z_degree_to_cn_residual,0,test-249,-0.32077300936225667,0.12665022909641266
z_degree_to_cn_residual,0,test-250,-0.0017051669314512175,-0.00484195351600647
z_degree_to_cn_residual,0,test-251,0.027598705190133088,0.05083581805229187
z_degree_to_cn_residual,0,test-252,-0.31951830065715553,0.18068817257881165
z_degree_to_cn_residual,0,test-253,-0.09507910900607243,0.22050748765468597
z_degree_to_cn_residual,0,test-254,-0.006401163194461921,0.0983031839132309
z_degree_to_cn_residual,0,test-255,-0.2608500763576425,0.06988602876663208
z_degree_to_cn_residual,0,test-256,-0.002483473901375505,-2.1666288375854492e-05
z_degree_to_cn_residual,0,test-257,0.16442497939224665,0.041496582329273224
z_degree_to_cn_residual,0,test-258,0.8561659193103136,0.1894417405128479
z_degree_to_cn_residual,0,test-259,-0.002709528290634796,0.09281282126903534
z_degree_to_cn_residual,0,test-260,-0.001592483837966117,0.016316980123519897
z_degree_to_cn_residual,0,test-261,0.42920014516401445,0.21049070358276367
z_degree_to_cn_residual,0,test-262,0.9125892511224669,0.21602486073970795
z_degree_to_cn_residual,0,test-263,-0.18602303754564287,0.21602486073970795
z_degree_to_cn_residual,0,test-264,-0.32690411934740055,0.1085926964879036
z_degree_to_cn_residual,0,test-265,-0.4564122585269044,0.10946260392665863
z_degree_to_cn_residual,0,test-266,0.6905804036823375,0.13661319017410278
z_degree_to_cn_residual,0,test-267,0.6904677205888524,0.09961964190006256
z_degree_to_cn_residual,0,test-268,-0.09507910900607243,0.22050748765468597
z_degree_to_cn_residual,0,test-269,0.5380768797364144,-0.05640698969364166
z_degree_to_cn_residual,0,test-270,-0.0025667768776077267,0.13661319017410278
z_degree_to_cn_residual,0,test-271,0.9986799695883919,0.203575998544693
z_degree_to_cn_residual,0,test-272,0.26383524768033195,0.2049514651298523
z_degree_to_cn_residual,0,test-273,0.4676238340609221,0.2213073968887329
z_degree_to_cn_residual,0,test-274,0.5333369283305339,0.27181440591812134
z_degree_to_cn_residual,0,test-275,-0.09507910900607243,0.22050748765468597
z_degree_to_cn_residual,0,test-276,-0.0022128532902202114,0.002999410033226013
z_degree_to_cn_residual,0,test-277,-0.295747045488935,0.20646072924137115
z_degree_to_cn_residual,0,test-278,0.4322971042023028,0.0686221569776535
z_degree_to_cn_residual,0,test-279,0.5166121141836355,0.19780144095420837
z_degree_to_cn_residual,0,test-280,-0.006401163194461921,0.0983031839132309
z_degree_to_cn_residual,0,test-281,1.0243407771859079,0.2105862945318222
z_degree_to_cn_residual,0,test-282,-0.005713782933315264,0.03667652606964111
z_degree_to_cn_residual,0,test-283,-0.18602303754564287,0.21602486073970795
z_degree_to_cn_residual,0,test-284,-0.0017051669314512175,-0.0058302730321884155
z_degree_to_cn_residual,0,test-285,-0.09507910900607243,0.22050748765468597
z_degree_to_cn_residual,0,test-286,1.3462860490699626,0.03943119943141937
z_degree_to_cn_residual,0,test-287,-0.09993231907971788,0.203575998544693
z_degree_to_cn_residual,0,test-288,0.5553068786375152,0.17067407071590424
z_degree_to_cn_residual,0,test-289,0.2249532936470302,0.07460489869117737
z_degree_to_cn_residual,0,test-290,0.5980680715538729,0.22661109268665314
z_degree_to_cn_residual,0,test-291,0.5481549764268495,-0.012194067239761353
z_degree_to_cn_residual,0,test-292,-0.8168566785177598,0.011563792824745178
z_degree_to_cn_residual,0,test-293,0.33133944436357726,0.1434929221868515
z_degree_to_cn_residual,0,test-294,0.629186265886127,0.26786255836486816
z_degree_to_cn_residual,0,test-295,0.6906105992764492,0.11618451774120331
z_degree_to_cn_residual,0,test-296,-0.0013809592565058647,0.04377765953540802
z_degree_to_cn_residual,0,test-297,-0.0022128532902202114,0.002999410033226013
z_degree_to_cn_residual,0,test-298,0.6906637066585698,0.32888615131378174
z_degree_to_cn_residual,0,test-299,-0.22552334649902314,0.2213073968887329
z_degree_to_cn_residual,0,test-300,0.5071241430143024,0.21602486073970795
z_degree_to_cn_residual,0,test-301,-0.0017051669314512175,-0.0058302730321884155
z_degree_to_cn_residual,0,test-302,0.6188756690777434,0.2105862945318222
z_degree_to_cn_residual,0,test-303,-0.002679459971092827,0.09961964190006256
z_degree_to_cn_residual,0,test-304,-0.3011881021227526,0.11907592415809631
z_degree_to_cn_residual,0,test-305,0.3974001350710103,0.20646072924137115
z_degree_to_cn_residual,0,test-306,0.5966030812834874,-0.019571691751480103
z_degree_to_cn_residual,0,test-307,-0.002679459971092827,0.09961964190006256
z_degree_to_cn_residual,0,test-308,0.6904677205888524,0.09961964190006256
z_degree_to_cn_residual,0,test-309,0.511973246478933,0.18988269567489624
z_degree_to_cn_residual,0,test-310,-0.06396091467381823,0.26786255836486816
z_degree_to_cn_residual,0,test-311,0.8880287062152161,0.2335999310016632
z_degree_to_cn_residual,0,test-312,0.000550437072462336,0.0055006444454193115
z_degree_to_cn_residual,0,test-313,0.4185007999394532,0.06176218390464783
z_degree_to_cn_residual,0,test-314,0.12442211904305411,0.07467731088399887
z_degree_to_cn_residual,0,test-315,-0.0009230486758283437,0.004411593079566956
z_degree_to_cn_residual,0,test-316,0.5980680715538729,0.22661109268665314
z_degree_to_cn_residual,0,test-317,0.6253649081462749,0.1450338214635849
z_degree_to_cn_residual,0,test-318,-0.295747045488935,0.20646072924137115
z_degree_to_cn_residual,0,test-319,0.4185007999394532,0.06176218390464783
z_degree_to_cn_residual,0,test-320,-0.15981025222941134,0.27181440591812134
z_degree_to_cn_residual,0,test-321,-0.09993231907971788,0.203575998544693
z_degree_to_cn_residual,0,test-322,0.5071241430143024,0.21602486073970795
z_degree_to_cn_residual,0,test-323,-0.0025667768776077267,0.052236273884773254
z_degree_to_cn_residual,0,test-324,-0.07427151148220186,0.2105862945318222
z_degree_to_cn_residual,0,test-325,0.5333369283305339,0.27181440591812134
z_degree_to_cn_residual,0,test-326,-0.002709528290634796,0.08244763314723969
z_degree_to_cn_residual,0,test-327,-0.12967205327110548,0.1741313934326172
z_degree_to_cn_residual,0,test-328,-0.4092811700187469,0.18957087397575378
z_degree_to_cn_residual,0,test-329,-0.0017051669314512175,-0.0058302730321884155
z_degree_to_cn_residual,0,test-330,1.0184465975528079,0.20369692146778107
z_degree_to_cn_residual,0,test-331,-0.2930939733738713,0.13153433799743652
z_degree_to_cn_residual,0,test-332,-0.007796294345678415,0.0110502690076828
z_degree_to_cn_residual,0,test-333,-0.006236131996241855,0.015657708048820496
z_degree_to_cn_residual,0,test-334,-0.003920084665472663,0.08709649741649628
z_degree_to_cn_residual,0,test-335,1.108891999074218,0.1222958117723465
z_degree_to_cn_residual,0,test-336,-0.09507910900607243,0.22050748765468597
z_degree_to_cn_residual,0,test-337,0.5932148614802274,0.203575998544693
z_degree_to_cn_residual,0,test-338,0.6188756690777434,0.2105862945318222
z_degree_to_cn_residual,0,test-339,0.5333369283305339,0.27181440591812134
z_degree_to_cn_residual,0,test-340,0.9300387057397879,0.15475183725357056
z_degree_to_cn_residual,0,test-341,0.48095292356538616,0.1724516600370407
z_degree_to_cn_residual,0,test-342,-0.07427151148220186,0.2105862945318222
z_degree_to_cn_residual,0,test-343,-0.43015367383143543,0.16232438385486603
z_degree_to_cn_residual,0,test-344,-0.002483473901375505,0.32888615131378174
z_degree_to_cn_residual,0,test-345,0.5963176677780939,0.1731758713722229
z_degree_to_cn_residual,0,test-346,0.6188756690777434,0.2105862945318222
z_degree_to_cn_residual,0,test-347,0.6188756690777434,0.2105862945318222
z_degree_to_cn_residual,0,test-348,0.6188756690777434,0.2105862945318222
z_degree_to_cn_residual,0,test-349,-0.26394703539593084,0.21049070358276367
z_degree_to_cn_residual,0,test-350,-0.006236131996241855,0.015657708048820496
z_degree_to_cn_residual,0,test-351,-0.22552334649902314,0.2213073968887329
z_degree_to_cn_residual,0,test-352,-0.002483473901375505,0.32888615131378174
z_degree_to_cn_residual,0,test-353,0.6730018624542556,0.04876940697431564
z_degree_to_cn_residual,0,test-354,-0.17162295933884167,0.14807836711406708
z_degree_to_cn_residual,0,test-355,-0.5908559921618184,0.024753525853157043
z_degree_to_cn_residual,0,test-356,-0.0025667768776077267,0.052236273884773254
z_degree_to_cn_residual,0,test-357,-0.0025667768776077267,0.13661319017410278
z_degree_to_cn_residual,0,test-358,-0.0025667768776077267,0.13661319017410278
z_degree_to_cn_residual,0,test-359,-0.02637982311895648,0.041185490787029266
z_degree_to_cn_residual,0,test-360,-0.1378403019224301,0.17067407071590424
z_degree_to_cn_residual,0,test-361,0.4185007999394532,0.06176218390464783
z_degree_to_cn_residual,0,test-362,-0.31852856519640793,0.06629453599452972
z_degree_to_cn_residual,0,test-363,0.26383524768033195,0.2049514651298523
z_degree_to_cn_residual,0,test-364,-0.06396091467381823,0.26786255836486816
z_degree_to_cn_residual,0,test-365,-0.18602303754564287,0.21602486073970795
z_degree_to_cn_residual,0,test-366,-0.0017051669314512175,-0.00484195351600647
z_degree_to_cn_residual,0,test-367,-0.5962537633065377,0.09251121431589127
z_degree_to_cn_residual,0,test-368,1.0444369000321867,0.11851665377616882
z_degree_to_cn_residual,0,test-369,-0.002483473901375505,-2.1666288375854492e-05
z_degree_to_cn_residual,0,test-370,0.6867460173654834,0.0983031839132309
z_degree_to_cn_residual,0,test-371,-0.0017051669314512175,-0.0058302730321884155
z_degree_to_cn_residual,0,test-372,0.6188756690777434,0.2105862945318222
z_degree_to_cn_residual,0,test-373,-0.31951830065715553,0.18068817257881165
z_degree_to_cn_residual,0,test-374,0.5333369283305339,0.27181440591812134
z_degree_to_cn_residual,0,test-375,0.5980680715538729,0.22050748765468597
z_degree_to_cn_residual,0,test-376,0.0920452145115791,0.04393920302391052
z_degree_to_cn_residual,0,test-377,-0.003920084665472663,0.08709649741649628
z_degree_to_cn_residual,0,test-378,-0.295747045488935,0.20646072924137115
z_degree_to_cn_residual,0,test-379,-0.003920084665472663,0.08709649741649628
z_degree_to_cn_residual,0,test-380,0.5980680715538729,0.22661109268665314
z_degree_to_cn_residual,0,test-381,0.6906105992764492,0.11618451774120331
z_degree_to_cn_residual,0,test-382,-0.0025667768776077267,0.13661319017410278
z_degree_to_cn_residual,0,test-383,-0.0025667768776077267,0.052236273884773254
z_degree_to_cn_residual,0,test-384,-0.018078891203757413,0.042963266372680664
z_degree_to_cn_residual,0,test-385,-0.0025667768776077267,0.13661319017410278
z_degree_to_cn_residual,0,test-386,-0.0025667768776077267,0.13661319017410278
z_degree_to_cn_residual,0,test-387,0.6904677205888524,0.09961964190006256
z_degree_to_cn_residual,0,test-388,0.5071241430143024,0.21602486073970795
z_degree_to_cn_residual,0,test-389,-0.002679459971092827,0.09961964190006256
z_degree_to_cn_residual,0,test-390,0.5932148614802274,0.203575998544693
z_degree_to_cn_residual,0,test-391,0.5071241430143024,0.21602486073970795
z_degree_to_cn_residual,0,test-392,-0.002483473901375505,-2.1666288375854492e-05
z_degree_to_cn_residual,0,test-393,-0.0017051669314512175,-0.00484195351600647
z_degree_to_cn_residual,0,test-394,-0.002536581283496064,0.11618451774120331
z_degree_to_cn_residual,0,test-395,0.5634751272888399,0.17350855469703674
z_degree_to_cn_residual,0,test-396,-0.0025667768776077267,0.13661319017410278
z_degree_to_cn_residual,0,test-397,-0.011174017424812204,0.04634381830692291
z_degree_to_cn_residual,0,test-398,-0.003920084665472663,0.08709649741649628
z_degree_to_cn_residual,0,test-399,-0.18602303754564287,0.21602486073970795
z_degree_to_cn_residual,0,test-400,0.6904677205888524,0.09961964190006256
z_degree_to_cn_residual,0,test-401,0.6904677205888524,0.09961964190006256
z_degree_to_cn_residual,0,test-402,0.5963176677780939,0.1731758713722229
z_degree_to_cn_residual,0,test-403,-0.00961734087375331,0.04043830931186676
z_degree_to_cn_residual,0,test-404,0.18103728275552644,0.06889501214027405
z_degree_to_cn_residual,0,test-405,-0.0017051669314512175,0.0014898478984832764
z_degree_to_cn_residual,0,test-406,-0.26394703539593084,0.21049070358276367
z_degree_to_cn_residual,0,test-407,0.6906637066585698,0.32888615131378174
z_degree_to_cn_residual,0,test-408,-0.006236131996241855,0.015657708048820496
z_degree_to_cn_residual,0,test-409,0.6750682893561879,0.042963266372680664
z_degree_to_cn_residual,0,test-410,-0.0025667768776077267,0.052236273884773254
z_degree_to_cn_residual,0,test-411,-0.3678477635670827,0.20369692146778107
z_degree_to_cn_residual,0,test-412,1.0035331796620373,0.22661109268665314
z_degree_to_cn_residual,0,test-413,0.3974001350710103,0.20646072924137115
z_degree_to_cn_residual,0,test-414,0.14484892926646498,0.08592988550662994
z_degree_to_cn_residual,0,test-415,0.6904376522693105,0.09975020587444305
z_degree_to_cn_residual,0,test-416,0.42920014516401445,0.21049070358276367
z_degree_to_cn_residual,0,test-417,-0.002709528290634796,0.08244763314723969
z_degree_to_cn_residual,0,test-418,-0.18602303754564287,0.21602486073970795
z_degree_to_cn_residual,0,test-419,0.42920014516401445,0.21049070358276367
z_degree_to_cn_residual,0,test-420,-0.10534341095846705,0.09766096621751785
z_degree_to_cn_residual,0,test-421,-0.34185746108770393,0.11851665377616882
z_degree_to_cn_residual,0,test-422,0.5980680715538729,0.22661109268665314
z_degree_to_cn_residual,0,test-423,-0.002679459971092827,0.09961964190006256
z_degree_to_cn_residual,0,test-424,0.6924563057315964,0.0698845237493515
z_degree_to_cn_residual,0,test-425,-0.0009230486758283437,0.004411593079566956
z_degree_to_cn_residual,0,test-426,1.2002713235742477,0.21602486073970795
z_degree_to_cn_residual,0,test-427,-0.06396091467381823,0.26786255836486816
z_degree_to_cn_residual,0,test-428,0.6906637066585698,0.32888615131378174
z_degree_to_cn_residual,0,test-429,-0.12967205327110548,0.1741313934326172
z_degree_to_cn_residual,0,test-430,0.002865332104051953,0.05252538621425629
z_degree_to_cn_residual,0,test-431,-0.002679459971092827,0.09961964190006256
z_degree_to_cn_residual,0,test-432,-0.07427151148220186,0.2105862945318222
z_degree_to_cn_residual,0,test-433,0.33133944436357726,0.1434929221868515
z_degree_to_cn_residual,0,test-434,0.5980680715538729,0.22050748765468597
z_degree_to_cn_residual,0,test-435,0.6892270958944726,0.08709649741649628
z_degree_to_cn_residual,0,test-436,0.027598705190133088,0.05083581805229187
z_degree_to_cn_residual,0,test-437,0.6288411122804236,0.03907352685928345
z_degree_to_cn_residual,0,test-438,-0.1278380797400702,0.11790591478347778
z_degree_to_cn_residual,0,test-439,-0.0025667768776077267,0.13661319017410278
z_degree_to_cn_residual,0,test-440,0.9007472632761859,0.17863218486309052
z_degree_to_cn_residual,0,test-441,0.09689341725340761,0.09251121431589127
z_degree_to_cn_residual,0,test-442,0.9986799695883919,0.203575998544693
z_degree_to_cn_residual,0,test-443,1.0035331796620373,0.22050748765468597
z_degree_to_cn_residual,0,test-444,-0.001592483837966117,0.016316980123519897
z_degree_to_cn_residual,0,test-445,1.2002713235742477,0.21602486073970795
z_degree_to_cn_residual,0,test-446,0.9388020364386984,0.27181440591812134
z_degree_to_cn_residual,0,test-447,0.9125892511224669,0.21602486073970795
z_degree_to_cn_residual,0,test-448,-0.0017051669314512175,0.0014898478984832764
z_degree_to_cn_residual,0,test-449,0.6906637066585698,0.32888615131378174
z_degree_to_cn_residual,0,test-450,0.6188756690777434,0.2105862945318222
z_degree_to_cn_residual,0,test-451,-0.6219808875579942,-0.032476916909217834
z_degree_to_cn_residual,0,test-452,-0.32077300936225667,0.12665022909641266
z_degree_to_cn_residual,0,test-453,0.7307645251010271,0.20369692146778107
z_degree_to_cn_residual,0,test-454,-0.09507910900607243,0.22050748765468597
z_degree_to_cn_residual,0,test-455,0.6930446040093127,0.059878915548324585
z_degree_to_cn_residual,0,test-456,-0.06430606827952172,0.03907352685928345
z_degree_to_cn_residual,0,test-457,-0.0025667768776077267,0.052236273884773254
z_degree_to_cn_residual,0,test-458,-0.15981025222941134,0.27181440591812134
z_degree_to_cn_residual,0,test-459,0.5634751272888399,0.1741313934326172
z_degree_to_cn_residual,0,test-460,0.9125892511224669,0.21602486073970795
z_degree_to_cn_residual,0,test-461,0.5932148614802274,0.203575998544693
z_degree_to_cn_residual,0,test-462,-0.0022128532902202114,0.0019307583570480347
z_degree_to_cn_residual,0,test-463,0.6905804036823375,0.13661319017410278
z_degree_to_cn_residual,0,test-464,0.6924563057315964,0.0698845237493515
z_degree_to_cn_residual,0,test-465,-0.0022128532902202114,0.0019307583570480347
z_degree_to_cn_residual,0,test-466,0.42920014516401445,0.21049070358276367
z_degree_to_cn_residual,0,test-467,0.5023585253615721,0.09251121431589127
z_degree_to_cn_residual,0,test-468,-0.18602303754564287,0.21602486073970795
z_degree_to_cn_residual,0,test-469,-0.09993231907971788,0.203575998544693
z_degree_to_cn_residual,0,test-470,-0.001592483837966117,0.016316980123519897
z_degree_to_cn_residual,0,test-471,0.42920014516401445,0.21049070358276367
z_degree_to_cn_residual,0,test-472,-0.002536581283496064,0.11618451774120331
z_degree_to_cn_residual,0,test-473,0.3907357061859718,0.09396985173225403
z_degree_to_cn_residual,0,test-474,0.18103728275552644,0.06889501214027405
z_degree_to_cn_residual,0,test-475,0.629186265886127,0.26786255836486816
z_degree_to_cn_residual,0,test-476,-0.002679459971092827,0.09961964190006256
z_degree_to_cn_residual,0,test-477,-0.09507910900607243,0.22661109268665314
z_degree_to_cn_residual,0,test-478,0.5963176677780939,0.1731758713722229
z_degree_to_cn_residual,0,test-479,0.5071241430143024,0.21602486073970795
z_degree_to_cn_residual,0,test-480,0.7232900511466166,0.11546652019023895
z_degree_to_cn_residual,0,test-481,-0.003920084665472663,0.08709649741649628
z_degree_to_cn_residual,0,test-482,0.5634751272888399,0.17350855469703674
z_degree_to_cn_residual,0,test-483,0.4676238340609221,0.2213073968887329
z_degree_to_cn_residual,0,test-484,-0.002679459971092827,0.09961964190006256
z_degree_to_cn_residual,0,test-485,-0.295747045488935,0.20646072924137115
z_degree_to_cn_residual,0,test-486,-0.0017051669314512175,-0.00484195351600647
z_degree_to_cn_residual,0,test-487,-0.21403955770147523,0.13992202281951904
z_degree_to_cn_residual,0,test-488,-0.002679459971092827,0.09961964190006256
z_degree_to_cn_residual,0,test-489,-0.002709528290634796,0.09281282126903534
z_degree_to_cn_residual,0,test-490,-0.0025667768776077267,0.052236273884773254
z_degree_to_cn_residual,0,test-491,-0.002679459971092827,0.09961964190006256
z_degree_to_cn_residual,0,test-492,0.6422000301412054,0.10946260392665863
z_degree_to_cn_residual,0,test-493,0.732166078719928,0.24096032977104187
z_degree_to_cn_residual,0,test-494,-0.002483473901375505,-2.1666288375854492e-05
z_degree_to_cn_residual,0,test-495,-0.31852856519640793,0.06629453599452972
z_degree_to_cn_residual,0,test-496,-0.0025667768776077267,0.13661319017410278
z_degree_to_cn_residual,0,test-497,0.6917662213034395,0.04377765953540802
z_degree_to_cn_residual,0,test-498,-0.003920084665472663,0.08709649741649628
z_degree_to_cn_residual,0,test-499,-0.530128441809577,0.1894417405128479
z_degree_to_cn_residual,0,test-500,-0.3024114743739735,0.09396985173225403
z_degree_to_cn_residual,0,test-501,0.6960125126639972,0.05252538621425629
z_degree_to_cn_residual,0,test-502,0.3974001350710103,0.20646072924137115
z_degree_to_cn_residual,0,test-503,-0.4555583161639697,0.17648884654045105
z_degree_to_cn_residual,0,test-504,-0.4681938869129151,0.07460489869117737
z_degree_to_cn_residual,0,test-505,0.629186265886127,0.26786255836486816
z_degree_to_cn_residual,0,test-506,-0.4092811700187469,0.18957087397575378
z_degree_to_cn_residual,0,test-507,-0.006401163194461921,0.0983031839132309
z_degree_to_cn_residual,0,test-508,-0.7439778312008087,0.1873854249715805
z_degree_to_cn_residual,0,test-509,0.400053207186074,0.13153433799743652
z_degree_to_cn_residual,0,test-510,0.9297295237162035,0.08592119812965393
z_degree_to_cn_residual,0,test-511,-0.06430606827952172,0.03907352685928345
z_degree_to_degree,0,test-0,4.6443908991413725,4.969064235687256
z_degree_to_degree,0,test-1,3.9889840465642745,4.330789566040039
z_degree_to_degree,0,test-2,4.584967478670571,4.794833183288574
z_degree_to_degree,0,test-3,3.1780538303479453,3.499704360961914
z_degree_to_degree,0,test-4,4.77912349311153,5.056623458862305
z_degree_to_degree,0,test-5,3.8066624897703196,3.881666421890259
z_degree_to_degree,0,test-6,5.966146739123692,6.179649353027344
z_degree_to_degree,0,test-7,3.6635616461296463,3.953322649002075
z_degree_to_degree,0,test-8,3.044522437723423,3.4136924743652344
z_degree_to_degree,0,test-9,3.6888794541139367,3.991748809814453
z_degree_to_degree,0,test-10,3.401197381662155,3.671937942504883
z_degree_to_degree,0,test-11,3.9120230054281464,4.011385917663574
z_degree_to_degree,0,test-12,0.6931471805599453,1.5884151458740234
z_degree_to_degree,0,test-13,4.74493212836325,5.072454452514648
z_degree_to_degree,0,test-14,4.0943445622221,4.576144218444824
z_degree_to_degree,0,test-15,1.791759469228055,2.310382843017578
z_degree_to_degree,0,test-16,4.394449154672439,4.7138566970825195
z_degree_to_degree,0,test-17,4.718498871295095,5.10952091217041
z_degree_to_degree,0,test-18,0.6931471805599453,1.5884151458740234
z_degree_to_degree,0,test-19,3.044522437723423,3.4136924743652344
z_degree_to_degree,0,test-20,3.1780538303479458,3.718549966812134
z_degree_to_degree,0,test-21,3.465735902799726,3.5877764225006104
z_degree_to_degree,0,test-22,3.401197381662155,3.671937942504883
z_degree_to_degree,0,test-23,1.0986122886681098,1.764063835144043
z_degree_to_degree,0,test-24,3.5553480614894135,3.749512195587158
z_degree_to_degree,0,test-25,4.189654742026425,4.371213912963867
z_degree_to_degree,0,test-26,2.3025850929940455,2.783273696899414
z_degree_to_degree,0,test-27,3.465735902799726,3.5877764225006104
z_degree_to_degree,0,test-28,2.8903717578961645,3.24834942817688
z_degree_to_degree,0,test-29,3.688879454113936,3.850607395172119
z_degree_to_degree,0,test-30,4.882801922586371,5.263595104217529
z_degree_to_degree,0,test-31,4.553876891600541,4.844239234924316
z_degree_to_degree,0,test-32,3.58351893845611,3.8361976146698
z_degree_to_degree,0,test-33,3.58351893845611,4.293265342712402
z_degree_to_degree,0,test-34,3.1780538303479453,3.434257984161377
z_degree_to_degree,0,test-35,2.772588722239781,3.1669459342956543
z_degree_to_degree,0,test-36,1.3862943611198906,2.0204966068267822
z_degree_to_degree,0,test-37,2.3025850929940455,2.783273696899414
z_degree_to_degree,0,test-38,3.9889840465642745,4.511559009552002
z_degree_to_degree,0,test-39,1.791759469228055,2.310382843017578
z_degree_to_degree,0,test-40,3.951243718581427,4.22470235824585
z_degree_to_degree,0,test-41,3.6888794541139367,3.991748809814453
z_degree_to_degree,0,test-42,6.040254711277414,6.4006500244140625
z_degree_to_degree,0,test-43,2.4849066497880004,2.9675631523132324
z_degree_to_degree,0,test-44,3.1780538303479453,3.434257984161377
z_degree_to_degree,0,test-45,0.6931471805599453,1.5884151458740234
z_degree_to_degree,0,test-46,4.941642422609304,5.191920757293701
z_degree_to_degree,0,test-47,0.0,1.2309162616729736
z_degree_to_degree,0,test-48,2.8903717578961645,3.24834942817688
z_degree_to_degree,0,test-49,6.040254711277414,6.4006500244140625
z_degree_to_degree,0,test-50,3.332204510175204,3.548241138458252
z_degree_to_degree,0,test-51,2.995732273553991,3.403735399246216
z_degree_to_degree,0,test-52,6.327936783729195,6.604861736297607
z_degree_to_degree,0,test-53,2.8903717578961645,3.24834942817688
z_degree_to_degree,0,test-54,2.6390573296152584,3.066232681274414
z_degree_to_degree,0,test-55,4.927253685157204,5.234357833862305
z_degree_to_degree,0,test-56,2.70805020110221,3.056427001953125
z_degree_to_degree,0,test-57,5.272999558563747,5.6951141357421875
z_degree_to_degree,0,test-58,3.9889840465642745,4.209473609924316
z_degree_to_degree,0,test-59,2.0794415416798357,2.7709083557128906
z_degree_to_degree,0,test-60,4.7535901911063645,5.056514739990234
z_degree_to_degree,0,test-61,2.1972245773362196,2.7458791732788086
z_degree_to_degree,0,test-62,2.3978952727983707,3.032822608947754
z_degree_to_degree,0,test-63,1.3862943611198906,2.0204966068267822
z_degree_to_degree,0,test-64,3.58351893845611,3.918930768966675
z_degree_to_degree,0,test-65,2.8903717578961645,3.24834942817688
z_degree_to_degree,0,test-66,2.4849066497880004,3.023336887359619
z_degree_to_degree,0,test-67,2.4849066497880004,3.023336887359619
z_degree_to_degree,0,test-68,4.90527477843843,5.166114807128906
z_degree_to_degree,0,test-69,3.2188758248682006,3.671862840652466
z_degree_to_degree,0,test-70,2.995732273553991,3.403735399246216
z_degree_to_degree,0,test-71,4.0943445622221,4.305970668792725
z_degree_to_degree,0,test-72,1.791759469228055,2.310382843017578
z_degree_to_degree,0,test-73,3.951243718581427,4.22470235824585
z_degree_to_degree,0,test-74,2.70805020110221,3.056427001953125
z_degree_to_degree,0,test-75,3.044522437723423,3.4136924743652344
z_degree_to_degree,0,test-76,1.0986122886681098,1.764063835144043
z_degree_to_degree,0,test-77,3.044522437723423,3.4136924743652344
z_degree_to_degree,0,test-78,1.3862943611198906,2.070934295654297
z_degree_to_degree,0,test-79,1.791759469228055,2.310382843017578
z_degree_to_degree,0,test-80,3.688879454113936,3.850607395172119
z_degree_to_degree,0,test-81,3.58351893845611,3.8645548820495605
z_degree_to_degree,0,test-82,3.465735902799726,3.5877764225006104
z_degree_to_degree,0,test-83,4.025351690735149,4.508872985839844
z_degree_to_degree,0,test-84,4.718498871295094,5.0291242599487305
z_degree_to_degree,0,test-85,3.9889840465642745,4.330789566040039
z_degree_to_degree,0,test-86,3.332204510175204,3.548241138458252
z_degree_to_degree,0,test-87,2.70805020110221,3.056427001953125
z_degree_to_degree,0,test-88,2.6390573296152584,3.066232681274414
z_degree_to_degree,0,test-89,3.332204510175204,3.548241138458252
z_degree_to_degree,0,test-90,2.4849066497880004,2.9675631523132324
z_degree_to_degree,0,test-91,2.0794415416798357,2.7709083557128906
z_degree_to_degree,0,test-92,3.1780538303479453,3.499704360961914
z_degree_to_degree,0,test-93,5.272999558563747,5.6951141357421875
z_degree_to_degree,0,test-94,2.4849066497880004,2.9675631523132324
z_degree_to_degree,0,test-95,3.401197381662156,3.7432198524475098
z_degree_to_degree,0,test-96,7.50659178007084,7.390221118927002
z_degree_to_degree,0,test-97,4.465908118654584,4.770632743835449
z_degree_to_degree,0,test-98,2.3025850929940455,2.783273696899414
z_degree_to_degree,0,test-99,2.70805020110221,3.056427001953125
z_degree_to_degree,0,test-100,3.58351893845611,3.8645548820495605
z_degree_to_degree,0,test-101,2.70805020110221,3.056427001953125
z_degree_to_degree,0,test-102,4.02535169073515,4.771365165710449
z_degree_to_degree,0,test-103,2.772588722239781,3.1669459342956543
z_degree_to_degree,0,test-104,2.1972245773362196,2.583296775817871
z_degree_to_degree,0,test-105,1.0986122886681098,1.764063835144043
z_degree_to_degree,0,test-106,3.5263605246161616,4.152863502502441
z_degree_to_degree,0,test-107,0.6931471805599453,1.5884151458740234
z_degree_to_degree,0,test-108,6.327936783729195,6.604861736297607
z_degree_to_degree,0,test-109,3.58351893845611,3.8361976146698
z_degree_to_degree,0,test-110,2.0794415416798357,2.7709083557128906
z_degree_to_degree,0,test-111,2.8903717578961645,3.6602864265441895
z_degree_to_degree,0,test-112,5.0106352940962555,5.274141788482666
z_degree_to_degree,0,test-113,3.688879454113936,3.850607395172119
z_degree_to_degree,0,test-114,1.3862943611198906,2.070934295654297
z_degree_to_degree,0,test-115,1.3862943611198906,2.0204966068267822
z_degree_to_degree,0,test-116,7.3395376954076745,7.321717739105225
z_degree_to_degree,0,test-117,4.304065093204169,4.7323102951049805
z_degree_to_degree,0,test-118,3.2188758248682006,3.671862840652466
z_degree_to_degree,0,test-119,6.733401891837358,6.897911548614502
z_degree_to_degree,0,test-120,2.4849066497880004,2.9675631523132324
z_degree_to_degree,0,test-121,2.995732273553991,3.403735399246216
z_degree_to_degree,0,test-122,3.58351893845611,3.8645548820495605
z_degree_to_degree,0,test-123,1.791759469228055,2.310382843017578
z_degree_to_degree,0,test-124,2.6390573296152584,3.066232681274414
z_degree_to_degree,0,test-125,2.1972245773362196,2.583296775817871
z_degree_to_degree,0,test-126,2.4849066497880004,2.9675631523132324
z_degree_to_degree,0,test-127,1.791759469228055,2.310382843017578
z_degree_to_degree,0,test-128,3.6635616461296463,3.953322649002075
z_degree_to_degree,0,test-129,2.5649493574615367,3.359278678894043
z_degree_to_degree,0,test-130,2.995732273553991,3.403735399246216
z_degree_to_degree,0,test-131,3.044522437723423,3.4136924743652344
z_degree_to_degree,0,test-132,3.688879454113936,3.850607395172119
z_degree_to_degree,0,test-133,5.560681631015528,5.7605180740356445
z_degree_to_degree,0,test-134,2.1972245773362196,2.583296775817871
z_degree_to_degree,0,test-135,2.772588722239781,3.1669459342956543
z_degree_to_degree,0,test-136,3.688879454113936,3.850607395172119
z_degree_to_degree,0,test-137,2.1972245773362196,2.7458791732788086
z_degree_to_degree,0,test-138,4.31748811353631,4.5232930183410645
z_degree_to_degree,0,test-139,1.791759469228055,2.310382843017578
z_degree_to_degree,0,test-140,3.332204510175204,3.548241138458252
z_degree_to_degree,0,test-141,4.276666119016055,4.553786754608154
z_degree_to_degree,0,test-142,2.70805020110221,3.056427001953125
z_degree_to_degree,0,test-143,2.0794415416798357,2.7709083557128906
z_degree_to_degree,0,test-144,2.772588722239781,3.1669459342956543
z_degree_to_degree,0,test-145,4.882801922586371,5.263595104217529
z_degree_to_degree,0,test-146,3.465735902799726,3.5877764225006104
z_degree_to_degree,0,test-147,3.332204510175204,3.548241138458252
z_degree_to_degree,0,test-148,6.327936783729195,6.604861736297607
z_degree_to_degree,0,test-149,3.2188758248682006,3.671862840652466
z_degree_to_degree,0,test-150,3.931825632724326,4.265133857727051
z_degree_to_degree,0,test-151,3.295836866004329,3.626390218734741
z_degree_to_degree,0,test-152,3.4011973816621555,4.054993152618408
z_degree_to_degree,0,test-153,4.0943445622221,4.342874526977539
z_degree_to_degree,0,test-154,2.0794415416798357,2.7709083557128906
z_degree_to_degree,0,test-155,2.3025850929940455,2.783273696899414
z_degree_to_degree,0,test-156,5.4116460518550396,5.553046226501465
z_degree_to_degree,0,test-157,4.564348191467836,4.797942161560059
z_degree_to_degree,0,test-158,0.0,1.2309162616729736
z_degree_to_degree,0,test-159,2.70805020110221,3.056427001953125
z_degree_to_degree,0,test-160,2.9444389791664403,3.715522289276123
z_degree_to_degree,0,test-161,1.3862943611198906,2.070934295654297
z_degree_to_degree,0,test-162,2.8903717578961645,3.24834942817688
z_degree_to_degree,0,test-163,1.791759469228055,2.310382843017578
z_degree_to_degree,0,test-164,5.560681631015528,5.7605180740356445
z_degree_to_degree,0,test-165,1.0986122886681098,1.764063835144043
z_degree_to_degree,0,test-166,3.5553480614894135,3.749512195587158
z_degree_to_degree,0,test-167,4.499809670330265,4.6940507888793945
z_degree_to_degree,0,test-168,3.5553480614894135,3.749512195587158
z_degree_to_degree,0,test-169,1.791759469228055,2.310382843017578
z_degree_to_degree,0,test-170,2.0794415416798357,2.7709083557128906
z_degree_to_degree,0,test-171,5.288267030694535,5.716120719909668
z_degree_to_degree,0,test-172,1.3862943611198906,2.070934295654297
z_degree_to_degree,0,test-173,2.4849066497880004,2.9675631523132324
z_degree_to_degree,0,test-174,3.9120230054281464,4.011385917663574
z_degree_to_degree,0,test-175,4.499809670330265,4.6940507888793945
z_degree_to_degree,0,test-176,4.867534450455582,5.250054359436035
z_degree_to_degree,0,test-177,4.718498871295095,5.10952091217041
z_degree_to_degree,0,test-178,3.465735902799726,3.5877764225006104
z_degree_to_degree,0,test-179,1.3862943611198906,2.070934295654297
z_degree_to_degree,0,test-180,3.58351893845611,4.293265342712402
z_degree_to_degree,0,test-181,3.58351893845611,3.8361976146698
z_degree_to_degree,0,test-182,3.465735902799726,3.5877764225006104
z_degree_to_degree,0,test-183,0.0,1.2309162616729736
z_degree_to_degree,0,test-184,7.24422751560335,7.268193244934082
z_degree_to_degree,0,test-185,3.332204510175204,3.548241138458252
z_degree_to_degree,0,test-186,3.401197381662155,3.671937942504883
z_degree_to_degree,0,test-187,3.332204510175204,3.548241138458252
z_degree_to_degree,0,test-188,2.4849066497880004,2.9675631523132324
z_degree_to_degree,0,test-189,2.1972245773362196,2.583296775817871
z_degree_to_degree,0,test-190,2.70805020110221,3.056427001953125
z_degree_to_degree,0,test-191,2.0794415416798357,2.7709083557128906
z_degree_to_degree,0,test-192,3.044522437723423,3.4136924743652344
z_degree_to_degree,0,test-193,2.995732273553991,3.403735399246216
z_degree_to_degree,0,test-194,3.58351893845611,4.293265342712402
z_degree_to_degree,0,test-195,4.90527477843843,5.166114807128906
z_degree_to_degree,0,test-196,4.5217885770490405,4.863142013549805
z_degree_to_degree,0,test-197,2.4849066497880004,2.9675631523132324
z_degree_to_degree,0,test-198,4.709530201312334,4.771334648132324
z_degree_to_degree,0,test-199,1.0986122886681098,1.764063835144043
z_degree_to_degree,0,test-200,1.0986122886681098,1.764063835144043
z_degree_to_degree,0,test-201,1.0986122886681098,1.764063835144043
z_degree_to_degree,0,test-202,3.044522437723423,3.4136924743652344
z_degree_to_degree,0,test-203,2.4849066497880004,2.9675631523132324
z_degree_to_degree,0,test-204,2.6390573296152584,3.066232681274414
z_degree_to_degree,0,test-205,2.1972245773362196,2.583296775817871
z_degree_to_degree,0,test-206,3.58351893845611,3.8361976146698
z_degree_to_degree,0,test-207,4.2484952420493585,4.466262340545654
z_degree_to_degree,0,test-208,4.0943445622221,4.305970668792725
z_degree_to_degree,0,test-209,4.836281906951478,5.113650798797607
z_degree_to_degree,0,test-210,4.976733742420574,5.233292579650879
z_degree_to_degree,0,test-211,3.044522437723423,3.4136924743652344
z_degree_to_degree,0,test-212,4.499809670330265,4.813533782958984
z_degree_to_degree,0,test-213,1.3862943611198906,2.0204966068267822
z_degree_to_degree,0,test-214,5.560681631015528,5.7605180740356445
z_degree_to_degree,0,test-215,2.0794415416798357,2.7709083557128906
z_degree_to_degree,0,test-216,0.6931471805599453,1.5884151458740234
z_degree_to_degree,0,test-217,1.791759469228055,2.310382843017578
z_degree_to_degree,0,test-218,3.044522437723423,3.4136924743652344
z_degree_to_degree,0,test-219,3.58351893845611,3.8645548820495605
z_degree_to_degree,0,test-220,2.70805020110221,3.4790778160095215
z_degree_to_degree,0,test-221,2.995732273553991,3.403735399246216
z_degree_to_degree,0,test-222,2.0794415416798357,2.7709083557128906
z_degree_to_degree,0,test-223,3.8712010109078907,4.193261623382568
z_degree_to_degree,0,test-224,0.0,1.2309162616729736
z_degree_to_degree,0,test-225,3.332204510175204,3.548241138458252
z_degree_to_degree,0,test-226,2.0794415416798357,2.7709083557128906
z_degree_to_degree,0,test-227,2.772588722239781,3.1669459342956543
z_degree_to_degree,0,test-228,1.791759469228055,2.310382843017578
z_degree_to_degree,0,test-229,2.1972245773362196,2.583296775817871
z_degree_to_degree,0,test-230,3.401197381662156,3.7432198524475098
z_degree_to_degree,0,test-231,4.430816798843313,4.766630172729492
z_degree_to_degree,0,test-232,4.276666119016055,4.433362007141113
z_degree_to_degree,0,test-233,1.791759469228055,2.517031669616699
z_degree_to_degree,0,test-234,3.58351893845611,3.8645548820495605
z_degree_to_degree,0,test-235,3.1780538303479453,3.499704360961914
z_degree_to_degree,0,test-236,2.8903717578961645,3.24834942817688
z_degree_to_degree,0,test-237,3.044522437723423,3.4136924743652344
z_degree_to_degree,0,test-238,5.780743515792329,6.113506317138672
z_degree_to_degree,0,test-239,6.327936783729195,6.604861736297607
z_degree_to_degree,0,test-240,0.6931471805599453,1.5884151458740234
z_degree_to_degree,0,test-241,2.4849066497880004,3.023336887359619
z_degree_to_degree,0,test-242,2.8903717578961645,3.24834942817688
z_degree_to_degree,0,test-243,2.1972245773362196,2.583296775817871
z_degree_to_degree,0,test-244,3.044522437723423,3.4136924743652344
z_degree_to_degree,0,test-245,2.70805020110221,3.056427001953125
z_degree_to_degree,0,test-246,4.74493212836325,5.072454452514648
z_degree_to_degree,0,test-247,1.791759469228055,2.310382843017578
z_degree_to_degree,0,test-248,3.8066624897703196,3.881666421890259
z_degree_to_degree,0,test-249,3.951243718581427,4.22470235824585
z_degree_to_degree,0,test-250,1.3862943611198906,2.070934295654297
z_degree_to_degree,0,test-251,4.718498871295095,5.10952091217041
z_degree_to_degree,0,test-252,3.465735902799726,3.5877764225006104
z_degree_to_degree,0,test-253,2.70805020110221,3.056427001953125
z_degree_to_degree,0,test-254,2.6390573296152584,3.066232681274414
z_degree_to_degree,0,test-255,5.19295685089021,5.436343669891357
z_degree_to_degree,0,test-256,0.0,1.2309162616729736
z_degree_to_degree,0,test-257,5.98141421125448,6.205946445465088
z_degree_to_degree,0,test-258,3.8712010109078907,3.9960243701934814
z_degree_to_degree,0,test-259,2.9957322735539913,3.4788670539855957
z_degree_to_degree,0,test-260,1.0986122886681098,1.764063835144043
z_degree_to_degree,0,test-261,3.401197381662155,3.671937942504883
z_degree_to_degree,0,test-262,2.995732273553991,3.403735399246216
z_degree_to_degree,0,test-263,2.995732273553991,3.403735399246216
z_degree_to_degree,0,test-264,4.1588830833596715,4.411962509155273
z_degree_to_degree,0,test-265,4.31748811353631,4.5232930183410645
z_degree_to_degree,0,test-266,1.791759469228055,2.310382843017578
z_degree_to_degree,0,test-267,2.0794415416798357,2.7709083557128906
z_degree_to_degree,0,test-268,2.70805020110221,3.056427001953125
z_degree_to_degree,0,test-269,6.476972362889683,6.504310607910156
z_degree_to_degree,0,test-270,1.791759469228055,2.310382843017578
z_degree_to_degree,0,test-271,3.044522437723423,3.4136924743652344
z_degree_to_degree,0,test-272,3.737669618283368,3.8960795402526855
z_degree_to_degree,0,test-273,3.1780538303479453,3.434257984161377
z_degree_to_degree,0,test-274,2.772588722239781,3.1669459342956543
z_degree_to_degree,0,test-275,2.70805020110221,3.056427001953125
z_degree_to_degree,0,test-276,2.0794415416798357,2.7004470825195312
z_degree_to_degree,0,test-277,3.332204510175204,3.548241138458252
z_degree_to_degree,0,test-278,5.220355825078324,5.45428466796875
z_degree_to_degree,0,test-279,3.6635616461296463,3.953322649002075
z_degree_to_degree,0,test-280,2.6390573296152584,3.066232681274414
z_degree_to_degree,0,test-281,2.4849066497880004,2.9675631523132324
z_degree_to_degree,0,test-282,3.9512437185814275,4.514335632324219
z_degree_to_degree,0,test-283,2.995732273553991,3.403735399246216
z_degree_to_degree,0,test-284,1.6094379124341003,2.085268020629883
z_degree_to_degree,0,test-285,2.70805020110221,3.056427001953125
z_degree_to_degree,0,test-286,6.461468176353717,6.621469497680664
z_degree_to_degree,0,test-287,3.044522437723423,3.4136924743652344
z_degree_to_degree,0,test-288,3.4965075614664807,3.863983631134033
z_degree_to_degree,0,test-289,4.499809670330265,4.765504360198975
z_degree_to_degree,0,test-290,2.8903717578961645,3.24834942817688
z_degree_to_degree,0,test-291,5.60947179518496,5.863194465637207
z_degree_to_degree,0,test-292,5.375278407684165,5.656754016876221
z_degree_to_degree,0,test-293,3.6888794541139367,3.991748809814453
z_degree_to_degree,0,test-294,2.1972245773362196,2.583296775817871
z_degree_to_degree,0,test-295,2.3025850929940455,2.783273696899414
z_degree_to_degree,0,test-296,3.7376696182833684,4.5252461433410645
z_degree_to_degree,0,test-297,2.0794415416798357,2.7004470825195312
z_degree_to_degree,0,test-298,1.3862943611198906,2.0204966068267822
z_degree_to_degree,0,test-299,3.1780538303479453,3.434257984161377
z_degree_to_degree,0,test-300,2.995732273553991,3.403735399246216
z_degree_to_degree,0,test-301,1.6094379124341003,2.085268020629883
z_degree_to_degree,0,test-302,2.4849066497880004,2.9675631523132324
z_degree_to_degree,0,test-303,2.0794415416798357,2.7709083557128906
z_degree_to_degree,0,test-304,4.382026634673881,4.695404052734375
z_degree_to_degree,0,test-305,3.332204510175204,3.548241138458252
z_degree_to_degree,0,test-306,5.556828061699537,5.843511581420898
z_degree_to_degree,0,test-307,2.0794415416798357,2.7709083557128906
z_degree_to_degree,0,test-308,2.0794415416798357,2.7709083557128906
z_degree_to_degree,0,test-309,3.58351893845611,3.918930768966675
z_degree_to_degree,0,test-310,2.1972245773362196,2.583296775817871
z_degree_to_degree,0,test-311,3.8918202981106265,4.017604827880859
z_degree_to_degree,0,test-312,2.4849066497880004,3.286832809448242
z_degree_to_degree,0,test-313,6.733401891837358,6.897911548614502
z_degree_to_degree,0,test-314,4.941642422609304,5.191920757293701
z_degree_to_degree,0,test-315,1.9459101490553132,2.6424169540405273
z_degree_to_degree,0,test-316,2.8903717578961645,3.24834942817688
z_degree_to_degree,0,test-317,5.4116460518550396,5.553046226501465
z_degree_to_degree,0,test-318,3.332204510175204,3.548241138458252
z_degree_to_degree,0,test-319,6.733401891837358,6.897911548614502
z_degree_to_degree,0,test-320,2.772588722239781,3.1669459342956543
z_degree_to_degree,0,test-321,3.044522437723423,3.4136924743652344
z_degree_to_degree,0,test-322,2.995732273553991,3.403735399246216
z_degree_to_degree,0,test-323,0.6931471805599453,1.5884151458740234
z_degree_to_degree,0,test-324,2.4849066497880004,2.9675631523132324
z_degree_to_degree,0,test-325,2.772588722239781,3.1669459342956543
z_degree_to_degree,0,test-326,3.091042453358316,3.5747716426849365
z_degree_to_degree,0,test-327,3.401197381662156,3.7432198524475098
z_degree_to_degree,0,test-328,3.688879454113936,3.850607395172119
z_degree_to_degree,0,test-329,1.6094379124341003,2.085268020629883
z_degree_to_degree,0,test-330,3.5553480614894135,3.749512195587158
z_degree_to_degree,0,test-331,3.8712010109078907,4.152132034301758
z_degree_to_degree,0,test-332,2.70805020110221,3.4790778160095215
z_degree_to_degree,0,test-333,2.8903717578961645,3.6602864265441895
z_degree_to_degree,0,test-334,2.4849066497880004,3.023336887359619
z_degree_to_degree,0,test-335,4.51085950651685,4.733770370483398
z_degree_to_degree,0,test-336,2.70805020110221,3.056427001953125
z_degree_to_degree,0,test-337,3.044522437723423,3.4136924743652344
z_degree_to_degree,0,test-338,2.4849066497880004,2.9675631523132324
z_degree_to_degree,0,test-339,2.772588722239781,3.1669459342956543
z_degree_to_degree,0,test-340,4.143134726391533,4.496812343597412
z_degree_to_degree,0,test-341,3.931825632724326,4.265133857727051
z_degree_to_degree,0,test-342,2.4849066497880004,2.9675631523132324
z_degree_to_degree,0,test-343,4.787491742782047,5.104733943939209
z_degree_to_degree,0,test-344,1.3862943611198906,2.0204966068267822
z_degree_to_degree,0,test-345,3.1780538303479453,3.499704360961914
z_degree_to_degree,0,test-346,2.4849066497880004,2.9675631523132324
z_degree_to_degree,0,test-347,2.4849066497880004,2.9675631523132324
z_degree_to_degree,0,test-348,2.4849066497880004,2.9675631523132324
z_degree_to_degree,0,test-349,3.401197381662155,3.671937942504883
z_degree_to_degree,0,test-350,2.8903717578961645,3.6602864265441895
z_degree_to_degree,0,test-351,3.1780538303479453,3.434257984161377
z_degree_to_degree,0,test-352,1.3862943611198906,2.0204966068267822
z_degree_to_degree,0,test-353,4.882801922586371,5.263595104217529
z_degree_to_degree,0,test-354,4.23410650459726,4.586907386779785
z_degree_to_degree,0,test-355,5.6937321388027,6.028138160705566
z_degree_to_degree,0,test-356,0.6931471805599453,1.5884151458740234
z_degree_to_degree,0,test-357,1.791759469228055,2.310382843017578
z_degree_to_degree,0,test-358,1.791759469228055,2.310382843017578
z_degree_to_degree,0,test-359,5.966146739123692,6.179649353027344
z_degree_to_degree,0,test-360,3.4965075614664807,3.863983631134033
z_degree_to_degree,0,test-361,6.733401891837358,6.897911548614502
z_degree_to_degree,0,test-362,5.272999558563747,5.48771333694458
z_degree_to_degree,0,test-363,3.737669618283368,3.8960795402526855
z_degree_to_degree,0,test-364,2.1972245773362196,2.583296775817871
z_degree_to_degree,0,test-365,2.995732273553991,3.403735399246216
z_degree_to_degree,0,test-366,1.3862943611198906,2.070934295654297
z_degree_to_degree,0,test-367,6.327936783729195,6.604861736297607
z_degree_to_degree,0,test-368,4.430816798843313,4.766630172729492
z_degree_to_degree,0,test-369,0.0,1.2309162616729736
z_degree_to_degree,0,test-370,2.6390573296152584,3.066232681274414
z_degree_to_degree,0,test-371,1.6094379124341003,2.085268020629883
z_degree_to_degree,0,test-372,2.4849066497880004,2.9675631523132324
z_degree_to_degree,0,test-373,3.465735902799726,3.5877764225006104
z_degree_to_degree,0,test-374,2.772588722239781,3.1669459342956543
z_degree_to_degree,0,test-375,2.70805020110221,3.056427001953125
z_degree_to_degree,0,test-376,4.74493212836325,5.072454452514648
z_degree_to_degree,0,test-377,2.4849066497880004,3.023336887359619
z_degree_to_degree,0,test-378,3.332204510175204,3.548241138458252
z_degree_to_degree,0,test-379,2.4849066497880004,3.023336887359619
z_degree_to_degree,0,test-380,2.8903717578961645,3.24834942817688
z_degree_to_degree,0,test-381,2.3025850929940455,2.783273696899414
z_degree_to_degree,0,test-382,1.791759469228055,2.310382843017578
z_degree_to_degree,0,test-383,0.6931471805599453,1.5884151458740234
z_degree_to_degree,0,test-384,4.276666119016055,4.712026596069336
z_degree_to_degree,0,test-385,1.791759469228055,2.310382843017578
z_degree_to_degree,0,test-386,1.791759469228055,2.310382843017578
z_degree_to_degree,0,test-387,2.0794415416798357,2.7709083557128906
z_degree_to_degree,0,test-388,2.995732273553991,3.403735399246216
z_degree_to_degree,0,test-389,2.0794415416798357,2.7709083557128906
z_degree_to_degree,0,test-390,3.044522437723423,3.4136924743652344
z_degree_to_degree,0,test-391,2.995732273553991,3.403735399246216
z_degree_to_degree,0,test-392,0.0,1.2309162616729736
z_degree_to_degree,0,test-393,1.3862943611198906,2.070934295654297
z_degree_to_degree,0,test-394,2.3025850929940455,2.783273696899414
z_degree_to_degree,0,test-395,3.295836866004329,3.626390218734741
z_degree_to_degree,0,test-396,1.791759469228055,2.310382843017578
z_degree_to_degree,0,test-397,3.4011973816621555,4.054993152618408
z_degree_to_degree,0,test-398,2.4849066497880004,3.023336887359619
z_degree_to_degree,0,test-399,2.995732273553991,3.403735399246216
z_degree_to_degree,0,test-400,2.0794415416798357,2.7709083557128906
z_degree_to_degree,0,test-401,2.0794415416798357,2.7709083557128906
z_degree_to_degree,0,test-402,3.1780538303479453,3.499704360961914
z_degree_to_degree,0,test-403,3.828641396489095,4.523277759552002
z_degree_to_degree,0,test-404,4.90527477843843,5.166114807128906
z_degree_to_degree,0,test-405,1.791759469228055,2.517031669616699
z_degree_to_degree,0,test-406,3.401197381662155,3.671937942504883
z_degree_to_degree,0,test-407,1.3862943611198906,2.0204966068267822
z_degree_to_degree,0,test-408,2.8903717578961645,3.6602864265441895
z_degree_to_degree,0,test-409,4.276666119016055,4.712026596069336
z_degree_to_degree,0,test-410,0.6931471805599453,1.5884151458740234
z_degree_to_degree,0,test-411,3.5553480614894135,3.749512195587158
z_degree_to_degree,0,test-412,2.8903717578961645,3.24834942817688
z_degree_to_degree,0,test-413,3.332204510175204,3.548241138458252
z_degree_to_degree,0,test-414,5.342334251964811,5.660556316375732
z_degree_to_degree,0,test-415,2.890371757896165,3.454822540283203
z_degree_to_degree,0,test-416,3.401197381662155,3.671937942504883
z_degree_to_degree,0,test-417,3.091042453358316,3.5747716426849365
z_degree_to_degree,0,test-418,2.995732273553991,3.403735399246216
z_degree_to_degree,0,test-419,3.401197381662155,3.671937942504883
z_degree_to_degree,0,test-420,4.787491742782046,5.082318305969238
z_degree_to_degree,0,test-421,4.430816798843313,4.766630172729492
z_degree_to_degree,0,test-422,2.8903717578961645,3.24834942817688
z_degree_to_degree,0,test-423,2.0794415416798357,2.7709083557128906
z_degree_to_degree,0,test-424,3.1780538303479458,3.718549966812134
z_degree_to_degree,0,test-425,1.9459101490553132,2.6424169540405273
z_degree_to_degree,0,test-426,2.995732273553991,3.403735399246216
z_degree_to_degree,0,test-427,2.1972245773362196,2.583296775817871
z_degree_to_degree,0,test-428,1.3862943611198906,2.0204966068267822
z_degree_to_degree,0,test-429,3.401197381662156,3.7432198524475098
z_degree_to_degree,0,test-430,3.332204510175204,3.962064504623413
z_degree_to_degree,0,test-431,2.0794415416798357,2.7709083557128906
z_degree_to_degree,0,test-432,2.4849066497880004,2.9675631523132324
z_degree_to_degree,0,test-433,3.6888794541139367,3.991748809814453
z_degree_to_degree,0,test-434,2.70805020110221,3.056427001953125
z_degree_to_degree,0,test-435,2.4849066497880004,3.023336887359619
z_degree_to_degree,0,test-436,4.718498871295095,5.10952091217041
z_degree_to_degree,0,test-437,5.634789603169249,5.927315711975098
z_degree_to_degree,0,test-438,4.68213122712422,4.770418167114258
z_degree_to_degree,0,test-439,1.791759469228055,2.310382843017578
z_degree_to_degree,0,test-440,3.9889840465642745,4.209473609924316
z_degree_to_degree,0,test-441,6.327936783729195,6.604861736297607
z_degree_to_degree,0,test-442,3.044522437723423,3.4136924743652344
z_degree_to_degree,0,test-443,2.70805020110221,3.056427001953125
z_degree_to_degree,0,test-444,1.0986122886681098,1.764063835144043
z_degree_to_degree,0,test-445,2.995732273553991,3.403735399246216
z_degree_to_degree,0,test-446,2.772588722239781,3.1669459342956543
z_degree_to_degree,0,test-447,2.995732273553991,3.403735399246216
z_degree_to_degree,0,test-448,1.791759469228055,2.517031669616699
z_degree_to_degree,0,test-449,1.3862943611198906,2.0204966068267822
z_degree_to_degree,0,test-450,2.4849066497880004,2.9675631523132324
z_degree_to_degree,0,test-451,7.50659178007084,7.390221118927002
z_degree_to_degree,0,test-452,3.951243718581427,4.22470235824585
z_degree_to_degree,0,test-453,3.5553480614894135,3.749512195587158
z_degree_to_degree,0,test-454,2.70805020110221,3.056427001953125
z_degree_to_degree,0,test-455,3.258096538021482,3.853346347808838
z_degree_to_degree,0,test-456,5.634789603169249,5.927315711975098
z_degree_to_degree,0,test-457,0.6931471805599453,1.5884151458740234
z_degree_to_degree,0,test-458,2.772588722239781,3.1669459342956543
z_degree_to_degree,0,test-459,3.401197381662156,3.7432198524475098
z_degree_to_degree,0,test-460,2.995732273553991,3.403735399246216
z_degree_to_degree,0,test-461,3.044522437723423,3.4136924743652344
z_degree_to_degree,0,test-462,2.1972245773362196,2.7458791732788086
z_degree_to_degree,0,test-463,1.791759469228055,2.310382843017578
z_degree_to_degree,0,test-464,3.1780538303479458,3.718549966812134
z_degree_to_degree,0,test-465,2.1972245773362196,2.7458791732788086
z_degree_to_degree,0,test-466,3.401197381662155,3.671937942504883
z_degree_to_degree,0,test-467,6.327936783729195,6.604861736297607
z_degree_to_degree,0,test-468,2.995732273553991,3.403735399246216
z_degree_to_degree,0,test-469,3.044522437723423,3.4136924743652344
z_degree_to_degree,0,test-470,1.0986122886681098,1.764063835144043
z_degree_to_degree,0,test-471,3.401197381662155,3.671937942504883
z_degree_to_degree,0,test-472,2.3025850929940455,2.783273696899414
z_degree_to_degree,0,test-473,6.040254711277414,6.4006500244140625
z_degree_to_degree,0,test-474,4.90527477843843,5.166114807128906
z_degree_to_degree,0,test-475,2.1972245773362196,2.583296775817871
z_degree_to_degree,0,test-476,2.0794415416798357,2.7709083557128906
z_degree_to_degree,0,test-477,2.8903717578961645,3.24834942817688
z_degree_to_degree,0,test-478,3.1780538303479453,3.499704360961914
z_degree_to_degree,0,test-479,2.995732273553991,3.403735399246216
z_degree_to_degree,0,test-480,4.276666119016055,4.553786754608154
z_degree_to_degree,0,test-481,2.4849066497880004,3.023336887359619
z_degree_to_degree,0,test-482,3.295836866004329,3.626390218734741
z_degree_to_degree,0,test-483,3.1780538303479453,3.434257984161377
z_degree_to_degree,0,test-484,2.0794415416798357,2.7709083557128906
z_degree_to_degree,0,test-485,3.332204510175204,3.548241138458252
z_degree_to_degree,0,test-486,1.3862943611198906,2.070934295654297
z_degree_to_degree,0,test-487,4.356708826689592,4.6960296630859375
z_degree_to_degree,0,test-488,2.0794415416798357,2.7709083557128906
z_degree_to_degree,0,test-489,2.9957322735539913,3.4788670539855957
z_degree_to_degree,0,test-490,0.6931471805599453,1.5884151458740234
z_degree_to_degree,0,test-491,2.0794415416798357,2.7709083557128906
z_degree_to_degree,0,test-492,4.31748811353631,4.5232930183410645
z_degree_to_degree,0,test-493,3.58351893845611,3.8645548820495605
z_degree_to_degree,0,test-494,0.0,1.2309162616729736
z_degree_to_degree,0,test-495,5.272999558563747,5.48771333694458
z_degree_to_degree,0,test-496,1.791759469228055,2.310382843017578
z_degree_to_degree,0,test-497,3.7376696182833684,4.5252461433410645
z_degree_to_degree,0,test-498,2.4849066497880004,3.023336887359619
z_degree_to_degree,0,test-499,3.8712010109078907,3.9960243701934814
z_degree_to_degree,0,test-500,6.040254711277414,6.4006500244140625
z_degree_to_degree,0,test-501,3.332204510175204,3.962064504623413
z_degree_to_degree,0,test-502,3.332204510175204,3.548241138458252
z_degree_to_degree,0,test-503,4.700480365792417,4.992531776428223
z_degree_to_degree,0,test-504,4.499809670330265,4.765504360198975
z_degree_to_degree,0,test-505,2.1972245773362196,2.583296775817871
z_degree_to_degree,0,test-506,3.688879454113936,3.850607395172119
z_degree_to_degree,0,test-507,2.6390573296152584,3.066232681274414
z_degree_to_degree,0,test-508,4.276666119016055,4.5121169090271
z_degree_to_degree,0,test-509,3.8712010109078907,4.152132034301758
z_degree_to_degree,0,test-510,4.442651256490317,4.681459903717041
z_degree_to_degree,0,test-511,5.634789603169249,5.927315711975098
z_cn_to_cn_residual,0,test-0,0.4096507501383539,0.5272055864334106
z_cn_to_cn_residual,0,test-1,-0.257133548881196,-0.2777758836746216
z_cn_to_cn_residual,0,test-2,-0.026168497301778282,0.2643042802810669
z_cn_to_cn_residual,0,test-3,-0.09682951278185134,-0.16550743579864502
z_cn_to_cn_residual,0,test-4,1.030455039917754,1.008705496788025
z_cn_to_cn_residual,0,test-5,-0.40617432960244304,-0.378889799118042
z_cn_to_cn_residual,0,test-6,1.072232465549153,0.7482384443283081
z_cn_to_cn_residual,0,test-7,-0.17653506637630972,-0.16615235805511475
z_cn_to_cn_residual,0,test-8,-0.09993231907971788,-0.1671379804611206
z_cn_to_cn_residual,0,test-9,-0.361807736196368,-0.3689678907394409
z_cn_to_cn_residual,0,test-10,0.834665253272179,0.48369526863098145
z_cn_to_cn_residual,0,test-11,0.6771872810461878,0.6258186101913452
z_cn_to_cn_residual,0,test-12,-0.0025667768776077267,-0.04945862293243408
z_cn_to_cn_residual,0,test-13,0.0920452145115791,0.5617460012435913
z_cn_to_cn_residual,0,test-14,0.1059855857541714,0.21723926067352295
z_cn_to_cn_residual,0,test-15,0.6905804036823375,0.521338701248169
z_cn_to_cn_residual,0,test-16,0.487417210290867,0.38935697078704834
z_cn_to_cn_residual,0,test-17,0.027598705190133088,0.015302538871765137
z_cn_to_cn_residual,0,test-18,-0.0025667768776077267,-0.04945862293243408
z_cn_to_cn_residual,0,test-19,-0.09993231907971788,-0.1671379804611206
z_cn_to_cn_residual,0,test-20,-0.0006908748283487874,-0.046120524406433105
z_cn_to_cn_residual,0,test-21,0.37362887990278976,0.4058276414871216
z_cn_to_cn_residual,0,test-22,-0.26394703539593084,-0.28920745849609375
z_cn_to_cn_residual,0,test-23,-0.001592483837966117,-0.04772520065307617
z_cn_to_cn_residual,0,test-24,0.3252994169928626,0.3427485227584839
z_cn_to_cn_residual,0,test-25,-0.5320508010865779,-0.5601868629455566
z_cn_to_cn_residual,0,test-26,0.6906105992764492,0.49992549419403076
z_cn_to_cn_residual,0,test-27,0.7790939880109542,0.6122331619262695
z_cn_to_cn_residual,0,test-28,0.5980680715538729,0.5896339416503906
z_cn_to_cn_residual,0,test-29,0.6893311186493629,0.4197545051574707
z_cn_to_cn_residual,0,test-30,0.6730018624542556,0.5687072277069092
z_cn_to_cn_residual,0,test-31,0.22033626837748216,0.41079819202423096
z_cn_to_cn_residual,0,test-32,-0.31403642712572494,-0.3561360239982605
z_cn_to_cn_residual,0,test-33,0.6854469961951654,0.5809339284896851
z_cn_to_cn_residual,0,test-34,-0.22552334649902314,-0.2231990098953247
z_cn_to_cn_residual,0,test-35,-0.15981025222941134,-0.17199957370758057
z_cn_to_cn_residual,0,test-36,-0.002483473901375505,-0.04930984973907471
z_cn_to_cn_residual,0,test-37,-0.002536581283496064,-0.04940390586853027
z_cn_to_cn_residual,0,test-38,0.011027840012221813,-0.025187373161315918
z_cn_to_cn_residual,0,test-39,-0.0025667768776077267,-0.04945862293243408
z_cn_to_cn_residual,0,test-40,1.0655213517576338,0.7128323316574097
z_cn_to_cn_residual,0,test-41,0.33133944436357726,0.5024828910827637
z_cn_to_cn_residual,0,test-42,0.3907357061859718,0.20997226238250732
z_cn_to_cn_residual,0,test-43,-0.07427151148220186,-0.1487950086593628
z_cn_to_cn_residual,0,test-44,1.1607710146208674,0.9756004810333252
z_cn_to_cn_residual,0,test-45,-0.0025667768776077267,-0.04945862293243408
z_cn_to_cn_residual,0,test-46,0.12442211904305411,0.24128901958465576
z_cn_to_cn_residual,0,test-47,-0.002483473901375505,-0.04930984973907471
z_cn_to_cn_residual,0,test-48,0.5980680715538729,0.22204256057739258
z_cn_to_cn_residual,0,test-49,0.3907357061859718,0.39982926845550537
z_cn_to_cn_residual,0,test-50,0.3974001350710103,0.5015137195587158
z_cn_to_cn_residual,0,test-51,0.5071241430143024,0.35458576679229736
z_cn_to_cn_residual,0,test-52,-0.5962537633065377,-0.5700070858001709
z_cn_to_cn_residual,0,test-53,-0.09507910900607243,-0.1645810604095459
z_cn_to_cn_residual,0,test-54,-0.006401163194461921,-0.05627012252807617
z_cn_to_cn_residual,0,test-55,-0.5779234037185782,-0.5676171779632568
z_cn_to_cn_residual,0,test-56,-0.09507910900607243,-0.1645810604095459
z_cn_to_cn_residual,0,test-57,0.8783422192128343,0.6146557331085205
z_cn_to_cn_residual,0,test-58,-0.4855470978437046,-0.5448780059814453
z_cn_to_cn_residual,0,test-59,0.6904677205888524,0.5635145902633667
z_cn_to_cn_residual,0,test-60,-0.2474640255978244,-0.26134926080703735
z_cn_to_cn_residual,0,test-61,-0.0022128532902202114,-0.04882824420928955
z_cn_to_cn_residual,0,test-62,-0.0014682163898236727,-0.04750621318817139
z_cn_to_cn_residual,0,test-63,-0.002483473901375505,-0.04930984973907471
z_cn_to_cn_residual,0,test-64,-0.18117393408101218,-0.15869367122650146
z_cn_to_cn_residual,0,test-65,1.0035331796620373,0.7962223291397095
z_cn_to_cn_residual,0,test-66,-0.003920084665472663,-0.051862359046936035
z_cn_to_cn_residual,0,test-67,-0.003920084665472663,-0.051862359046936035
z_cn_to_cn_residual,0,test-68,-0.5121098978044188,-0.5546548366546631
z_cn_to_cn_residual,0,test-69,0.40889556438164,0.3375056982040405
z_cn_to_cn_residual,0,test-70,0.5071241430143024,0.584839940071106
z_cn_to_cn_residual,0,test-71,0.34193555199200737,0.4856325387954712
z_cn_to_cn_residual,0,test-72,-0.0025667768776077267,-0.04945862293243408
z_cn_to_cn_residual,0,test-73,-0.32077300936225667,-0.36302900314331055
z_cn_to_cn_residual,0,test-74,-0.09507910900607243,-0.1645810604095459
z_cn_to_cn_residual,0,test-75,0.9986799695883919,0.6581348180770874
z_cn_to_cn_residual,0,test-76,-0.001592483837966117,-0.04772520065307617
z_cn_to_cn_residual,0,test-77,0.5932148614802274,0.4883021116256714
z_cn_to_cn_residual,0,test-78,-0.0017051669314512175,-0.04792654514312744
z_cn_to_cn_residual,0,test-79,-0.0025667768776077267,-0.04945862293243408
z_cn_to_cn_residual,0,test-80,0.6893311186493629,0.8166381120681763
z_cn_to_cn_residual,0,test-81,0.3267009706117635,0.2723095417022705
z_cn_to_cn_residual,0,test-82,1.066776060462735,0.9859068393707275
z_cn_to_cn_residual,0,test-83,-0.06306873591422772,-0.13604533672332764
z_cn_to_cn_residual,0,test-84,-0.3195190468888935,-0.36175453662872314
z_cn_to_cn_residual,0,test-85,-0.257133548881196,-0.2777758836746216
z_cn_to_cn_residual,0,test-86,0.3974001350710103,0.5167245864868164
z_cn_to_cn_residual,0,test-87,-0.09507910900607243,-0.1645810604095459
z_cn_to_cn_residual,0,test-88,-0.006401163194461921,-0.05627012252807617
z_cn_to_cn_residual,0,test-89,-0.295747045488935,-0.33681708574295044
z_cn_to_cn_residual,0,test-90,-0.07427151148220186,-0.1487950086593628
z_cn_to_cn_residual,0,test-91,-0.002679459971092827,-0.049657225608825684
z_cn_to_cn_residual,0,test-92,0.5963176677780939,0.4186214208602905
z_cn_to_cn_residual,0,test-93,0.47287711110466973,0.653666615486145
z_cn_to_cn_residual,0,test-94,-0.07427151148220186,-0.1487950086593628
z_cn_to_cn_residual,0,test-95,0.5634751272888399,0.28853774070739746
z_cn_to_cn_residual,0,test-96,-0.6219808875579942,0.041063666343688965
z_cn_to_cn_residual,0,test-97,-0.0948206319924906,-0.1644449234008789
z_cn_to_cn_residual,0,test-98,-0.002536581283496064,-0.04940390586853027
z_cn_to_cn_residual,0,test-99,-0.09507910900607243,-0.1645810604095459
z_cn_to_cn_residual,0,test-100,-0.3664462099481818,-0.36676621437072754
z_cn_to_cn_residual,0,test-101,0.5980680715538729,0.4687727689743042
z_cn_to_cn_residual,0,test-102,0.03377005795343527,0.03078913688659668
z_cn_to_cn_residual,0,test-103,-0.15981025222941134,-0.17199957370758057
z_cn_to_cn_residual,0,test-104,0.629186265886127,0.4452589750289917
z_cn_to_cn_residual,0,test-105,-0.001592483837966117,-0.04772520065307617
z_cn_to_cn_residual,0,test-106,0.689862177614176,0.5312446355819702
z_cn_to_cn_residual,0,test-107,-0.0025667768776077267,-0.04945862293243408
z_cn_to_cn_residual,0,test-108,0.09689341725340761,0.46468162536621094
z_cn_to_cn_residual,0,test-109,0.37911075343422035,0.4541127681732178
z_cn_to_cn_residual,0,test-110,-0.002679459971092827,-0.049657225608825684
z_cn_to_cn_residual,0,test-111,-0.006236131996241855,-0.05597710609436035
z_cn_to_cn_residual,0,test-112,0.4686965299979534,0.41626691818237305
z_cn_to_cn_residual,0,test-113,-0.4092811700187469,-0.3836919069290161
z_cn_to_cn_residual,0,test-114,-0.0017051669314512175,-0.04792654514312744
z_cn_to_cn_residual,0,test-115,0.6906637066585698,0.5539630651473999
z_cn_to_cn_residual,0,test-116,1.0402213320986424,0.936360239982605
z_cn_to_cn_residual,0,test-117,0.6948211420213969,0.3100762367248535
z_cn_to_cn_residual,0,test-118,-0.2842516161783053,-0.3225659132003784
z_cn_to_cn_residual,0,test-119,0.706182872391234,0.9433828592300415
z_cn_to_cn_residual,0,test-120,0.6188756690777434,0.6597518920898438
z_cn_to_cn_residual,0,test-121,0.5071241430143024,0.38068854808807373
z_cn_to_cn_residual,0,test-122,0.732166078719928,0.7691826820373535
z_cn_to_cn_residual,0,test-123,0.6905804036823375,0.5365784168243408
z_cn_to_cn_residual,0,test-124,-0.006401163194461921,-0.05627012252807617
z_cn_to_cn_residual,0,test-125,-0.06396091467381823,-0.1366889476776123
z_cn_to_cn_residual,0,test-126,1.0243407771859079,0.47860729694366455
z_cn_to_cn_residual,0,test-127,-0.0025667768776077267,-0.04945862293243408
z_cn_to_cn_residual,0,test-128,-0.17653506637630972,-0.16615235805511475
z_cn_to_cn_residual,0,test-129,0.006243055183185751,-0.03377354145050049
z_cn_to_cn_residual,0,test-130,0.9125892511224669,0.5195271968841553
z_cn_to_cn_residual,0,test-131,0.5932148614802274,0.4034825563430786
z_cn_to_cn_residual,0,test-132,-0.4092811700187469,-0.3836919069290161
z_cn_to_cn_residual,0,test-133,-0.3910899774469028,-0.35986095666885376
z_cn_to_cn_residual,0,test-134,-0.06396091467381823,-0.1366889476776123
z_cn_to_cn_residual,0,test-135,0.5333369283305339,0.40347230434417725
z_cn_to_cn_residual,0,test-136,0.6893311186493629,0.6693079471588135
z_cn_to_cn_residual,0,test-137,-0.0022128532902202114,-0.04882824420928955
z_cn_to_cn_residual,0,test-138,-0.4564122585269044,-0.47592371702194214
z_cn_to_cn_residual,0,test-139,-0.0025667768776077267,-0.04945862293243408
z_cn_to_cn_residual,0,test-140,-0.295747045488935,-0.33681708574295044
z_cn_to_cn_residual,0,test-141,0.7232900511466166,0.7560793161392212
z_cn_to_cn_residual,0,test-142,-0.09507910900607243,-0.1645810604095459
z_cn_to_cn_residual,0,test-143,-0.002679459971092827,-0.049657225608825684
z_cn_to_cn_residual,0,test-144,-0.15981025222941134,-0.17199957370758057
z_cn_to_cn_residual,0,test-145,-0.020145318105689636,-0.08060753345489502
z_cn_to_cn_residual,0,test-146,0.37362887990278976,0.4086827039718628
z_cn_to_cn_residual,0,test-147,-0.295747045488935,-0.33681708574295044
z_cn_to_cn_residual,0,test-148,0.09689341725340761,0.16809487342834473
z_cn_to_cn_residual,0,test-149,-0.2842516161783053,-0.3225659132003784
z_cn_to_cn_residual,0,test-150,-0.21219425699455913,-0.19943726062774658
z_cn_to_cn_residual,0,test-151,0.5634751272888399,0.5935461521148682
z_cn_to_cn_residual,0,test-152,-0.011174017424812204,-0.06473422050476074
z_cn_to_cn_residual,0,test-153,0.2564389628481294,0.19150030612945557
z_cn_to_cn_residual,0,test-154,0.6904677205888524,0.3650261163711548
z_cn_to_cn_residual,0,test-155,-0.002536581283496064,-0.04940390586853027
z_cn_to_cn_residual,0,test-156,1.2131515730483942,1.0538066625595093
z_cn_to_cn_residual,0,test-157,-0.11159319800623856,-0.1723695993423462
z_cn_to_cn_residual,0,test-158,-0.002483473901375505,-0.04930984973907471
z_cn_to_cn_residual,0,test-159,0.5980680715538729,0.4665409326553345
z_cn_to_cn_residual,0,test-160,-0.006236131996241855,-0.05597710609436035
z_cn_to_cn_residual,0,test-161,-0.0017051669314512175,-0.04792654514312744
z_cn_to_cn_residual,0,test-162,0.5980680715538729,0.4260510206222534
z_cn_to_cn_residual,0,test-163,-0.0025667768776077267,-0.04945862293243408
z_cn_to_cn_residual,0,test-164,0.30205720311304246,0.39015233516693115
z_cn_to_cn_residual,0,test-165,-0.001592483837966117,-0.04772520065307617
z_cn_to_cn_residual,0,test-166,-0.3678477635670827,-0.36607682704925537
z_cn_to_cn_residual,0,test-167,-0.5737341020377579,-0.5669906139373779
z_cn_to_cn_residual,0,test-168,0.3252994169928626,0.5814722776412964
z_cn_to_cn_residual,0,test-169,-0.0025667768776077267,-0.04945862293243408
z_cn_to_cn_residual,0,test-170,-0.002679459971092827,-0.049657225608825684
z_cn_to_cn_residual,0,test-171,0.5694612141469256,0.6326321363449097
z_cn_to_cn_residual,0,test-172,-0.0017051669314512175,-0.04792654514312744
z_cn_to_cn_residual,0,test-173,-0.07427151148220186,-0.1487950086593628
z_cn_to_cn_residual,0,test-174,1.1880129048121781,1.1982566118240356
z_cn_to_cn_residual,0,test-175,0.8125602590821327,0.8886286020278931
z_cn_to_cn_residual,0,test-176,-0.10231614743923174,-0.16838359832763672
z_cn_to_cn_residual,0,test-177,0.027598705190133088,0.015302538871765137
z_cn_to_cn_residual,0,test-178,-0.31951830065715553,-0.3617522120475769
z_cn_to_cn_residual,0,test-179,-0.0017051669314512175,-0.04792654514312744
z_cn_to_cn_residual,0,test-180,-0.007700184364779972,-0.05857419967651367
z_cn_to_cn_residual,0,test-181,-0.31403642712572494,-0.3561360239982605
z_cn_to_cn_residual,0,test-182,-0.31951830065715553,-0.3617522120475769
z_cn_to_cn_residual,0,test-183,-0.002483473901375505,-0.04930984973907471
z_cn_to_cn_residual,0,test-184,0.2690154096687156,0.2856055498123169
z_cn_to_cn_residual,0,test-185,-0.295747045488935,-0.33681708574295044
z_cn_to_cn_residual,0,test-186,1.1223473257239598,0.8794281482696533
z_cn_to_cn_residual,0,test-187,-0.295747045488935,-0.33681708574295044
z_cn_to_cn_residual,0,test-188,-0.07427151148220186,-0.1487950086593628
z_cn_to_cn_residual,0,test-189,-0.06396091467381823,-0.1366889476776123
z_cn_to_cn_residual,0,test-190,0.5980680715538729,0.4343761205673218
z_cn_to_cn_residual,0,test-191,-0.002679459971092827,-0.049657225608825684
z_cn_to_cn_residual,0,test-192,0.5932148614802274,0.3880404233932495
z_cn_to_cn_residual,0,test-193,-0.18602303754564287,-0.15152430534362793
z_cn_to_cn_residual,0,test-194,-0.007700184364779972,-0.05857419967651367
z_cn_to_cn_residual,0,test-195,0.18103728275552644,0.2641221284866333
z_cn_to_cn_residual,0,test-196,-0.3419557546295762,-0.37645912170410156
z_cn_to_cn_residual,0,test-197,-0.07427151148220186,-0.1487950086593628
z_cn_to_cn_residual,0,test-198,-0.1325756172494532,-0.17407429218292236
z_cn_to_cn_residual,0,test-199,-0.001592483837966117,-0.04772520065307617
z_cn_to_cn_residual,0,test-200,-0.001592483837966117,-0.04772520065307617
z_cn_to_cn_residual,0,test-201,-0.001592483837966117,-0.04772520065307617
z_cn_to_cn_residual,0,test-202,-0.09993231907971788,-0.1671379804611206
z_cn_to_cn_residual,0,test-203,-0.07427151148220186,-0.1487950086593628
z_cn_to_cn_residual,0,test-204,0.6867460173654834,0.6216574907302856
z_cn_to_cn_residual,0,test-205,-0.06396091467381823,-0.1366889476776123
z_cn_to_cn_residual,0,test-206,-0.31403642712572494,-0.3561360239982605
z_cn_to_cn_residual,0,test-207,0.25559953693839854,0.2970508337020874
z_cn_to_cn_residual,0,test-208,-0.3512116285679379,-0.3730970025062561
z_cn_to_cn_residual,0,test-209,0.44701726623712135,0.7328968048095703
z_cn_to_cn_residual,0,test-210,0.27064323153028624,0.3004564046859741
z_cn_to_cn_residual,0,test-211,0.9986799695883919,0.7804516553878784
z_cn_to_cn_residual,0,test-212,-0.015324816569887118,-0.07208442687988281
z_cn_to_cn_residual,0,test-213,-0.002483473901375505,-0.04930984973907471
z_cn_to_cn_residual,0,test-214,0.707522311221207,0.5963548421859741
z_cn_to_cn_residual,0,test-215,-0.002679459971092827,-0.049657225608825684
z_cn_to_cn_residual,0,test-216,-0.0025667768776077267,-0.04945862293243408
z_cn_to_cn_residual,0,test-217,0.6905804036823375,0.4466378688812256
z_cn_to_cn_residual,0,test-218,-0.09993231907971788,-0.1671379804611206
z_cn_to_cn_residual,0,test-219,-0.3664462099481818,-0.36676621437072754
z_cn_to_cn_residual,0,test-220,-0.007796294345678415,-0.05874598026275635
z_cn_to_cn_residual,0,test-221,-0.18602303754564287,-0.15152430534362793
z_cn_to_cn_residual,0,test-222,-0.002679459971092827,-0.049657225608825684
z_cn_to_cn_residual,0,test-223,-0.20673482910021176,-0.18957877159118652
z_cn_to_cn_residual,0,test-224,-0.002483473901375505,-0.04930984973907471
z_cn_to_cn_residual,0,test-225,0.8028652431791747,0.7596232891082764
z_cn_to_cn_residual,0,test-226,-0.002679459971092827,-0.049657225608825684
z_cn_to_cn_residual,0,test-227,0.9388020364386984,0.8717595338821411
z_cn_to_cn_residual,0,test-228,-0.0025667768776077267,-0.04945862293243408
z_cn_to_cn_residual,0,test-229,-0.06396091467381823,-0.1366889476776123
z_cn_to_cn_residual,0,test-230,0.5634751272888399,0.5855058431625366
z_cn_to_cn_residual,0,test-231,-0.34185746108770393,-0.37649399042129517
z_cn_to_cn_residual,0,test-232,0.5836835270942388,0.4432443380355835
z_cn_to_cn_residual,0,test-233,-0.0017051669314512175,-0.04792654514312744
z_cn_to_cn_residual,0,test-234,-0.3664462099481818,-0.36676621437072754
z_cn_to_cn_residual,0,test-235,0.5963176677780939,0.41680455207824707
z_cn_to_cn_residual,0,test-236,-0.09507910900607243,-0.1645810604095459
z_cn_to_cn_residual,0,test-237,-0.09993231907971788,-0.1671379804611206
z_cn_to_cn_residual,0,test-238,1.1098178970570212,0.7433834075927734
z_cn_to_cn_residual,0,test-239,0.09689341725340761,0.05289041996002197
z_cn_to_cn_residual,0,test-240,-0.0025667768776077267,-0.04945862293243408
z_cn_to_cn_residual,0,test-241,-0.003920084665472663,-0.051862359046936035
z_cn_to_cn_residual,0,test-242,1.0035331796620373,0.8968336582183838
z_cn_to_cn_residual,0,test-243,0.629186265886127,0.5948549509048462
z_cn_to_cn_residual,0,test-244,-0.09993231907971788,-0.1671379804611206
z_cn_to_cn_residual,0,test-245,0.5980680715538729,0.3837319612503052
z_cn_to_cn_residual,0,test-246,-0.6011019660483662,-0.5706844329833984
z_cn_to_cn_residual,0,test-247,-0.0025667768776077267,-0.04945862293243408
z_cn_to_cn_residual,0,test-248,-0.40617432960244304,-0.378889799118042
z_cn_to_cn_residual,0,test-249,-0.32077300936225667,-0.36302900314331055
z_cn_to_cn_residual,0,test-250,-0.0017051669314512175,-0.04792654514312744
z_cn_to_cn_residual,0,test-251,0.027598705190133088,0.015302538871765137
z_cn_to_cn_residual,0,test-252,-0.31951830065715553,-0.3617522120475769
z_cn_to_cn_residual,0,test-253,-0.09507910900607243,-0.1645810604095459
z_cn_to_cn_residual,0,test-254,-0.006401163194461921,-0.05627012252807617
z_cn_to_cn_residual,0,test-255,-0.2608500763576425,-0.28402650356292725
z_cn_to_cn_residual,0,test-256,-0.002483473901375505,-0.04930984973907471
z_cn_to_cn_residual,0,test-257,0.16442497939224665,0.39311349391937256
z_cn_to_cn_residual,0,test-258,0.8561659193103136,0.8337476253509521
z_cn_to_cn_residual,0,test-259,-0.002709528290634796,-0.04971194267272949
z_cn_to_cn_residual,0,test-260,-0.001592483837966117,-0.04772520065307617
z_cn_to_cn_residual,0,test-261,0.42920014516401445,0.5052567720413208
z_cn_to_cn_residual,0,test-262,0.9125892511224669,0.6827160120010376
z_cn_to_cn_residual,0,test-263,-0.18602303754564287,-0.15152430534362793
z_cn_to_cn_residual,0,test-264,-0.32690411934740055,-0.36919528245925903
z_cn_to_cn_residual,0,test-265,-0.4564122585269044,-0.47592371702194214
z_cn_to_cn_residual,0,test-266,0.6905804036823375,0.5110398530960083
z_cn_to_cn_residual,0,test-267,0.6904677205888524,0.11931920051574707
z_cn_to_cn_residual,0,test-268,-0.09507910900607243,-0.1645810604095459
z_cn_to_cn_residual,0,test-269,0.5380768797364144,0.6939510107040405
z_cn_to_cn_residual,0,test-270,-0.0025667768776077267,-0.04945862293243408
z_cn_to_cn_residual,0,test-271,0.9986799695883919,0.8364812135696411
z_cn_to_cn_residual,0,test-272,0.26383524768033195,0.31708717346191406
z_cn_to_cn_residual,0,test-273,0.4676238340609221,0.4115678071975708
z_cn_to_cn_residual,0,test-274,0.5333369283305339,0.42768943309783936
z_cn_to_cn_residual,0,test-275,-0.09507910900607243,-0.1645810604095459
z_cn_to_cn_residual,0,test-276,-0.0022128532902202114,-0.04882824420928955
z_cn_to_cn_residual,0,test-277,-0.295747045488935,-0.33681708574295044
z_cn_to_cn_residual,0,test-278,0.4322971042023028,0.49221253395080566
z_cn_to_cn_residual,0,test-279,0.5166121141836355,0.5034886598587036
z_cn_to_cn_residual,0,test-280,-0.006401163194461921,-0.05627012252807617
z_cn_to_cn_residual,0,test-281,1.0243407771859079,0.8335912227630615
z_cn_to_cn_residual,0,test-282,-0.005713782933315264,-0.05504906177520752
z_cn_to_cn_residual,0,test-283,-0.18602303754564287,-0.15152430534362793
z_cn_to_cn_residual,0,test-284,-0.0017051669314512175,-0.04792654514312744
z_cn_to_cn_residual,0,test-285,-0.09507910900607243,-0.1645810604095459
z_cn_to_cn_residual,0,test-286,1.3462860490699626,1.4277116060256958
z_cn_to_cn_residual,0,test-287,-0.09993231907971788,-0.1671379804611206
z_cn_to_cn_residual,0,test-288,0.5553068786375152,0.5042564868927002
z_cn_to_cn_residual,0,test-289,0.2249532936470302,0.42836010456085205
z_cn_to_cn_residual,0,test-290,0.5980680715538729,0.42439401149749756
z_cn_to_cn_residual,0,test-291,0.5481549764268495,0.45318126678466797
z_cn_to_cn_residual,0,test-292,-0.8168566785177598,-0.9676822423934937
z_cn_to_cn_residual,0,test-293,0.33133944436357726,0.2931009531021118
z_cn_to_cn_residual,0,test-294,0.629186265886127,0.5473908185958862
z_cn_to_cn_residual,0,test-295,0.6906105992764492,0.646979808807373
z_cn_to_cn_residual,0,test-296,-0.0013809592565058647,-0.04734957218170166
z_cn_to_cn_residual,0,test-297,-0.0022128532902202114,-0.04882824420928955
z_cn_to_cn_residual,0,test-298,0.6906637066585698,0.3904920816421509
z_cn_to_cn_residual,0,test-299,-0.22552334649902314,-0.2231990098953247
z_cn_to_cn_residual,0,test-300,0.5071241430143024,0.39649832248687744
z_cn_to_cn_residual,0,test-301,-0.0017051669314512175,-0.04792654514312744
z_cn_to_cn_residual,0,test-302,0.6188756690777434,0.5440149307250977
z_cn_to_cn_residual,0,test-303,-0.002679459971092827,-0.049657225608825684
z_cn_to_cn_residual,0,test-304,-0.3011881021227526,-0.3426559567451477
z_cn_to_cn_residual,0,test-305,0.3974001350710103,0.3705493211746216
z_cn_to_cn_residual,0,test-306,0.5966030812834874,0.5385137796401978
z_cn_to_cn_residual,0,test-307,-0.002679459971092827,-0.049657225608825684
z_cn_to_cn_residual,0,test-308,0.6904677205888524,0.444085955619812
z_cn_to_cn_residual,0,test-309,0.511973246478933,0.3924018144607544
z_cn_to_cn_residual,0,test-310,-0.06396091467381823,-0.1366889476776123
z_cn_to_cn_residual,0,test-311,0.8880287062152161,0.8290592432022095
z_cn_to_cn_residual,0,test-312,0.000550437072462336,-0.04391324520111084
z_cn_to_cn_residual,0,test-313,0.4185007999394532,0.19785559177398682
z_cn_to_cn_residual,0,test-314,0.12442211904305411,0.3215066194534302
z_cn_to_cn_residual,0,test-315,-0.0009230486758283437,-0.04653429985046387
z_cn_to_cn_residual,0,test-316,0.5980680715538729,0.5545302629470825
z_cn_to_cn_residual,0,test-317,0.6253649081462749,0.9101988077163696
z_cn_to_cn_residual,0,test-318,-0.295747045488935,-0.33681708574295044
z_cn_to_cn_residual,0,test-319,0.4185007999394532,0.37842118740081787
z_cn_to_cn_residual,0,test-320,-0.15981025222941134,-0.17199957370758057
z_cn_to_cn_residual,0,test-321,-0.09993231907971788,-0.1671379804611206
z_cn_to_cn_residual,0,test-322,0.5071241430143024,0.42616212368011475
z_cn_to_cn_residual,0,test-323,-0.0025667768776077267,-0.04945862293243408
z_cn_to_cn_residual,0,test-324,-0.07427151148220186,-0.1487950086593628
z_cn_to_cn_residual,0,test-325,0.5333369283305339,0.3826068639755249
z_cn_to_cn_residual,0,test-326,-0.002709528290634796,-0.04971194267272949
z_cn_to_cn_residual,0,test-327,-0.12967205327110548,-0.17387628555297852
z_cn_to_cn_residual,0,test-328,-0.4092811700187469,-0.3836919069290161
z_cn_to_cn_residual,0,test-329,-0.0017051669314512175,-0.04792654514312744
z_cn_to_cn_residual,0,test-330,1.0184465975528079,0.925948977470398
z_cn_to_cn_residual,0,test-331,-0.2930939733738713,-0.3339385986328125
z_cn_to_cn_residual,0,test-332,-0.007796294345678415,-0.05874598026275635
z_cn_to_cn_residual,0,test-333,-0.006236131996241855,-0.05597710609436035
z_cn_to_cn_residual,0,test-334,-0.003920084665472663,-0.051862359046936035
z_cn_to_cn_residual,0,test-335,1.108891999074218,1.1279376745224
z_cn_to_cn_residual,0,test-336,-0.09507910900607243,-0.1645810604095459
z_cn_to_cn_residual,0,test-337,0.5932148614802274,0.6287351846694946
z_cn_to_cn_residual,0,test-338,0.6188756690777434,0.5572139024734497
z_cn_to_cn_residual,0,test-339,0.5333369283305339,0.4083751440048218
z_cn_to_cn_residual,0,test-340,0.9300387057397879,0.809429407119751
z_cn_to_cn_residual,0,test-341,0.48095292356538616,0.42245733737945557
z_cn_to_cn_residual,0,test-342,-0.07427151148220186,-0.1487950086593628
z_cn_to_cn_residual,0,test-343,-0.43015367383143543,-0.19613420963287354
z_cn_to_cn_residual,0,test-344,-0.002483473901375505,-0.04930984973907471
z_cn_to_cn_residual,0,test-345,0.5963176677780939,0.5402858257293701
z_cn_to_cn_residual,0,test-346,0.6188756690777434,0.4844924211502075
z_cn_to_cn_residual,0,test-347,0.6188756690777434,0.5283850431442261
z_cn_to_cn_residual,0,test-348,0.6188756690777434,0.4186614751815796
z_cn_to_cn_residual,0,test-349,-0.26394703539593084,-0.28920745849609375
z_cn_to_cn_residual,0,test-350,-0.006236131996241855,-0.05597710609436035
z_cn_to_cn_residual,0,test-351,-0.22552334649902314,-0.2231990098953247
z_cn_to_cn_residual,0,test-352,-0.002483473901375505,-0.04930984973907471
z_cn_to_cn_residual,0,test-353,0.6730018624542556,0.55057692527771
z_cn_to_cn_residual,0,test-354,-0.17162295933884167,-0.1715613603591919
z_cn_to_cn_residual,0,test-355,-0.5908559921618184,-0.5691719055175781
z_cn_to_cn_residual,0,test-356,-0.0025667768776077267,-0.04945862293243408
z_cn_to_cn_residual,0,test-357,-0.0025667768776077267,-0.04945862293243408
z_cn_to_cn_residual,0,test-358,-0.0025667768776077267,-0.04945862293243408
z_cn_to_cn_residual,0,test-359,-0.02637982311895648,0.2497309446334839
z_cn_to_cn_residual,0,test-360,-0.1378403019224301,-0.1743983030319214
z_cn_to_cn_residual,0,test-361,0.4185007999394532,0.3725398778915405
z_cn_to_cn_residual,0,test-362,-0.31852856519640793,-0.3607443571090698
z_cn_to_cn_residual,0,test-363,0.26383524768033195,0.28922736644744873
z_cn_to_cn_residual,0,test-364,-0.06396091467381823,-0.1366889476776123
z_cn_to_cn_residual,0,test-365,-0.18602303754564287,-0.15152430534362793
z_cn_to_cn_residual,0,test-366,-0.0017051669314512175,-0.04792654514312744
z_cn_to_cn_residual,0,test-367,-0.5962537633065377,-0.5700070858001709
z_cn_to_cn_residual,0,test-368,1.0444369000321867,0.7855925559997559
z_cn_to_cn_residual,0,test-369,-0.002483473901375505,-0.04930984973907471
z_cn_to_cn_residual,0,test-370,0.6867460173654834,0.6212661266326904
z_cn_to_cn_residual,0,test-371,-0.0017051669314512175,-0.04792654514312744
z_cn_to_cn_residual,0,test-372,0.6188756690777434,0.4293859004974365
z_cn_to_cn_residual,0,test-373,-0.31951830065715553,-0.3617522120475769
z_cn_to_cn_residual,0,test-374,0.5333369283305339,0.41474735736846924
z_cn_to_cn_residual,0,test-375,0.5980680715538729,0.7279068231582642
z_cn_to_cn_residual,0,test-376,0.0920452145115791,0.43171823024749756
z_cn_to_cn_residual,0,test-377,-0.003920084665472663,-0.051862359046936035
z_cn_to_cn_residual,0,test-378,-0.295747045488935,-0.33681708574295044
z_cn_to_cn_residual,0,test-379,-0.003920084665472663,-0.051862359046936035
z_cn_to_cn_residual,0,test-380,0.5980680715538729,0.43733060359954834
z_cn_to_cn_residual,0,test-381,0.6906105992764492,0.5464788675308228
z_cn_to_cn_residual,0,test-382,-0.0025667768776077267,-0.04945862293243408
z_cn_to_cn_residual,0,test-383,-0.0025667768776077267,-0.04945862293243408
z_cn_to_cn_residual,0,test-384,-0.018078891203757413,-0.07695567607879639
z_cn_to_cn_residual,0,test-385,-0.0025667768776077267,-0.04945862293243408
z_cn_to_cn_residual,0,test-386,-0.0025667768776077267,-0.04945862293243408
z_cn_to_cn_residual,0,test-387,0.6904677205888524,0.5357557535171509
z_cn_to_cn_residual,0,test-388,0.5071241430143024,0.5441559553146362
z_cn_to_cn_residual,0,test-389,-0.002679459971092827,-0.049657225608825684
z_cn_to_cn_residual,0,test-390,0.5932148614802274,0.6195303201675415
z_cn_to_cn_residual,0,test-391,0.5071241430143024,0.42642295360565186
z_cn_to_cn_residual,0,test-392,-0.002483473901375505,-0.04930984973907471
z_cn_to_cn_residual,0,test-393,-0.0017051669314512175,-0.04792654514312744
z_cn_to_cn_residual,0,test-394,-0.002536581283496064,-0.04940390586853027
z_cn_to_cn_residual,0,test-395,0.5634751272888399,0.2833915948867798
z_cn_to_cn_residual,0,test-396,-0.0025667768776077267,-0.04945862293243408
z_cn_to_cn_residual,0,test-397,-0.011174017424812204,-0.06473422050476074
z_cn_to_cn_residual,0,test-398,-0.003920084665472663,-0.051862359046936035
z_cn_to_cn_residual,0,test-399,-0.18602303754564287,-0.15152430534362793
z_cn_to_cn_residual,0,test-400,0.6904677205888524,0.4323822259902954
z_cn_to_cn_residual,0,test-401,0.6904677205888524,0.292197585105896
z_cn_to_cn_residual,0,test-402,0.5963176677780939,0.5955764055252075
z_cn_to_cn_residual,0,test-403,-0.00961734087375331,-0.06197512149810791
z_cn_to_cn_residual,0,test-404,0.18103728275552644,0.5224748849868774
z_cn_to_cn_residual,0,test-405,-0.0017051669314512175,-0.04792654514312744
z_cn_to_cn_residual,0,test-406,-0.26394703539593084,-0.28920745849609375
z_cn_to_cn_residual,0,test-407,0.6906637066585698,0.7237969636917114
z_cn_to_cn_residual,0,test-408,-0.006236131996241855,-0.05597710609436035
z_cn_to_cn_residual,0,test-409,0.6750682893561879,0.5875849723815918
z_cn_to_cn_residual,0,test-410,-0.0025667768776077267,-0.04945862293243408
z_cn_to_cn_residual,0,test-411,-0.3678477635670827,-0.36607682704925537
z_cn_to_cn_residual,0,test-412,1.0035331796620373,0.649937629699707
z_cn_to_cn_residual,0,test-413,0.3974001350710103,0.4328678846359253
z_cn_to_cn_residual,0,test-414,0.14484892926646498,0.5028935670852661
z_cn_to_cn_residual,0,test-415,0.6904376522693105,0.48099565505981445
z_cn_to_cn_residual,0,test-416,0.42920014516401445,0.524651288986206
z_cn_to_cn_residual,0,test-417,-0.002709528290634796,-0.04971194267272949
z_cn_to_cn_residual,0,test-418,-0.18602303754564287,-0.15152430534362793
z_cn_to_cn_residual,0,test-419,0.42920014516401445,0.49600088596343994
z_cn_to_cn_residual,0,test-420,-0.10534341095846705,-0.16995573043823242
z_cn_to_cn_residual,0,test-421,-0.34185746108770393,-0.37649399042129517
z_cn_to_cn_residual,0,test-422,0.5980680715538729,0.41407716274261475
z_cn_to_cn_residual,0,test-423,-0.002679459971092827,-0.049657225608825684
z_cn_to_cn_residual,0,test-424,0.6924563057315964,0.6519321203231812
z_cn_to_cn_residual,0,test-425,-0.0009230486758283437,-0.04653429985046387
z_cn_to_cn_residual,0,test-426,1.2002713235742477,1.1046003103256226
z_cn_to_cn_residual,0,test-427,-0.06396091467381823,-0.1366889476776123
z_cn_to_cn_residual,0,test-428,0.6906637066585698,0.7237969636917114
z_cn_to_cn_residual,0,test-429,-0.12967205327110548,-0.17387628555297852
z_cn_to_cn_residual,0,test-430,0.002865332104051953,-0.039792656898498535
z_cn_to_cn_residual,0,test-431,-0.002679459971092827,-0.049657225608825684
z_cn_to_cn_residual,0,test-432,-0.07427151148220186,-0.1487950086593628
z_cn_to_cn_residual,0,test-433,0.33133944436357726,0.40573346614837646
z_cn_to_cn_residual,0,test-434,0.5980680715538729,0.7139896154403687
z_cn_to_cn_residual,0,test-435,0.6892270958944726,0.49028027057647705
z_cn_to_cn_residual,0,test-436,0.027598705190133088,0.015302538871765137
z_cn_to_cn_residual,0,test-437,0.6288411122804236,0.42921578884124756
z_cn_to_cn_residual,0,test-438,-0.1278380797400702,-0.1737440824508667
z_cn_to_cn_residual,0,test-439,-0.0025667768776077267,-0.04945862293243408
z_cn_to_cn_residual,0,test-440,0.9007472632761859,0.7053669691085815
z_cn_to_cn_residual,0,test-441,0.09689341725340761,-0.06750643253326416
z_cn_to_cn_residual,0,test-442,0.9986799695883919,0.747785210609436
z_cn_to_cn_residual,0,test-443,1.0035331796620373,0.875390887260437
z_cn_to_cn_residual,0,test-444,-0.001592483837966117,-0.04772520065307617
z_cn_to_cn_residual,0,test-445,1.2002713235742477,1.0588473081588745
z_cn_to_cn_residual,0,test-446,0.9388020364386984,0.9110909700393677
z_cn_to_cn_residual,0,test-447,0.9125892511224669,0.7904492616653442
z_cn_to_cn_residual,0,test-448,-0.0017051669314512175,-0.04792654514312744
z_cn_to_cn_residual,0,test-449,0.6906637066585698,0.7237969636917114
z_cn_to_cn_residual,0,test-450,0.6188756690777434,0.5001522302627563
z_cn_to_cn_residual,0,test-451,-0.6219808875579942,0.1176069974899292
z_cn_to_cn_residual,0,test-452,-0.32077300936225667,-0.36302900314331055
z_cn_to_cn_residual,0,test-453,0.7307645251010271,0.38310039043426514
z_cn_to_cn_residual,0,test-454,-0.09507910900607243,-0.1645810604095459
z_cn_to_cn_residual,0,test-455,0.6930446040093127,0.46841657161712646
z_cn_to_cn_residual,0,test-456,-0.06430606827952172,-0.1369384527206421
z_cn_to_cn_residual,0,test-457,-0.0025667768776077267,-0.04945862293243408
z_cn_to_cn_residual,0,test-458,-0.15981025222941134,-0.17199957370758057
z_cn_to_cn_residual,0,test-459,0.5634751272888399,0.5563337802886963
z_cn_to_cn_residual,0,test-460,0.9125892511224669,0.7707422971725464
z_cn_to_cn_residual,0,test-461,0.5932148614802274,0.46235620975494385
z_cn_to_cn_residual,0,test-462,-0.0022128532902202114,-0.04882824420928955
z_cn_to_cn_residual,0,test-463,0.6905804036823375,0.5524348020553589
z_cn_to_cn_residual,0,test-464,0.6924563057315964,0.5480765104293823
z_cn_to_cn_residual,0,test-465,-0.0022128532902202114,-0.04882824420928955
z_cn_to_cn_residual,0,test-466,0.42920014516401445,0.3342543840408325
z_cn_to_cn_residual,0,test-467,0.5023585253615721,0.37981200218200684
z_cn_to_cn_residual,0,test-468,-0.18602303754564287,-0.15152430534362793
z_cn_to_cn_residual,0,test-469,-0.09993231907971788,-0.1671379804611206
z_cn_to_cn_residual,0,test-470,-0.001592483837966117,-0.04772520065307617
z_cn_to_cn_residual,0,test-471,0.42920014516401445,0.3794597387313843
z_cn_to_cn_residual,0,test-472,-0.002536581283496064,-0.04940390586853027
z_cn_to_cn_residual,0,test-473,0.3907357061859718,0.5473347902297974
z_cn_to_cn_residual,0,test-474,0.18103728275552644,0.47389769554138184
z_cn_to_cn_residual,0,test-475,0.629186265886127,0.5473908185958862
z_cn_to_cn_residual,0,test-476,-0.002679459971092827,-0.049657225608825684
z_cn_to_cn_residual,0,test-477,-0.09507910900607243,-0.1645810604095459
z_cn_to_cn_residual,0,test-478,0.5963176677780939,0.6151896715164185
z_cn_to_cn_residual,0,test-479,0.5071241430143024,0.48258793354034424
z_cn_to_cn_residual,0,test-480,0.7232900511466166,0.7030290365219116
z_cn_to_cn_residual,0,test-481,-0.003920084665472663,-0.051862359046936035
z_cn_to_cn_residual,0,test-482,0.5634751272888399,0.42088794708251953
z_cn_to_cn_residual,0,test-483,0.4676238340609221,0.5447224378585815
z_cn_to_cn_residual,0,test-484,-0.002679459971092827,-0.049657225608825684
z_cn_to_cn_residual,0,test-485,-0.295747045488935,-0.33681708574295044
z_cn_to_cn_residual,0,test-486,-0.0017051669314512175,-0.04792654514312744
z_cn_to_cn_residual,0,test-487,-0.21403955770147523,-0.20275366306304932
z_cn_to_cn_residual,0,test-488,-0.002679459971092827,-0.049657225608825684
z_cn_to_cn_residual,0,test-489,-0.002709528290634796,-0.04971194267272949
z_cn_to_cn_residual,0,test-490,-0.0025667768776077267,-0.04945862293243408
z_cn_to_cn_residual,0,test-491,-0.002679459971092827,-0.049657225608825684
z_cn_to_cn_residual,0,test-492,0.6422000301412054,0.41674840450286865
z_cn_to_cn_residual,0,test-493,0.732166078719928,0.6820236444473267
z_cn_to_cn_residual,0,test-494,-0.002483473901375505,-0.04930984973907471
z_cn_to_cn_residual,0,test-495,-0.31852856519640793,-0.3607443571090698
z_cn_to_cn_residual,0,test-496,-0.0025667768776077267,-0.04945862293243408
z_cn_to_cn_residual,0,test-497,0.6917662213034395,0.5190788507461548
z_cn_to_cn_residual,0,test-498,-0.003920084665472663,-0.051862359046936035
z_cn_to_cn_residual,0,test-499,-0.530128441809577,-0.559711217880249
z_cn_to_cn_residual,0,test-500,-0.3024114743739735,-0.34395891427993774
z_cn_to_cn_residual,0,test-501,0.6960125126639972,0.467632532119751
z_cn_to_cn_residual,0,test-502,0.3974001350710103,0.46739447116851807
z_cn_to_cn_residual,0,test-503,-0.4555583161639697,-0.09800529479980469
z_cn_to_cn_residual,0,test-504,-0.4681938869129151,-0.5041801929473877
z_cn_to_cn_residual,0,test-505,0.629186265886127,0.5531381368637085
z_cn_to_cn_residual,0,test-506,-0.4092811700187469,-0.3836919069290161
z_cn_to_cn_residual,0,test-507,-0.006401163194461921,-0.05627012252807617
z_cn_to_cn_residual,0,test-508,-0.7439778312008087,-0.8110260963439941
z_cn_to_cn_residual,0,test-509,0.400053207186074,0.4241849184036255
z_cn_to_cn_residual,0,test-510,0.9297295237162035,0.9581881761550903
z_cn_to_cn_residual,0,test-511,-0.06430606827952172,-0.1369384527206421
z_cn_to_degree,1,test-0,4.6443908991413725,2.8107595443725586
z_cn_to_degree,1,test-1,3.9889840465642745,4.051271438598633
z_cn_to_degree,1,test-2,4.584967478670571,4.849506378173828
z_cn_to_degree,1,test-3,3.1780538303479453,3.2739334106445312
z_cn_to_degree,1,test-4,4.77912349311153,4.5608367919921875
z_cn_to_degree,1,test-5,3.8066624897703196,3.951057195663452
z_cn_to_degree,1,test-6,5.966146739123692,5.162064552307129
z_cn_to_degree,1,test-7,3.6635616461296463,4.000668525695801
z_cn_to_degree,1,test-8,3.044522437723423,3.3067126274108887
z_cn_to_degree,1,test-9,3.6888794541139367,4.0565876960754395
z_cn_to_degree,1,test-10,3.401197381662155,3.815645694732666
z_cn_to_degree,1,test-11,3.9120230054281464,4.195126056671143
z_cn_to_degree,1,test-12,0.6931471805599453,2.755772829055786
z_cn_to_degree,1,test-13,4.74493212836325,3.200223207473755
z_cn_to_degree,1,test-14,4.0943445622221,3.2728190422058105
z_cn_to_degree,1,test-15,1.791759469228055,2.751969575881958
z_cn_to_degree,1,test-16,4.394449154672439,3.8623104095458984
z_cn_to_degree,1,test-17,4.718498871295095,2.8219237327575684
z_cn_to_degree,1,test-18,0.6931471805599453,2.755772829055786
z_cn_to_degree,1,test-19,3.044522437723423,3.3067126274108887
z_cn_to_degree,1,test-20,3.1780538303479458,2.748579978942871
z_cn_to_degree,1,test-21,3.465735902799726,3.777381420135498
z_cn_to_degree,1,test-22,3.401197381662155,4.064035892486572
z_cn_to_degree,1,test-23,1.0986122886681098,2.752035140991211
z_cn_to_degree,1,test-24,3.5553480614894135,3.7952945232391357
z_cn_to_degree,1,test-25,4.189654742026425,4.9896016120910645
z_cn_to_degree,1,test-26,2.3025850929940455,3.272216320037842
z_cn_to_degree,1,test-27,3.465735902799726,4.067092418670654
z_cn_to_degree,1,test-28,2.8903717578961645,3.534752607345581
z_cn_to_degree,1,test-29,3.688879454113936,4.736469268798828
z_cn_to_degree,1,test-30,4.882801922586371,2.5193419456481934
z_cn_to_degree,1,test-31,4.553876891600541,3.943162441253662
z_cn_to_degree,1,test-32,3.58351893845611,4.118501663208008
z_cn_to_degree,1,test-33,3.58351893845611,3.5824990272521973
z_cn_to_degree,1,test-34,3.1780538303479453,3.9919986724853516
z_cn_to_degree,1,test-35,2.772588722239781,3.9258432388305664
z_cn_to_degree,1,test-36,1.3862943611198906,2.7554614543914795
z_cn_to_degree,1,test-37,2.3025850929940455,2.755654811859131
z_cn_to_degree,1,test-38,3.9889840465642745,2.708305835723877
z_cn_to_degree,1,test-39,1.791759469228055,2.755772829055786
z_cn_to_degree,1,test-40,3.951243718581427,4.496687412261963
z_cn_to_degree,1,test-41,3.6888794541139367,3.0872955322265625
z_cn_to_degree,1,test-42,6.040254711277414,4.854160308837891
z_cn_to_degree,1,test-43,2.4849066497880004,3.0748116970062256
z_cn_to_degree,1,test-44,3.1780538303479453,3.8238492012023926
z_cn_to_degree,1,test-45,0.6931471805599453,2.755772829055786
z_cn_to_degree,1,test-46,4.941642422609304,4.446162223815918
z_cn_to_degree,1,test-47,0.0,2.7554614543914795
z_cn_to_degree,1,test-48,2.8903717578961645,4.49433708190918
z_cn_to_degree,1,test-49,6.040254711277414,4.823177814483643
z_cn_to_degree,1,test-50,3.332204510175204,3.47672700881958
z_cn_to_degree,1,test-51,2.995732273553991,4.094020366668701
z_cn_to_degree,1,test-52,6.327936783729195,5.369375705718994
z_cn_to_degree,1,test-53,2.8903717578961645,3.2554378509521484
z_cn_to_degree,1,test-54,2.6390573296152584,2.770481824874878
z_cn_to_degree,1,test-55,4.927253685157204,5.3937859535217285
z_cn_to_degree,1,test-56,2.70805020110221,3.2554378509521484
z_cn_to_degree,1,test-57,5.272999558563747,4.473526954650879
z_cn_to_degree,1,test-58,3.9889840465642745,4.495905876159668
z_cn_to_degree,1,test-59,2.0794415416798357,3.2239317893981934
z_cn_to_degree,1,test-60,4.7535901911063645,4.033155918121338
z_cn_to_degree,1,test-61,2.1972245773362196,2.75441575050354
z_cn_to_degree,1,test-62,2.3978952727983707,2.751560688018799
z_cn_to_degree,1,test-63,1.3862943611198906,2.7554614543914795
z_cn_to_degree,1,test-64,3.58351893845611,3.9557254314422607
z_cn_to_degree,1,test-65,2.8903717578961645,3.661381244659424
z_cn_to_degree,1,test-66,2.4849066497880004,2.760963201522827
z_cn_to_degree,1,test-67,2.4849066497880004,2.760963201522827
z_cn_to_degree,1,test-68,4.90527477843843,4.771824836730957
z_cn_to_degree,1,test-69,3.2188758248682006,3.7391695976257324
z_cn_to_degree,1,test-70,2.995732273553991,2.5082592964172363
z_cn_to_degree,1,test-71,4.0943445622221,3.5316553115844727
z_cn_to_degree,1,test-72,1.791759469228055,2.755772829055786
z_cn_to_degree,1,test-73,3.951243718581427,4.121107578277588
z_cn_to_degree,1,test-74,2.70805020110221,3.2554378509521484
z_cn_to_degree,1,test-75,3.044522437723423,3.559526205062866
z_cn_to_degree,1,test-76,1.0986122886681098,2.752035140991211
z_cn_to_degree,1,test-77,3.044522437723423,3.7279863357543945
z_cn_to_degree,1,test-78,1.3862943611198906,2.7524728775024414
z_cn_to_degree,1,test-79,1.791759469228055,2.755772829055786
z_cn_to_degree,1,test-80,3.688879454113936,4.446186542510986
z_cn_to_degree,1,test-81,3.58351893845611,4.385538101196289
z_cn_to_degree,1,test-82,3.465735902799726,4.078752040863037
z_cn_to_degree,1,test-83,4.025351690735149,3.067841053009033
z_cn_to_degree,1,test-84,4.718498871295094,4.120623588562012
z_cn_to_degree,1,test-85,3.9889840465642745,4.051271438598633
z_cn_to_degree,1,test-86,3.332204510175204,3.6757938861846924
z_cn_to_degree,1,test-87,2.70805020110221,3.2554378509521484
z_cn_to_degree,1,test-88,2.6390573296152584,2.770481824874878
z_cn_to_degree,1,test-89,3.332204510175204,4.111369609832764
z_cn_to_degree,1,test-90,2.4849066497880004,3.0748116970062256
z_cn_to_degree,1,test-91,2.0794415416798357,2.7562050819396973
z_cn_to_degree,1,test-92,3.1780538303479453,3.54600191116333
z_cn_to_degree,1,test-93,5.272999558563747,2.691422700881958
z_cn_to_degree,1,test-94,2.4849066497880004,3.0748116970062256
z_cn_to_degree,1,test-95,3.401197381662156,4.596083641052246
z_cn_to_degree,1,test-96,7.50659178007084,6.877501964569092
z_cn_to_degree,1,test-97,4.465908118654584,3.2527213096618652
z_cn_to_degree,1,test-98,2.3025850929940455,2.755654811859131
z_cn_to_degree,1,test-99,2.70805020110221,3.2554378509521484
z_cn_to_degree,1,test-100,3.58351893845611,4.041699409484863
z_cn_to_degree,1,test-101,2.70805020110221,3.4167697429656982
z_cn_to_degree,1,test-102,4.02535169073515,2.8636372089385986
z_cn_to_degree,1,test-103,2.772588722239781,3.9258432388305664
z_cn_to_degree,1,test-104,2.1972245773362196,3.5194664001464844
z_cn_to_degree,1,test-105,1.0986122886681098,2.752035140991211
z_cn_to_degree,1,test-106,3.5263605246161616,3.126873254776001
z_cn_to_degree,1,test-107,0.6931471805599453,2.755772829055786
z_cn_to_degree,1,test-108,6.327936783729195,3.817397117614746
z_cn_to_degree,1,test-109,3.58351893845611,3.388605833053589
z_cn_to_degree,1,test-110,2.0794415416798357,2.7562050819396973
z_cn_to_degree,1,test-111,2.8903717578961645,2.7698469161987305
z_cn_to_degree,1,test-112,5.0106352940962555,4.161533355712891
z_cn_to_degree,1,test-113,3.688879454113936,3.9427573680877686
z_cn_to_degree,1,test-114,1.3862943611198906,2.7524728775024414
z_cn_to_degree,1,test-115,1.3862943611198906,3.8633646965026855
z_cn_to_degree,1,test-116,7.3395376954076745,3.67148494720459
z_cn_to_degree,1,test-117,4.304065093204169,4.302159309387207
z_cn_to_degree,1,test-118,3.2188758248682006,4.102025985717773
z_cn_to_degree,1,test-119,6.733401891837358,4.005971908569336
z_cn_to_degree,1,test-120,2.4849066497880004,3.011629343032837
z_cn_to_degree,1,test-121,2.995732273553991,3.665708541870117
z_cn_to_degree,1,test-122,3.58351893845611,3.70137882232666
z_cn_to_degree,1,test-123,1.791759469228055,3.790461540222168
z_cn_to_degree,1,test-124,2.6390573296152584,2.770481824874878
z_cn_to_degree,1,test-125,2.1972245773362196,3.068269968032837
z_cn_to_degree,1,test-126,2.4849066497880004,5.1103315353393555
z_cn_to_degree,1,test-127,1.791759469228055,2.755772829055786
z_cn_to_degree,1,test-128,3.6635616461296463,4.000668525695801
z_cn_to_degree,1,test-129,2.5649493574615367,2.7220077514648438
z_cn_to_degree,1,test-130,2.995732273553991,4.575896263122559
z_cn_to_degree,1,test-131,3.044522437723423,3.6798181533813477
z_cn_to_degree,1,test-132,3.688879454113936,3.9427573680877686
z_cn_to_degree,1,test-133,5.560681631015528,3.97940993309021
z_cn_to_degree,1,test-134,2.1972245773362196,3.068269968032837
z_cn_to_degree,1,test-135,2.772588722239781,3.9301717281341553
z_cn_to_degree,1,test-136,3.688879454113936,3.7510628700256348
z_cn_to_degree,1,test-137,2.1972245773362196,2.75441575050354
z_cn_to_degree,1,test-138,4.31748811353631,4.13376522064209
z_cn_to_degree,1,test-139,1.791759469228055,2.755772829055786
z_cn_to_degree,1,test-140,3.332204510175204,4.111369609832764
z_cn_to_degree,1,test-141,4.276666119016055,4.170286178588867
z_cn_to_degree,1,test-142,2.70805020110221,3.2554378509521484
z_cn_to_degree,1,test-143,2.0794415416798357,2.7562050819396973
z_cn_to_degree,1,test-144,2.772588722239781,3.9258432388305664
z_cn_to_degree,1,test-145,4.882801922586371,2.8232507705688477
z_cn_to_degree,1,test-146,3.465735902799726,3.188084602355957
z_cn_to_degree,1,test-147,3.332204510175204,4.111369609832764
z_cn_to_degree,1,test-148,6.327936783729195,4.34449577331543
z_cn_to_degree,1,test-149,3.2188758248682006,4.102025985717773
z_cn_to_degree,1,test-150,3.931825632724326,3.9669880867004395
z_cn_to_degree,1,test-151,3.295836866004329,3.007080554962158
z_cn_to_degree,1,test-152,3.4011973816621555,2.7887983322143555
z_cn_to_degree,1,test-153,4.0943445622221,4.4209089279174805
z_cn_to_degree,1,test-154,2.0794415416798357,3.809123992919922
z_cn_to_degree,1,test-155,2.3025850929940455,2.755654811859131
z_cn_to_degree,1,test-156,5.4116460518550396,4.736227989196777
z_cn_to_degree,1,test-157,4.564348191467836,3.4312734603881836
z_cn_to_degree,1,test-158,0.0,2.7554614543914795
z_cn_to_degree,1,test-159,2.70805020110221,3.430555820465088
z_cn_to_degree,1,test-160,2.9444389791664403,2.7698469161987305
z_cn_to_degree,1,test-161,1.3862943611198906,2.7524728775024414
z_cn_to_degree,1,test-162,2.8903717578961645,3.618729829788208
z_cn_to_degree,1,test-163,1.791759469228055,2.755772829055786
z_cn_to_degree,1,test-164,5.560681631015528,4.271599769592285
z_cn_to_degree,1,test-165,1.0986122886681098,2.752035140991211
z_cn_to_degree,1,test-166,3.5553480614894135,4.037111282348633
z_cn_to_degree,1,test-167,4.499809670330265,5.3648362159729
z_cn_to_degree,1,test-168,3.5553480614894135,3.2757437229156494
z_cn_to_degree,1,test-169,1.791759469228055,2.755772829055786
z_cn_to_degree,1,test-170,2.0794415416798357,2.7562050819396973
z_cn_to_degree,1,test-171,5.288267030694535,2.843280553817749
z_cn_to_degree,1,test-172,1.3862943611198906,2.7524728775024414
z_cn_to_degree,1,test-173,2.4849066497880004,3.0748116970062256
z_cn_to_degree,1,test-174,3.9120230054281464,4.482181549072266
z_cn_to_degree,1,test-175,4.499809670330265,4.063179969787598
z_cn_to_degree,1,test-176,4.867534450455582,3.3319008350372314
z_cn_to_degree,1,test-177,4.718498871295095,2.8219237327575684
z_cn_to_degree,1,test-178,3.465735902799726,4.1206159591674805
z_cn_to_degree,1,test-179,1.3862943611198906,2.7524728775024414
z_cn_to_degree,1,test-180,3.58351893845611,2.7754523754119873
z_cn_to_degree,1,test-181,3.58351893845611,4.118501663208008
z_cn_to_degree,1,test-182,3.465735902799726,4.1206159591674805
z_cn_to_degree,1,test-183,0.0,2.7554614543914795
z_cn_to_degree,1,test-184,7.24422751560335,7.030368804931641
z_cn_to_degree,1,test-185,3.332204510175204,4.111369609832764
z_cn_to_degree,1,test-186,3.401197381662155,4.047920227050781
z_cn_to_degree,1,test-187,3.332204510175204,4.111369609832764
z_cn_to_degree,1,test-188,2.4849066497880004,3.0748116970062256
z_cn_to_degree,1,test-189,2.1972245773362196,3.068269968032837
z_cn_to_degree,1,test-190,2.70805020110221,3.5580430030822754
z_cn_to_degree,1,test-191,2.0794415416798357,2.7562050819396973
z_cn_to_degree,1,test-192,3.044522437723423,3.3806169033050537
z_cn_to_degree,1,test-193,2.995732273553991,3.9178686141967773
z_cn_to_degree,1,test-194,3.58351893845611,2.7754523754119873
z_cn_to_degree,1,test-195,4.90527477843843,4.3557353019714355
z_cn_to_degree,1,test-196,4.5217885770490405,4.111364841461182
z_cn_to_degree,1,test-197,2.4849066497880004,3.0748116970062256
z_cn_to_degree,1,test-198,4.709530201312334,3.6673874855041504
z_cn_to_degree,1,test-199,1.0986122886681098,2.752035140991211
z_cn_to_degree,1,test-200,1.0986122886681098,2.752035140991211
z_cn_to_degree,1,test-201,1.0986122886681098,2.752035140991211
z_cn_to_degree,1,test-202,3.044522437723423,3.3067126274108887
z_cn_to_degree,1,test-203,2.4849066497880004,3.0748116970062256
z_cn_to_degree,1,test-204,2.6390573296152584,2.846952438354492
z_cn_to_degree,1,test-205,2.1972245773362196,3.068269968032837
z_cn_to_degree,1,test-206,3.58351893845611,4.118501663208008
z_cn_to_degree,1,test-207,4.2484952420493585,3.8147318363189697
z_cn_to_degree,1,test-208,4.0943445622221,4.085827827453613
z_cn_to_degree,1,test-209,4.836281906951478,4.127594470977783
z_cn_to_degree,1,test-210,4.976733742420574,4.2121381759643555
z_cn_to_degree,1,test-211,3.044522437723423,3.7183163166046143
z_cn_to_degree,1,test-212,4.499809670330265,2.804722785949707
z_cn_to_degree,1,test-213,1.3862943611198906,2.7554614543914795
z_cn_to_degree,1,test-214,5.560681631015528,4.189395904541016
z_cn_to_degree,1,test-215,2.0794415416798357,2.7562050819396973
z_cn_to_degree,1,test-216,0.6931471805599453,2.755772829055786
z_cn_to_degree,1,test-217,1.791759469228055,4.125957489013672
z_cn_to_degree,1,test-218,3.044522437723423,3.3067126274108887
z_cn_to_degree,1,test-219,3.58351893845611,4.041699409484863
z_cn_to_degree,1,test-220,2.70805020110221,2.775829315185547
z_cn_to_degree,1,test-221,2.995732273553991,3.9178686141967773
z_cn_to_degree,1,test-222,2.0794415416798357,2.7562050819396973
z_cn_to_degree,1,test-223,3.8712010109078907,3.9567489624023438
z_cn_to_degree,1,test-224,0.0,2.7554614543914795
z_cn_to_degree,1,test-225,3.332204510175204,3.9291188716888428
z_cn_to_degree,1,test-226,2.0794415416798357,2.7562050819396973
z_cn_to_degree,1,test-227,2.772588722239781,3.2506234645843506
z_cn_to_degree,1,test-228,1.791759469228055,2.755772829055786
z_cn_to_degree,1,test-229,2.1972245773362196,3.068269968032837
z_cn_to_degree,1,test-230,3.401197381662156,3.7591447830200195
z_cn_to_degree,1,test-231,4.430816798843313,4.111628532409668
z_cn_to_degree,1,test-232,4.276666119016055,5.556945323944092
z_cn_to_degree,1,test-233,1.791759469228055,2.7524728775024414
z_cn_to_degree,1,test-234,3.58351893845611,4.041699409484863
z_cn_to_degree,1,test-235,3.1780538303479453,3.6312766075134277
z_cn_to_degree,1,test-236,2.8903717578961645,3.2554378509521484
z_cn_to_degree,1,test-237,3.044522437723423,3.3067126274108887
z_cn_to_degree,1,test-238,5.780743515792329,3.704680919647217
z_cn_to_degree,1,test-239,6.327936783729195,5.529151916503906
z_cn_to_degree,1,test-240,0.6931471805599453,2.755772829055786
z_cn_to_degree,1,test-241,2.4849066497880004,2.760963201522827
z_cn_to_degree,1,test-242,2.8903717578961645,3.3719449043273926
z_cn_to_degree,1,test-243,2.1972245773362196,3.426239490509033
z_cn_to_degree,1,test-244,3.044522437723423,3.3067126274108887
z_cn_to_degree,1,test-245,2.70805020110221,3.6132240295410156
z_cn_to_degree,1,test-246,4.74493212836325,5.361672401428223
z_cn_to_degree,1,test-247,1.791759469228055,2.755772829055786
z_cn_to_degree,1,test-248,3.8066624897703196,3.951057195663452
z_cn_to_degree,1,test-249,3.951243718581427,4.121107578277588
z_cn_to_degree,1,test-250,1.3862943611198906,2.7524728775024414
z_cn_to_degree,1,test-251,4.718498871295095,2.8219237327575684
z_cn_to_degree,1,test-252,3.465735902799726,4.1206159591674805
z_cn_to_degree,1,test-253,2.70805020110221,3.2554378509521484
z_cn_to_degree,1,test-254,2.6390573296152584,2.770481824874878
z_cn_to_degree,1,test-255,5.19295685089021,4.058229923248291
z_cn_to_degree,1,test-256,0.0,2.7554614543914795
z_cn_to_degree,1,test-257,5.98141421125448,3.715298652648926
z_cn_to_degree,1,test-258,3.8712010109078907,4.0
z_cn_to_degree,1,test-259,2.9957322735539913,2.756316661834717
z_cn_to_degree,1,test-260,1.0986122886681098,2.752035140991211
z_cn_to_degree,1,test-261,3.401197381662155,4.022523880004883
z_cn_to_degree,1,test-262,2.995732273553991,3.0990848541259766
z_cn_to_degree,1,test-263,2.995732273553991,3.9178686141967773
z_cn_to_degree,1,test-264,4.1588830833596715,4.123470306396484
z_cn_to_degree,1,test-265,4.31748811353631,4.13376522064209
z_cn_to_degree,1,test-266,1.791759469228055,2.8072092533111572
z_cn_to_degree,1,test-267,2.0794415416798357,5.302841663360596
z_cn_to_degree,1,test-268,2.70805020110221,3.2554378509521484
z_cn_to_degree,1,test-269,6.476972362889683,6.3756866455078125
z_cn_to_degree,1,test-270,1.791759469228055,2.755772829055786
z_cn_to_degree,1,test-271,3.044522437723423,2.620551824569702
z_cn_to_degree,1,test-272,3.737669618283368,4.973138809204102
z_cn_to_degree,1,test-273,3.1780538303479453,3.798068046569824
z_cn_to_degree,1,test-274,2.772588722239781,4.326382160186768
z_cn_to_degree,1,test-275,2.70805020110221,3.2554378509521484
z_cn_to_degree,1,test-276,2.0794415416798357,2.75441575050354
z_cn_to_degree,1,test-277,3.332204510175204,4.111369609832764
z_cn_to_degree,1,test-278,5.220355825078324,3.948439598083496
z_cn_to_degree,1,test-279,3.6635616461296463,3.5367560386657715
z_cn_to_degree,1,test-280,2.6390573296152584,2.770481824874878
z_cn_to_degree,1,test-281,2.4849066497880004,3.21956205368042
z_cn_to_degree,1,test-282,3.9512437185814275,2.7678427696228027
z_cn_to_degree,1,test-283,2.995732273553991,3.9178686141967773
z_cn_to_degree,1,test-284,1.6094379124341003,2.7524728775024414
z_cn_to_degree,1,test-285,2.70805020110221,3.2554378509521484
z_cn_to_degree,1,test-286,6.461468176353717,4.589181900024414
z_cn_to_degree,1,test-287,3.044522437723423,3.3067126274108887
z_cn_to_degree,1,test-288,3.4965075614664807,3.6650633811950684
z_cn_to_degree,1,test-289,4.499809670330265,3.9328911304473877
z_cn_to_degree,1,test-290,2.8903717578961645,3.1037189960479736
z_cn_to_degree,1,test-291,5.60947179518496,4.630250453948975
z_cn_to_degree,1,test-292,5.375278407684165,5.993443489074707
z_cn_to_degree,1,test-293,3.6888794541139367,4.569795608520508
z_cn_to_degree,1,test-294,2.1972245773362196,2.871392250061035
z_cn_to_degree,1,test-295,2.3025850929940455,2.7679622173309326
z_cn_to_degree,1,test-296,3.7376696182833684,2.751223564147949
z_cn_to_degree,1,test-297,2.0794415416798357,2.75441575050354
z_cn_to_degree,1,test-298,1.3862943611198906,4.015219688415527
z_cn_to_degree,1,test-299,3.1780538303479453,3.9919986724853516
z_cn_to_degree,1,test-300,2.995732273553991,3.3713667392730713
z_cn_to_degree,1,test-301,1.6094379124341003,2.7524728775024414
z_cn_to_degree,1,test-302,2.4849066497880004,3.5206298828125
z_cn_to_degree,1,test-303,2.0794415416798357,2.7562050819396973
z_cn_to_degree,1,test-304,4.382026634673881,4.11350154876709
z_cn_to_degree,1,test-305,3.332204510175204,3.5814993381500244
z_cn_to_degree,1,test-306,5.556828061699537,4.793643474578857
z_cn_to_degree,1,test-307,2.0794415416798357,2.7562050819396973
z_cn_to_degree,1,test-308,2.0794415416798357,3.092609405517578
z_cn_to_degree,1,test-309,3.58351893845611,3.9318959712982178
z_cn_to_degree,1,test-310,2.1972245773362196,3.068269968032837
z_cn_to_degree,1,test-311,3.8918202981106265,4.162369728088379
z_cn_to_degree,1,test-312,2.4849066497880004,2.7438178062438965
z_cn_to_degree,1,test-313,6.733401891837358,5.662768363952637
z_cn_to_degree,1,test-314,4.941642422609304,4.153482913970947
z_cn_to_degree,1,test-315,1.9459101490553132,2.749466896057129
z_cn_to_degree,1,test-316,2.8903717578961645,2.9237592220306396
z_cn_to_degree,1,test-317,5.4116460518550396,4.587399005889893
z_cn_to_degree,1,test-318,3.332204510175204,4.111369609832764
z_cn_to_degree,1,test-319,6.733401891837358,4.942678451538086
z_cn_to_degree,1,test-320,2.772588722239781,3.9258432388305664
z_cn_to_degree,1,test-321,3.044522437723423,3.3067126274108887
z_cn_to_degree,1,test-322,2.995732273553991,2.9980688095092773
z_cn_to_degree,1,test-323,0.6931471805599453,2.755772829055786
z_cn_to_degree,1,test-324,2.4849066497880004,3.0748116970062256
z_cn_to_degree,1,test-325,2.772588722239781,3.4718968868255615
z_cn_to_degree,1,test-326,3.091042453358316,2.756316661834717
z_cn_to_degree,1,test-327,3.401197381662156,3.63468074798584
z_cn_to_degree,1,test-328,3.688879454113936,3.9427573680877686
z_cn_to_degree,1,test-329,1.6094379124341003,2.7524728775024414
z_cn_to_degree,1,test-330,3.5553480614894135,3.5876641273498535
z_cn_to_degree,1,test-331,3.8712010109078907,4.11032772064209
z_cn_to_degree,1,test-332,2.70805020110221,2.775829315185547
z_cn_to_degree,1,test-333,2.8903717578961645,2.7698469161987305
z_cn_to_degree,1,test-334,2.4849066497880004,2.760963201522827
z_cn_to_degree,1,test-335,4.51085950651685,3.9249212741851807
z_cn_to_degree,1,test-336,2.70805020110221,3.2554378509521484
z_cn_to_degree,1,test-337,3.044522437723423,3.22200345993042
z_cn_to_degree,1,test-338,2.4849066497880004,3.354485511779785
z_cn_to_degree,1,test-339,2.772588722239781,3.7877578735351562
z_cn_to_degree,1,test-340,4.143134726391533,3.2802906036376953
z_cn_to_degree,1,test-341,3.931825632724326,3.8458640575408936
z_cn_to_degree,1,test-342,2.4849066497880004,3.0748116970062256
z_cn_to_degree,1,test-343,4.787491742782047,6.493906021118164
z_cn_to_degree,1,test-344,1.3862943611198906,2.7554614543914795
z_cn_to_degree,1,test-345,3.1780538303479453,3.9688427448272705
z_cn_to_degree,1,test-346,2.4849066497880004,3.30922269821167
z_cn_to_degree,1,test-347,2.4849066497880004,2.6778223514556885
z_cn_to_degree,1,test-348,2.4849066497880004,3.3319780826568604
z_cn_to_degree,1,test-349,3.401197381662155,4.064035892486572
z_cn_to_degree,1,test-350,2.8903717578961645,2.7698469161987305
z_cn_to_degree,1,test-351,3.1780538303479453,3.9919986724853516
z_cn_to_degree,1,test-352,1.3862943611198906,2.7554614543914795
z_cn_to_degree,1,test-353,4.882801922586371,3.0912234783172607
z_cn_to_degree,1,test-354,4.23410650459726,4.010318279266357
z_cn_to_degree,1,test-355,5.6937321388027,5.377946376800537
z_cn_to_degree,1,test-356,0.6931471805599453,2.755772829055786
z_cn_to_degree,1,test-357,1.791759469228055,2.755772829055786
z_cn_to_degree,1,test-358,1.791759469228055,2.755772829055786
z_cn_to_degree,1,test-359,5.966146739123692,4.81880521774292
z_cn_to_degree,1,test-360,3.4965075614664807,3.7267212867736816
z_cn_to_degree,1,test-361,6.733401891837358,4.879369735717773
z_cn_to_degree,1,test-362,5.272999558563747,4.120237350463867
z_cn_to_degree,1,test-363,3.737669618283368,3.8168601989746094
z_cn_to_degree,1,test-364,2.1972245773362196,3.068269968032837
z_cn_to_degree,1,test-365,2.995732273553991,3.9178686141967773
z_cn_to_degree,1,test-366,1.3862943611198906,2.7524728775024414
z_cn_to_degree,1,test-367,6.327936783729195,5.369375705718994
z_cn_to_degree,1,test-368,4.430816798843313,4.496379375457764
z_cn_to_degree,1,test-369,0.0,2.7554614543914795
z_cn_to_degree,1,test-370,2.6390573296152584,3.1293134689331055
z_cn_to_degree,1,test-371,1.6094379124341003,2.7524728775024414
z_cn_to_degree,1,test-372,2.4849066497880004,3.5787787437438965
z_cn_to_degree,1,test-373,3.465735902799726,4.1206159591674805
z_cn_to_degree,1,test-374,2.772588722239781,3.5246996879577637
z_cn_to_degree,1,test-375,2.70805020110221,2.5917394161224365
z_cn_to_degree,1,test-376,4.74493212836325,3.976335048675537
z_cn_to_degree,1,test-377,2.4849066497880004,2.760963201522827
z_cn_to_degree,1,test-378,3.332204510175204,4.111369609832764
z_cn_to_degree,1,test-379,2.4849066497880004,2.760963201522827
z_cn_to_degree,1,test-380,2.8903717578961645,3.6214964389801025
z_cn_to_degree,1,test-381,2.3025850929940455,2.8903841972351074
z_cn_to_degree,1,test-382,1.791759469228055,2.755772829055786
z_cn_to_degree,1,test-383,0.6931471805599453,2.755772829055786
z_cn_to_degree,1,test-384,4.276666119016055,2.815308094024658
z_cn_to_degree,1,test-385,1.791759469228055,2.755772829055786
z_cn_to_degree,1,test-386,1.791759469228055,2.755772829055786
z_cn_to_degree,1,test-387,2.0794415416798357,3.5510573387145996
z_cn_to_degree,1,test-388,2.995732273553991,3.5127248764038086
z_cn_to_degree,1,test-389,2.0794415416798357,2.7562050819396973
z_cn_to_degree,1,test-390,3.044522437723423,3.189049243927002
z_cn_to_degree,1,test-391,2.995732273553991,3.7659456729888916
z_cn_to_degree,1,test-392,0.0,2.7554614543914795
z_cn_to_degree,1,test-393,1.3862943611198906,2.7524728775024414
z_cn_to_degree,1,test-394,2.3025850929940455,2.755654811859131
z_cn_to_degree,1,test-395,3.295836866004329,3.7956583499908447
z_cn_to_degree,1,test-396,1.791759469228055,2.755772829055786
z_cn_to_degree,1,test-397,3.4011973816621555,2.7887983322143555
z_cn_to_degree,1,test-398,2.4849066497880004,2.760963201522827
z_cn_to_degree,1,test-399,2.995732273553991,3.9178686141967773
z_cn_to_degree,1,test-400,2.0794415416798357,3.978532314300537
z_cn_to_degree,1,test-401,2.0794415416798357,3.544456720352173
z_cn_to_degree,1,test-402,3.1780538303479453,3.529940605163574
z_cn_to_degree,1,test-403,3.828641396489095,2.7828149795532227
z_cn_to_degree,1,test-404,4.90527477843843,3.516352415084839
z_cn_to_degree,1,test-405,1.791759469228055,2.7524728775024414
z_cn_to_degree,1,test-406,3.401197381662155,4.064035892486572
z_cn_to_degree,1,test-407,1.3862943611198906,3.0385491847991943
z_cn_to_degree,1,test-408,2.8903717578961645,2.7698469161987305
z_cn_to_degree,1,test-409,4.276666119016055,2.622008800506592
z_cn_to_degree,1,test-410,0.6931471805599453,2.755772829055786
z_cn_to_degree,1,test-411,3.5553480614894135,4.037111282348633
z_cn_to_degree,1,test-412,2.8903717578961645,3.7329137325286865
z_cn_to_degree,1,test-413,3.332204510175204,4.03903865814209
z_cn_to_degree,1,test-414,5.342334251964811,4.3047027587890625
z_cn_to_degree,1,test-415,2.890371757896165,3.8417186737060547
z_cn_to_degree,1,test-416,3.401197381662155,3.2676846981048584
z_cn_to_degree,1,test-417,3.091042453358316,2.756316661834717
z_cn_to_degree,1,test-418,2.995732273553991,3.9178686141967773
z_cn_to_degree,1,test-419,3.401197381662155,4.169137001037598
z_cn_to_degree,1,test-420,4.787491742782046,3.3639039993286133
z_cn_to_degree,1,test-421,4.430816798843313,4.111628532409668
z_cn_to_degree,1,test-422,2.8903717578961645,3.616377115249634
z_cn_to_degree,1,test-423,2.0794415416798357,2.7562050819396973
z_cn_to_degree,1,test-424,3.1780538303479458,3.460211992263794
z_cn_to_degree,1,test-425,1.9459101490553132,2.749466896057129
z_cn_to_degree,1,test-426,2.995732273553991,3.3646390438079834
z_cn_to_degree,1,test-427,2.1972245773362196,3.068269968032837
z_cn_to_degree,1,test-428,1.3862943611198906,3.0385491847991943
z_cn_to_degree,1,test-429,3.401197381662156,3.63468074798584
z_cn_to_degree,1,test-430,3.332204510175204,2.734956741333008
z_cn_to_degree,1,test-431,2.0794415416798357,2.7562050819396973
z_cn_to_degree,1,test-432,2.4849066497880004,3.0748116970062256
z_cn_to_degree,1,test-433,3.6888794541139367,3.2554502487182617
z_cn_to_degree,1,test-434,2.70805020110221,3.350994110107422
z_cn_to_degree,1,test-435,2.4849066497880004,2.907698392868042
z_cn_to_degree,1,test-436,4.718498871295095,2.8219237327575684
z_cn_to_degree,1,test-437,5.634789603169249,4.486677646636963
z_cn_to_degree,1,test-438,4.68213122712422,3.6140241622924805
z_cn_to_degree,1,test-439,1.791759469228055,2.755772829055786
z_cn_to_degree,1,test-440,3.9889840465642745,4.548645973205566
z_cn_to_degree,1,test-441,6.327936783729195,6.384526252746582
z_cn_to_degree,1,test-442,3.044522437723423,3.031230926513672
z_cn_to_degree,1,test-443,2.70805020110221,3.3897438049316406
z_cn_to_degree,1,test-444,1.0986122886681098,2.752035140991211
z_cn_to_degree,1,test-445,2.995732273553991,3.3422207832336426
z_cn_to_degree,1,test-446,2.772588722239781,3.572300672531128
z_cn_to_degree,1,test-447,2.995732273553991,3.9481401443481445
z_cn_to_degree,1,test-448,1.791759469228055,2.7524728775024414
z_cn_to_degree,1,test-449,1.3862943611198906,3.0385491847991943
z_cn_to_degree,1,test-450,2.4849066497880004,3.575737237930298
z_cn_to_degree,1,test-451,7.50659178007084,5.982269763946533
z_cn_to_degree,1,test-452,3.951243718581427,4.121107578277588
z_cn_to_degree,1,test-453,3.5553480614894135,5.695625305175781
z_cn_to_degree,1,test-454,2.70805020110221,3.2554378509521484
z_cn_to_degree,1,test-455,3.258096538021482,3.247319221496582
z_cn_to_degree,1,test-456,5.634789603169249,3.0684351921081543
z_cn_to_degree,1,test-457,0.6931471805599453,2.755772829055786
z_cn_to_degree,1,test-458,2.772588722239781,3.9258432388305664
z_cn_to_degree,1,test-459,3.401197381662156,3.047132730484009
z_cn_to_degree,1,test-460,2.995732273553991,3.7840914726257324
z_cn_to_degree,1,test-461,3.044522437723423,3.4588446617126465
z_cn_to_degree,1,test-462,2.1972245773362196,2.75441575050354
z_cn_to_degree,1,test-463,1.791759469228055,3.2065541744232178
z_cn_to_degree,1,test-464,3.1780538303479458,2.8795948028564453
z_cn_to_degree,1,test-465,2.1972245773362196,2.75441575050354
z_cn_to_degree,1,test-466,3.401197381662155,4.5198516845703125
z_cn_to_degree,1,test-467,6.327936783729195,5.6804704666137695
z_cn_to_degree,1,test-468,2.995732273553991,3.9178686141967773
z_cn_to_degree,1,test-469,3.044522437723423,3.3067126274108887
z_cn_to_degree,1,test-470,1.0986122886681098,2.752035140991211
z_cn_to_degree,1,test-471,3.401197381662155,3.4476258754730225
z_cn_to_degree,1,test-472,2.3025850929940455,2.755654811859131
z_cn_to_degree,1,test-473,6.040254711277414,3.3512909412384033
z_cn_to_degree,1,test-474,4.90527477843843,3.035205125808716
z_cn_to_degree,1,test-475,2.1972245773362196,2.871392250061035
z_cn_to_degree,1,test-476,2.0794415416798357,2.7562050819396973
z_cn_to_degree,1,test-477,2.8903717578961645,3.2554378509521484
z_cn_to_degree,1,test-478,3.1780538303479453,3.4027581214904785
z_cn_to_degree,1,test-479,2.995732273553991,3.094193696975708
z_cn_to_degree,1,test-480,4.276666119016055,3.8326849937438965
z_cn_to_degree,1,test-481,2.4849066497880004,2.760963201522827
z_cn_to_degree,1,test-482,3.295836866004329,3.738755226135254
z_cn_to_degree,1,test-483,3.1780538303479453,2.8060359954833984
z_cn_to_degree,1,test-484,2.0794415416798357,2.7562050819396973
z_cn_to_degree,1,test-485,3.332204510175204,4.111369609832764
z_cn_to_degree,1,test-486,1.3862943611198906,2.7524728775024414
z_cn_to_degree,1,test-487,4.356708826689592,3.970456123352051
z_cn_to_degree,1,test-488,2.0794415416798357,2.7562050819396973
z_cn_to_degree,1,test-489,2.9957322735539913,2.756316661834717
z_cn_to_degree,1,test-490,0.6931471805599453,2.755772829055786
z_cn_to_degree,1,test-491,2.0794415416798357,2.7562050819396973
z_cn_to_degree,1,test-492,4.31748811353631,5.467166900634766
z_cn_to_degree,1,test-493,3.58351893845611,4.191976547241211
z_cn_to_degree,1,test-494,0.0,2.7554614543914795
z_cn_to_degree,1,test-495,5.272999558563747,4.120237350463867
z_cn_to_degree,1,test-496,1.791759469228055,2.755772829055786
z_cn_to_degree,1,test-497,3.7376696182833684,3.174668312072754
z_cn_to_degree,1,test-498,2.4849066497880004,2.760963201522827
z_cn_to_degree,1,test-499,3.8712010109078907,4.968644618988037
z_cn_to_degree,1,test-500,6.040254711277414,4.11396598815918
z_cn_to_degree,1,test-501,3.332204510175204,2.9230377674102783
z_cn_to_degree,1,test-502,3.332204510175204,3.220266103744507
z_cn_to_degree,1,test-503,4.700480365792417,6.0389790534973145
z_cn_to_degree,1,test-504,4.499809670330265,4.28041934967041
z_cn_to_degree,1,test-505,2.1972245773362196,2.7741892337799072
z_cn_to_degree,1,test-506,3.688879454113936,3.9427573680877686
z_cn_to_degree,1,test-507,2.6390573296152584,2.770481824874878
z_cn_to_degree,1,test-508,4.276666119016055,5.87643575668335
z_cn_to_degree,1,test-509,3.8712010109078907,3.966240406036377
z_cn_to_degree,1,test-510,4.442651256490317,4.432011604309082
z_cn_to_degree,1,test-511,5.634789603169249,3.0684351921081543
z_residual_to_degree,1,test-0,4.6443908991413725,3.6477556228637695
z_residual_to_degree,1,test-1,3.9889840465642745,3.790381669998169
z_residual_to_degree,1,test-2,4.584967478670571,3.3826425075531006
z_residual_to_degree,1,test-3,3.1780538303479453,3.3471639156341553
z_residual_to_degree,1,test-4,4.77912349311153,3.1774439811706543
z_residual_to_degree,1,test-5,3.8066624897703196,3.3720293045043945
z_residual_to_degree,1,test-6,5.966146739123692,3.435072660446167
z_residual_to_degree,1,test-7,3.6635616461296463,4.627786636352539
z_residual_to_degree,1,test-8,3.044522437723423,3.580695390701294
z_residual_to_degree,1,test-9,3.6888794541139367,5.36295223236084
z_residual_to_degree,1,test-10,3.401197381662155,3.411255359649658
z_residual_to_degree,1,test-11,3.9120230054281464,3.3328750133514404
z_residual_to_degree,1,test-12,0.6931471805599453,3.8825807571411133
z_residual_to_degree,1,test-13,4.74493212836325,3.3110244274139404
z_residual_to_degree,1,test-14,4.0943445622221,4.0278120040893555
z_residual_to_degree,1,test-15,1.791759469228055,3.421011447906494
z_residual_to_degree,1,test-16,4.394449154672439,3.756546974182129
z_residual_to_degree,1,test-17,4.718498871295095,3.9598240852355957
z_residual_to_degree,1,test-18,0.6931471805599453,1.924790859222412
z_residual_to_degree,1,test-19,3.044522437723423,4.763181209564209
z_residual_to_degree,1,test-20,3.1780538303479458,3.3792834281921387
z_residual_to_degree,1,test-21,3.465735902799726,3.333361864089966
z_residual_to_degree,1,test-22,3.401197381662155,3.5587985515594482
z_residual_to_degree,1,test-23,1.0986122886681098,1.7048978805541992
z_residual_to_degree,1,test-24,3.5553480614894135,3.274754762649536
z_residual_to_degree,1,test-25,4.189654742026425,1.4538967609405518
z_residual_to_degree,1,test-26,2.3025850929940455,3.081730842590332
z_residual_to_degree,1,test-27,3.465735902799726,3.619142770767212
z_residual_to_degree,1,test-28,2.8903717578961645,3.652508497238159
z_residual_to_degree,1,test-29,3.688879454113936,3.672941207885742
z_residual_to_degree,1,test-30,4.882801922586371,3.625753164291382
z_residual_to_degree,1,test-31,4.553876891600541,3.4868171215057373
z_residual_to_degree,1,test-32,3.58351893845611,3.5504770278930664
z_residual_to_degree,1,test-33,3.58351893845611,3.501105308532715
z_residual_to_degree,1,test-34,3.1780538303479453,3.0377726554870605
z_residual_to_degree,1,test-35,2.772588722239781,2.7847867012023926
z_residual_to_degree,1,test-36,1.3862943611198906,3.2030391693115234
z_residual_to_degree,1,test-37,2.3025850929940455,3.604717254638672
z_residual_to_degree,1,test-38,3.9889840465642745,3.37253475189209
z_residual_to_degree,1,test-39,1.791759469228055,4.048269748687744
z_residual_to_degree,1,test-40,3.951243718581427,3.079237461090088
z_residual_to_degree,1,test-41,3.6888794541139367,1.2309331893920898
z_residual_to_degree,1,test-42,6.040254711277414,4.4525227546691895
z_residual_to_degree,1,test-43,2.4849066497880004,3.852810859680176
z_residual_to_degree,1,test-44,3.1780538303479453,3.305131435394287
z_residual_to_degree,1,test-45,0.6931471805599453,2.6668548583984375
z_residual_to_degree,1,test-46,4.941642422609304,3.4905898571014404
z_residual_to_degree,1,test-47,0.0,2.109727144241333
z_residual_to_degree,1,test-48,2.8903717578961645,3.380086660385132
z_residual_to_degree,1,test-49,6.040254711277414,4.354968547821045
z_residual_to_degree,1,test-50,3.332204510175204,3.3316330909729004
z_residual_to_degree,1,test-51,2.995732273553991,3.331516742706299
z_residual_to_degree,1,test-52,6.327936783729195,4.298093318939209
z_residual_to_degree,1,test-53,2.8903717578961645,3.5499889850616455
z_residual_to_degree,1,test-54,2.6390573296152584,3.1832268238067627
z_residual_to_degree,1,test-55,4.927253685157204,3.4292171001434326
z_residual_to_degree,1,test-56,2.70805020110221,3.76090145111084
z_residual_to_degree,1,test-57,5.272999558563747,3.352341890335083
z_residual_to_degree,1,test-58,3.9889840465642745,3.4333879947662354
z_residual_to_degree,1,test-59,2.0794415416798357,3.2326242923736572
z_residual_to_degree,1,test-60,4.7535901911063645,3.520397901535034
z_residual_to_degree,1,test-61,2.1972245773362196,1.9714224338531494
z_residual_to_degree,1,test-62,2.3978952727983707,3.699889898300171
z_residual_to_degree,1,test-63,1.3862943611198906,3.7068285942077637
z_residual_to_degree,1,test-64,3.58351893845611,3.097613573074341
z_residual_to_degree,1,test-65,2.8903717578961645,3.2684686183929443
z_residual_to_degree,1,test-66,2.4849066497880004,3.524935722351074
z_residual_to_degree,1,test-67,2.4849066497880004,2.712458610534668
z_residual_to_degree,1,test-68,4.90527477843843,4.410662651062012
z_residual_to_degree,1,test-69,3.2188758248682006,3.322030782699585
z_residual_to_degree,1,test-70,2.995732273553991,3.398073673248291
z_residual_to_degree,1,test-71,4.0943445622221,3.342679023742676
z_residual_to_degree,1,test-72,1.791759469228055,3.2631967067718506
z_residual_to_degree,1,test-73,3.951243718581427,3.9176251888275146
z_residual_to_degree,1,test-74,2.70805020110221,3.4041576385498047
z_residual_to_degree,1,test-75,3.044522437723423,3.088160276412964
z_residual_to_degree,1,test-76,1.0986122886681098,0.9277679920196533
z_residual_to_degree,1,test-77,3.044522437723423,3.1694161891937256
z_residual_to_degree,1,test-78,1.3862943611198906,3.951641082763672
z_residual_to_degree,1,test-79,1.791759469228055,3.657468318939209
z_residual_to_degree,1,test-80,3.688879454113936,3.2600033283233643
z_residual_to_degree,1,test-81,3.58351893845611,3.471553087234497
z_residual_to_degree,1,test-82,3.465735902799726,3.3679261207580566
z_residual_to_degree,1,test-83,4.025351690735149,3.6510519981384277
z_residual_to_degree,1,test-84,4.718498871295094,2.429652214050293
z_residual_to_degree,1,test-85,3.9889840465642745,3.4907643795013428
z_residual_to_degree,1,test-86,3.332204510175204,4.131694793701172
z_residual_to_degree,1,test-87,2.70805020110221,3.904744863510132
z_residual_to_degree,1,test-88,2.6390573296152584,3.2203023433685303
z_residual_to_degree,1,test-89,3.332204510175204,3.3509607315063477
z_residual_to_degree,1,test-90,2.4849066497880004,2.612558364868164
z_residual_to_degree,1,test-91,2.0794415416798357,3.2028496265411377
z_residual_to_degree,1,test-92,3.1780538303479453,3.8945376873016357
z_residual_to_degree,1,test-93,5.272999558563747,3.872673511505127
z_residual_to_degree,1,test-94,2.4849066497880004,4.514817237854004
z_residual_to_degree,1,test-95,3.401197381662156,3.6404619216918945
z_residual_to_degree,1,test-96,7.50659178007084,4.068426132202148
z_residual_to_degree,1,test-97,4.465908118654584,4.745761871337891
z_residual_to_degree,1,test-98,2.3025850929940455,3.232038974761963
z_residual_to_degree,1,test-99,2.70805020110221,3.1629140377044678
z_residual_to_degree,1,test-100,3.58351893845611,3.4791295528411865
z_residual_to_degree,1,test-101,2.70805020110221,3.1105809211730957
z_residual_to_degree,1,test-102,4.02535169073515,1.6953544616699219
z_residual_to_degree,1,test-103,2.772588722239781,2.786268711090088
z_residual_to_degree,1,test-104,2.1972245773362196,3.4872796535491943
z_residual_to_degree,1,test-105,1.0986122886681098,2.787663698196411
z_residual_to_degree,1,test-106,3.5263605246161616,3.254716157913208
z_residual_to_degree,1,test-107,0.6931471805599453,1.053018569946289
z_residual_to_degree,1,test-108,6.327936783729195,1.575103759765625
z_residual_to_degree,1,test-109,3.58351893845611,3.0310890674591064
z_residual_to_degree,1,test-110,2.0794415416798357,3.5801236629486084
z_residual_to_degree,1,test-111,2.8903717578961645,2.6961231231689453
z_residual_to_degree,1,test-112,5.0106352940962555,3.8659591674804688
z_residual_to_degree,1,test-113,3.688879454113936,3.421497344970703
z_residual_to_degree,1,test-114,1.3862943611198906,1.0748801231384277
z_residual_to_degree,1,test-115,1.3862943611198906,3.2026569843292236
z_residual_to_degree,1,test-116,7.3395376954076745,4.373330116271973
z_residual_to_degree,1,test-117,4.304065093204169,3.5170910358428955
z_residual_to_degree,1,test-118,3.2188758248682006,2.3916642665863037
z_residual_to_degree,1,test-119,6.733401891837358,0.9151284694671631
z_residual_to_degree,1,test-120,2.4849066497880004,3.211329698562622
z_residual_to_degree,1,test-121,2.995732273553991,3.487957239151001
z_residual_to_degree,1,test-122,3.58351893845611,3.3867647647857666
z_residual_to_degree,1,test-123,1.791759469228055,3.3180222511291504
z_residual_to_degree,1,test-124,2.6390573296152584,3.9099388122558594
z_residual_to_degree,1,test-125,2.1972245773362196,3.189192295074463
z_residual_to_degree,1,test-126,2.4849066497880004,4.013556957244873
z_residual_to_degree,1,test-127,1.791759469228055,3.065713405609131
z_residual_to_degree,1,test-128,3.6635616461296463,3.536667585372925
z_residual_to_degree,1,test-129,2.5649493574615367,3.024855136871338
z_residual_to_degree,1,test-130,2.995732273553991,3.339111804962158
z_residual_to_degree,1,test-131,3.044522437723423,3.610886335372925
z_residual_to_degree,1,test-132,3.688879454113936,3.462630033493042
z_residual_to_degree,1,test-133,5.560681631015528,3.4358861446380615
z_residual_to_degree,1,test-134,2.1972245773362196,3.0357823371887207
z_residual_to_degree,1,test-135,2.772588722239781,3.399102210998535
z_residual_to_degree,1,test-136,3.688879454113936,3.467301845550537
z_residual_to_degree,1,test-137,2.1972245773362196,2.0656466484069824
z_residual_to_degree,1,test-138,4.31748811353631,4.577366352081299
z_residual_to_degree,1,test-139,1.791759469228055,5.451372146606445
z_residual_to_degree,1,test-140,3.332204510175204,3.060222625732422
z_residual_to_degree,1,test-141,4.276666119016055,3.64947247505188
z_residual_to_degree,1,test-142,2.70805020110221,3.5571444034576416
z_residual_to_degree,1,test-143,2.0794415416798357,3.1808085441589355
z_residual_to_degree,1,test-144,2.772588722239781,3.6185097694396973
z_residual_to_degree,1,test-145,4.882801922586371,4.114284992218018
z_residual_to_degree,1,test-146,3.465735902799726,3.5024797916412354
z_residual_to_degree,1,test-147,3.332204510175204,4.198368072509766
z_residual_to_degree,1,test-148,6.327936783729195,4.54418420791626
z_residual_to_degree,1,test-149,3.2188758248682006,3.3408589363098145
z_residual_to_degree,1,test-150,3.931825632724326,3.3315393924713135
z_residual_to_degree,1,test-151,3.295836866004329,3.389533281326294
z_residual_to_degree,1,test-152,3.4011973816621555,3.029550552368164
z_residual_to_degree,1,test-153,4.0943445622221,3.438884973526001
z_residual_to_degree,1,test-154,2.0794415416798357,3.3416073322296143
z_residual_to_degree,1,test-155,2.3025850929940455,3.469650983810425
z_residual_to_degree,1,test-156,5.4116460518550396,3.2464940547943115
z_residual_to_degree,1,test-157,4.564348191467836,2.666391372680664
z_residual_to_degree,1,test-158,0.0,2.921126127243042
z_residual_to_degree,1,test-159,2.70805020110221,4.099462032318115
z_residual_to_degree,1,test-160,2.9444389791664403,3.5338826179504395
z_residual_to_degree,1,test-161,1.3862943611198906,3.80499529838562
z_residual_to_degree,1,test-162,2.8903717578961645,3.201127052307129
z_residual_to_degree,1,test-163,1.791759469228055,3.221426010131836
z_residual_to_degree,1,test-164,5.560681631015528,3.9061837196350098
z_residual_to_degree,1,test-165,1.0986122886681098,2.2999298572540283
z_residual_to_degree,1,test-166,3.5553480614894135,3.869455099105835
z_residual_to_degree,1,test-167,4.499809670330265,3.5729615688323975
z_residual_to_degree,1,test-168,3.5553480614894135,3.376852512359619
z_residual_to_degree,1,test-169,1.791759469228055,3.606733560562134
z_residual_to_degree,1,test-170,2.0794415416798357,3.378936529159546
z_residual_to_degree,1,test-171,5.288267030694535,4.43325662612915
z_residual_to_degree,1,test-172,1.3862943611198906,2.786349296569824
z_residual_to_degree,1,test-173,2.4849066497880004,3.383971691131592
z_residual_to_degree,1,test-174,3.9120230054281464,3.0817344188690186
z_residual_to_degree,1,test-175,4.499809670330265,3.3072731494903564
z_residual_to_degree,1,test-176,4.867534450455582,1.7152693271636963
z_residual_to_degree,1,test-177,4.718498871295095,3.99428653717041
z_residual_to_degree,1,test-178,3.465735902799726,3.381077289581299
z_residual_to_degree,1,test-179,1.3862943611198906,0.6486673355102539
z_residual_to_degree,1,test-180,3.58351893845611,2.5399091243743896
z_residual_to_degree,1,test-181,3.58351893845611,3.279475450515747
z_residual_to_degree,1,test-182,3.465735902799726,4.059194564819336
z_residual_to_degree,1,test-183,0.0,2.0545670986175537
z_residual_to_degree,1,test-184,7.24422751560335,3.95318865776062
z_residual_to_degree,1,test-185,3.332204510175204,3.2693099975585938
z_residual_to_degree,1,test-186,3.401197381662155,3.2631988525390625
z_residual_to_degree,1,test-187,3.332204510175204,3.768054485321045
z_residual_to_degree,1,test-188,2.4849066497880004,4.364818572998047
z_residual_to_degree,1,test-189,2.1972245773362196,3.3512940406799316
z_residual_to_degree,1,test-190,2.70805020110221,3.593787431716919
z_residual_to_degree,1,test-191,2.0794415416798357,3.934840679168701
z_residual_to_degree,1,test-192,3.044522437723423,3.277874708175659
z_residual_to_degree,1,test-193,2.995732273553991,3.586543083190918
z_residual_to_degree,1,test-194,3.58351893845611,4.424878120422363
z_residual_to_degree,1,test-195,4.90527477843843,5.6212005615234375
z_residual_to_degree,1,test-196,4.5217885770490405,3.4884932041168213
z_residual_to_degree,1,test-197,2.4849066497880004,3.799870729446411
z_residual_to_degree,1,test-198,4.709530201312334,3.724004030227661
z_residual_to_degree,1,test-199,1.0986122886681098,2.8941149711608887
z_residual_to_degree,1,test-200,1.0986122886681098,3.3180618286132812
z_residual_to_degree,1,test-201,1.0986122886681098,2.320577621459961
z_residual_to_degree,1,test-202,3.044522437723423,3.183349609375
z_residual_to_degree,1,test-203,2.4849066497880004,3.0919933319091797
z_residual_to_degree,1,test-204,2.6390573296152584,3.6936752796173096
z_residual_to_degree,1,test-205,2.1972245773362196,3.508179187774658
z_residual_to_degree,1,test-206,3.58351893845611,3.7538297176361084
z_residual_to_degree,1,test-207,4.2484952420493585,3.332622528076172
z_residual_to_degree,1,test-208,4.0943445622221,3.887327194213867
z_residual_to_degree,1,test-209,4.836281906951478,3.6524131298065186
z_residual_to_degree,1,test-210,4.976733742420574,3.4823150634765625
z_residual_to_degree,1,test-211,3.044522437723423,3.070854663848877
z_residual_to_degree,1,test-212,4.499809670330265,4.333712577819824
z_residual_to_degree,1,test-213,1.3862943611198906,0.3585052490234375
z_residual_to_degree,1,test-214,5.560681631015528,3.342862844467163
z_residual_to_degree,1,test-215,2.0794415416798357,4.123196601867676
z_residual_to_degree,1,test-216,0.6931471805599453,2.1447856426239014
z_residual_to_degree,1,test-217,1.791759469228055,5.312063217163086
z_residual_to_degree,1,test-218,3.044522437723423,2.6310982704162598
z_residual_to_degree,1,test-219,3.58351893845611,3.246910333633423
z_residual_to_degree,1,test-220,2.70805020110221,4.568539619445801
z_residual_to_degree,1,test-221,2.995732273553991,4.098898410797119
z_residual_to_degree,1,test-222,2.0794415416798357,4.475869178771973
z_residual_to_degree,1,test-223,3.8712010109078907,3.183257818222046
z_residual_to_degree,1,test-224,0.0,1.5492277145385742
z_residual_to_degree,1,test-225,3.332204510175204,3.176392078399658
z_residual_to_degree,1,test-226,2.0794415416798357,3.564666748046875
z_residual_to_degree,1,test-227,2.772588722239781,3.0924081802368164
z_residual_to_degree,1,test-228,1.791759469228055,1.5937682390213013
z_residual_to_degree,1,test-229,2.1972245773362196,3.295246124267578
z_residual_to_degree,1,test-230,3.401197381662156,3.4761343002319336
z_residual_to_degree,1,test-231,4.430816798843313,3.6668388843536377
z_residual_to_degree,1,test-232,4.276666119016055,3.846890926361084
z_residual_to_degree,1,test-233,1.791759469228055,1.982950210571289
z_residual_to_degree,1,test-234,3.58351893845611,2.9070382118225098
z_residual_to_degree,1,test-235,3.1780538303479453,3.636023998260498
z_residual_to_degree,1,test-236,2.8903717578961645,3.752772092819214
z_residual_to_degree,1,test-237,3.044522437723423,3.215449810028076
z_residual_to_degree,1,test-238,5.780743515792329,3.5800864696502686
z_residual_to_degree,1,test-239,6.327936783729195,4.659076690673828
z_residual_to_degree,1,test-240,0.6931471805599453,1.761489748954773
z_residual_to_degree,1,test-241,2.4849066497880004,3.1814820766448975
z_residual_to_degree,1,test-242,2.8903717578961645,3.0972797870635986
z_residual_to_degree,1,test-243,2.1972245773362196,3.836276054382324
z_residual_to_degree,1,test-244,3.044522437723423,3.5801753997802734
z_residual_to_degree,1,test-245,2.70805020110221,3.1847639083862305
z_residual_to_degree,1,test-246,4.74493212836325,3.4633798599243164
z_residual_to_degree,1,test-247,1.791759469228055,4.8911919593811035
z_residual_to_degree,1,test-248,3.8066624897703196,3.703413248062134
z_residual_to_degree,1,test-249,3.951243718581427,3.8524169921875
z_residual_to_degree,1,test-250,1.3862943611198906,1.128481388092041
z_residual_to_degree,1,test-251,4.718498871295095,5.045771598815918
z_residual_to_degree,1,test-252,3.465735902799726,3.6064274311065674
z_residual_to_degree,1,test-253,2.70805020110221,2.6164636611938477
z_residual_to_degree,1,test-254,2.6390573296152584,3.517944574356079
z_residual_to_degree,1,test-255,5.19295685089021,3.5026698112487793
z_residual_to_degree,1,test-256,0.0,2.572178363800049
z_residual_to_degree,1,test-257,5.98141421125448,3.843613386154175
z_residual_to_degree,1,test-258,3.8712010109078907,3.3801381587982178
z_residual_to_degree,1,test-259,2.9957322735539913,3.6969833374023438
z_residual_to_degree,1,test-260,1.0986122886681098,2.8954949378967285
z_residual_to_degree,1,test-261,3.401197381662155,3.723233222961426
z_residual_to_degree,1,test-262,2.995732273553991,3.3508973121643066
z_residual_to_degree,1,test-263,2.995732273553991,3.0917277336120605
z_residual_to_degree,1,test-264,4.1588830833596715,3.366061210632324
z_residual_to_degree,1,test-265,4.31748811353631,4.543512344360352
z_residual_to_degree,1,test-266,1.791759469228055,3.1169087886810303
z_residual_to_degree,1,test-267,2.0794415416798357,3.616544008255005
z_residual_to_degree,1,test-268,2.70805020110221,4.972802639007568
z_residual_to_degree,1,test-269,6.476972362889683,3.3767707347869873
z_residual_to_degree,1,test-270,1.791759469228055,3.3068594932556152
z_residual_to_degree,1,test-271,3.044522437723423,3.5535120964050293
z_residual_to_degree,1,test-272,3.737669618283368,3.6438798904418945
z_residual_to_degree,1,test-273,3.1780538303479453,3.338649272918701
z_residual_to_degree,1,test-274,2.772588722239781,3.476907730102539
z_residual_to_degree,1,test-275,2.70805020110221,3.397535800933838
z_residual_to_degree,1,test-276,2.0794415416798357,1.7652223110198975
z_residual_to_degree,1,test-277,3.332204510175204,4.376113414764404
z_residual_to_degree,1,test-278,5.220355825078324,3.3889122009277344
z_residual_to_degree,1,test-279,3.6635616461296463,3.3944292068481445
z_residual_to_degree,1,test-280,2.6390573296152584,1.4794319868087769
z_residual_to_degree,1,test-281,2.4849066497880004,3.2572450637817383
z_residual_to_degree,1,test-282,3.9512437185814275,5.879185676574707
z_residual_to_degree,1,test-283,2.995732273553991,3.125636339187622
z_residual_to_degree,1,test-284,1.6094379124341003,2.667872190475464
z_residual_to_degree,1,test-285,2.70805020110221,2.5684239864349365
z_residual_to_degree,1,test-286,6.461468176353717,3.76816725730896
z_residual_to_degree,1,test-287,3.044522437723423,3.187067747116089
z_residual_to_degree,1,test-288,3.4965075614664807,3.547027587890625
z_residual_to_degree,1,test-289,4.499809670330265,3.397644281387329
z_residual_to_degree,1,test-290,2.8903717578961645,3.222358465194702
z_residual_to_degree,1,test-291,5.60947179518496,3.808371067047119
z_residual_to_degree,1,test-292,5.375278407684165,3.128781318664551
z_residual_to_degree,1,test-293,3.6888794541139367,3.6851518154144287
z_residual_to_degree,1,test-294,2.1972245773362196,3.433851480484009
z_residual_to_degree,1,test-295,2.3025850929940455,2.7916219234466553
z_residual_to_degree,1,test-296,3.7376696182833684,4.890876770019531
z_residual_to_degree,1,test-297,2.0794415416798357,2.3865251541137695
z_residual_to_degree,1,test-298,1.3862943611198906,3.3034749031066895
z_residual_to_degree,1,test-299,3.1780538303479453,3.8328075408935547
z_residual_to_degree,1,test-300,2.995732273553991,3.387864112854004
z_residual_to_degree,1,test-301,1.6094379124341003,3.1329729557037354
z_residual_to_degree,1,test-302,2.4849066497880004,3.2268729209899902
z_residual_to_degree,1,test-303,2.0794415416798357,4.0322041511535645
z_residual_to_degree,1,test-304,4.382026634673881,4.114829063415527
z_residual_to_degree,1,test-305,3.332204510175204,3.245364189147949
z_residual_to_degree,1,test-306,5.556828061699537,3.4677858352661133
z_residual_to_degree,1,test-307,2.0794415416798357,3.6642520427703857
z_residual_to_degree,1,test-308,2.0794415416798357,3.2249460220336914
z_residual_to_degree,1,test-309,3.58351893845611,3.8647873401641846
z_residual_to_degree,1,test-310,2.1972245773362196,3.470383882522583
z_residual_to_degree,1,test-311,3.8918202981106265,3.276503086090088
z_residual_to_degree,1,test-312,2.4849066497880004,1.653194785118103
z_residual_to_degree,1,test-313,6.733401891837358,4.311000823974609
z_residual_to_degree,1,test-314,4.941642422609304,3.183027982711792
z_residual_to_degree,1,test-315,1.9459101490553132,1.2141332626342773
z_residual_to_degree,1,test-316,2.8903717578961645,3.4801762104034424
z_residual_to_degree,1,test-317,5.4116460518550396,3.3475592136383057
z_residual_to_degree,1,test-318,3.332204510175204,3.2609801292419434
z_residual_to_degree,1,test-319,6.733401891837358,4.055459976196289
z_residual_to_degree,1,test-320,2.772588722239781,3.632822036743164
z_residual_to_degree,1,test-321,3.044522437723423,3.685441255569458
z_residual_to_degree,1,test-322,2.995732273553991,3.062549114227295
z_residual_to_degree,1,test-323,0.6931471805599453,3.1558895111083984
z_residual_to_degree,1,test-324,2.4849066497880004,3.5474460124969482
z_residual_to_degree,1,test-325,2.772588722239781,3.263814687728882
z_residual_to_degree,1,test-326,3.091042453358316,3.1378540992736816
z_residual_to_degree,1,test-327,3.401197381662156,3.250332832336426
z_residual_to_degree,1,test-328,3.688879454113936,3.476886034011841
z_residual_to_degree,1,test-329,1.6094379124341003,3.0977699756622314
z_residual_to_degree,1,test-330,3.5553480614894135,3.524848699569702
z_residual_to_degree,1,test-331,3.8712010109078907,3.905463457107544
z_residual_to_degree,1,test-332,2.70805020110221,2.978212594985962
z_residual_to_degree,1,test-333,2.8903717578961645,3.860532760620117
z_residual_to_degree,1,test-334,2.4849066497880004,3.5976109504699707
z_residual_to_degree,1,test-335,4.51085950651685,3.0619053840637207
z_residual_to_degree,1,test-336,2.70805020110221,4.185120582580566
z_residual_to_degree,1,test-337,3.044522437723423,3.806854009628296
z_residual_to_degree,1,test-338,2.4849066497880004,3.436337947845459
z_residual_to_degree,1,test-339,2.772588722239781,3.4330973625183105
z_residual_to_degree,1,test-340,4.143134726391533,3.5981431007385254
z_residual_to_degree,1,test-341,3.931825632724326,3.120028018951416
z_residual_to_degree,1,test-342,2.4849066497880004,4.635087490081787
z_residual_to_degree,1,test-343,4.787491742782047,3.839069366455078
z_residual_to_degree,1,test-344,1.3862943611198906,3.532712936401367
z_residual_to_degree,1,test-345,3.1780538303479453,3.567523956298828
z_residual_to_degree,1,test-346,2.4849066497880004,4.318742752075195
z_residual_to_degree,1,test-347,2.4849066497880004,3.154414176940918
z_residual_to_degree,1,test-348,2.4849066497880004,3.1261863708496094
z_residual_to_degree,1,test-349,3.401197381662155,3.574418306350708
z_residual_to_degree,1,test-350,2.8903717578961645,3.131685256958008
z_residual_to_degree,1,test-351,3.1780538303479453,3.3867361545562744
z_residual_to_degree,1,test-352,1.3862943611198906,1.1875441074371338
z_residual_to_degree,1,test-353,4.882801922586371,5.169735431671143
z_residual_to_degree,1,test-354,4.23410650459726,3.563749313354492
z_residual_to_degree,1,test-355,5.6937321388027,4.641026973724365
z_residual_to_degree,1,test-356,0.6931471805599453,1.9751520156860352
z_residual_to_degree,1,test-357,1.791759469228055,2.9845800399780273
z_residual_to_degree,1,test-358,1.791759469228055,3.5392017364501953
z_residual_to_degree,1,test-359,5.966146739123692,3.430034875869751
z_residual_to_degree,1,test-360,3.4965075614664807,3.475456953048706
z_residual_to_degree,1,test-361,6.733401891837358,3.8553240299224854
z_residual_to_degree,1,test-362,5.272999558563747,3.769056558609009
z_residual_to_degree,1,test-363,3.737669618283368,4.448791027069092
z_residual_to_degree,1,test-364,2.1972245773362196,2.529782295227051
z_residual_to_degree,1,test-365,2.995732273553991,3.4912712574005127
z_residual_to_degree,1,test-366,1.3862943611198906,4.646061897277832
z_residual_to_degree,1,test-367,6.327936783729195,2.429473876953125
z_residual_to_degree,1,test-368,4.430816798843313,3.6954193115234375
z_residual_to_degree,1,test-369,0.0,2.715973377227783
z_residual_to_degree,1,test-370,2.6390573296152584,3.519242525100708
z_residual_to_degree,1,test-371,1.6094379124341003,5.677237033843994
z_residual_to_degree,1,test-372,2.4849066497880004,3.6191442012786865
z_residual_to_degree,1,test-373,3.465735902799726,3.9998865127563477
z_residual_to_degree,1,test-374,2.772588722239781,3.2307209968566895
z_residual_to_degree,1,test-375,2.70805020110221,2.632223606109619
z_residual_to_degree,1,test-376,4.74493212836325,3.5801167488098145
z_residual_to_degree,1,test-377,2.4849066497880004,3.480402946472168
z_residual_to_degree,1,test-378,3.332204510175204,3.483029842376709
z_residual_to_degree,1,test-379,2.4849066497880004,2.4290456771850586
z_residual_to_degree,1,test-380,2.8903717578961645,3.1297309398651123
z_residual_to_degree,1,test-381,2.3025850929940455,4.782228946685791
z_residual_to_degree,1,test-382,1.791759469228055,3.292792797088623
z_residual_to_degree,1,test-383,0.6931471805599453,1.5109621286392212
z_residual_to_degree,1,test-384,4.276666119016055,3.8249716758728027
z_residual_to_degree,1,test-385,1.791759469228055,3.4606809616088867
z_residual_to_degree,1,test-386,1.791759469228055,3.669443130493164
z_residual_to_degree,1,test-387,2.0794415416798357,3.2834649085998535
z_residual_to_degree,1,test-388,2.995732273553991,3.38678240776062
z_residual_to_degree,1,test-389,2.0794415416798357,3.2989261150360107
z_residual_to_degree,1,test-390,3.044522437723423,3.021831512451172
z_residual_to_degree,1,test-391,2.995732273553991,3.276003837585449
z_residual_to_degree,1,test-392,0.0,2.7685112953186035
z_residual_to_degree,1,test-393,1.3862943611198906,2.553569793701172
z_residual_to_degree,1,test-394,2.3025850929940455,3.0884108543395996
z_residual_to_degree,1,test-395,3.295836866004329,3.562067747116089
z_residual_to_degree,1,test-396,1.791759469228055,3.9497692584991455
z_residual_to_degree,1,test-397,3.4011973816621555,3.5529139041900635
z_residual_to_degree,1,test-398,2.4849066497880004,3.2402334213256836
z_residual_to_degree,1,test-399,2.995732273553991,3.298898935317993
z_residual_to_degree,1,test-400,2.0794415416798357,3.847686290740967
z_residual_to_degree,1,test-401,2.0794415416798357,3.127249240875244
z_residual_to_degree,1,test-402,3.1780538303479453,3.3009395599365234
z_residual_to_degree,1,test-403,3.828641396489095,3.2609264850616455
z_residual_to_degree,1,test-404,4.90527477843843,3.39884090423584
z_residual_to_degree,1,test-405,1.791759469228055,1.4276392459869385
z_residual_to_degree,1,test-406,3.401197381662155,2.552708148956299
z_residual_to_degree,1,test-407,1.3862943611198906,3.552516460418701
z_residual_to_degree,1,test-408,2.8903717578961645,4.141990661621094
z_residual_to_degree,1,test-409,4.276666119016055,3.8544318675994873
z_residual_to_degree,1,test-410,0.6931471805599453,1.5853538513183594
z_residual_to_degree,1,test-411,3.5553480614894135,3.5747344493865967
z_residual_to_degree,1,test-412,2.8903717578961645,3.4373512268066406
z_residual_to_degree,1,test-413,3.332204510175204,3.6447863578796387
z_residual_to_degree,1,test-414,5.342334251964811,3.3423759937286377
z_residual_to_degree,1,test-415,2.890371757896165,3.5486414432525635
z_residual_to_degree,1,test-416,3.401197381662155,3.3401663303375244
z_residual_to_degree,1,test-417,3.091042453358316,3.496584415435791
z_residual_to_degree,1,test-418,2.995732273553991,3.9553134441375732
z_residual_to_degree,1,test-419,3.401197381662155,3.6410789489746094
z_residual_to_degree,1,test-420,4.787491742782046,2.9962210655212402
z_residual_to_degree,1,test-421,4.430816798843313,3.724152088165283
z_residual_to_degree,1,test-422,2.8903717578961645,3.2654035091400146
z_residual_to_degree,1,test-423,2.0794415416798357,3.7293782234191895
z_residual_to_degree,1,test-424,3.1780538303479458,3.313184976577759
z_residual_to_degree,1,test-425,1.9459101490553132,2.395596981048584
z_residual_to_degree,1,test-426,2.995732273553991,2.980509042739868
z_residual_to_degree,1,test-427,2.1972245773362196,3.4179883003234863
z_residual_to_degree,1,test-428,1.3862943611198906,3.575977087020874
z_residual_to_degree,1,test-429,3.401197381662156,4.788115501403809
z_residual_to_degree,1,test-430,3.332204510175204,3.1505143642425537
z_residual_to_degree,1,test-431,2.0794415416798357,3.0832347869873047
z_residual_to_degree,1,test-432,2.4849066497880004,3.3639557361602783
z_residual_to_degree,1,test-433,3.6888794541139367,3.079664468765259
z_residual_to_degree,1,test-434,2.70805020110221,3.494704484939575
z_residual_to_degree,1,test-435,2.4849066497880004,3.0463180541992188
z_residual_to_degree,1,test-436,4.718498871295095,4.057958602905273
z_residual_to_degree,1,test-437,5.634789603169249,4.141911506652832
z_residual_to_degree,1,test-438,4.68213122712422,4.366412162780762
z_residual_to_degree,1,test-439,1.791759469228055,3.053446054458618
z_residual_to_degree,1,test-440,3.9889840465642745,3.477457284927368
z_residual_to_degree,1,test-441,6.327936783729195,4.744765281677246
z_residual_to_degree,1,test-442,3.044522437723423,3.5622401237487793
z_residual_to_degree,1,test-443,2.70805020110221,3.0936481952667236
z_residual_to_degree,1,test-444,1.0986122886681098,1.4230506420135498
z_residual_to_degree,1,test-445,2.995732273553991,3.1571719646453857
z_residual_to_degree,1,test-446,2.772588722239781,3.1655898094177246
z_residual_to_degree,1,test-447,2.995732273553991,3.4863181114196777
z_residual_to_degree,1,test-448,1.791759469228055,1.3135263919830322
z_residual_to_degree,1,test-449,1.3862943611198906,3.5732386112213135
z_residual_to_degree,1,test-450,2.4849066497880004,3.477569341659546
z_residual_to_degree,1,test-451,7.50659178007084,3.9905142784118652
z_residual_to_degree,1,test-452,3.951243718581427,3.5372867584228516
z_residual_to_degree,1,test-453,3.5553480614894135,3.7456088066101074
z_residual_to_degree,1,test-454,2.70805020110221,4.006091117858887
z_residual_to_degree,1,test-455,3.258096538021482,3.274519443511963
z_residual_to_degree,1,test-456,5.634789603169249,4.359889984130859
z_residual_to_degree,1,test-457,0.6931471805599453,2.0170164108276367
z_residual_to_degree,1,test-458,2.772588722239781,3.846329927444458
z_residual_to_degree,1,test-459,3.401197381662156,3.435823917388916
z_residual_to_degree,1,test-460,2.995732273553991,3.42887806892395
z_residual_to_degree,1,test-461,3.044522437723423,4.146798610687256
z_residual_to_degree,1,test-462,2.1972245773362196,3.35093355178833
z_residual_to_degree,1,test-463,1.791759469228055,2.7304210662841797
z_residual_to_degree,1,test-464,3.1780538303479458,4.421086311340332
z_residual_to_degree,1,test-465,2.1972245773362196,1.492804765701294
z_residual_to_degree,1,test-466,3.401197381662155,4.763205528259277
z_residual_to_degree,1,test-467,6.327936783729195,4.238388538360596
z_residual_to_degree,1,test-468,2.995732273553991,3.4695472717285156
z_residual_to_degree,1,test-469,3.044522437723423,3.254918098449707
z_residual_to_degree,1,test-470,1.0986122886681098,1.2450001239776611
z_residual_to_degree,1,test-471,3.401197381662155,3.336040735244751
z_residual_to_degree,1,test-472,2.3025850929940455,2.5663342475891113
z_residual_to_degree,1,test-473,6.040254711277414,1.15907621383667
z_residual_to_degree,1,test-474,4.90527477843843,3.807640790939331
z_residual_to_degree,1,test-475,2.1972245773362196,3.528439521789551
z_residual_to_degree,1,test-476,2.0794415416798357,3.2238707542419434
z_residual_to_degree,1,test-477,2.8903717578961645,1.8761980533599854
z_residual_to_degree,1,test-478,3.1780538303479453,3.273963212966919
z_residual_to_degree,1,test-479,2.995732273553991,3.3189315795898438
z_residual_to_degree,1,test-480,4.276666119016055,3.1736998558044434
z_residual_to_degree,1,test-481,2.4849066497880004,4.094520568847656
z_residual_to_degree,1,test-482,3.295836866004329,3.306934118270874
z_residual_to_degree,1,test-483,3.1780538303479453,3.456066370010376
z_residual_to_degree,1,test-484,2.0794415416798357,3.812253952026367
z_residual_to_degree,1,test-485,3.332204510175204,3.274052381515503
z_residual_to_degree,1,test-486,1.3862943611198906,1.7081228494644165
z_residual_to_degree,1,test-487,4.356708826689592,4.161612510681152
z_residual_to_degree,1,test-488,2.0794415416798357,4.075366020202637
z_residual_to_degree,1,test-489,2.9957322735539913,4.092991828918457
z_residual_to_degree,1,test-490,0.6931471805599453,3.6220152378082275
z_residual_to_degree,1,test-491,2.0794415416798357,4.935518264770508
z_residual_to_degree,1,test-492,4.31748811353631,3.760413408279419
z_residual_to_degree,1,test-493,3.58351893845611,3.4067420959472656
z_residual_to_degree,1,test-494,0.0,2.788153648376465
z_residual_to_degree,1,test-495,5.272999558563747,4.486239433288574
z_residual_to_degree,1,test-496,1.791759469228055,3.946550130844116
z_residual_to_degree,1,test-497,3.7376696182833684,3.435415267944336
z_residual_to_degree,1,test-498,2.4849066497880004,3.2552311420440674
z_residual_to_degree,1,test-499,3.8712010109078907,3.119328022003174
z_residual_to_degree,1,test-500,6.040254711277414,1.9850889444351196
z_residual_to_degree,1,test-501,3.332204510175204,3.4151270389556885
z_residual_to_degree,1,test-502,3.332204510175204,3.7292845249176025
z_residual_to_degree,1,test-503,4.700480365792417,3.896676540374756
z_residual_to_degree,1,test-504,4.499809670330265,3.430382251739502
z_residual_to_degree,1,test-505,2.1972245773362196,3.0211944580078125
z_residual_to_degree,1,test-506,3.688879454113936,3.8177123069763184
z_residual_to_degree,1,test-507,2.6390573296152584,4.038369178771973
z_residual_to_degree,1,test-508,4.276666119016055,3.6361827850341797
z_residual_to_degree,1,test-509,3.8712010109078907,3.6359822750091553
z_residual_to_degree,1,test-510,4.442651256490317,3.179507255554199
z_residual_to_degree,1,test-511,5.634789603169249,4.240132808685303
z_degree_to_cn_residual,1,test-0,0.4096507501383539,0.1057901680469513
z_degree_to_cn_residual,1,test-1,-0.257133548881196,0.1673569679260254
z_degree_to_cn_residual,1,test-2,-0.026168497301778282,0.11442955583333969
z_degree_to_cn_residual,1,test-3,-0.09682951278185134,0.1731758713722229
z_degree_to_cn_residual,1,test-4,1.030455039917754,0.08609011769294739
z_degree_to_cn_residual,1,test-5,-0.40617432960244304,0.1691192388534546
z_degree_to_cn_residual,1,test-6,1.072232465549153,0.041185490787029266
z_degree_to_cn_residual,1,test-7,-0.17653506637630972,0.19780144095420837
z_degree_to_cn_residual,1,test-8,-0.09993231907971788,0.203575998544693
z_degree_to_cn_residual,1,test-9,-0.361807736196368,0.1434929221868515
z_degree_to_cn_residual,1,test-10,0.834665253272179,0.21049070358276367
z_degree_to_cn_residual,1,test-11,0.6771872810461878,0.1459742784500122
z_degree_to_cn_residual,1,test-12,-0.0025667768776077267,0.052236273884773254
z_degree_to_cn_residual,1,test-13,0.0920452145115791,0.04393920302391052
z_degree_to_cn_residual,1,test-14,0.1059855857541714,0.034862369298934937
z_degree_to_cn_residual,1,test-15,0.6905804036823375,0.13661319017410278
z_degree_to_cn_residual,1,test-16,0.487417210290867,0.13751545548439026
z_degree_to_cn_residual,1,test-17,0.027598705190133088,0.05083581805229187
z_degree_to_cn_residual,1,test-18,-0.0025667768776077267,0.052236273884773254
z_degree_to_cn_residual,1,test-19,-0.09993231907971788,0.203575998544693
z_degree_to_cn_residual,1,test-20,-0.0006908748283487874,0.0698845237493515
z_degree_to_cn_residual,1,test-21,0.37362887990278976,0.18068817257881165
z_degree_to_cn_residual,1,test-22,-0.26394703539593084,0.21049070358276367
z_degree_to_cn_residual,1,test-23,-0.001592483837966117,0.016316980123519897
z_degree_to_cn_residual,1,test-24,0.3252994169928626,0.20369692146778107
z_degree_to_cn_residual,1,test-25,-0.5320508010865779,0.14105050265789032
z_degree_to_cn_residual,1,test-26,0.6906105992764492,0.11618451774120331
z_degree_to_cn_residual,1,test-27,0.7790939880109542,0.18068817257881165
z_degree_to_cn_residual,1,test-28,0.5980680715538729,0.22661109268665314
z_degree_to_cn_residual,1,test-29,0.6893311186493629,0.18957087397575378
z_degree_to_cn_residual,1,test-30,0.6730018624542556,0.04876940697431564
z_degree_to_cn_residual,1,test-31,0.22033626837748216,0.06410534679889679
z_degree_to_cn_residual,1,test-32,-0.31403642712572494,0.15646502375602722
z_degree_to_cn_residual,1,test-33,0.6854469961951654,0.04045279324054718
z_degree_to_cn_residual,1,test-34,-0.22552334649902314,0.2213073968887329
z_degree_to_cn_residual,1,test-35,-0.15981025222941134,0.27181440591812134
z_degree_to_cn_residual,1,test-36,-0.002483473901375505,0.32888615131378174
z_degree_to_cn_residual,1,test-37,-0.002536581283496064,0.11618451774120331
z_degree_to_cn_residual,1,test-38,0.011027840012221813,0.03566262871026993
z_degree_to_cn_residual,1,test-39,-0.0025667768776077267,0.13661319017410278
z_degree_to_cn_residual,1,test-40,1.0655213517576338,0.12665022909641266
z_degree_to_cn_residual,1,test-41,0.33133944436357726,0.1434929221868515
z_degree_to_cn_residual,1,test-42,0.3907357061859718,0.09396985173225403
z_degree_to_cn_residual,1,test-43,-0.07427151148220186,0.2105862945318222
z_degree_to_cn_residual,1,test-44,1.1607710146208674,0.2213073968887329
z_degree_to_cn_residual,1,test-45,-0.0025667768776077267,0.052236273884773254
z_degree_to_cn_residual,1,test-46,0.12442211904305411,0.07467731088399887
z_degree_to_cn_residual,1,test-47,-0.002483473901375505,-2.1666288375854492e-05
z_degree_to_cn_residual,1,test-48,0.5980680715538729,0.22661109268665314
z_degree_to_cn_residual,1,test-49,0.3907357061859718,0.09396985173225403
z_degree_to_cn_residual,1,test-50,0.3974001350710103,0.20646072924137115
z_degree_to_cn_residual,1,test-51,0.5071241430143024,0.21602486073970795
z_degree_to_cn_residual,1,test-52,-0.5962537633065377,0.09251121431589127
z_degree_to_cn_residual,1,test-53,-0.09507910900607243,0.22661109268665314
z_degree_to_cn_residual,1,test-54,-0.006401163194461921,0.0983031839132309
z_degree_to_cn_residual,1,test-55,-0.5779234037185782,0.029996491968631744
z_degree_to_cn_residual,1,test-56,-0.09507910900607243,0.22050748765468597
z_degree_to_cn_residual,1,test-57,0.8783422192128343,0.09669739753007889
z_degree_to_cn_residual,1,test-58,-0.4855470978437046,0.17863218486309052
z_degree_to_cn_residual,1,test-59,0.6904677205888524,0.09961964190006256
z_degree_to_cn_residual,1,test-60,-0.2474640255978244,0.09948324412107468
z_degree_to_cn_residual,1,test-61,-0.0022128532902202114,0.0019307583570480347
z_degree_to_cn_residual,1,test-62,-0.0014682163898236727,0.00239388644695282
z_degree_to_cn_residual,1,test-63,-0.002483473901375505,0.32888615131378174
z_degree_to_cn_residual,1,test-64,-0.18117393408101218,0.18988269567489624
z_degree_to_cn_residual,1,test-65,1.0035331796620373,0.22661109268665314
z_degree_to_cn_residual,1,test-66,-0.003920084665472663,0.08709649741649628
z_degree_to_cn_residual,1,test-67,-0.003920084665472663,0.08709649741649628
z_degree_to_cn_residual,1,test-68,-0.5121098978044188,0.06889501214027405
z_degree_to_cn_residual,1,test-69,0.40889556438164,0.25034427642822266
z_degree_to_cn_residual,1,test-70,0.5071241430143024,0.21602486073970795
z_degree_to_cn_residual,1,test-71,0.34193555199200737,0.12257865071296692
z_degree_to_cn_residual,1,test-72,-0.0025667768776077267,0.13661319017410278
z_degree_to_cn_residual,1,test-73,-0.32077300936225667,0.12665022909641266
z_degree_to_cn_residual,1,test-74,-0.09507910900607243,0.22050748765468597
z_degree_to_cn_residual,1,test-75,0.9986799695883919,0.203575998544693
z_degree_to_cn_residual,1,test-76,-0.001592483837966117,0.016316980123519897
z_degree_to_cn_residual,1,test-77,0.5932148614802274,0.203575998544693
z_degree_to_cn_residual,1,test-78,-0.0017051669314512175,-0.00484195351600647
z_degree_to_cn_residual,1,test-79,-0.0025667768776077267,0.13661319017410278
z_degree_to_cn_residual,1,test-80,0.6893311186493629,0.18957087397575378
z_degree_to_cn_residual,1,test-81,0.3267009706117635,0.24096032977104187
z_degree_to_cn_residual,1,test-82,1.066776060462735,0.18068817257881165
z_degree_to_cn_residual,1,test-83,-0.06306873591422772,0.034742437303066254
z_degree_to_cn_residual,1,test-84,-0.3195190468888935,0.10143660753965378
z_degree_to_cn_residual,1,test-85,-0.257133548881196,0.1673569679260254
z_degree_to_cn_residual,1,test-86,0.3974001350710103,0.20646072924137115
z_degree_to_cn_residual,1,test-87,-0.09507910900607243,0.22050748765468597
z_degree_to_cn_residual,1,test-88,-0.006401163194461921,0.0983031839132309
z_degree_to_cn_residual,1,test-89,-0.295747045488935,0.20646072924137115
z_degree_to_cn_residual,1,test-90,-0.07427151148220186,0.2105862945318222
z_degree_to_cn_residual,1,test-91,-0.002679459971092827,0.09961964190006256
z_degree_to_cn_residual,1,test-92,0.5963176677780939,0.1731758713722229
z_degree_to_cn_residual,1,test-93,0.47287711110466973,0.09669739753007889
z_degree_to_cn_residual,1,test-94,-0.07427151148220186,0.2105862945318222
z_degree_to_cn_residual,1,test-95,0.5634751272888399,0.1741313934326172
z_degree_to_cn_residual,1,test-96,-0.6219808875579942,-0.032476916909217834
z_degree_to_cn_residual,1,test-97,-0.0948206319924906,0.13342171907424927
z_degree_to_cn_residual,1,test-98,-0.002536581283496064,0.11618451774120331
z_degree_to_cn_residual,1,test-99,-0.09507910900607243,0.22050748765468597
z_degree_to_cn_residual,1,test-100,-0.3664462099481818,0.24096032977104187
z_degree_to_cn_residual,1,test-101,0.5980680715538729,0.22050748765468597
z_degree_to_cn_residual,1,test-102,0.03377005795343527,0.03139617294073105
z_degree_to_cn_residual,1,test-103,-0.15981025222941134,0.27181440591812134
z_degree_to_cn_residual,1,test-104,0.629186265886127,0.26786255836486816
z_degree_to_cn_residual,1,test-105,-0.001592483837966117,0.016316980123519897
z_degree_to_cn_residual,1,test-106,0.689862177614176,0.04086869955062866
z_degree_to_cn_residual,1,test-107,-0.0025667768776077267,0.052236273884773254
z_degree_to_cn_residual,1,test-108,0.09689341725340761,0.09251121431589127
z_degree_to_cn_residual,1,test-109,0.37911075343422035,0.15646502375602722
z_degree_to_cn_residual,1,test-110,-0.002679459971092827,0.09961964190006256
z_degree_to_cn_residual,1,test-111,-0.006236131996241855,0.015657708048820496
z_degree_to_cn_residual,1,test-112,0.4686965299979534,0.07505840808153152
z_degree_to_cn_residual,1,test-113,-0.4092811700187469,0.18957087397575378
z_degree_to_cn_residual,1,test-114,-0.0017051669314512175,-0.00484195351600647
z_degree_to_cn_residual,1,test-115,0.6906637066585698,0.32888615131378174
z_degree_to_cn_residual,1,test-116,1.0402213320986424,-0.0012835562229156494
z_degree_to_cn_residual,1,test-117,0.6948211420213969,0.044057250022888184
z_degree_to_cn_residual,1,test-118,-0.2842516161783053,0.25034427642822266
z_degree_to_cn_residual,1,test-119,0.706182872391234,0.06176218390464783
z_degree_to_cn_residual,1,test-120,0.6188756690777434,0.2105862945318222
z_degree_to_cn_residual,1,test-121,0.5071241430143024,0.21602486073970795
z_degree_to_cn_residual,1,test-122,0.732166078719928,0.24096032977104187
z_degree_to_cn_residual,1,test-123,0.6905804036823375,0.13661319017410278
z_degree_to_cn_residual,1,test-124,-0.006401163194461921,0.0983031839132309
z_degree_to_cn_residual,1,test-125,-0.06396091467381823,0.26786255836486816
z_degree_to_cn_residual,1,test-126,1.0243407771859079,0.2105862945318222
z_degree_to_cn_residual,1,test-127,-0.0025667768776077267,0.13661319017410278
z_degree_to_cn_residual,1,test-128,-0.17653506637630972,0.19780144095420837
z_degree_to_cn_residual,1,test-129,0.006243055183185751,0.007571503520011902
z_degree_to_cn_residual,1,test-130,0.9125892511224669,0.21602486073970795
z_degree_to_cn_residual,1,test-131,0.5932148614802274,0.203575998544693
z_degree_to_cn_residual,1,test-132,-0.4092811700187469,0.18957087397575378
z_degree_to_cn_residual,1,test-133,-0.3910899774469028,0.09078139066696167
z_degree_to_cn_residual,1,test-134,-0.06396091467381823,0.26786255836486816
z_degree_to_cn_residual,1,test-135,0.5333369283305339,0.27181440591812134
z_degree_to_cn_residual,1,test-136,0.6893311186493629,0.18957087397575378
z_degree_to_cn_residual,1,test-137,-0.0022128532902202114,0.0019307583570480347
z_degree_to_cn_residual,1,test-138,-0.4564122585269044,0.10946260392665863
z_degree_to_cn_residual,1,test-139,-0.0025667768776077267,0.13661319017410278
z_degree_to_cn_residual,1,test-140,-0.295747045488935,0.20646072924137115
z_degree_to_cn_residual,1,test-141,0.7232900511466166,0.11546652019023895
z_degree_to_cn_residual,1,test-142,-0.09507910900607243,0.22050748765468597
z_degree_to_cn_residual,1,test-143,-0.002679459971092827,0.09961964190006256
z_degree_to_cn_residual,1,test-144,-0.15981025222941134,0.27181440591812134
z_degree_to_cn_residual,1,test-145,-0.020145318105689636,0.04876940697431564
z_degree_to_cn_residual,1,test-146,0.37362887990278976,0.18068817257881165
z_degree_to_cn_residual,1,test-147,-0.295747045488935,0.20646072924137115
z_degree_to_cn_residual,1,test-148,0.09689341725340761,0.09251121431589127
z_degree_to_cn_residual,1,test-149,-0.2842516161783053,0.25034427642822266
z_degree_to_cn_residual,1,test-150,-0.21219425699455913,0.1724516600370407
z_degree_to_cn_residual,1,test-151,0.5634751272888399,0.17350855469703674
z_degree_to_cn_residual,1,test-152,-0.011174017424812204,0.04634381830692291
z_degree_to_cn_residual,1,test-153,0.2564389628481294,0.12399452924728394
z_degree_to_cn_residual,1,test-154,0.6904677205888524,0.09961964190006256
z_degree_to_cn_residual,1,test-155,-0.002536581283496064,0.11618451774120331
z_degree_to_cn_residual,1,test-156,1.2131515730483942,0.1450338214635849
z_degree_to_cn_residual,1,test-157,-0.11159319800623856,0.1259770691394806
z_degree_to_cn_residual,1,test-158,-0.002483473901375505,-2.1666288375854492e-05
z_degree_to_cn_residual,1,test-159,0.5980680715538729,0.22050748765468597
z_degree_to_cn_residual,1,test-160,-0.006236131996241855,0.017005711793899536
z_degree_to_cn_residual,1,test-161,-0.0017051669314512175,-0.00484195351600647
z_degree_to_cn_residual,1,test-162,0.5980680715538729,0.22661109268665314
z_degree_to_cn_residual,1,test-163,-0.0025667768776077267,0.13661319017410278
z_degree_to_cn_residual,1,test-164,0.30205720311304246,0.09078139066696167
z_degree_to_cn_residual,1,test-165,-0.001592483837966117,0.016316980123519897
z_degree_to_cn_residual,1,test-166,-0.3678477635670827,0.20369692146778107
z_degree_to_cn_residual,1,test-167,-0.5737341020377579,0.10765541344881058
z_degree_to_cn_residual,1,test-168,0.3252994169928626,0.20369692146778107
z_degree_to_cn_residual,1,test-169,-0.0025667768776077267,0.13661319017410278
z_degree_to_cn_residual,1,test-170,-0.002679459971092827,0.09961964190006256
z_degree_to_cn_residual,1,test-171,0.5694612141469256,0.09693225473165512
z_degree_to_cn_residual,1,test-172,-0.0017051669314512175,-0.00484195351600647
z_degree_to_cn_residual,1,test-173,-0.07427151148220186,0.2105862945318222
z_degree_to_cn_residual,1,test-174,1.1880129048121781,0.1459742784500122
z_degree_to_cn_residual,1,test-175,0.8125602590821327,0.10765541344881058
z_degree_to_cn_residual,1,test-176,-0.10231614743923174,0.048946917057037354
z_degree_to_cn_residual,1,test-177,0.027598705190133088,0.05083581805229187
z_degree_to_cn_residual,1,test-178,-0.31951830065715553,0.18068817257881165
z_degree_to_cn_residual,1,test-179,-0.0017051669314512175,-0.00484195351600647
z_degree_to_cn_residual,1,test-180,-0.007700184364779972,0.04045279324054718
z_degree_to_cn_residual,1,test-181,-0.31403642712572494,0.15646502375602722
z_degree_to_cn_residual,1,test-182,-0.31951830065715553,0.18068817257881165
z_degree_to_cn_residual,1,test-183,-0.002483473901375505,-2.1666288375854492e-05
z_degree_to_cn_residual,1,test-184,0.2690154096687156,0.007755681872367859
z_degree_to_cn_residual,1,test-185,-0.295747045488935,0.20646072924137115
z_degree_to_cn_residual,1,test-186,1.1223473257239598,0.21049070358276367
z_degree_to_cn_residual,1,test-187,-0.295747045488935,0.20646072924137115
z_degree_to_cn_residual,1,test-188,-0.07427151148220186,0.2105862945318222
z_degree_to_cn_residual,1,test-189,-0.06396091467381823,0.26786255836486816
z_degree_to_cn_residual,1,test-190,0.5980680715538729,0.22050748765468597
z_degree_to_cn_residual,1,test-191,-0.002679459971092827,0.09961964190006256
z_degree_to_cn_residual,1,test-192,0.5932148614802274,0.203575998544693
z_degree_to_cn_residual,1,test-193,-0.18602303754564287,0.21602486073970795
z_degree_to_cn_residual,1,test-194,-0.007700184364779972,0.04045279324054718
z_degree_to_cn_residual,1,test-195,0.18103728275552644,0.06889501214027405
z_degree_to_cn_residual,1,test-196,-0.3419557546295762,0.11369169503450394
z_degree_to_cn_residual,1,test-197,-0.07427151148220186,0.2105862945318222
z_degree_to_cn_residual,1,test-198,-0.1325756172494532,0.11632221937179565
z_degree_to_cn_residual,1,test-199,-0.001592483837966117,0.016316980123519897
z_degree_to_cn_residual,1,test-200,-0.001592483837966117,0.016316980123519897
z_degree_to_cn_residual,1,test-201,-0.001592483837966117,0.016316980123519897
z_degree_to_cn_residual,1,test-202,-0.09993231907971788,0.203575998544693
z_degree_to_cn_residual,1,test-203,-0.07427151148220186,0.2105862945318222
z_degree_to_cn_residual,1,test-204,0.6867460173654834,0.0983031839132309
z_degree_to_cn_residual,1,test-205,-0.06396091467381823,0.26786255836486816
z_degree_to_cn_residual,1,test-206,-0.31403642712572494,0.15646502375602722
z_degree_to_cn_residual,1,test-207,0.25559953693839854,0.11496099829673767
z_degree_to_cn_residual,1,test-208,-0.3512116285679379,0.12257865071296692
z_degree_to_cn_residual,1,test-209,0.44701726623712135,0.04597310721874237
z_degree_to_cn_residual,1,test-210,0.27064323153028624,0.07509328424930573
z_degree_to_cn_residual,1,test-211,0.9986799695883919,0.203575998544693
z_degree_to_cn_residual,1,test-212,-0.015324816569887118,0.13078713417053223
z_degree_to_cn_residual,1,test-213,-0.002483473901375505,0.32888615131378174
z_degree_to_cn_residual,1,test-214,0.707522311221207,0.09078139066696167
z_degree_to_cn_residual,1,test-215,-0.002679459971092827,0.09961964190006256
z_degree_to_cn_residual,1,test-216,-0.0025667768776077267,0.052236273884773254
z_degree_to_cn_residual,1,test-217,0.6905804036823375,0.13661319017410278
z_degree_to_cn_residual,1,test-218,-0.09993231907971788,0.203575998544693
z_degree_to_cn_residual,1,test-219,-0.3664462099481818,0.24096032977104187
z_degree_to_cn_residual,1,test-220,-0.007796294345678415,0.0110502690076828
z_degree_to_cn_residual,1,test-221,-0.18602303754564287,0.21602486073970795
z_degree_to_cn_residual,1,test-222,-0.002679459971092827,0.09961964190006256
z_degree_to_cn_residual,1,test-223,-0.20673482910021176,0.17810070514678955
z_degree_to_cn_residual,1,test-224,-0.002483473901375505,-2.1666288375854492e-05
z_degree_to_cn_residual,1,test-225,0.8028652431791747,0.20646072924137115
z_degree_to_cn_residual,1,test-226,-0.002679459971092827,0.09961964190006256
z_degree_to_cn_residual,1,test-227,0.9388020364386984,0.27181440591812134
z_degree_to_cn_residual,1,test-228,-0.0025667768776077267,0.13661319017410278
z_degree_to_cn_residual,1,test-229,-0.06396091467381823,0.26786255836486816
z_degree_to_cn_residual,1,test-230,0.5634751272888399,0.1741313934326172
z_degree_to_cn_residual,1,test-231,-0.34185746108770393,0.11851665377616882
z_degree_to_cn_residual,1,test-232,0.5836835270942388,0.12505368888378143
z_degree_to_cn_residual,1,test-233,-0.0017051669314512175,0.0014898478984832764
z_degree_to_cn_residual,1,test-234,-0.3664462099481818,0.24096032977104187
z_degree_to_cn_residual,1,test-235,0.5963176677780939,0.1731758713722229
z_degree_to_cn_residual,1,test-236,-0.09507910900607243,0.22661109268665314
z_degree_to_cn_residual,1,test-237,-0.09993231907971788,0.203575998544693
z_degree_to_cn_residual,1,test-238,1.1098178970570212,0.028584077954292297
z_degree_to_cn_residual,1,test-239,0.09689341725340761,0.09251121431589127
z_degree_to_cn_residual,1,test-240,-0.0025667768776077267,0.052236273884773254
z_degree_to_cn_residual,1,test-241,-0.003920084665472663,0.08709649741649628
z_degree_to_cn_residual,1,test-242,1.0035331796620373,0.22661109268665314
z_degree_to_cn_residual,1,test-243,0.629186265886127,0.26786255836486816
z_degree_to_cn_residual,1,test-244,-0.09993231907971788,0.203575998544693
z_degree_to_cn_residual,1,test-245,0.5980680715538729,0.22050748765468597
z_degree_to_cn_residual,1,test-246,-0.6011019660483662,0.04393920302391052
z_degree_to_cn_residual,1,test-247,-0.0025667768776077267,0.13661319017410278
z_degree_to_cn_residual,1,test-248,-0.40617432960244304,0.1691192388534546
z_degree_to_cn_residual,1,test-249,-0.32077300936225667,0.12665022909641266
z_degree_to_cn_residual,1,test-250,-0.0017051669314512175,-0.00484195351600647
z_degree_to_cn_residual,1,test-251,0.027598705190133088,0.05083581805229187
z_degree_to_cn_residual,1,test-252,-0.31951830065715553,0.18068817257881165
z_degree_to_cn_residual,1,test-253,-0.09507910900607243,0.22050748765468597
z_degree_to_cn_residual,1,test-254,-0.006401163194461921,0.0983031839132309
z_degree_to_cn_residual,1,test-255,-0.2608500763576425,0.06988602876663208
z_degree_to_cn_residual,1,test-256,-0.002483473901375505,-2.1666288375854492e-05
z_degree_to_cn_residual,1,test-257,0.16442497939224665,0.041496582329273224
z_degree_to_cn_residual,1,test-258,0.8561659193103136,0.1894417405128479
z_degree_to_cn_residual,1,test-259,-0.002709528290634796,0.09281282126903534
z_degree_to_cn_residual,1,test-260,-0.001592483837966117,0.016316980123519897
z_degree_to_cn_residual,1,test-261,0.42920014516401445,0.21049070358276367
z_degree_to_cn_residual,1,test-262,0.9125892511224669,0.21602486073970795
z_degree_to_cn_residual,1,test-263,-0.18602303754564287,0.21602486073970795
z_degree_to_cn_residual,1,test-264,-0.32690411934740055,0.1085926964879036
z_degree_to_cn_residual,1,test-265,-0.4564122585269044,0.10946260392665863
z_degree_to_cn_residual,1,test-266,0.6905804036823375,0.13661319017410278
z_degree_to_cn_residual,1,test-267,0.6904677205888524,0.09961964190006256
z_degree_to_cn_residual,1,test-268,-0.09507910900607243,0.22050748765468597
z_degree_to_cn_residual,1,test-269,0.5380768797364144,-0.05640698969364166
z_degree_to_cn_residual,1,test-270,-0.0025667768776077267,0.13661319017410278
z_degree_to_cn_residual,1,test-271,0.9986799695883919,0.203575998544693
z_degree_to_cn_residual,1,test-272,0.26383524768033195,0.2049514651298523
z_degree_to_cn_residual,1,test-273,0.4676238340609221,0.2213073968887329
z_degree_to_cn_residual,1,test-274,0.5333369283305339,0.27181440591812134
z_degree_to_cn_residual,1,test-275,-0.09507910900607243,0.22050748765468597
z_degree_to_cn_residual,1,test-276,-0.0022128532902202114,0.002999410033226013
z_degree_to_cn_residual,1,test-277,-0.295747045488935,0.20646072924137115
z_degree_to_cn_residual,1,test-278,0.4322971042023028,0.0686221569776535
z_degree_to_cn_residual,1,test-279,0.5166121141836355,0.19780144095420837
z_degree_to_cn_residual,1,test-280,-0.006401163194461921,0.0983031839132309
z_degree_to_cn_residual,1,test-281,1.0243407771859079,0.2105862945318222
z_degree_to_cn_residual,1,test-282,-0.005713782933315264,0.03667652606964111
z_degree_to_cn_residual,1,test-283,-0.18602303754564287,0.21602486073970795
z_degree_to_cn_residual,1,test-284,-0.0017051669314512175,-0.0058302730321884155
z_degree_to_cn_residual,1,test-285,-0.09507910900607243,0.22050748765468597
z_degree_to_cn_residual,1,test-286,1.3462860490699626,0.03943119943141937
z_degree_to_cn_residual,1,test-287,-0.09993231907971788,0.203575998544693
z_degree_to_cn_residual,1,test-288,0.5553068786375152,0.17067407071590424
z_degree_to_cn_residual,1,test-289,0.2249532936470302,0.07460489869117737
z_degree_to_cn_residual,1,test-290,0.5980680715538729,0.22661109268665314
z_degree_to_cn_residual,1,test-291,0.5481549764268495,-0.012194067239761353
z_degree_to_cn_residual,1,test-292,-0.8168566785177598,0.011563792824745178
z_degree_to_cn_residual,1,test-293,0.33133944436357726,0.1434929221868515
z_degree_to_cn_residual,1,test-294,0.629186265886127,0.26786255836486816
z_degree_to_cn_residual,1,test-295,0.6906105992764492,0.11618451774120331
z_degree_to_cn_residual,1,test-296,-0.0013809592565058647,0.04377765953540802
z_degree_to_cn_residual,1,test-297,-0.0022128532902202114,0.002999410033226013
z_degree_to_cn_residual,1,test-298,0.6906637066585698,0.32888615131378174
z_degree_to_cn_residual,1,test-299,-0.22552334649902314,0.2213073968887329
z_degree_to_cn_residual,1,test-300,0.5071241430143024,0.21602486073970795
z_degree_to_cn_residual,1,test-301,-0.0017051669314512175,-0.0058302730321884155
z_degree_to_cn_residual,1,test-302,0.6188756690777434,0.2105862945318222
z_degree_to_cn_residual,1,test-303,-0.002679459971092827,0.09961964190006256
z_degree_to_cn_residual,1,test-304,-0.3011881021227526,0.11907592415809631
z_degree_to_cn_residual,1,test-305,0.3974001350710103,0.20646072924137115
z_degree_to_cn_residual,1,test-306,0.5966030812834874,-0.019571691751480103
z_degree_to_cn_residual,1,test-307,-0.002679459971092827,0.09961964190006256
z_degree_to_cn_residual,1,test-308,0.6904677205888524,0.09961964190006256
z_degree_to_cn_residual,1,test-309,0.511973246478933,0.18988269567489624
z_degree_to_cn_residual,1,test-310,-0.06396091467381823,0.26786255836486816
z_degree_to_cn_residual,1,test-311,0.8880287062152161,0.2335999310016632
z_degree_to_cn_residual,1,test-312,0.000550437072462336,0.0055006444454193115
z_degree_to_cn_residual,1,test-313,0.4185007999394532,0.06176218390464783
z_degree_to_cn_residual,1,test-314,0.12442211904305411,0.07467731088399887
z_degree_to_cn_residual,1,test-315,-0.0009230486758283437,0.004411593079566956
z_degree_to_cn_residual,1,test-316,0.5980680715538729,0.22661109268665314
z_degree_to_cn_residual,1,test-317,0.6253649081462749,0.1450338214635849
z_degree_to_cn_residual,1,test-318,-0.295747045488935,0.20646072924137115
z_degree_to_cn_residual,1,test-319,0.4185007999394532,0.06176218390464783
z_degree_to_cn_residual,1,test-320,-0.15981025222941134,0.27181440591812134
z_degree_to_cn_residual,1,test-321,-0.09993231907971788,0.203575998544693
z_degree_to_cn_residual,1,test-322,0.5071241430143024,0.21602486073970795
z_degree_to_cn_residual,1,test-323,-0.0025667768776077267,0.052236273884773254
z_degree_to_cn_residual,1,test-324,-0.07427151148220186,0.2105862945318222
z_degree_to_cn_residual,1,test-325,0.5333369283305339,0.27181440591812134
z_degree_to_cn_residual,1,test-326,-0.002709528290634796,0.08244763314723969
z_degree_to_cn_residual,1,test-327,-0.12967205327110548,0.1741313934326172
z_degree_to_cn_residual,1,test-328,-0.4092811700187469,0.18957087397575378
z_degree_to_cn_residual,1,test-329,-0.0017051669314512175,-0.0058302730321884155
z_degree_to_cn_residual,1,test-330,1.0184465975528079,0.20369692146778107
z_degree_to_cn_residual,1,test-331,-0.2930939733738713,0.13153433799743652
z_degree_to_cn_residual,1,test-332,-0.007796294345678415,0.0110502690076828
z_degree_to_cn_residual,1,test-333,-0.006236131996241855,0.015657708048820496
z_degree_to_cn_residual,1,test-334,-0.003920084665472663,0.08709649741649628
z_degree_to_cn_residual,1,test-335,1.108891999074218,0.1222958117723465
z_degree_to_cn_residual,1,test-336,-0.09507910900607243,0.22050748765468597
z_degree_to_cn_residual,1,test-337,0.5932148614802274,0.203575998544693
z_degree_to_cn_residual,1,test-338,0.6188756690777434,0.2105862945318222
z_degree_to_cn_residual,1,test-339,0.5333369283305339,0.27181440591812134
z_degree_to_cn_residual,1,test-340,0.9300387057397879,0.15475183725357056
z_degree_to_cn_residual,1,test-341,0.48095292356538616,0.1724516600370407
z_degree_to_cn_residual,1,test-342,-0.07427151148220186,0.2105862945318222
z_degree_to_cn_residual,1,test-343,-0.43015367383143543,0.16232438385486603
z_degree_to_cn_residual,1,test-344,-0.002483473901375505,0.32888615131378174
z_degree_to_cn_residual,1,test-345,0.5963176677780939,0.1731758713722229
z_degree_to_cn_residual,1,test-346,0.6188756690777434,0.2105862945318222
z_degree_to_cn_residual,1,test-347,0.6188756690777434,0.2105862945318222
z_degree_to_cn_residual,1,test-348,0.6188756690777434,0.2105862945318222
z_degree_to_cn_residual,1,test-349,-0.26394703539593084,0.21049070358276367
z_degree_to_cn_residual,1,test-350,-0.006236131996241855,0.015657708048820496
z_degree_to_cn_residual,1,test-351,-0.22552334649902314,0.2213073968887329
z_degree_to_cn_residual,1,test-352,-0.002483473901375505,0.32888615131378174
z_degree_to_cn_residual,1,test-353,0.6730018624542556,0.04876940697431564
z_degree_to_cn_residual,1,test-354,-0.17162295933884167,0.14807836711406708
z_degree_to_cn_residual,1,test-355,-0.5908559921618184,0.024753525853157043
z_degree_to_cn_residual,1,test-356,-0.0025667768776077267,0.052236273884773254
z_degree_to_cn_residual,1,test-357,-0.0025667768776077267,0.13661319017410278
z_degree_to_cn_residual,1,test-358,-0.0025667768776077267,0.13661319017410278
z_degree_to_cn_residual,1,test-359,-0.02637982311895648,0.041185490787029266
z_degree_to_cn_residual,1,test-360,-0.1378403019224301,0.17067407071590424
z_degree_to_cn_residual,1,test-361,0.4185007999394532,0.06176218390464783
z_degree_to_cn_residual,1,test-362,-0.31852856519640793,0.06629453599452972
z_degree_to_cn_residual,1,test-363,0.26383524768033195,0.2049514651298523
z_degree_to_cn_residual,1,test-364,-0.06396091467381823,0.26786255836486816
z_degree_to_cn_residual,1,test-365,-0.18602303754564287,0.21602486073970795
z_degree_to_cn_residual,1,test-366,-0.0017051669314512175,-0.00484195351600647
z_degree_to_cn_residual,1,test-367,-0.5962537633065377,0.09251121431589127
z_degree_to_cn_residual,1,test-368,1.0444369000321867,0.11851665377616882
z_degree_to_cn_residual,1,test-369,-0.002483473901375505,-2.1666288375854492e-05
z_degree_to_cn_residual,1,test-370,0.6867460173654834,0.0983031839132309
z_degree_to_cn_residual,1,test-371,-0.0017051669314512175,-0.0058302730321884155
z_degree_to_cn_residual,1,test-372,0.6188756690777434,0.2105862945318222
z_degree_to_cn_residual,1,test-373,-0.31951830065715553,0.18068817257881165
z_degree_to_cn_residual,1,test-374,0.5333369283305339,0.27181440591812134
z_degree_to_cn_residual,1,test-375,0.5980680715538729,0.22050748765468597
z_degree_to_cn_residual,1,test-376,0.0920452145115791,0.04393920302391052
z_degree_to_cn_residual,1,test-377,-0.003920084665472663,0.08709649741649628
z_degree_to_cn_residual,1,test-378,-0.295747045488935,0.20646072924137115
z_degree_to_cn_residual,1,test-379,-0.003920084665472663,0.08709649741649628
z_degree_to_cn_residual,1,test-380,0.5980680715538729,0.22661109268665314
z_degree_to_cn_residual,1,test-381,0.6906105992764492,0.11618451774120331
z_degree_to_cn_residual,1,test-382,-0.0025667768776077267,0.13661319017410278
z_degree_to_cn_residual,1,test-383,-0.0025667768776077267,0.052236273884773254
z_degree_to_cn_residual,1,test-384,-0.018078891203757413,0.042963266372680664
z_degree_to_cn_residual,1,test-385,-0.0025667768776077267,0.13661319017410278
z_degree_to_cn_residual,1,test-386,-0.0025667768776077267,0.13661319017410278
z_degree_to_cn_residual,1,test-387,0.6904677205888524,0.09961964190006256
z_degree_to_cn_residual,1,test-388,0.5071241430143024,0.21602486073970795
z_degree_to_cn_residual,1,test-389,-0.002679459971092827,0.09961964190006256
z_degree_to_cn_residual,1,test-390,0.5932148614802274,0.203575998544693
z_degree_to_cn_residual,1,test-391,0.5071241430143024,0.21602486073970795
z_degree_to_cn_residual,1,test-392,-0.002483473901375505,-2.1666288375854492e-05
z_degree_to_cn_residual,1,test-393,-0.0017051669314512175,-0.00484195351600647
z_degree_to_cn_residual,1,test-394,-0.002536581283496064,0.11618451774120331
z_degree_to_cn_residual,1,test-395,0.5634751272888399,0.17350855469703674
z_degree_to_cn_residual,1,test-396,-0.0025667768776077267,0.13661319017410278
z_degree_to_cn_residual,1,test-397,-0.011174017424812204,0.04634381830692291
z_degree_to_cn_residual,1,test-398,-0.003920084665472663,0.08709649741649628
z_degree_to_cn_residual,1,test-399,-0.18602303754564287,0.21602486073970795
z_degree_to_cn_residual,1,test-400,0.6904677205888524,0.09961964190006256
z_degree_to_cn_residual,1,test-401,0.6904677205888524,0.09961964190006256
z_degree_to_cn_residual,1,test-402,0.5963176677780939,0.1731758713722229
z_degree_to_cn_residual,1,test-403,-0.00961734087375331,0.04043830931186676
z_degree_to_cn_residual,1,test-404,0.18103728275552644,0.06889501214027405
z_degree_to_cn_residual,1,test-405,-0.0017051669314512175,0.0014898478984832764
z_degree_to_cn_residual,1,test-406,-0.26394703539593084,0.21049070358276367
z_degree_to_cn_residual,1,test-407,0.6906637066585698,0.32888615131378174
z_degree_to_cn_residual,1,test-408,-0.006236131996241855,0.015657708048820496
z_degree_to_cn_residual,1,test-409,0.6750682893561879,0.042963266372680664
z_degree_to_cn_residual,1,test-410,-0.0025667768776077267,0.052236273884773254
z_degree_to_cn_residual,1,test-411,-0.3678477635670827,0.20369692146778107
z_degree_to_cn_residual,1,test-412,1.0035331796620373,0.22661109268665314
z_degree_to_cn_residual,1,test-413,0.3974001350710103,0.20646072924137115
z_degree_to_cn_residual,1,test-414,0.14484892926646498,0.08592988550662994
z_degree_to_cn_residual,1,test-415,0.6904376522693105,0.09975020587444305
z_degree_to_cn_residual,1,test-416,0.42920014516401445,0.21049070358276367
z_degree_to_cn_residual,1,test-417,-0.002709528290634796,0.08244763314723969
z_degree_to_cn_residual,1,test-418,-0.18602303754564287,0.21602486073970795
z_degree_to_cn_residual,1,test-419,0.42920014516401445,0.21049070358276367
z_degree_to_cn_residual,1,test-420,-0.10534341095846705,0.09766096621751785
z_degree_to_cn_residual,1,test-421,-0.34185746108770393,0.11851665377616882
z_degree_to_cn_residual,1,test-422,0.5980680715538729,0.22661109268665314
z_degree_to_cn_residual,1,test-423,-0.002679459971092827,0.09961964190006256
z_degree_to_cn_residual,1,test-424,0.6924563057315964,0.0698845237493515
z_degree_to_cn_residual,1,test-425,-0.0009230486758283437,0.004411593079566956
z_degree_to_cn_residual,1,test-426,1.2002713235742477,0.21602486073970795
z_degree_to_cn_residual,1,test-427,-0.06396091467381823,0.26786255836486816
z_degree_to_cn_residual,1,test-428,0.6906637066585698,0.32888615131378174
z_degree_to_cn_residual,1,test-429,-0.12967205327110548,0.1741313934326172
z_degree_to_cn_residual,1,test-430,0.002865332104051953,0.05252538621425629
z_degree_to_cn_residual,1,test-431,-0.002679459971092827,0.09961964190006256
z_degree_to_cn_residual,1,test-432,-0.07427151148220186,0.2105862945318222
z_degree_to_cn_residual,1,test-433,0.33133944436357726,0.1434929221868515
z_degree_to_cn_residual,1,test-434,0.5980680715538729,0.22050748765468597
z_degree_to_cn_residual,1,test-435,0.6892270958944726,0.08709649741649628
z_degree_to_cn_residual,1,test-436,0.027598705190133088,0.05083581805229187
z_degree_to_cn_residual,1,test-437,0.6288411122804236,0.03907352685928345
z_degree_to_cn_residual,1,test-438,-0.1278380797400702,0.11790591478347778
z_degree_to_cn_residual,1,test-439,-0.0025667768776077267,0.13661319017410278
z_degree_to_cn_residual,1,test-440,0.9007472632761859,0.17863218486309052
z_degree_to_cn_residual,1,test-441,0.09689341725340761,0.09251121431589127
z_degree_to_cn_residual,1,test-442,0.9986799695883919,0.203575998544693
z_degree_to_cn_residual,1,test-443,1.0035331796620373,0.22050748765468597
z_degree_to_cn_residual,1,test-444,-0.001592483837966117,0.016316980123519897
z_degree_to_cn_residual,1,test-445,1.2002713235742477,0.21602486073970795
z_degree_to_cn_residual,1,test-446,0.9388020364386984,0.27181440591812134
z_degree_to_cn_residual,1,test-447,0.9125892511224669,0.21602486073970795
z_degree_to_cn_residual,1,test-448,-0.0017051669314512175,0.0014898478984832764
z_degree_to_cn_residual,1,test-449,0.6906637066585698,0.32888615131378174
z_degree_to_cn_residual,1,test-450,0.6188756690777434,0.2105862945318222
z_degree_to_cn_residual,1,test-451,-0.6219808875579942,-0.032476916909217834
z_degree_to_cn_residual,1,test-452,-0.32077300936225667,0.12665022909641266
z_degree_to_cn_residual,1,test-453,0.7307645251010271,0.20369692146778107
z_degree_to_cn_residual,1,test-454,-0.09507910900607243,0.22050748765468597
z_degree_to_cn_residual,1,test-455,0.6930446040093127,0.059878915548324585
z_degree_to_cn_residual,1,test-456,-0.06430606827952172,0.03907352685928345
z_degree_to_cn_residual,1,test-457,-0.0025667768776077267,0.052236273884773254
z_degree_to_cn_residual,1,test-458,-0.15981025222941134,0.27181440591812134
z_degree_to_cn_residual,1,test-459,0.5634751272888399,0.1741313934326172
z_degree_to_cn_residual,1,test-460,0.9125892511224669,0.21602486073970795
z_degree_to_cn_residual,1,test-461,0.5932148614802274,0.203575998544693
z_degree_to_cn_residual,1,test-462,-0.0022128532902202114,0.0019307583570480347
z_degree_to_cn_residual,1,test-463,0.6905804036823375,0.13661319017410278
z_degree_to_cn_residual,1,test-464,0.6924563057315964,0.0698845237493515
z_degree_to_cn_residual,1,test-465,-0.0022128532902202114,0.0019307583570480347
z_degree_to_cn_residual,1,test-466,0.42920014516401445,0.21049070358276367
z_degree_to_cn_residual,1,test-467,0.5023585253615721,0.09251121431589127
z_degree_to_cn_residual,1,test-468,-0.18602303754564287,0.21602486073970795
z_degree_to_cn_residual,1,test-469,-0.09993231907971788,0.203575998544693
z_degree_to_cn_residual,1,test-470,-0.001592483837966117,0.016316980123519897
z_degree_to_cn_residual,1,test-471,0.42920014516401445,0.21049070358276367
z_degree_to_cn_residual,1,test-472,-0.002536581283496064,0.11618451774120331
z_degree_to_cn_residual,1,test-473,0.3907357061859718,0.09396985173225403
z_degree_to_cn_residual,1,test-474,0.18103728275552644,0.06889501214027405
z_degree_to_cn_residual,1,test-475,0.629186265886127,0.26786255836486816
z_degree_to_cn_residual,1,test-476,-0.002679459971092827,0.09961964190006256
z_degree_to_cn_residual,1,test-477,-0.09507910900607243,0.22661109268665314
z_degree_to_cn_residual,1,test-478,0.5963176677780939,0.1731758713722229
z_degree_to_cn_residual,1,test-479,0.5071241430143024,0.21602486073970795
z_degree_to_cn_residual,1,test-480,0.7232900511466166,0.11546652019023895
z_degree_to_cn_residual,1,test-481,-0.003920084665472663,0.08709649741649628
z_degree_to_cn_residual,1,test-482,0.5634751272888399,0.17350855469703674
z_degree_to_cn_residual,1,test-483,0.4676238340609221,0.2213073968887329
z_degree_to_cn_residual,1,test-484,-0.002679459971092827,0.09961964190006256
z_degree_to_cn_residual,1,test-485,-0.295747045488935,0.20646072924137115
z_degree_to_cn_residual,1,test-486,-0.0017051669314512175,-0.00484195351600647
z_degree_to_cn_residual,1,test-487,-0.21403955770147523,0.13992202281951904
z_degree_to_cn_residual,1,test-488,-0.002679459971092827,0.09961964190006256
z_degree_to_cn_residual,1,test-489,-0.002709528290634796,0.09281282126903534
z_degree_to_cn_residual,1,test-490,-0.0025667768776077267,0.052236273884773254
z_degree_to_cn_residual,1,test-491,-0.002679459971092827,0.09961964190006256
z_degree_to_cn_residual,1,test-492,0.6422000301412054,0.10946260392665863
z_degree_to_cn_residual,1,test-493,0.732166078719928,0.24096032977104187
z_degree_to_cn_residual,1,test-494,-0.002483473901375505,-2.1666288375854492e-05
z_degree_to_cn_residual,1,test-495,-0.31852856519640793,0.06629453599452972
z_degree_to_cn_residual,1,test-496,-0.0025667768776077267,0.13661319017410278
z_degree_to_cn_residual,1,test-497,0.6917662213034395,0.04377765953540802
z_degree_to_cn_residual,1,test-498,-0.003920084665472663,0.08709649741649628
z_degree_to_cn_residual,1,test-499,-0.530128441809577,0.1894417405128479
z_degree_to_cn_residual,1,test-500,-0.3024114743739735,0.09396985173225403
z_degree_to_cn_residual,1,test-501,0.6960125126639972,0.05252538621425629
z_degree_to_cn_residual,1,test-502,0.3974001350710103,0.20646072924137115
z_degree_to_cn_residual,1,test-503,-0.4555583161639697,0.17648884654045105
z_degree_to_cn_residual,1,test-504,-0.4681938869129151,0.07460489869117737
z_degree_to_cn_residual,1,test-505,0.629186265886127,0.26786255836486816
z_degree_to_cn_residual,1,test-506,-0.4092811700187469,0.18957087397575378
z_degree_to_cn_residual,1,test-507,-0.006401163194461921,0.0983031839132309
z_degree_to_cn_residual,1,test-508,-0.7439778312008087,0.1873854249715805
z_degree_to_cn_residual,1,test-509,0.400053207186074,0.13153433799743652
z_degree_to_cn_residual,1,test-510,0.9297295237162035,0.08592119812965393
z_degree_to_cn_residual,1,test-511,-0.06430606827952172,0.03907352685928345
z_degree_to_degree,1,test-0,4.6443908991413725,4.969064235687256
z_degree_to_degree,1,test-1,3.9889840465642745,4.330789566040039
z_degree_to_degree,1,test-2,4.584967478670571,4.794833183288574
z_degree_to_degree,1,test-3,3.1780538303479453,3.499704360961914
z_degree_to_degree,1,test-4,4.77912349311153,5.056623458862305
z_degree_to_degree,1,test-5,3.8066624897703196,3.881666421890259
z_degree_to_degree,1,test-6,5.966146739123692,6.179649353027344
z_degree_to_degree,1,test-7,3.6635616461296463,3.953322649002075
z_degree_to_degree,1,test-8,3.044522437723423,3.4136924743652344
z_degree_to_degree,1,test-9,3.6888794541139367,3.991748809814453
z_degree_to_degree,1,test-10,3.401197381662155,3.671937942504883
z_degree_to_degree,1,test-11,3.9120230054281464,4.011385917663574
z_degree_to_degree,1,test-12,0.6931471805599453,1.5884151458740234
z_degree_to_degree,1,test-13,4.74493212836325,5.072454452514648
z_degree_to_degree,1,test-14,4.0943445622221,4.576144218444824
z_degree_to_degree,1,test-15,1.791759469228055,2.310382843017578
z_degree_to_degree,1,test-16,4.394449154672439,4.7138566970825195
z_degree_to_degree,1,test-17,4.718498871295095,5.10952091217041
z_degree_to_degree,1,test-18,0.6931471805599453,1.5884151458740234
z_degree_to_degree,1,test-19,3.044522437723423,3.4136924743652344
z_degree_to_degree,1,test-20,3.1780538303479458,3.718549966812134
z_degree_to_degree,1,test-21,3.465735902799726,3.5877764225006104
z_degree_to_degree,1,test-22,3.401197381662155,3.671937942504883
z_degree_to_degree,1,test-23,1.0986122886681098,1.764063835144043
z_degree_to_degree,1,test-24,3.5553480614894135,3.749512195587158
z_degree_to_degree,1,test-25,4.189654742026425,4.371213912963867
z_degree_to_degree,1,test-26,2.3025850929940455,2.783273696899414
z_degree_to_degree,1,test-27,3.465735902799726,3.5877764225006104
z_degree_to_degree,1,test-28,2.8903717578961645,3.24834942817688
z_degree_to_degree,1,test-29,3.688879454113936,3.850607395172119
z_degree_to_degree,1,test-30,4.882801922586371,5.263595104217529
z_degree_to_degree,1,test-31,4.553876891600541,4.844239234924316
z_degree_to_degree,1,test-32,3.58351893845611,3.8361976146698
z_degree_to_degree,1,test-33,3.58351893845611,4.293265342712402
z_degree_to_degree,1,test-34,3.1780538303479453,3.434257984161377
z_degree_to_degree,1,test-35,2.772588722239781,3.1669459342956543
z_degree_to_degree,1,test-36,1.3862943611198906,2.0204966068267822
z_degree_to_degree,1,test-37,2.3025850929940455,2.783273696899414
z_degree_to_degree,1,test-38,3.9889840465642745,4.511559009552002
z_degree_to_degree,1,test-39,1.791759469228055,2.310382843017578
z_degree_to_degree,1,test-40,3.951243718581427,4.22470235824585
z_degree_to_degree,1,test-41,3.6888794541139367,3.991748809814453
z_degree_to_degree,1,test-42,6.040254711277414,6.4006500244140625
z_degree_to_degree,1,test-43,2.4849066497880004,2.9675631523132324
z_degree_to_degree,1,test-44,3.1780538303479453,3.434257984161377
z_degree_to_degree,1,test-45,0.6931471805599453,1.5884151458740234
z_degree_to_degree,1,test-46,4.941642422609304,5.191920757293701
z_degree_to_degree,1,test-47,0.0,1.2309162616729736
z_degree_to_degree,1,test-48,2.8903717578961645,3.24834942817688
z_degree_to_degree,1,test-49,6.040254711277414,6.4006500244140625
z_degree_to_degree,1,test-50,3.332204510175204,3.548241138458252
z_degree_to_degree,1,test-51,2.995732273553991,3.403735399246216
z_degree_to_degree,1,test-52,6.327936783729195,6.604861736297607
z_degree_to_degree,1,test-53,2.8903717578961645,3.24834942817688
z_degree_to_degree,1,test-54,2.6390573296152584,3.066232681274414
z_degree_to_degree,1,test-55,4.927253685157204,5.234357833862305
z_degree_to_degree,1,test-56,2.70805020110221,3.056427001953125
z_degree_to_degree,1,test-57,5.272999558563747,5.6951141357421875
z_degree_to_degree,1,test-58,3.9889840465642745,4.209473609924316
z_degree_to_degree,1,test-59,2.0794415416798357,2.7709083557128906
z_degree_to_degree,1,test-60,4.7535901911063645,5.056514739990234
z_degree_to_degree,1,test-61,2.1972245773362196,2.7458791732788086
z_degree_to_degree,1,test-62,2.3978952727983707,3.032822608947754
z_degree_to_degree,1,test-63,1.3862943611198906,2.0204966068267822
z_degree_to_degree,1,test-64,3.58351893845611,3.918930768966675
z_degree_to_degree,1,test-65,2.8903717578961645,3.24834942817688
z_degree_to_degree,1,test-66,2.4849066497880004,3.023336887359619
z_degree_to_degree,1,test-67,2.4849066497880004,3.023336887359619
z_degree_to_degree,1,test-68,4.90527477843843,5.166114807128906
z_degree_to_degree,1,test-69,3.2188758248682006,3.671862840652466
z_degree_to_degree,1,test-70,2.995732273553991,3.403735399246216
z_degree_to_degree,1,test-71,4.0943445622221,4.305970668792725
z_degree_to_degree,1,test-72,1.791759469228055,2.310382843017578
z_degree_to_degree,1,test-73,3.951243718581427,4.22470235824585
z_degree_to_degree,1,test-74,2.70805020110221,3.056427001953125
z_degree_to_degree,1,test-75,3.044522437723423,3.4136924743652344
z_degree_to_degree,1,test-76,1.0986122886681098,1.764063835144043
z_degree_to_degree,1,test-77,3.044522437723423,3.4136924743652344
z_degree_to_degree,1,test-78,1.3862943611198906,2.070934295654297
z_degree_to_degree,1,test-79,1.791759469228055,2.310382843017578
z_degree_to_degree,1,test-80,3.688879454113936,3.850607395172119
z_degree_to_degree,1,test-81,3.58351893845611,3.8645548820495605
z_degree_to_degree,1,test-82,3.465735902799726,3.5877764225006104
z_degree_to_degree,1,test-83,4.025351690735149,4.508872985839844
z_degree_to_degree,1,test-84,4.718498871295094,5.0291242599487305
z_degree_to_degree,1,test-85,3.9889840465642745,4.330789566040039
z_degree_to_degree,1,test-86,3.332204510175204,3.548241138458252
z_degree_to_degree,1,test-87,2.70805020110221,3.056427001953125
z_degree_to_degree,1,test-88,2.6390573296152584,3.066232681274414
z_degree_to_degree,1,test-89,3.332204510175204,3.548241138458252
z_degree_to_degree,1,test-90,2.4849066497880004,2.9675631523132324
z_degree_to_degree,1,test-91,2.0794415416798357,2.7709083557128906
z_degree_to_degree,1,test-92,3.1780538303479453,3.499704360961914
z_degree_to_degree,1,test-93,5.272999558563747,5.6951141357421875
z_degree_to_degree,1,test-94,2.4849066497880004,2.9675631523132324
z_degree_to_degree,1,test-95,3.401197381662156,3.7432198524475098
z_degree_to_degree,1,test-96,7.50659178007084,7.390221118927002
z_degree_to_degree,1,test-97,4.465908118654584,4.770632743835449
z_degree_to_degree,1,test-98,2.3025850929940455,2.783273696899414
z_degree_to_degree,1,test-99,2.70805020110221,3.056427001953125
z_degree_to_degree,1,test-100,3.58351893845611,3.8645548820495605
z_degree_to_degree,1,test-101,2.70805020110221,3.056427001953125
z_degree_to_degree,1,test-102,4.02535169073515,4.771365165710449
z_degree_to_degree,1,test-103,2.772588722239781,3.1669459342956543
z_degree_to_degree,1,test-104,2.1972245773362196,2.583296775817871
z_degree_to_degree,1,test-105,1.0986122886681098,1.764063835144043
z_degree_to_degree,1,test-106,3.5263605246161616,4.152863502502441
z_degree_to_degree,1,test-107,0.6931471805599453,1.5884151458740234
z_degree_to_degree,1,test-108,6.327936783729195,6.604861736297607
z_degree_to_degree,1,test-109,3.58351893845611,3.8361976146698
z_degree_to_degree,1,test-110,2.0794415416798357,2.7709083557128906
z_degree_to_degree,1,test-111,2.8903717578961645,3.6602864265441895
z_degree_to_degree,1,test-112,5.0106352940962555,5.274141788482666
z_degree_to_degree,1,test-113,3.688879454113936,3.850607395172119
z_degree_to_degree,1,test-114,1.3862943611198906,2.070934295654297
z_degree_to_degree,1,test-115,1.3862943611198906,2.0204966068267822
z_degree_to_degree,1,test-116,7.3395376954076745,7.321717739105225
z_degree_to_degree,1,test-117,4.304065093204169,4.7323102951049805
z_degree_to_degree,1,test-118,3.2188758248682006,3.671862840652466
z_degree_to_degree,1,test-119,6.733401891837358,6.897911548614502
z_degree_to_degree,1,test-120,2.4849066497880004,2.9675631523132324
z_degree_to_degree,1,test-121,2.995732273553991,3.403735399246216
z_degree_to_degree,1,test-122,3.58351893845611,3.8645548820495605
z_degree_to_degree,1,test-123,1.791759469228055,2.310382843017578
z_degree_to_degree,1,test-124,2.6390573296152584,3.066232681274414
z_degree_to_degree,1,test-125,2.1972245773362196,2.583296775817871
z_degree_to_degree,1,test-126,2.4849066497880004,2.9675631523132324
z_degree_to_degree,1,test-127,1.791759469228055,2.310382843017578
z_degree_to_degree,1,test-128,3.6635616461296463,3.953322649002075
z_degree_to_degree,1,test-129,2.5649493574615367,3.359278678894043
z_degree_to_degree,1,test-130,2.995732273553991,3.403735399246216
z_degree_to_degree,1,test-131,3.044522437723423,3.4136924743652344
z_degree_to_degree,1,test-132,3.688879454113936,3.850607395172119
z_degree_to_degree,1,test-133,5.560681631015528,5.7605180740356445
z_degree_to_degree,1,test-134,2.1972245773362196,2.583296775817871
z_degree_to_degree,1,test-135,2.772588722239781,3.1669459342956543
z_degree_to_degree,1,test-136,3.688879454113936,3.850607395172119
z_degree_to_degree,1,test-137,2.1972245773362196,2.7458791732788086
z_degree_to_degree,1,test-138,4.31748811353631,4.5232930183410645
z_degree_to_degree,1,test-139,1.791759469228055,2.310382843017578
z_degree_to_degree,1,test-140,3.332204510175204,3.548241138458252
z_degree_to_degree,1,test-141,4.276666119016055,4.553786754608154
z_degree_to_degree,1,test-142,2.70805020110221,3.056427001953125
z_degree_to_degree,1,test-143,2.0794415416798357,2.7709083557128906
z_degree_to_degree,1,test-144,2.772588722239781,3.1669459342956543
z_degree_to_degree,1,test-145,4.882801922586371,5.263595104217529
z_degree_to_degree,1,test-146,3.465735902799726,3.5877764225006104
z_degree_to_degree,1,test-147,3.332204510175204,3.548241138458252
z_degree_to_degree,1,test-148,6.327936783729195,6.604861736297607
z_degree_to_degree,1,test-149,3.2188758248682006,3.671862840652466
z_degree_to_degree,1,test-150,3.931825632724326,4.265133857727051
z_degree_to_degree,1,test-151,3.295836866004329,3.626390218734741
z_degree_to_degree,1,test-152,3.4011973816621555,4.054993152618408
z_degree_to_degree,1,test-153,4.0943445622221,4.342874526977539
z_degree_to_degree,1,test-154,2.0794415416798357,2.7709083557128906
z_degree_to_degree,1,test-155,2.3025850929940455,2.783273696899414
z_degree_to_degree,1,test-156,5.4116460518550396,5.553046226501465
z_degree_to_degree,1,test-157,4.564348191467836,4.797942161560059
z_degree_to_degree,1,test-158,0.0,1.2309162616729736
z_degree_to_degree,1,test-159,2.70805020110221,3.056427001953125
z_degree_to_degree,1,test-160,2.9444389791664403,3.715522289276123
z_degree_to_degree,1,test-161,1.3862943611198906,2.070934295654297
z_degree_to_degree,1,test-162,2.8903717578961645,3.24834942817688
z_degree_to_degree,1,test-163,1.791759469228055,2.310382843017578
z_degree_to_degree,1,test-164,5.560681631015528,5.7605180740356445
z_degree_to_degree,1,test-165,1.0986122886681098,1.764063835144043
z_degree_to_degree,1,test-166,3.5553480614894135,3.749512195587158
z_degree_to_degree,1,test-167,4.499809670330265,4.6940507888793945
z_degree_to_degree,1,test-168,3.5553480614894135,3.749512195587158
z_degree_to_degree,1,test-169,1.791759469228055,2.310382843017578
z_degree_to_degree,1,test-170,2.0794415416798357,2.7709083557128906
z_degree_to_degree,1,test-171,5.288267030694535,5.716120719909668
z_degree_to_degree,1,test-172,1.3862943611198906,2.070934295654297
z_degree_to_degree,1,test-173,2.4849066497880004,2.9675631523132324
z_degree_to_degree,1,test-174,3.9120230054281464,4.011385917663574
z_degree_to_degree,1,test-175,4.499809670330265,4.6940507888793945
z_degree_to_degree,1,test-176,4.867534450455582,5.250054359436035
z_degree_to_degree,1,test-177,4.718498871295095,5.10952091217041
z_degree_to_degree,1,test-178,3.465735902799726,3.5877764225006104
z_degree_to_degree,1,test-179,1.3862943611198906,2.070934295654297
z_degree_to_degree,1,test-180,3.58351893845611,4.293265342712402
z_degree_to_degree,1,test-181,3.58351893845611,3.8361976146698
z_degree_to_degree,1,test-182,3.465735902799726,3.5877764225006104
z_degree_to_degree,1,test-183,0.0,1.2309162616729736
z_degree_to_degree,1,test-184,7.24422751560335,7.268193244934082
z_degree_to_degree,1,test-185,3.332204510175204,3.548241138458252
z_degree_to_degree,1,test-186,3.401197381662155,3.671937942504883
z_degree_to_degree,1,test-187,3.332204510175204,3.548241138458252
z_degree_to_degree,1,test-188,2.4849066497880004,2.9675631523132324
z_degree_to_degree,1,test-189,2.1972245773362196,2.583296775817871
z_degree_to_degree,1,test-190,2.70805020110221,3.056427001953125
z_degree_to_degree,1,test-191,2.0794415416798357,2.7709083557128906
z_degree_to_degree,1,test-192,3.044522437723423,3.4136924743652344
z_degree_to_degree,1,test-193,2.995732273553991,3.403735399246216
z_degree_to_degree,1,test-194,3.58351893845611,4.293265342712402
z_degree_to_degree,1,test-195,4.90527477843843,5.166114807128906
z_degree_to_degree,1,test-196,4.5217885770490405,4.863142013549805
z_degree_to_degree,1,test-197,2.4849066497880004,2.9675631523132324
z_degree_to_degree,1,test-198,4.709530201312334,4.771334648132324
z_degree_to_degree,1,test-199,1.0986122886681098,1.764063835144043
z_degree_to_degree,1,test-200,1.0986122886681098,1.764063835144043
z_degree_to_degree,1,test-201,1.0986122886681098,1.764063835144043
z_degree_to_degree,1,test-202,3.044522437723423,3.4136924743652344
z_degree_to_degree,1,test-203,2.4849066497880004,2.9675631523132324
z_degree_to_degree,1,test-204,2.6390573296152584,3.066232681274414
z_degree_to_degree,1,test-205,2.1972245773362196,2.583296775817871
z_degree_to_degree,1,test-206,3.58351893845611,3.8361976146698
z_degree_to_degree,1,test-207,4.2484952420493585,4.466262340545654
z_degree_to_degree,1,test-208,4.0943445622221,4.305970668792725
z_degree_to_degree,1,test-209,4.836281906951478,5.113650798797607
z_degree_to_degree,1,test-210,4.976733742420574,5.233292579650879
z_degree_to_degree,1,test-211,3.044522437723423,3.4136924743652344
z_degree_to_degree,1,test-212,4.499809670330265,4.813533782958984
z_degree_to_degree,1,test-213,1.3862943611198906,2.0204966068267822
z_degree_to_degree,1,test-214,5.560681631015528,5.7605180740356445
z_degree_to_degree,1,test-215,2.0794415416798357,2.7709083557128906
z_degree_to_degree,1,test-216,0.6931471805599453,1.5884151458740234
z_degree_to_degree,1,test-217,1.791759469228055,2.310382843017578
z_degree_to_degree,1,test-218,3.044522437723423,3.4136924743652344
z_degree_to_degree,1,test-219,3.58351893845611,3.8645548820495605
z_degree_to_degree,1,test-220,2.70805020110221,3.4790778160095215
z_degree_to_degree,1,test-221,2.995732273553991,3.403735399246216
z_degree_to_degree,1,test-222,2.0794415416798357,2.7709083557128906
z_degree_to_degree,1,test-223,3.8712010109078907,4.193261623382568
z_degree_to_degree,1,test-224,0.0,1.2309162616729736
z_degree_to_degree,1,test-225,3.332204510175204,3.548241138458252
z_degree_to_degree,1,test-226,2.0794415416798357,2.7709083557128906
z_degree_to_degree,1,test-227,2.772588722239781,3.1669459342956543
z_degree_to_degree,1,test-228,1.791759469228055,2.310382843017578
z_degree_to_degree,1,test-229,2.1972245773362196,2.583296775817871
z_degree_to_degree,1,test-230,3.401197381662156,3.7432198524475098
z_degree_to_degree,1,test-231,4.430816798843313,4.766630172729492
z_degree_to_degree,1,test-232,4.276666119016055,4.433362007141113
z_degree_to_degree,1,test-233,1.791759469228055,2.517031669616699
z_degree_to_degree,1,test-234,3.58351893845611,3.8645548820495605
z_degree_to_degree,1,test-235,3.1780538303479453,3.499704360961914
z_degree_to_degree,1,test-236,2.8903717578961645,3.24834942817688
z_degree_to_degree,1,test-237,3.044522437723423,3.4136924743652344
z_degree_to_degree,1,test-238,5.780743515792329,6.113506317138672
z_degree_to_degree,1,test-239,6.327936783729195,6.604861736297607
z_degree_to_degree,1,test-240,0.6931471805599453,1.5884151458740234
z_degree_to_degree,1,test-241,2.4849066497880004,3.023336887359619
z_degree_to_degree,1,test-242,2.8903717578961645,3.24834942817688
z_degree_to_degree,1,test-243,2.1972245773362196,2.583296775817871
z_degree_to_degree,1,test-244,3.044522437723423,3.4136924743652344
z_degree_to_degree,1,test-245,2.70805020110221,3.056427001953125
z_degree_to_degree,1,test-246,4.74493212836325,5.072454452514648
z_degree_to_degree,1,test-247,1.791759469228055,2.310382843017578
z_degree_to_degree,1,test-248,3.8066624897703196,3.881666421890259
z_degree_to_degree,1,test-249,3.951243718581427,4.22470235824585
z_degree_to_degree,1,test-250,1.3862943611198906,2.070934295654297
z_degree_to_degree,1,test-251,4.718498871295095,5.10952091217041
z_degree_to_degree,1,test-252,3.465735902799726,3.5877764225006104
z_degree_to_degree,1,test-253,2.70805020110221,3.056427001953125
z_degree_to_degree,1,test-254,2.6390573296152584,3.066232681274414
z_degree_to_degree,1,test-255,5.19295685089021,5.436343669891357
z_degree_to_degree,1,test-256,0.0,1.2309162616729736
z_degree_to_degree,1,test-257,5.98141421125448,6.205946445465088
z_degree_to_degree,1,test-258,3.8712010109078907,3.9960243701934814
z_degree_to_degree,1,test-259,2.9957322735539913,3.4788670539855957
z_degree_to_degree,1,test-260,1.0986122886681098,1.764063835144043
z_degree_to_degree,1,test-261,3.401197381662155,3.671937942504883
z_degree_to_degree,1,test-262,2.995732273553991,3.403735399246216
z_degree_to_degree,1,test-263,2.995732273553991,3.403735399246216
z_degree_to_degree,1,test-264,4.1588830833596715,4.411962509155273
z_degree_to_degree,1,test-265,4.31748811353631,4.5232930183410645
z_degree_to_degree,1,test-266,1.791759469228055,2.310382843017578
z_degree_to_degree,1,test-267,2.0794415416798357,2.7709083557128906
z_degree_to_degree,1,test-268,2.70805020110221,3.056427001953125
z_degree_to_degree,1,test-269,6.476972362889683,6.504310607910156
z_degree_to_degree,1,test-270,1.791759469228055,2.310382843017578
z_degree_to_degree,1,test-271,3.044522437723423,3.4136924743652344
z_degree_to_degree,1,test-272,3.737669618283368,3.8960795402526855
z_degree_to_degree,1,test-273,3.1780538303479453,3.434257984161377
z_degree_to_degree,1,test-274,2.772588722239781,3.1669459342956543
z_degree_to_degree,1,test-275,2.70805020110221,3.056427001953125
z_degree_to_degree,1,test-276,2.0794415416798357,2.7004470825195312
z_degree_to_degree,1,test-277,3.332204510175204,3.548241138458252
z_degree_to_degree,1,test-278,5.220355825078324,5.45428466796875
z_degree_to_degree,1,test-279,3.6635616461296463,3.953322649002075
z_degree_to_degree,1,test-280,2.6390573296152584,3.066232681274414
z_degree_to_degree,1,test-281,2.4849066497880004,2.9675631523132324
z_degree_to_degree,1,test-282,3.9512437185814275,4.514335632324219
z_degree_to_degree,1,test-283,2.995732273553991,3.403735399246216
z_degree_to_degree,1,test-284,1.6094379124341003,2.085268020629883
z_degree_to_degree,1,test-285,2.70805020110221,3.056427001953125
z_degree_to_degree,1,test-286,6.461468176353717,6.621469497680664
z_degree_to_degree,1,test-287,3.044522437723423,3.4136924743652344
z_degree_to_degree,1,test-288,3.4965075614664807,3.863983631134033
z_degree_to_degree,1,test-289,4.499809670330265,4.765504360198975
z_degree_to_degree,1,test-290,2.8903717578961645,3.24834942817688
z_degree_to_degree,1,test-291,5.60947179518496,5.863194465637207
z_degree_to_degree,1,test-292,5.375278407684165,5.656754016876221
z_degree_to_degree,1,test-293,3.6888794541139367,3.991748809814453
z_degree_to_degree,1,test-294,2.1972245773362196,2.583296775817871
z_degree_to_degree,1,test-295,2.3025850929940455,2.783273696899414
z_degree_to_degree,1,test-296,3.7376696182833684,4.5252461433410645
z_degree_to_degree,1,test-297,2.0794415416798357,2.7004470825195312
z_degree_to_degree,1,test-298,1.3862943611198906,2.0204966068267822
z_degree_to_degree,1,test-299,3.1780538303479453,3.434257984161377
z_degree_to_degree,1,test-300,2.995732273553991,3.403735399246216
z_degree_to_degree,1,test-301,1.6094379124341003,2.085268020629883
z_degree_to_degree,1,test-302,2.4849066497880004,2.9675631523132324
z_degree_to_degree,1,test-303,2.0794415416798357,2.7709083557128906
z_degree_to_degree,1,test-304,4.382026634673881,4.695404052734375
z_degree_to_degree,1,test-305,3.332204510175204,3.548241138458252
z_degree_to_degree,1,test-306,5.556828061699537,5.843511581420898
z_degree_to_degree,1,test-307,2.0794415416798357,2.7709083557128906
z_degree_to_degree,1,test-308,2.0794415416798357,2.7709083557128906
z_degree_to_degree,1,test-309,3.58351893845611,3.918930768966675
z_degree_to_degree,1,test-310,2.1972245773362196,2.583296775817871
z_degree_to_degree,1,test-311,3.8918202981106265,4.017604827880859
z_degree_to_degree,1,test-312,2.4849066497880004,3.286832809448242
z_degree_to_degree,1,test-313,6.733401891837358,6.897911548614502
z_degree_to_degree,1,test-314,4.941642422609304,5.191920757293701
z_degree_to_degree,1,test-315,1.9459101490553132,2.6424169540405273
z_degree_to_degree,1,test-316,2.8903717578961645,3.24834942817688
z_degree_to_degree,1,test-317,5.4116460518550396,5.553046226501465
z_degree_to_degree,1,test-318,3.332204510175204,3.548241138458252
z_degree_to_degree,1,test-319,6.733401891837358,6.897911548614502
z_degree_to_degree,1,test-320,2.772588722239781,3.1669459342956543
z_degree_to_degree,1,test-321,3.044522437723423,3.4136924743652344
z_degree_to_degree,1,test-322,2.995732273553991,3.403735399246216
z_degree_to_degree,1,test-323,0.6931471805599453,1.5884151458740234
z_degree_to_degree,1,test-324,2.4849066497880004,2.9675631523132324
z_degree_to_degree,1,test-325,2.772588722239781,3.1669459342956543
z_degree_to_degree,1,test-326,3.091042453358316,3.5747716426849365
z_degree_to_degree,1,test-327,3.401197381662156,3.7432198524475098
z_degree_to_degree,1,test-328,3.688879454113936,3.850607395172119
z_degree_to_degree,1,test-329,1.6094379124341003,2.085268020629883
z_degree_to_degree,1,test-330,3.5553480614894135,3.749512195587158
z_degree_to_degree,1,test-331,3.8712010109078907,4.152132034301758
z_degree_to_degree,1,test-332,2.70805020110221,3.4790778160095215
z_degree_to_degree,1,test-333,2.8903717578961645,3.6602864265441895
z_degree_to_degree,1,test-334,2.4849066497880004,3.023336887359619
z_degree_to_degree,1,test-335,4.51085950651685,4.733770370483398
z_degree_to_degree,1,test-336,2.70805020110221,3.056427001953125
z_degree_to_degree,1,test-337,3.044522437723423,3.4136924743652344
z_degree_to_degree,1,test-338,2.4849066497880004,2.9675631523132324
z_degree_to_degree,1,test-339,2.772588722239781,3.1669459342956543
z_degree_to_degree,1,test-340,4.143134726391533,4.496812343597412
z_degree_to_degree,1,test-341,3.931825632724326,4.265133857727051
z_degree_to_degree,1,test-342,2.4849066497880004,2.9675631523132324
z_degree_to_degree,1,test-343,4.787491742782047,5.104733943939209
z_degree_to_degree,1,test-344,1.3862943611198906,2.0204966068267822
z_degree_to_degree,1,test-345,3.1780538303479453,3.499704360961914
z_degree_to_degree,1,test-346,2.4849066497880004,2.9675631523132324
z_degree_to_degree,1,test-347,2.4849066497880004,2.9675631523132324
z_degree_to_degree,1,test-348,2.4849066497880004,2.9675631523132324
z_degree_to_degree,1,test-349,3.401197381662155,3.671937942504883
z_degree_to_degree,1,test-350,2.8903717578961645,3.6602864265441895
z_degree_to_degree,1,test-351,3.1780538303479453,3.434257984161377
z_degree_to_degree,1,test-352,1.3862943611198906,2.0204966068267822
z_degree_to_degree,1,test-353,4.882801922586371,5.263595104217529
z_degree_to_degree,1,test-354,4.23410650459726,4.586907386779785
z_degree_to_degree,1,test-355,5.6937321388027,6.028138160705566
z_degree_to_degree,1,test-356,0.6931471805599453,1.5884151458740234
z_degree_to_degree,1,test-357,1.791759469228055,2.310382843017578
z_degree_to_degree,1,test-358,1.791759469228055,2.310382843017578
z_degree_to_degree,1,test-359,5.966146739123692,6.179649353027344
z_degree_to_degree,1,test-360,3.4965075614664807,3.863983631134033
z_degree_to_degree,1,test-361,6.733401891837358,6.897911548614502
z_degree_to_degree,1,test-362,5.272999558563747,5.48771333694458
z_degree_to_degree,1,test-363,3.737669618283368,3.8960795402526855
z_degree_to_degree,1,test-364,2.1972245773362196,2.583296775817871
z_degree_to_degree,1,test-365,2.995732273553991,3.403735399246216
z_degree_to_degree,1,test-366,1.3862943611198906,2.070934295654297
z_degree_to_degree,1,test-367,6.327936783729195,6.604861736297607
z_degree_to_degree,1,test-368,4.430816798843313,4.766630172729492
z_degree_to_degree,1,test-369,0.0,1.2309162616729736
z_degree_to_degree,1,test-370,2.6390573296152584,3.066232681274414
z_degree_to_degree,1,test-371,1.6094379124341003,2.085268020629883
z_degree_to_degree,1,test-372,2.4849066497880004,2.9675631523132324
z_degree_to_degree,1,test-373,3.465735902799726,3.5877764225006104
z_degree_to_degree,1,test-374,2.772588722239781,3.1669459342956543
z_degree_to_degree,1,test-375,2.70805020110221,3.056427001953125
z_degree_to_degree,1,test-376,4.74493212836325,5.072454452514648
z_degree_to_degree,1,test-377,2.4849066497880004,3.023336887359619
z_degree_to_degree,1,test-378,3.332204510175204,3.548241138458252
z_degree_to_degree,1,test-379,2.4849066497880004,3.023336887359619
z_degree_to_degree,1,test-380,2.8903717578961645,3.24834942817688
z_degree_to_degree,1,test-381,2.3025850929940455,2.783273696899414
z_degree_to_degree,1,test-382,1.791759469228055,2.310382843017578
z_degree_to_degree,1,test-383,0.6931471805599453,1.5884151458740234
z_degree_to_degree,1,test-384,4.276666119016055,4.712026596069336
z_degree_to_degree,1,test-385,1.791759469228055,2.310382843017578
z_degree_to_degree,1,test-386,1.791759469228055,2.310382843017578
z_degree_to_degree,1,test-387,2.0794415416798357,2.7709083557128906
z_degree_to_degree,1,test-388,2.995732273553991,3.403735399246216
z_degree_to_degree,1,test-389,2.0794415416798357,2.7709083557128906
z_degree_to_degree,1,test-390,3.044522437723423,3.4136924743652344
z_degree_to_degree,1,test-391,2.995732273553991,3.403735399246216
z_degree_to_degree,1,test-392,0.0,1.2309162616729736
z_degree_to_degree,1,test-393,1.3862943611198906,2.070934295654297
z_degree_to_degree,1,test-394,2.3025850929940455,2.783273696899414
z_degree_to_degree,1,test-395,3.295836866004329,3.626390218734741
z_degree_to_degree,1,test-396,1.791759469228055,2.310382843017578
z_degree_to_degree,1,test-397,3.4011973816621555,4.054993152618408
z_degree_to_degree,1,test-398,2.4849066497880004,3.023336887359619
z_degree_to_degree,1,test-399,2.995732273553991,3.403735399246216
z_degree_to_degree,1,test-400,2.0794415416798357,2.7709083557128906
z_degree_to_degree,1,test-401,2.0794415416798357,2.7709083557128906
z_degree_to_degree,1,test-402,3.1780538303479453,3.499704360961914
z_degree_to_degree,1,test-403,3.828641396489095,4.523277759552002
z_degree_to_degree,1,test-404,4.90527477843843,5.166114807128906
z_degree_to_degree,1,test-405,1.791759469228055,2.517031669616699
z_degree_to_degree,1,test-406,3.401197381662155,3.671937942504883
z_degree_to_degree,1,test-407,1.3862943611198906,2.0204966068267822
z_degree_to_degree,1,test-408,2.8903717578961645,3.6602864265441895
z_degree_to_degree,1,test-409,4.276666119016055,4.712026596069336
z_degree_to_degree,1,test-410,0.6931471805599453,1.5884151458740234
z_degree_to_degree,1,test-411,3.5553480614894135,3.749512195587158
z_degree_to_degree,1,test-412,2.8903717578961645,3.24834942817688
z_degree_to_degree,1,test-413,3.332204510175204,3.548241138458252
z_degree_to_degree,1,test-414,5.342334251964811,5.660556316375732
z_degree_to_degree,1,test-415,2.890371757896165,3.454822540283203
z_degree_to_degree,1,test-416,3.401197381662155,3.671937942504883
z_degree_to_degree,1,test-417,3.091042453358316,3.5747716426849365
z_degree_to_degree,1,test-418,2.995732273553991,3.403735399246216
z_degree_to_degree,1,test-419,3.401197381662155,3.671937942504883
z_degree_to_degree,1,test-420,4.787491742782046,5.082318305969238
z_degree_to_degree,1,test-421,4.430816798843313,4.766630172729492
z_degree_to_degree,1,test-422,2.8903717578961645,3.24834942817688
z_degree_to_degree,1,test-423,2.0794415416798357,2.7709083557128906
z_degree_to_degree,1,test-424,3.1780538303479458,3.718549966812134
z_degree_to_degree,1,test-425,1.9459101490553132,2.6424169540405273
z_degree_to_degree,1,test-426,2.995732273553991,3.403735399246216
z_degree_to_degree,1,test-427,2.1972245773362196,2.583296775817871
z_degree_to_degree,1,test-428,1.3862943611198906,2.0204966068267822
z_degree_to_degree,1,test-429,3.401197381662156,3.7432198524475098
z_degree_to_degree,1,test-430,3.332204510175204,3.962064504623413
z_degree_to_degree,1,test-431,2.0794415416798357,2.7709083557128906
z_degree_to_degree,1,test-432,2.4849066497880004,2.9675631523132324
z_degree_to_degree,1,test-433,3.6888794541139367,3.991748809814453
z_degree_to_degree,1,test-434,2.70805020110221,3.056427001953125
z_degree_to_degree,1,test-435,2.4849066497880004,3.023336887359619
z_degree_to_degree,1,test-436,4.718498871295095,5.10952091217041
z_degree_to_degree,1,test-437,5.634789603169249,5.927315711975098
z_degree_to_degree,1,test-438,4.68213122712422,4.770418167114258
z_degree_to_degree,1,test-439,1.791759469228055,2.310382843017578
z_degree_to_degree,1,test-440,3.9889840465642745,4.209473609924316
z_degree_to_degree,1,test-441,6.327936783729195,6.604861736297607
z_degree_to_degree,1,test-442,3.044522437723423,3.4136924743652344
z_degree_to_degree,1,test-443,2.70805020110221,3.056427001953125
z_degree_to_degree,1,test-444,1.0986122886681098,1.764063835144043
z_degree_to_degree,1,test-445,2.995732273553991,3.403735399246216
z_degree_to_degree,1,test-446,2.772588722239781,3.1669459342956543
z_degree_to_degree,1,test-447,2.995732273553991,3.403735399246216
z_degree_to_degree,1,test-448,1.791759469228055,2.517031669616699
z_degree_to_degree,1,test-449,1.3862943611198906,2.0204966068267822
z_degree_to_degree,1,test-450,2.4849066497880004,2.9675631523132324
z_degree_to_degree,1,test-451,7.50659178007084,7.390221118927002
z_degree_to_degree,1,test-452,3.951243718581427,4.22470235824585
z_degree_to_degree,1,test-453,3.5553480614894135,3.749512195587158
z_degree_to_degree,1,test-454,2.70805020110221,3.056427001953125
z_degree_to_degree,1,test-455,3.258096538021482,3.853346347808838
z_degree_to_degree,1,test-456,5.634789603169249,5.927315711975098
z_degree_to_degree,1,test-457,0.6931471805599453,1.5884151458740234
z_degree_to_degree,1,test-458,2.772588722239781,3.1669459342956543
z_degree_to_degree,1,test-459,3.401197381662156,3.7432198524475098
z_degree_to_degree,1,test-460,2.995732273553991,3.403735399246216
z_degree_to_degree,1,test-461,3.044522437723423,3.4136924743652344
z_degree_to_degree,1,test-462,2.1972245773362196,2.7458791732788086
z_degree_to_degree,1,test-463,1.791759469228055,2.310382843017578
z_degree_to_degree,1,test-464,3.1780538303479458,3.718549966812134
z_degree_to_degree,1,test-465,2.1972245773362196,2.7458791732788086
z_degree_to_degree,1,test-466,3.401197381662155,3.671937942504883
z_degree_to_degree,1,test-467,6.327936783729195,6.604861736297607
z_degree_to_degree,1,test-468,2.995732273553991,3.403735399246216
z_degree_to_degree,1,test-469,3.044522437723423,3.4136924743652344
z_degree_to_degree,1,test-470,1.0986122886681098,1.764063835144043
z_degree_to_degree,1,test-471,3.401197381662155,3.671937942504883
z_degree_to_degree,1,test-472,2.3025850929940455,2.783273696899414
z_degree_to_degree,1,test-473,6.040254711277414,6.4006500244140625
z_degree_to_degree,1,test-474,4.90527477843843,5.166114807128906
z_degree_to_degree,1,test-475,2.1972245773362196,2.583296775817871
z_degree_to_degree,1,test-476,2.0794415416798357,2.7709083557128906
z_degree_to_degree,1,test-477,2.8903717578961645,3.24834942817688
z_degree_to_degree,1,test-478,3.1780538303479453,3.499704360961914
z_degree_to_degree,1,test-479,2.995732273553991,3.403735399246216
z_degree_to_degree,1,test-480,4.276666119016055,4.553786754608154
z_degree_to_degree,1,test-481,2.4849066497880004,3.023336887359619
z_degree_to_degree,1,test-482,3.295836866004329,3.626390218734741
z_degree_to_degree,1,test-483,3.1780538303479453,3.434257984161377
z_degree_to_degree,1,test-484,2.0794415416798357,2.7709083557128906
z_degree_to_degree,1,test-485,3.332204510175204,3.548241138458252
z_degree_to_degree,1,test-486,1.3862943611198906,2.070934295654297
z_degree_to_degree,1,test-487,4.356708826689592,4.6960296630859375
z_degree_to_degree,1,test-488,2.0794415416798357,2.7709083557128906
z_degree_to_degree,1,test-489,2.9957322735539913,3.4788670539855957
z_degree_to_degree,1,test-490,0.6931471805599453,1.5884151458740234
z_degree_to_degree,1,test-491,2.0794415416798357,2.7709083557128906
z_degree_to_degree,1,test-492,4.31748811353631,4.5232930183410645
z_degree_to_degree,1,test-493,3.58351893845611,3.8645548820495605
z_degree_to_degree,1,test-494,0.0,1.2309162616729736
z_degree_to_degree,1,test-495,5.272999558563747,5.48771333694458
z_degree_to_degree,1,test-496,1.791759469228055,2.310382843017578
z_degree_to_degree,1,test-497,3.7376696182833684,4.5252461433410645
z_degree_to_degree,1,test-498,2.4849066497880004,3.023336887359619
z_degree_to_degree,1,test-499,3.8712010109078907,3.9960243701934814
z_degree_to_degree,1,test-500,6.040254711277414,6.4006500244140625
z_degree_to_degree,1,test-501,3.332204510175204,3.962064504623413
z_degree_to_degree,1,test-502,3.332204510175204,3.548241138458252
z_degree_to_degree,1,test-503,4.700480365792417,4.992531776428223
z_degree_to_degree,1,test-504,4.499809670330265,4.765504360198975
z_degree_to_degree,1,test-505,2.1972245773362196,2.583296775817871
z_degree_to_degree,1,test-506,3.688879454113936,3.850607395172119
z_degree_to_degree,1,test-507,2.6390573296152584,3.066232681274414
z_degree_to_degree,1,test-508,4.276666119016055,4.5121169090271
z_degree_to_degree,1,test-509,3.8712010109078907,4.152132034301758
z_degree_to_degree,1,test-510,4.442651256490317,4.681459903717041
z_degree_to_degree,1,test-511,5.634789603169249,5.927315711975098
z_cn_to_cn_residual,1,test-0,0.4096507501383539,0.5272055864334106
z_cn_to_cn_residual,1,test-1,-0.257133548881196,-0.2777758836746216
z_cn_to_cn_residual,1,test-2,-0.026168497301778282,0.2643042802810669
z_cn_to_cn_residual,1,test-3,-0.09682951278185134,-0.16550743579864502
z_cn_to_cn_residual,1,test-4,1.030455039917754,1.008705496788025
z_cn_to_cn_residual,1,test-5,-0.40617432960244304,-0.378889799118042
z_cn_to_cn_residual,1,test-6,1.072232465549153,0.7482384443283081
z_cn_to_cn_residual,1,test-7,-0.17653506637630972,-0.16615235805511475
z_cn_to_cn_residual,1,test-8,-0.09993231907971788,-0.1671379804611206
z_cn_to_cn_residual,1,test-9,-0.361807736196368,-0.3689678907394409
z_cn_to_cn_residual,1,test-10,0.834665253272179,0.48369526863098145
z_cn_to_cn_residual,1,test-11,0.6771872810461878,0.6258186101913452
z_cn_to_cn_residual,1,test-12,-0.0025667768776077267,-0.04945862293243408
z_cn_to_cn_residual,1,test-13,0.0920452145115791,0.5617460012435913
z_cn_to_cn_residual,1,test-14,0.1059855857541714,0.21723926067352295
z_cn_to_cn_residual,1,test-15,0.6905804036823375,0.521338701248169
z_cn_to_cn_residual,1,test-16,0.487417210290867,0.38935697078704834
z_cn_to_cn_residual,1,test-17,0.027598705190133088,0.015302538871765137
z_cn_to_cn_residual,1,test-18,-0.0025667768776077267,-0.04945862293243408
z_cn_to_cn_residual,1,test-19,-0.09993231907971788,-0.1671379804611206
z_cn_to_cn_residual,1,test-20,-0.0006908748283487874,-0.046120524406433105
z_cn_to_cn_residual,1,test-21,0.37362887990278976,0.4058276414871216
z_cn_to_cn_residual,1,test-22,-0.26394703539593084,-0.28920745849609375
z_cn_to_cn_residual,1,test-23,-0.001592483837966117,-0.04772520065307617
z_cn_to_cn_residual,1,test-24,0.3252994169928626,0.3427485227584839
z_cn_to_cn_residual,1,test-25,-0.5320508010865779,-0.5601868629455566
z_cn_to_cn_residual,1,test-26,0.6906105992764492,0.49992549419403076
z_cn_to_cn_residual,1,test-27,0.7790939880109542,0.6122331619262695
z_cn_to_cn_residual,1,test-28,0.5980680715538729,0.5896339416503906
z_cn_to_cn_residual,1,test-29,0.6893311186493629,0.4197545051574707
z_cn_to_cn_residual,1,test-30,0.6730018624542556,0.5687072277069092
z_cn_to_cn_residual,1,test-31,0.22033626837748216,0.41079819202423096
z_cn_to_cn_residual,1,test-32,-0.31403642712572494,-0.3561360239982605
z_cn_to_cn_residual,1,test-33,0.6854469961951654,0.5809339284896851
z_cn_to_cn_residual,1,test-34,-0.22552334649902314,-0.2231990098953247
z_cn_to_cn_residual,1,test-35,-0.15981025222941134,-0.17199957370758057
z_cn_to_cn_residual,1,test-36,-0.002483473901375505,-0.04930984973907471
z_cn_to_cn_residual,1,test-37,-0.002536581283496064,-0.04940390586853027
z_cn_to_cn_residual,1,test-38,0.011027840012221813,-0.025187373161315918
z_cn_to_cn_residual,1,test-39,-0.0025667768776077267,-0.04945862293243408
z_cn_to_cn_residual,1,test-40,1.0655213517576338,0.7128323316574097
z_cn_to_cn_residual,1,test-41,0.33133944436357726,0.5024828910827637
z_cn_to_cn_residual,1,test-42,0.3907357061859718,0.20997226238250732
z_cn_to_cn_residual,1,test-43,-0.07427151148220186,-0.1487950086593628
z_cn_to_cn_residual,1,test-44,1.1607710146208674,0.9756004810333252
z_cn_to_cn_residual,1,test-45,-0.0025667768776077267,-0.04945862293243408
z_cn_to_cn_residual,1,test-46,0.12442211904305411,0.24128901958465576
z_cn_to_cn_residual,1,test-47,-0.002483473901375505,-0.04930984973907471
z_cn_to_cn_residual,1,test-48,0.5980680715538729,0.22204256057739258
z_cn_to_cn_residual,1,test-49,0.3907357061859718,0.39982926845550537
z_cn_to_cn_residual,1,test-50,0.3974001350710103,0.5015137195587158
z_cn_to_cn_residual,1,test-51,0.5071241430143024,0.35458576679229736
z_cn_to_cn_residual,1,test-52,-0.5962537633065377,-0.5700070858001709
z_cn_to_cn_residual,1,test-53,-0.09507910900607243,-0.1645810604095459
z_cn_to_cn_residual,1,test-54,-0.006401163194461921,-0.05627012252807617
z_cn_to_cn_residual,1,test-55,-0.5779234037185782,-0.5676171779632568
z_cn_to_cn_residual,1,test-56,-0.09507910900607243,-0.1645810604095459
z_cn_to_cn_residual,1,test-57,0.8783422192128343,0.6146557331085205
z_cn_to_cn_residual,1,test-58,-0.4855470978437046,-0.5448780059814453
z_cn_to_cn_residual,1,test-59,0.6904677205888524,0.5635145902633667
z_cn_to_cn_residual,1,test-60,-0.2474640255978244,-0.26134926080703735
z_cn_to_cn_residual,1,test-61,-0.0022128532902202114,-0.04882824420928955
z_cn_to_cn_residual,1,test-62,-0.0014682163898236727,-0.04750621318817139
z_cn_to_cn_residual,1,test-63,-0.002483473901375505,-0.04930984973907471
z_cn_to_cn_residual,1,test-64,-0.18117393408101218,-0.15869367122650146
z_cn_to_cn_residual,1,test-65,1.0035331796620373,0.7962223291397095
z_cn_to_cn_residual,1,test-66,-0.003920084665472663,-0.051862359046936035
z_cn_to_cn_residual,1,test-67,-0.003920084665472663,-0.051862359046936035
z_cn_to_cn_residual,1,test-68,-0.5121098978044188,-0.5546548366546631
z_cn_to_cn_residual,1,test-69,0.40889556438164,0.3375056982040405
z_cn_to_cn_residual,1,test-70,0.5071241430143024,0.584839940071106
z_cn_to_cn_residual,1,test-71,0.34193555199200737,0.4856325387954712
z_cn_to_cn_residual,1,test-72,-0.0025667768776077267,-0.04945862293243408
z_cn_to_cn_residual,1,test-73,-0.32077300936225667,-0.36302900314331055
z_cn_to_cn_residual,1,test-74,-0.09507910900607243,-0.1645810604095459
z_cn_to_cn_residual,1,test-75,0.9986799695883919,0.6581348180770874
z_cn_to_cn_residual,1,test-76,-0.001592483837966117,-0.04772520065307617
z_cn_to_cn_residual,1,test-77,0.5932148614802274,0.4883021116256714
z_cn_to_cn_residual,1,test-78,-0.0017051669314512175,-0.04792654514312744
z_cn_to_cn_residual,1,test-79,-0.0025667768776077267,-0.04945862293243408
z_cn_to_cn_residual,1,test-80,0.6893311186493629,0.8166381120681763
z_cn_to_cn_residual,1,test-81,0.3267009706117635,0.2723095417022705
z_cn_to_cn_residual,1,test-82,1.066776060462735,0.9859068393707275
z_cn_to_cn_residual,1,test-83,-0.06306873591422772,-0.13604533672332764
z_cn_to_cn_residual,1,test-84,-0.3195190468888935,-0.36175453662872314
z_cn_to_cn_residual,1,test-85,-0.257133548881196,-0.2777758836746216
z_cn_to_cn_residual,1,test-86,0.3974001350710103,0.5167245864868164
z_cn_to_cn_residual,1,test-87,-0.09507910900607243,-0.1645810604095459
z_cn_to_cn_residual,1,test-88,-0.006401163194461921,-0.05627012252807617
z_cn_to_cn_residual,1,test-89,-0.295747045488935,-0.33681708574295044
z_cn_to_cn_residual,1,test-90,-0.07427151148220186,-0.1487950086593628
z_cn_to_cn_residual,1,test-91,-0.002679459971092827,-0.049657225608825684
z_cn_to_cn_residual,1,test-92,0.5963176677780939,0.4186214208602905
z_cn_to_cn_residual,1,test-93,0.47287711110466973,0.653666615486145
z_cn_to_cn_residual,1,test-94,-0.07427151148220186,-0.1487950086593628
z_cn_to_cn_residual,1,test-95,0.5634751272888399,0.28853774070739746
z_cn_to_cn_residual,1,test-96,-0.6219808875579942,0.041063666343688965
z_cn_to_cn_residual,1,test-97,-0.0948206319924906,-0.1644449234008789
z_cn_to_cn_residual,1,test-98,-0.002536581283496064,-0.04940390586853027
z_cn_to_cn_residual,1,test-99,-0.09507910900607243,-0.1645810604095459
z_cn_to_cn_residual,1,test-100,-0.3664462099481818,-0.36676621437072754
z_cn_to_cn_residual,1,test-101,0.5980680715538729,0.4687727689743042
z_cn_to_cn_residual,1,test-102,0.03377005795343527,0.03078913688659668
z_cn_to_cn_residual,1,test-103,-0.15981025222941134,-0.17199957370758057
z_cn_to_cn_residual,1,test-104,0.629186265886127,0.4452589750289917
z_cn_to_cn_residual,1,test-105,-0.001592483837966117,-0.04772520065307617
z_cn_to_cn_residual,1,test-106,0.689862177614176,0.5312446355819702
z_cn_to_cn_residual,1,test-107,-0.0025667768776077267,-0.04945862293243408
z_cn_to_cn_residual,1,test-108,0.09689341725340761,0.46468162536621094
z_cn_to_cn_residual,1,test-109,0.37911075343422035,0.4541127681732178
z_cn_to_cn_residual,1,test-110,-0.002679459971092827,-0.049657225608825684
z_cn_to_cn_residual,1,test-111,-0.006236131996241855,-0.05597710609436035
z_cn_to_cn_residual,1,test-112,0.4686965299979534,0.41626691818237305
z_cn_to_cn_residual,1,test-113,-0.4092811700187469,-0.3836919069290161
z_cn_to_cn_residual,1,test-114,-0.0017051669314512175,-0.04792654514312744
z_cn_to_cn_residual,1,test-115,0.6906637066585698,0.5539630651473999
z_cn_to_cn_residual,1,test-116,1.0402213320986424,0.936360239982605
z_cn_to_cn_residual,1,test-117,0.6948211420213969,0.3100762367248535
z_cn_to_cn_residual,1,test-118,-0.2842516161783053,-0.3225659132003784
z_cn_to_cn_residual,1,test-119,0.706182872391234,0.9433828592300415
z_cn_to_cn_residual,1,test-120,0.6188756690777434,0.6597518920898438
z_cn_to_cn_residual,1,test-121,0.5071241430143024,0.38068854808807373
z_cn_to_cn_residual,1,test-122,0.732166078719928,0.7691826820373535
z_cn_to_cn_residual,1,test-123,0.6905804036823375,0.5365784168243408
z_cn_to_cn_residual,1,test-124,-0.006401163194461921,-0.05627012252807617
z_cn_to_cn_residual,1,test-125,-0.06396091467381823,-0.1366889476776123
z_cn_to_cn_residual,1,test-126,1.0243407771859079,0.47860729694366455
z_cn_to_cn_residual,1,test-127,-0.0025667768776077267,-0.04945862293243408
z_cn_to_cn_residual,1,test-128,-0.17653506637630972,-0.16615235805511475
z_cn_to_cn_residual,1,test-129,0.006243055183185751,-0.03377354145050049
z_cn_to_cn_residual,1,test-130,0.9125892511224669,0.5195271968841553
z_cn_to_cn_residual,1,test-131,0.5932148614802274,0.4034825563430786
z_cn_to_cn_residual,1,test-132,-0.4092811700187469,-0.3836919069290161
z_cn_to_cn_residual,1,test-133,-0.3910899774469028,-0.35986095666885376
z_cn_to_cn_residual,1,test-134,-0.06396091467381823,-0.1366889476776123
z_cn_to_cn_residual,1,test-135,0.5333369283305339,0.40347230434417725
z_cn_to_cn_residual,1,test-136,0.6893311186493629,0.6693079471588135
z_cn_to_cn_residual,1,test-137,-0.0022128532902202114,-0.04882824420928955
z_cn_to_cn_residual,1,test-138,-0.4564122585269044,-0.47592371702194214
z_cn_to_cn_residual,1,test-139,-0.0025667768776077267,-0.04945862293243408
z_cn_to_cn_residual,1,test-140,-0.295747045488935,-0.33681708574295044
z_cn_to_cn_residual,1,test-141,0.7232900511466166,0.7560793161392212
z_cn_to_cn_residual,1,test-142,-0.09507910900607243,-0.1645810604095459
z_cn_to_cn_residual,1,test-143,-0.002679459971092827,-0.049657225608825684
z_cn_to_cn_residual,1,test-144,-0.15981025222941134,-0.17199957370758057
z_cn_to_cn_residual,1,test-145,-0.020145318105689636,-0.08060753345489502
z_cn_to_cn_residual,1,test-146,0.37362887990278976,0.4086827039718628
z_cn_to_cn_residual,1,test-147,-0.295747045488935,-0.33681708574295044
z_cn_to_cn_residual,1,test-148,0.09689341725340761,0.16809487342834473
z_cn_to_cn_residual,1,test-149,-0.2842516161783053,-0.3225659132003784
z_cn_to_cn_residual,1,test-150,-0.21219425699455913,-0.19943726062774658
z_cn_to_cn_residual,1,test-151,0.5634751272888399,0.5935461521148682
z_cn_to_cn_residual,1,test-152,-0.011174017424812204,-0.06473422050476074
z_cn_to_cn_residual,1,test-153,0.2564389628481294,0.19150030612945557
z_cn_to_cn_residual,1,test-154,0.6904677205888524,0.3650261163711548
z_cn_to_cn_residual,1,test-155,-0.002536581283496064,-0.04940390586853027
z_cn_to_cn_residual,1,test-156,1.2131515730483942,1.0538066625595093
z_cn_to_cn_residual,1,test-157,-0.11159319800623856,-0.1723695993423462
z_cn_to_cn_residual,1,test-158,-0.002483473901375505,-0.04930984973907471
z_cn_to_cn_residual,1,test-159,0.5980680715538729,0.4665409326553345
z_cn_to_cn_residual,1,test-160,-0.006236131996241855,-0.05597710609436035
z_cn_to_cn_residual,1,test-161,-0.0017051669314512175,-0.04792654514312744
z_cn_to_cn_residual,1,test-162,0.5980680715538729,0.4260510206222534
z_cn_to_cn_residual,1,test-163,-0.0025667768776077267,-0.04945862293243408
z_cn_to_cn_residual,1,test-164,0.30205720311304246,0.39015233516693115
z_cn_to_cn_residual,1,test-165,-0.001592483837966117,-0.04772520065307617
z_cn_to_cn_residual,1,test-166,-0.3678477635670827,-0.36607682704925537
z_cn_to_cn_residual,1,test-167,-0.5737341020377579,-0.5669906139373779
z_cn_to_cn_residual,1,test-168,0.3252994169928626,0.5814722776412964
z_cn_to_cn_residual,1,test-169,-0.0025667768776077267,-0.04945862293243408
z_cn_to_cn_residual,1,test-170,-0.002679459971092827,-0.049657225608825684
z_cn_to_cn_residual,1,test-171,0.5694612141469256,0.6326321363449097
z_cn_to_cn_residual,1,test-172,-0.0017051669314512175,-0.04792654514312744
z_cn_to_cn_residual,1,test-173,-0.07427151148220186,-0.1487950086593628
z_cn_to_cn_residual,1,test-174,1.1880129048121781,1.1982566118240356
z_cn_to_cn_residual,1,test-175,0.8125602590821327,0.8886286020278931
z_cn_to_cn_residual,1,test-176,-0.10231614743923174,-0.16838359832763672
z_cn_to_cn_residual,1,test-177,0.027598705190133088,0.015302538871765137
z_cn_to_cn_residual,1,test-178,-0.31951830065715553,-0.3617522120475769
z_cn_to_cn_residual,1,test-179,-0.0017051669314512175,-0.04792654514312744
z_cn_to_cn_residual,1,test-180,-0.007700184364779972,-0.05857419967651367
z_cn_to_cn_residual,1,test-181,-0.31403642712572494,-0.3561360239982605
z_cn_to_cn_residual,1,test-182,-0.31951830065715553,-0.3617522120475769
z_cn_to_cn_residual,1,test-183,-0.002483473901375505,-0.04930984973907471
z_cn_to_cn_residual,1,test-184,0.2690154096687156,0.2856055498123169
z_cn_to_cn_residual,1,test-185,-0.295747045488935,-0.33681708574295044
z_cn_to_cn_residual,1,test-186,1.1223473257239598,0.8794281482696533
z_cn_to_cn_residual,1,test-187,-0.295747045488935,-0.33681708574295044
z_cn_to_cn_residual,1,test-188,-0.07427151148220186,-0.1487950086593628
z_cn_to_cn_residual,1,test-189,-0.06396091467381823,-0.1366889476776123
z_cn_to_cn_residual,1,test-190,0.5980680715538729,0.4343761205673218
z_cn_to_cn_residual,1,test-191,-0.002679459971092827,-0.049657225608825684
z_cn_to_cn_residual,1,test-192,0.5932148614802274,0.3880404233932495
z_cn_to_cn_residual,1,test-193,-0.18602303754564287,-0.15152430534362793
z_cn_to_cn_residual,1,test-194,-0.007700184364779972,-0.05857419967651367
z_cn_to_cn_residual,1,test-195,0.18103728275552644,0.2641221284866333
z_cn_to_cn_residual,1,test-196,-0.3419557546295762,-0.37645912170410156
z_cn_to_cn_residual,1,test-197,-0.07427151148220186,-0.1487950086593628
z_cn_to_cn_residual,1,test-198,-0.1325756172494532,-0.17407429218292236
z_cn_to_cn_residual,1,test-199,-0.001592483837966117,-0.04772520065307617
z_cn_to_cn_residual,1,test-200,-0.001592483837966117,-0.04772520065307617
z_cn_to_cn_residual,1,test-201,-0.001592483837966117,-0.04772520065307617
z_cn_to_cn_residual,1,test-202,-0.09993231907971788,-0.1671379804611206
z_cn_to_cn_residual,1,test-203,-0.07427151148220186,-0.1487950086593628
z_cn_to_cn_residual,1,test-204,0.6867460173654834,0.6216574907302856
z_cn_to_cn_residual,1,test-205,-0.06396091467381823,-0.1366889476776123
z_cn_to_cn_residual,1,test-206,-0.31403642712572494,-0.3561360239982605
z_cn_to_cn_residual,1,test-207,0.25559953693839854,0.2970508337020874
z_cn_to_cn_residual,1,test-208,-0.3512116285679379,-0.3730970025062561
z_cn_to_cn_residual,1,test-209,0.44701726623712135,0.7328968048095703
z_cn_to_cn_residual,1,test-210,0.27064323153028624,0.3004564046859741
z_cn_to_cn_residual,1,test-211,0.9986799695883919,0.7804516553878784
z_cn_to_cn_residual,1,test-212,-0.015324816569887118,-0.07208442687988281
z_cn_to_cn_residual,1,test-213,-0.002483473901375505,-0.04930984973907471
z_cn_to_cn_residual,1,test-214,0.707522311221207,0.5963548421859741
z_cn_to_cn_residual,1,test-215,-0.002679459971092827,-0.049657225608825684
z_cn_to_cn_residual,1,test-216,-0.0025667768776077267,-0.04945862293243408
z_cn_to_cn_residual,1,test-217,0.6905804036823375,0.4466378688812256
z_cn_to_cn_residual,1,test-218,-0.09993231907971788,-0.1671379804611206
z_cn_to_cn_residual,1,test-219,-0.3664462099481818,-0.36676621437072754
z_cn_to_cn_residual,1,test-220,-0.007796294345678415,-0.05874598026275635
z_cn_to_cn_residual,1,test-221,-0.18602303754564287,-0.15152430534362793
z_cn_to_cn_residual,1,test-222,-0.002679459971092827,-0.049657225608825684
z_cn_to_cn_residual,1,test-223,-0.20673482910021176,-0.18957877159118652
z_cn_to_cn_residual,1,test-224,-0.002483473901375505,-0.04930984973907471
z_cn_to_cn_residual,1,test-225,0.8028652431791747,0.7596232891082764
z_cn_to_cn_residual,1,test-226,-0.002679459971092827,-0.049657225608825684
z_cn_to_cn_residual,1,test-227,0.9388020364386984,0.8717595338821411
z_cn_to_cn_residual,1,test-228,-0.0025667768776077267,-0.04945862293243408
z_cn_to_cn_residual,1,test-229,-0.06396091467381823,-0.1366889476776123
z_cn_to_cn_residual,1,test-230,0.5634751272888399,0.5855058431625366
z_cn_to_cn_residual,1,test-231,-0.34185746108770393,-0.37649399042129517
z_cn_to_cn_residual,1,test-232,0.5836835270942388,0.4432443380355835
z_cn_to_cn_residual,1,test-233,-0.0017051669314512175,-0.04792654514312744
z_cn_to_cn_residual,1,test-234,-0.3664462099481818,-0.36676621437072754
z_cn_to_cn_residual,1,test-235,0.5963176677780939,0.41680455207824707
z_cn_to_cn_residual,1,test-236,-0.09507910900607243,-0.1645810604095459
z_cn_to_cn_residual,1,test-237,-0.09993231907971788,-0.1671379804611206
z_cn_to_cn_residual,1,test-238,1.1098178970570212,0.7433834075927734
z_cn_to_cn_residual,1,test-239,0.09689341725340761,0.05289041996002197
z_cn_to_cn_residual,1,test-240,-0.0025667768776077267,-0.04945862293243408
z_cn_to_cn_residual,1,test-241,-0.003920084665472663,-0.051862359046936035
z_cn_to_cn_residual,1,test-242,1.0035331796620373,0.8968336582183838
z_cn_to_cn_residual,1,test-243,0.629186265886127,0.5948549509048462
z_cn_to_cn_residual,1,test-244,-0.09993231907971788,-0.1671379804611206
z_cn_to_cn_residual,1,test-245,0.5980680715538729,0.3837319612503052
z_cn_to_cn_residual,1,test-246,-0.6011019660483662,-0.5706844329833984
z_cn_to_cn_residual,1,test-247,-0.0025667768776077267,-0.04945862293243408
z_cn_to_cn_residual,1,test-248,-0.40617432960244304,-0.378889799118042
z_cn_to_cn_residual,1,test-249,-0.32077300936225667,-0.36302900314331055
z_cn_to_cn_residual,1,test-250,-0.0017051669314512175,-0.04792654514312744
z_cn_to_cn_residual,1,test-251,0.027598705190133088,0.015302538871765137
z_cn_to_cn_residual,1,test-252,-0.31951830065715553,-0.3617522120475769
z_cn_to_cn_residual,1,test-253,-0.09507910900607243,-0.1645810604095459
z_cn_to_cn_residual,1,test-254,-0.006401163194461921,-0.05627012252807617
z_cn_to_cn_residual,1,test-255,-0.2608500763576425,-0.28402650356292725
z_cn_to_cn_residual,1,test-256,-0.002483473901375505,-0.04930984973907471
z_cn_to_cn_residual,1,test-257,0.16442497939224665,0.39311349391937256
z_cn_to_cn_residual,1,test-258,0.8561659193103136,0.8337476253509521
z_cn_to_cn_residual,1,test-259,-0.002709528290634796,-0.04971194267272949
z_cn_to_cn_residual,1,test-260,-0.001592483837966117,-0.04772520065307617
z_cn_to_cn_residual,1,test-261,0.42920014516401445,0.5052567720413208
z_cn_to_cn_residual,1,test-262,0.9125892511224669,0.6827160120010376
z_cn_to_cn_residual,1,test-263,-0.18602303754564287,-0.15152430534362793
z_cn_to_cn_residual,1,test-264,-0.32690411934740055,-0.36919528245925903
z_cn_to_cn_residual,1,test-265,-0.4564122585269044,-0.47592371702194214
z_cn_to_cn_residual,1,test-266,0.6905804036823375,0.5110398530960083
z_cn_to_cn_residual,1,test-267,0.6904677205888524,0.11931920051574707
z_cn_to_cn_residual,1,test-268,-0.09507910900607243,-0.1645810604095459
z_cn_to_cn_residual,1,test-269,0.5380768797364144,0.6939510107040405
z_cn_to_cn_residual,1,test-270,-0.0025667768776077267,-0.04945862293243408
z_cn_to_cn_residual,1,test-271,0.9986799695883919,0.8364812135696411
z_cn_to_cn_residual,1,test-272,0.26383524768033195,0.31708717346191406
z_cn_to_cn_residual,1,test-273,0.4676238340609221,0.4115678071975708
z_cn_to_cn_residual,1,test-274,0.5333369283305339,0.42768943309783936
z_cn_to_cn_residual,1,test-275,-0.09507910900607243,-0.1645810604095459
z_cn_to_cn_residual,1,test-276,-0.0022128532902202114,-0.04882824420928955
z_cn_to_cn_residual,1,test-277,-0.295747045488935,-0.33681708574295044
z_cn_to_cn_residual,1,test-278,0.4322971042023028,0.49221253395080566
z_cn_to_cn_residual,1,test-279,0.5166121141836355,0.5034886598587036
z_cn_to_cn_residual,1,test-280,-0.006401163194461921,-0.05627012252807617
z_cn_to_cn_residual,1,test-281,1.0243407771859079,0.8335912227630615
z_cn_to_cn_residual,1,test-282,-0.005713782933315264,-0.05504906177520752
z_cn_to_cn_residual,1,test-283,-0.18602303754564287,-0.15152430534362793
z_cn_to_cn_residual,1,test-284,-0.0017051669314512175,-0.04792654514312744
z_cn_to_cn_residual,1,test-285,-0.09507910900607243,-0.1645810604095459
z_cn_to_cn_residual,1,test-286,1.3462860490699626,1.4277116060256958
z_cn_to_cn_residual,1,test-287,-0.09993231907971788,-0.1671379804611206
z_cn_to_cn_residual,1,test-288,0.5553068786375152,0.5042564868927002
z_cn_to_cn_residual,1,test-289,0.2249532936470302,0.42836010456085205
z_cn_to_cn_residual,1,test-290,0.5980680715538729,0.42439401149749756
z_cn_to_cn_residual,1,test-291,0.5481549764268495,0.45318126678466797
z_cn_to_cn_residual,1,test-292,-0.8168566785177598,-0.9676822423934937
z_cn_to_cn_residual,1,test-293,0.33133944436357726,0.2931009531021118
z_cn_to_cn_residual,1,test-294,0.629186265886127,0.5473908185958862
z_cn_to_cn_residual,1,test-295,0.6906105992764492,0.646979808807373
z_cn_to_cn_residual,1,test-296,-0.0013809592565058647,-0.04734957218170166
z_cn_to_cn_residual,1,test-297,-0.0022128532902202114,-0.04882824420928955
z_cn_to_cn_residual,1,test-298,0.6906637066585698,0.3904920816421509
z_cn_to_cn_residual,1,test-299,-0.22552334649902314,-0.2231990098953247
z_cn_to_cn_residual,1,test-300,0.5071241430143024,0.39649832248687744
z_cn_to_cn_residual,1,test-301,-0.0017051669314512175,-0.04792654514312744
z_cn_to_cn_residual,1,test-302,0.6188756690777434,0.5440149307250977
z_cn_to_cn_residual,1,test-303,-0.002679459971092827,-0.049657225608825684
z_cn_to_cn_residual,1,test-304,-0.3011881021227526,-0.3426559567451477
z_cn_to_cn_residual,1,test-305,0.3974001350710103,0.3705493211746216
z_cn_to_cn_residual,1,test-306,0.5966030812834874,0.5385137796401978
z_cn_to_cn_residual,1,test-307,-0.002679459971092827,-0.049657225608825684
z_cn_to_cn_residual,1,test-308,0.6904677205888524,0.444085955619812
z_cn_to_cn_residual,1,test-309,0.511973246478933,0.3924018144607544
z_cn_to_cn_residual,1,test-310,-0.06396091467381823,-0.1366889476776123
z_cn_to_cn_residual,1,test-311,0.8880287062152161,0.8290592432022095
z_cn_to_cn_residual,1,test-312,0.000550437072462336,-0.04391324520111084
z_cn_to_cn_residual,1,test-313,0.4185007999394532,0.19785559177398682
z_cn_to_cn_residual,1,test-314,0.12442211904305411,0.3215066194534302
z_cn_to_cn_residual,1,test-315,-0.0009230486758283437,-0.04653429985046387
z_cn_to_cn_residual,1,test-316,0.5980680715538729,0.5545302629470825
z_cn_to_cn_residual,1,test-317,0.6253649081462749,0.9101988077163696
z_cn_to_cn_residual,1,test-318,-0.295747045488935,-0.33681708574295044
z_cn_to_cn_residual,1,test-319,0.4185007999394532,0.37842118740081787
z_cn_to_cn_residual,1,test-320,-0.15981025222941134,-0.17199957370758057
z_cn_to_cn_residual,1,test-321,-0.09993231907971788,-0.1671379804611206
z_cn_to_cn_residual,1,test-322,0.5071241430143024,0.42616212368011475
z_cn_to_cn_residual,1,test-323,-0.0025667768776077267,-0.04945862293243408
z_cn_to_cn_residual,1,test-324,-0.07427151148220186,-0.1487950086593628
z_cn_to_cn_residual,1,test-325,0.5333369283305339,0.3826068639755249
z_cn_to_cn_residual,1,test-326,-0.002709528290634796,-0.04971194267272949
z_cn_to_cn_residual,1,test-327,-0.12967205327110548,-0.17387628555297852
z_cn_to_cn_residual,1,test-328,-0.4092811700187469,-0.3836919069290161
z_cn_to_cn_residual,1,test-329,-0.0017051669314512175,-0.04792654514312744
z_cn_to_cn_residual,1,test-330,1.0184465975528079,0.925948977470398
z_cn_to_cn_residual,1,test-331,-0.2930939733738713,-0.3339385986328125
z_cn_to_cn_residual,1,test-332,-0.007796294345678415,-0.05874598026275635
z_cn_to_cn_residual,1,test-333,-0.006236131996241855,-0.05597710609436035
z_cn_to_cn_residual,1,test-334,-0.003920084665472663,-0.051862359046936035
z_cn_to_cn_residual,1,test-335,1.108891999074218,1.1279376745224
z_cn_to_cn_residual,1,test-336,-0.09507910900607243,-0.1645810604095459
z_cn_to_cn_residual,1,test-337,0.5932148614802274,0.6287351846694946
z_cn_to_cn_residual,1,test-338,0.6188756690777434,0.5572139024734497
z_cn_to_cn_residual,1,test-339,0.5333369283305339,0.4083751440048218
z_cn_to_cn_residual,1,test-340,0.9300387057397879,0.809429407119751
z_cn_to_cn_residual,1,test-341,0.48095292356538616,0.42245733737945557
z_cn_to_cn_residual,1,test-342,-0.07427151148220186,-0.1487950086593628
z_cn_to_cn_residual,1,test-343,-0.43015367383143543,-0.19613420963287354
z_cn_to_cn_residual,1,test-344,-0.002483473901375505,-0.04930984973907471
z_cn_to_cn_residual,1,test-345,0.5963176677780939,0.5402858257293701
z_cn_to_cn_residual,1,test-346,0.6188756690777434,0.4844924211502075
z_cn_to_cn_residual,1,test-347,0.6188756690777434,0.5283850431442261
z_cn_to_cn_residual,1,test-348,0.6188756690777434,0.4186614751815796
z_cn_to_cn_residual,1,test-349,-0.26394703539593084,-0.28920745849609375
z_cn_to_cn_residual,1,test-350,-0.006236131996241855,-0.05597710609436035
z_cn_to_cn_residual,1,test-351,-0.22552334649902314,-0.2231990098953247
z_cn_to_cn_residual,1,test-352,-0.002483473901375505,-0.04930984973907471
z_cn_to_cn_residual,1,test-353,0.6730018624542556,0.55057692527771
z_cn_to_cn_residual,1,test-354,-0.17162295933884167,-0.1715613603591919
z_cn_to_cn_residual,1,test-355,-0.5908559921618184,-0.5691719055175781
z_cn_to_cn_residual,1,test-356,-0.0025667768776077267,-0.04945862293243408
z_cn_to_cn_residual,1,test-357,-0.0025667768776077267,-0.04945862293243408
z_cn_to_cn_residual,1,test-358,-0.0025667768776077267,-0.04945862293243408
z_cn_to_cn_residual,1,test-359,-0.02637982311895648,0.2497309446334839
z_cn_to_cn_residual,1,test-360,-0.1378403019224301,-0.1743983030319214
z_cn_to_cn_residual,1,test-361,0.4185007999394532,0.3725398778915405
z_cn_to_cn_residual,1,test-362,-0.31852856519640793,-0.3607443571090698
z_cn_to_cn_residual,1,test-363,0.26383524768033195,0.28922736644744873
z_cn_to_cn_residual,1,test-364,-0.06396091467381823,-0.1366889476776123
z_cn_to_cn_residual,1,test-365,-0.18602303754564287,-0.15152430534362793
z_cn_to_cn_residual,1,test-366,-0.0017051669314512175,-0.04792654514312744
z_cn_to_cn_residual,1,test-367,-0.5962537633065377,-0.5700070858001709
z_cn_to_cn_residual,1,test-368,1.0444369000321867,0.7855925559997559
z_cn_to_cn_residual,1,test-369,-0.002483473901375505,-0.04930984973907471
z_cn_to_cn_residual,1,test-370,0.6867460173654834,0.6212661266326904
z_cn_to_cn_residual,1,test-371,-0.0017051669314512175,-0.04792654514312744
z_cn_to_cn_residual,1,test-372,0.6188756690777434,0.4293859004974365
z_cn_to_cn_residual,1,test-373,-0.31951830065715553,-0.3617522120475769
z_cn_to_cn_residual,1,test-374,0.5333369283305339,0.41474735736846924
z_cn_to_cn_residual,1,test-375,0.5980680715538729,0.7279068231582642
z_cn_to_cn_residual,1,test-376,0.0920452145115791,0.43171823024749756
z_cn_to_cn_residual,1,test-377,-0.003920084665472663,-0.051862359046936035
z_cn_to_cn_residual,1,test-378,-0.295747045488935,-0.33681708574295044
z_cn_to_cn_residual,1,test-379,-0.003920084665472663,-0.051862359046936035
z_cn_to_cn_residual,1,test-380,0.5980680715538729,0.43733060359954834
z_cn_to_cn_residual,1,test-381,0.6906105992764492,0.5464788675308228
z_cn_to_cn_residual,1,test-382,-0.0025667768776077267,-0.04945862293243408
z_cn_to_cn_residual,1,test-383,-0.0025667768776077267,-0.04945862293243408
z_cn_to_cn_residual,1,test-384,-0.018078891203757413,-0.07695567607879639
z_cn_to_cn_residual,1,test-385,-0.0025667768776077267,-0.04945862293243408
z_cn_to_cn_residual,1,test-386,-0.0025667768776077267,-0.04945862293243408
z_cn_to_cn_residual,1,test-387,0.6904677205888524,0.5357557535171509
z_cn_to_cn_residual,1,test-388,0.5071241430143024,0.5441559553146362
z_cn_to_cn_residual,1,test-389,-0.002679459971092827,-0.049657225608825684
z_cn_to_cn_residual,1,test-390,0.5932148614802274,0.6195303201675415
z_cn_to_cn_residual,1,test-391,0.5071241430143024,0.42642295360565186
z_cn_to_cn_residual,1,test-392,-0.002483473901375505,-0.04930984973907471
z_cn_to_cn_residual,1,test-393,-0.0017051669314512175,-0.04792654514312744
z_cn_to_cn_residual,1,test-394,-0.002536581283496064,-0.04940390586853027
z_cn_to_cn_residual,1,test-395,0.5634751272888399,0.2833915948867798
z_cn_to_cn_residual,1,test-396,-0.0025667768776077267,-0.04945862293243408
z_cn_to_cn_residual,1,test-397,-0.011174017424812204,-0.06473422050476074
z_cn_to_cn_residual,1,test-398,-0.003920084665472663,-0.051862359046936035
z_cn_to_cn_residual,1,test-399,-0.18602303754564287,-0.15152430534362793
z_cn_to_cn_residual,1,test-400,0.6904677205888524,0.4323822259902954
z_cn_to_cn_residual,1,test-401,0.6904677205888524,0.292197585105896
z_cn_to_cn_residual,1,test-402,0.5963176677780939,0.5955764055252075
z_cn_to_cn_residual,1,test-403,-0.00961734087375331,-0.06197512149810791
z_cn_to_cn_residual,1,test-404,0.18103728275552644,0.5224748849868774
z_cn_to_cn_residual,1,test-405,-0.0017051669314512175,-0.04792654514312744
z_cn_to_cn_residual,1,test-406,-0.26394703539593084,-0.28920745849609375
z_cn_to_cn_residual,1,test-407,0.6906637066585698,0.7237969636917114
z_cn_to_cn_residual,1,test-408,-0.006236131996241855,-0.05597710609436035
z_cn_to_cn_residual,1,test-409,0.6750682893561879,0.5875849723815918
z_cn_to_cn_residual,1,test-410,-0.0025667768776077267,-0.04945862293243408
z_cn_to_cn_residual,1,test-411,-0.3678477635670827,-0.36607682704925537
z_cn_to_cn_residual,1,test-412,1.0035331796620373,0.649937629699707
z_cn_to_cn_residual,1,test-413,0.3974001350710103,0.4328678846359253
z_cn_to_cn_residual,1,test-414,0.14484892926646498,0.5028935670852661
z_cn_to_cn_residual,1,test-415,0.6904376522693105,0.48099565505981445
z_cn_to_cn_residual,1,test-416,0.42920014516401445,0.524651288986206
z_cn_to_cn_residual,1,test-417,-0.002709528290634796,-0.04971194267272949
z_cn_to_cn_residual,1,test-418,-0.18602303754564287,-0.15152430534362793
z_cn_to_cn_residual,1,test-419,0.42920014516401445,0.49600088596343994
z_cn_to_cn_residual,1,test-420,-0.10534341095846705,-0.16995573043823242
z_cn_to_cn_residual,1,test-421,-0.34185746108770393,-0.37649399042129517
z_cn_to_cn_residual,1,test-422,0.5980680715538729,0.41407716274261475
z_cn_to_cn_residual,1,test-423,-0.002679459971092827,-0.049657225608825684
z_cn_to_cn_residual,1,test-424,0.6924563057315964,0.6519321203231812
z_cn_to_cn_residual,1,test-425,-0.0009230486758283437,-0.04653429985046387
z_cn_to_cn_residual,1,test-426,1.2002713235742477,1.1046003103256226
z_cn_to_cn_residual,1,test-427,-0.06396091467381823,-0.1366889476776123
z_cn_to_cn_residual,1,test-428,0.6906637066585698,0.7237969636917114
z_cn_to_cn_residual,1,test-429,-0.12967205327110548,-0.17387628555297852
z_cn_to_cn_residual,1,test-430,0.002865332104051953,-0.039792656898498535
z_cn_to_cn_residual,1,test-431,-0.002679459971092827,-0.049657225608825684
z_cn_to_cn_residual,1,test-432,-0.07427151148220186,-0.1487950086593628
z_cn_to_cn_residual,1,test-433,0.33133944436357726,0.40573346614837646
z_cn_to_cn_residual,1,test-434,0.5980680715538729,0.7139896154403687
z_cn_to_cn_residual,1,test-435,0.6892270958944726,0.49028027057647705
z_cn_to_cn_residual,1,test-436,0.027598705190133088,0.015302538871765137
z_cn_to_cn_residual,1,test-437,0.6288411122804236,0.42921578884124756
z_cn_to_cn_residual,1,test-438,-0.1278380797400702,-0.1737440824508667
z_cn_to_cn_residual,1,test-439,-0.0025667768776077267,-0.04945862293243408
z_cn_to_cn_residual,1,test-440,0.9007472632761859,0.7053669691085815
z_cn_to_cn_residual,1,test-441,0.09689341725340761,-0.06750643253326416
z_cn_to_cn_residual,1,test-442,0.9986799695883919,0.747785210609436
z_cn_to_cn_residual,1,test-443,1.0035331796620373,0.875390887260437
z_cn_to_cn_residual,1,test-444,-0.001592483837966117,-0.04772520065307617
z_cn_to_cn_residual,1,test-445,1.2002713235742477,1.0588473081588745
z_cn_to_cn_residual,1,test-446,0.9388020364386984,0.9110909700393677
z_cn_to_cn_residual,1,test-447,0.9125892511224669,0.7904492616653442
z_cn_to_cn_residual,1,test-448,-0.0017051669314512175,-0.04792654514312744
z_cn_to_cn_residual,1,test-449,0.6906637066585698,0.7237969636917114
z_cn_to_cn_residual,1,test-450,0.6188756690777434,0.5001522302627563
z_cn_to_cn_residual,1,test-451,-0.6219808875579942,0.1176069974899292
z_cn_to_cn_residual,1,test-452,-0.32077300936225667,-0.36302900314331055
z_cn_to_cn_residual,1,test-453,0.7307645251010271,0.38310039043426514
z_cn_to_cn_residual,1,test-454,-0.09507910900607243,-0.1645810604095459
z_cn_to_cn_residual,1,test-455,0.6930446040093127,0.46841657161712646
z_cn_to_cn_residual,1,test-456,-0.06430606827952172,-0.1369384527206421
z_cn_to_cn_residual,1,test-457,-0.0025667768776077267,-0.04945862293243408
z_cn_to_cn_residual,1,test-458,-0.15981025222941134,-0.17199957370758057
z_cn_to_cn_residual,1,test-459,0.5634751272888399,0.5563337802886963
z_cn_to_cn_residual,1,test-460,0.9125892511224669,0.7707422971725464
z_cn_to_cn_residual,1,test-461,0.5932148614802274,0.46235620975494385
z_cn_to_cn_residual,1,test-462,-0.0022128532902202114,-0.04882824420928955
z_cn_to_cn_residual,1,test-463,0.6905804036823375,0.5524348020553589
z_cn_to_cn_residual,1,test-464,0.6924563057315964,0.5480765104293823
z_cn_to_cn_residual,1,test-465,-0.0022128532902202114,-0.04882824420928955
z_cn_to_cn_residual,1,test-466,0.42920014516401445,0.3342543840408325
z_cn_to_cn_residual,1,test-467,0.5023585253615721,0.37981200218200684
z_cn_to_cn_residual,1,test-468,-0.18602303754564287,-0.15152430534362793
z_cn_to_cn_residual,1,test-469,-0.09993231907971788,-0.1671379804611206
z_cn_to_cn_residual,1,test-470,-0.001592483837966117,-0.04772520065307617
z_cn_to_cn_residual,1,test-471,0.42920014516401445,0.3794597387313843
z_cn_to_cn_residual,1,test-472,-0.002536581283496064,-0.04940390586853027
z_cn_to_cn_residual,1,test-473,0.3907357061859718,0.5473347902297974
z_cn_to_cn_residual,1,test-474,0.18103728275552644,0.47389769554138184
z_cn_to_cn_residual,1,test-475,0.629186265886127,0.5473908185958862
z_cn_to_cn_residual,1,test-476,-0.002679459971092827,-0.049657225608825684
z_cn_to_cn_residual,1,test-477,-0.09507910900607243,-0.1645810604095459
z_cn_to_cn_residual,1,test-478,0.5963176677780939,0.6151896715164185
z_cn_to_cn_residual,1,test-479,0.5071241430143024,0.48258793354034424
z_cn_to_cn_residual,1,test-480,0.7232900511466166,0.7030290365219116
z_cn_to_cn_residual,1,test-481,-0.003920084665472663,-0.051862359046936035
z_cn_to_cn_residual,1,test-482,0.5634751272888399,0.42088794708251953
z_cn_to_cn_residual,1,test-483,0.4676238340609221,0.5447224378585815
z_cn_to_cn_residual,1,test-484,-0.002679459971092827,-0.049657225608825684
z_cn_to_cn_residual,1,test-485,-0.295747045488935,-0.33681708574295044
z_cn_to_cn_residual,1,test-486,-0.0017051669314512175,-0.04792654514312744
z_cn_to_cn_residual,1,test-487,-0.21403955770147523,-0.20275366306304932
z_cn_to_cn_residual,1,test-488,-0.002679459971092827,-0.049657225608825684
z_cn_to_cn_residual,1,test-489,-0.002709528290634796,-0.04971194267272949
z_cn_to_cn_residual,1,test-490,-0.0025667768776077267,-0.04945862293243408
z_cn_to_cn_residual,1,test-491,-0.002679459971092827,-0.049657225608825684
z_cn_to_cn_residual,1,test-492,0.6422000301412054,0.41674840450286865
z_cn_to_cn_residual,1,test-493,0.732166078719928,0.6820236444473267
z_cn_to_cn_residual,1,test-494,-0.002483473901375505,-0.04930984973907471
z_cn_to_cn_residual,1,test-495,-0.31852856519640793,-0.3607443571090698
z_cn_to_cn_residual,1,test-496,-0.0025667768776077267,-0.04945862293243408
z_cn_to_cn_residual,1,test-497,0.6917662213034395,0.5190788507461548
z_cn_to_cn_residual,1,test-498,-0.003920084665472663,-0.051862359046936035
z_cn_to_cn_residual,1,test-499,-0.530128441809577,-0.559711217880249
z_cn_to_cn_residual,1,test-500,-0.3024114743739735,-0.34395891427993774
z_cn_to_cn_residual,1,test-501,0.6960125126639972,0.467632532119751
z_cn_to_cn_residual,1,test-502,0.3974001350710103,0.46739447116851807
z_cn_to_cn_residual,1,test-503,-0.4555583161639697,-0.09800529479980469
z_cn_to_cn_residual,1,test-504,-0.4681938869129151,-0.5041801929473877
z_cn_to_cn_residual,1,test-505,0.629186265886127,0.5531381368637085
z_cn_to_cn_residual,1,test-506,-0.4092811700187469,-0.3836919069290161
z_cn_to_cn_residual,1,test-507,-0.006401163194461921,-0.05627012252807617
z_cn_to_cn_residual,1,test-508,-0.7439778312008087,-0.8110260963439941
z_cn_to_cn_residual,1,test-509,0.400053207186074,0.4241849184036255
z_cn_to_cn_residual,1,test-510,0.9297295237162035,0.9581881761550903
z_cn_to_cn_residual,1,test-511,-0.06430606827952172,-0.1369384527206421
z_cn_to_degree,2,test-0,4.6443908991413725,2.8107595443725586
z_cn_to_degree,2,test-1,3.9889840465642745,4.051271438598633
z_cn_to_degree,2,test-2,4.584967478670571,4.849506378173828
z_cn_to_degree,2,test-3,3.1780538303479453,3.2739334106445312
z_cn_to_degree,2,test-4,4.77912349311153,4.5608367919921875
z_cn_to_degree,2,test-5,3.8066624897703196,3.951057195663452
z_cn_to_degree,2,test-6,5.966146739123692,5.162064552307129
z_cn_to_degree,2,test-7,3.6635616461296463,4.000668525695801
z_cn_to_degree,2,test-8,3.044522437723423,3.3067126274108887
z_cn_to_degree,2,test-9,3.6888794541139367,4.0565876960754395
z_cn_to_degree,2,test-10,3.401197381662155,3.815645694732666
z_cn_to_degree,2,test-11,3.9120230054281464,4.195126056671143
z_cn_to_degree,2,test-12,0.6931471805599453,2.755772829055786
z_cn_to_degree,2,test-13,4.74493212836325,3.200223207473755
z_cn_to_degree,2,test-14,4.0943445622221,3.2728190422058105
z_cn_to_degree,2,test-15,1.791759469228055,2.751969575881958
z_cn_to_degree,2,test-16,4.394449154672439,3.8623104095458984
z_cn_to_degree,2,test-17,4.718498871295095,2.8219237327575684
z_cn_to_degree,2,test-18,0.6931471805599453,2.755772829055786
z_cn_to_degree,2,test-19,3.044522437723423,3.3067126274108887
z_cn_to_degree,2,test-20,3.1780538303479458,2.748579978942871
z_cn_to_degree,2,test-21,3.465735902799726,3.777381420135498
z_cn_to_degree,2,test-22,3.401197381662155,4.064035892486572
z_cn_to_degree,2,test-23,1.0986122886681098,2.752035140991211
z_cn_to_degree,2,test-24,3.5553480614894135,3.7952945232391357
z_cn_to_degree,2,test-25,4.189654742026425,4.9896016120910645
z_cn_to_degree,2,test-26,2.3025850929940455,3.272216320037842
z_cn_to_degree,2,test-27,3.465735902799726,4.067092418670654
z_cn_to_degree,2,test-28,2.8903717578961645,3.534752607345581
z_cn_to_degree,2,test-29,3.688879454113936,4.736469268798828
z_cn_to_degree,2,test-30,4.882801922586371,2.5193419456481934
z_cn_to_degree,2,test-31,4.553876891600541,3.943162441253662
z_cn_to_degree,2,test-32,3.58351893845611,4.118501663208008
z_cn_to_degree,2,test-33,3.58351893845611,3.5824990272521973
z_cn_to_degree,2,test-34,3.1780538303479453,3.9919986724853516
z_cn_to_degree,2,test-35,2.772588722239781,3.9258432388305664
z_cn_to_degree,2,test-36,1.3862943611198906,2.7554614543914795
z_cn_to_degree,2,test-37,2.3025850929940455,2.755654811859131
z_cn_to_degree,2,test-38,3.9889840465642745,2.708305835723877
z_cn_to_degree,2,test-39,1.791759469228055,2.755772829055786
z_cn_to_degree,2,test-40,3.951243718581427,4.496687412261963
z_cn_to_degree,2,test-41,3.6888794541139367,3.0872955322265625
z_cn_to_degree,2,test-42,6.040254711277414,4.854160308837891
z_cn_to_degree,2,test-43,2.4849066497880004,3.0748116970062256
z_cn_to_degree,2,test-44,3.1780538303479453,3.8238492012023926
z_cn_to_degree,2,test-45,0.6931471805599453,2.755772829055786
z_cn_to_degree,2,test-46,4.941642422609304,4.446162223815918
z_cn_to_degree,2,test-47,0.0,2.7554614543914795
z_cn_to_degree,2,test-48,2.8903717578961645,4.49433708190918
z_cn_to_degree,2,test-49,6.040254711277414,4.823177814483643
z_cn_to_degree,2,test-50,3.332204510175204,3.47672700881958
z_cn_to_degree,2,test-51,2.995732273553991,4.094020366668701
z_cn_to_degree,2,test-52,6.327936783729195,5.369375705718994
z_cn_to_degree,2,test-53,2.8903717578961645,3.2554378509521484
z_cn_to_degree,2,test-54,2.6390573296152584,2.770481824874878
z_cn_to_degree,2,test-55,4.927253685157204,5.3937859535217285
z_cn_to_degree,2,test-56,2.70805020110221,3.2554378509521484
z_cn_to_degree,2,test-57,5.272999558563747,4.473526954650879
z_cn_to_degree,2,test-58,3.9889840465642745,4.495905876159668
z_cn_to_degree,2,test-59,2.0794415416798357,3.2239317893981934
z_cn_to_degree,2,test-60,4.7535901911063645,4.033155918121338
z_cn_to_degree,2,test-61,2.1972245773362196,2.75441575050354
z_cn_to_degree,2,test-62,2.3978952727983707,2.751560688018799
z_cn_to_degree,2,test-63,1.3862943611198906,2.7554614543914795
z_cn_to_degree,2,test-64,3.58351893845611,3.9557254314422607
z_cn_to_degree,2,test-65,2.8903717578961645,3.661381244659424
z_cn_to_degree,2,test-66,2.4849066497880004,2.760963201522827
z_cn_to_degree,2,test-67,2.4849066497880004,2.760963201522827
z_cn_to_degree,2,test-68,4.90527477843843,4.771824836730957
z_cn_to_degree,2,test-69,3.2188758248682006,3.7391695976257324
z_cn_to_degree,2,test-70,2.995732273553991,2.5082592964172363
z_cn_to_degree,2,test-71,4.0943445622221,3.5316553115844727
z_cn_to_degree,2,test-72,1.791759469228055,2.755772829055786
z_cn_to_degree,2,test-73,3.951243718581427,4.121107578277588
z_cn_to_degree,2,test-74,2.70805020110221,3.2554378509521484
z_cn_to_degree,2,test-75,3.044522437723423,3.559526205062866
z_cn_to_degree,2,test-76,1.0986122886681098,2.752035140991211
z_cn_to_degree,2,test-77,3.044522437723423,3.7279863357543945
z_cn_to_degree,2,test-78,1.3862943611198906,2.7524728775024414
z_cn_to_degree,2,test-79,1.791759469228055,2.755772829055786
z_cn_to_degree,2,test-80,3.688879454113936,4.446186542510986
z_cn_to_degree,2,test-81,3.58351893845611,4.385538101196289
z_cn_to_degree,2,test-82,3.465735902799726,4.078752040863037
z_cn_to_degree,2,test-83,4.025351690735149,3.067841053009033
z_cn_to_degree,2,test-84,4.718498871295094,4.120623588562012
z_cn_to_degree,2,test-85,3.9889840465642745,4.051271438598633
z_cn_to_degree,2,test-86,3.332204510175204,3.6757938861846924
z_cn_to_degree,2,test-87,2.70805020110221,3.2554378509521484
z_cn_to_degree,2,test-88,2.6390573296152584,2.770481824874878
z_cn_to_degree,2,test-89,3.332204510175204,4.111369609832764
z_cn_to_degree,2,test-90,2.4849066497880004,3.0748116970062256
z_cn_to_degree,2,test-91,2.0794415416798357,2.7562050819396973
z_cn_to_degree,2,test-92,3.1780538303479453,3.54600191116333
z_cn_to_degree,2,test-93,5.272999558563747,2.691422700881958
z_cn_to_degree,2,test-94,2.4849066497880004,3.0748116970062256
z_cn_to_degree,2,test-95,3.401197381662156,4.596083641052246
z_cn_to_degree,2,test-96,7.50659178007084,6.877501964569092
z_cn_to_degree,2,test-97,4.465908118654584,3.2527213096618652
z_cn_to_degree,2,test-98,2.3025850929940455,2.755654811859131
z_cn_to_degree,2,test-99,2.70805020110221,3.2554378509521484
z_cn_to_degree,2,test-100,3.58351893845611,4.041699409484863
z_cn_to_degree,2,test-101,2.70805020110221,3.4167697429656982
z_cn_to_degree,2,test-102,4.02535169073515,2.8636372089385986
z_cn_to_degree,2,test-103,2.772588722239781,3.9258432388305664
z_cn_to_degree,2,test-104,2.1972245773362196,3.5194664001464844
z_cn_to_degree,2,test-105,1.0986122886681098,2.752035140991211
z_cn_to_degree,2,test-106,3.5263605246161616,3.126873254776001
z_cn_to_degree,2,test-107,0.6931471805599453,2.755772829055786
z_cn_to_degree,2,test-108,6.327936783729195,3.817397117614746
z_cn_to_degree,2,test-109,3.58351893845611,3.388605833053589
z_cn_to_degree,2,test-110,2.0794415416798357,2.7562050819396973
z_cn_to_degree,2,test-111,2.8903717578961645,2.7698469161987305
z_cn_to_degree,2,test-112,5.0106352940962555,4.161533355712891
z_cn_to_degree,2,test-113,3.688879454113936,3.9427573680877686
z_cn_to_degree,2,test-114,1.3862943611198906,2.7524728775024414
z_cn_to_degree,2,test-115,1.3862943611198906,3.8633646965026855
z_cn_to_degree,2,test-116,7.3395376954076745,3.67148494720459
z_cn_to_degree,2,test-117,4.304065093204169,4.302159309387207
z_cn_to_degree,2,test-118,3.2188758248682006,4.102025985717773
z_cn_to_degree,2,test-119,6.733401891837358,4.005971908569336
z_cn_to_degree,2,test-120,2.4849066497880004,3.011629343032837
z_cn_to_degree,2,test-121,2.995732273553991,3.665708541870117
z_cn_to_degree,2,test-122,3.58351893845611,3.70137882232666
z_cn_to_degree,2,test-123,1.791759469228055,3.790461540222168
z_cn_to_degree,2,test-124,2.6390573296152584,2.770481824874878
z_cn_to_degree,2,test-125,2.1972245773362196,3.068269968032837
z_cn_to_degree,2,test-126,2.4849066497880004,5.1103315353393555
z_cn_to_degree,2,test-127,1.791759469228055,2.755772829055786
z_cn_to_degree,2,test-128,3.6635616461296463,4.000668525695801
z_cn_to_degree,2,test-129,2.5649493574615367,2.7220077514648438
z_cn_to_degree,2,test-130,2.995732273553991,4.575896263122559
z_cn_to_degree,2,test-131,3.044522437723423,3.6798181533813477
z_cn_to_degree,2,test-132,3.688879454113936,3.9427573680877686
z_cn_to_degree,2,test-133,5.560681631015528,3.97940993309021
z_cn_to_degree,2,test-134,2.1972245773362196,3.068269968032837
z_cn_to_degree,2,test-135,2.772588722239781,3.9301717281341553
z_cn_to_degree,2,test-136,3.688879454113936,3.7510628700256348
z_cn_to_degree,2,test-137,2.1972245773362196,2.75441575050354
z_cn_to_degree,2,test-138,4.31748811353631,4.13376522064209
z_cn_to_degree,2,test-139,1.791759469228055,2.755772829055786
z_cn_to_degree,2,test-140,3.332204510175204,4.111369609832764
z_cn_to_degree,2,test-141,4.276666119016055,4.170286178588867
z_cn_to_degree,2,test-142,2.70805020110221,3.2554378509521484
z_cn_to_degree,2,test-143,2.0794415416798357,2.7562050819396973
z_cn_to_degree,2,test-144,2.772588722239781,3.9258432388305664
z_cn_to_degree,2,test-145,4.882801922586371,2.8232507705688477
z_cn_to_degree,2,test-146,3.465735902799726,3.188084602355957
z_cn_to_degree,2,test-147,3.332204510175204,4.111369609832764
z_cn_to_degree,2,test-148,6.327936783729195,4.34449577331543
z_cn_to_degree,2,test-149,3.2188758248682006,4.102025985717773
z_cn_to_degree,2,test-150,3.931825632724326,3.9669880867004395
z_cn_to_degree,2,test-151,3.295836866004329,3.007080554962158
z_cn_to_degree,2,test-152,3.4011973816621555,2.7887983322143555
z_cn_to_degree,2,test-153,4.0943445622221,4.4209089279174805
z_cn_to_degree,2,test-154,2.0794415416798357,3.809123992919922
z_cn_to_degree,2,test-155,2.3025850929940455,2.755654811859131
z_cn_to_degree,2,test-156,5.4116460518550396,4.736227989196777
z_cn_to_degree,2,test-157,4.564348191467836,3.4312734603881836
z_cn_to_degree,2,test-158,0.0,2.7554614543914795
z_cn_to_degree,2,test-159,2.70805020110221,3.430555820465088
z_cn_to_degree,2,test-160,2.9444389791664403,2.7698469161987305
z_cn_to_degree,2,test-161,1.3862943611198906,2.7524728775024414
z_cn_to_degree,2,test-162,2.8903717578961645,3.618729829788208
z_cn_to_degree,2,test-163,1.791759469228055,2.755772829055786
z_cn_to_degree,2,test-164,5.560681631015528,4.271599769592285
z_cn_to_degree,2,test-165,1.0986122886681098,2.752035140991211
z_cn_to_degree,2,test-166,3.5553480614894135,4.037111282348633
z_cn_to_degree,2,test-167,4.499809670330265,5.3648362159729
z_cn_to_degree,2,test-168,3.5553480614894135,3.2757437229156494
z_cn_to_degree,2,test-169,1.791759469228055,2.755772829055786
z_cn_to_degree,2,test-170,2.0794415416798357,2.7562050819396973
z_cn_to_degree,2,test-171,5.288267030694535,2.843280553817749
z_cn_to_degree,2,test-172,1.3862943611198906,2.7524728775024414
z_cn_to_degree,2,test-173,2.4849066497880004,3.0748116970062256
z_cn_to_degree,2,test-174,3.9120230054281464,4.482181549072266
z_cn_to_degree,2,test-175,4.499809670330265,4.063179969787598
z_cn_to_degree,2,test-176,4.867534450455582,3.3319008350372314
z_cn_to_degree,2,test-177,4.718498871295095,2.8219237327575684
z_cn_to_degree,2,test-178,3.465735902799726,4.1206159591674805
z_cn_to_degree,2,test-179,1.3862943611198906,2.7524728775024414
z_cn_to_degree,2,test-180,3.58351893845611,2.7754523754119873
z_cn_to_degree,2,test-181,3.58351893845611,4.118501663208008
z_cn_to_degree,2,test-182,3.465735902799726,4.1206159591674805
z_cn_to_degree,2,test-183,0.0,2.7554614543914795
z_cn_to_degree,2,test-184,7.24422751560335,7.030368804931641
z_cn_to_degree,2,test-185,3.332204510175204,4.111369609832764
z_cn_to_degree,2,test-186,3.401197381662155,4.047920227050781
z_cn_to_degree,2,test-187,3.332204510175204,4.111369609832764
z_cn_to_degree,2,test-188,2.4849066497880004,3.0748116970062256
z_cn_to_degree,2,test-189,2.1972245773362196,3.068269968032837
z_cn_to_degree,2,test-190,2.70805020110221,3.5580430030822754
z_cn_to_degree,2,test-191,2.0794415416798357,2.7562050819396973
z_cn_to_degree,2,test-192,3.044522437723423,3.3806169033050537
z_cn_to_degree,2,test-193,2.995732273553991,3.9178686141967773
z_cn_to_degree,2,test-194,3.58351893845611,2.7754523754119873
z_cn_to_degree,2,test-195,4.90527477843843,4.3557353019714355
z_cn_to_degree,2,test-196,4.5217885770490405,4.111364841461182
z_cn_to_degree,2,test-197,2.4849066497880004,3.0748116970062256
z_cn_to_degree,2,test-198,4.709530201312334,3.6673874855041504
z_cn_to_degree,2,test-199,1.0986122886681098,2.752035140991211
z_cn_to_degree,2,test-200,1.0986122886681098,2.752035140991211
z_cn_to_degree,2,test-201,1.0986122886681098,2.752035140991211
z_cn_to_degree,2,test-202,3.044522437723423,3.3067126274108887
z_cn_to_degree,2,test-203,2.4849066497880004,3.0748116970062256
z_cn_to_degree,2,test-204,2.6390573296152584,2.846952438354492
z_cn_to_degree,2,test-205,2.1972245773362196,3.068269968032837
z_cn_to_degree,2,test-206,3.58351893845611,4.118501663208008
z_cn_to_degree,2,test-207,4.2484952420493585,3.8147318363189697
z_cn_to_degree,2,test-208,4.0943445622221,4.085827827453613
z_cn_to_degree,2,test-209,4.836281906951478,4.127594470977783
z_cn_to_degree,2,test-210,4.976733742420574,4.2121381759643555
z_cn_to_degree,2,test-211,3.044522437723423,3.7183163166046143
z_cn_to_degree,2,test-212,4.499809670330265,2.804722785949707
z_cn_to_degree,2,test-213,1.3862943611198906,2.7554614543914795
z_cn_to_degree,2,test-214,5.560681631015528,4.189395904541016
z_cn_to_degree,2,test-215,2.0794415416798357,2.7562050819396973
z_cn_to_degree,2,test-216,0.6931471805599453,2.755772829055786
z_cn_to_degree,2,test-217,1.791759469228055,4.125957489013672
z_cn_to_degree,2,test-218,3.044522437723423,3.3067126274108887
z_cn_to_degree,2,test-219,3.58351893845611,4.041699409484863
z_cn_to_degree,2,test-220,2.70805020110221,2.775829315185547
z_cn_to_degree,2,test-221,2.995732273553991,3.9178686141967773
z_cn_to_degree,2,test-222,2.0794415416798357,2.7562050819396973
z_cn_to_degree,2,test-223,3.8712010109078907,3.9567489624023438
z_cn_to_degree,2,test-224,0.0,2.7554614543914795
z_cn_to_degree,2,test-225,3.332204510175204,3.9291188716888428
z_cn_to_degree,2,test-226,2.0794415416798357,2.7562050819396973
z_cn_to_degree,2,test-227,2.772588722239781,3.2506234645843506
z_cn_to_degree,2,test-228,1.791759469228055,2.755772829055786
z_cn_to_degree,2,test-229,2.1972245773362196,3.068269968032837
z_cn_to_degree,2,test-230,3.401197381662156,3.7591447830200195
z_cn_to_degree,2,test-231,4.430816798843313,4.111628532409668
z_cn_to_degree,2,test-232,4.276666119016055,5.556945323944092
z_cn_to_degree,2,test-233,1.791759469228055,2.7524728775024414
z_cn_to_degree,2,test-234,3.58351893845611,4.041699409484863
z_cn_to_degree,2,test-235,3.1780538303479453,3.6312766075134277
z_cn_to_degree,2,test-236,2.8903717578961645,3.2554378509521484
z_cn_to_degree,2,test-237,3.044522437723423,3.3067126274108887
z_cn_to_degree,2,test-238,5.780743515792329,3.704680919647217
z_cn_to_degree,2,test-239,6.327936783729195,5.529151916503906
z_cn_to_degree,2,test-240,0.6931471805599453,2.755772829055786
z_cn_to_degree,2,test-241,2.4849066497880004,2.760963201522827
z_cn_to_degree,2,test-242,2.8903717578961645,3.3719449043273926
z_cn_to_degree,2,test-243,2.1972245773362196,3.426239490509033
z_cn_to_degree,2,test-244,3.044522437723423,3.3067126274108887
z_cn_to_degree,2,test-245,2.70805020110221,3.6132240295410156
z_cn_to_degree,2,test-246,4.74493212836325,5.361672401428223
z_cn_to_degree,2,test-247,1.791759469228055,2.755772829055786
z_cn_to_degree,2,test-248,3.8066624897703196,3.951057195663452
z_cn_to_degree,2,test-249,3.951243718581427,4.121107578277588
z_cn_to_degree,2,test-250,1.3862943611198906,2.7524728775024414
z_cn_to_degree,2,test-251,4.718498871295095,2.8219237327575684
z_cn_to_degree,2,test-252,3.465735902799726,4.1206159591674805
z_cn_to_degree,2,test-253,2.70805020110221,3.2554378509521484
z_cn_to_degree,2,test-254,2.6390573296152584,2.770481824874878
z_cn_to_degree,2,test-255,5.19295685089021,4.058229923248291
z_cn_to_degree,2,test-256,0.0,2.7554614543914795
z_cn_to_degree,2,test-257,5.98141421125448,3.715298652648926
z_cn_to_degree,2,test-258,3.8712010109078907,4.0
z_cn_to_degree,2,test-259,2.9957322735539913,2.756316661834717
z_cn_to_degree,2,test-260,1.0986122886681098,2.752035140991211
z_cn_to_degree,2,test-261,3.401197381662155,4.022523880004883
z_cn_to_degree,2,test-262,2.995732273553991,3.0990848541259766
z_cn_to_degree,2,test-263,2.995732273553991,3.9178686141967773
z_cn_to_degree,2,test-264,4.1588830833596715,4.123470306396484
z_cn_to_degree,2,test-265,4.31748811353631,4.13376522064209
z_cn_to_degree,2,test-266,1.791759469228055,2.8072092533111572
z_cn_to_degree,2,test-267,2.0794415416798357,5.302841663360596
z_cn_to_degree,2,test-268,2.70805020110221,3.2554378509521484
z_cn_to_degree,2,test-269,6.476972362889683,6.3756866455078125
z_cn_to_degree,2,test-270,1.791759469228055,2.755772829055786
z_cn_to_degree,2,test-271,3.044522437723423,2.620551824569702
z_cn_to_degree,2,test-272,3.737669618283368,4.973138809204102
z_cn_to_degree,2,test-273,3.1780538303479453,3.798068046569824
z_cn_to_degree,2,test-274,2.772588722239781,4.326382160186768
z_cn_to_degree,2,test-275,2.70805020110221,3.2554378509521484
z_cn_to_degree,2,test-276,2.0794415416798357,2.75441575050354
z_cn_to_degree,2,test-277,3.332204510175204,4.111369609832764
z_cn_to_degree,2,test-278,5.220355825078324,3.948439598083496
z_cn_to_degree,2,test-279,3.6635616461296463,3.5367560386657715
z_cn_to_degree,2,test-280,2.6390573296152584,2.770481824874878
z_cn_to_degree,2,test-281,2.4849066497880004,3.21956205368042
z_cn_to_degree,2,test-282,3.9512437185814275,2.7678427696228027
z_cn_to_degree,2,test-283,2.995732273553991,3.9178686141967773
z_cn_to_degree,2,test-284,1.6094379124341003,2.7524728775024414
z_cn_to_degree,2,test-285,2.70805020110221,3.2554378509521484
z_cn_to_degree,2,test-286,6.461468176353717,4.589181900024414
z_cn_to_degree,2,test-287,3.044522437723423,3.3067126274108887
z_cn_to_degree,2,test-288,3.4965075614664807,3.6650633811950684
z_cn_to_degree,2,test-289,4.499809670330265,3.9328911304473877
z_cn_to_degree,2,test-290,2.8903717578961645,3.1037189960479736
z_cn_to_degree,2,test-291,5.60947179518496,4.630250453948975
z_cn_to_degree,2,test-292,5.375278407684165,5.993443489074707
z_cn_to_degree,2,test-293,3.6888794541139367,4.569795608520508
z_cn_to_degree,2,test-294,2.1972245773362196,2.871392250061035
z_cn_to_degree,2,test-295,2.3025850929940455,2.7679622173309326
z_cn_to_degree,2,test-296,3.7376696182833684,2.751223564147949
z_cn_to_degree,2,test-297,2.0794415416798357,2.75441575050354
z_cn_to_degree,2,test-298,1.3862943611198906,4.015219688415527
z_cn_to_degree,2,test-299,3.1780538303479453,3.9919986724853516
z_cn_to_degree,2,test-300,2.995732273553991,3.3713667392730713
z_cn_to_degree,2,test-301,1.6094379124341003,2.7524728775024414
z_cn_to_degree,2,test-302,2.4849066497880004,3.5206298828125
z_cn_to_degree,2,test-303,2.0794415416798357,2.7562050819396973
z_cn_to_degree,2,test-304,4.382026634673881,4.11350154876709
z_cn_to_degree,2,test-305,3.332204510175204,3.5814993381500244
z_cn_to_degree,2,test-306,5.556828061699537,4.793643474578857
z_cn_to_degree,2,test-307,2.0794415416798357,2.7562050819396973
z_cn_to_degree,2,test-308,2.0794415416798357,3.092609405517578
z_cn_to_degree,2,test-309,3.58351893845611,3.9318959712982178
z_cn_to_degree,2,test-310,2.1972245773362196,3.068269968032837
z_cn_to_degree,2,test-311,3.8918202981106265,4.162369728088379
z_cn_to_degree,2,test-312,2.4849066497880004,2.7438178062438965
z_cn_to_degree,2,test-313,6.733401891837358,5.662768363952637
z_cn_to_degree,2,test-314,4.941642422609304,4.153482913970947
z_cn_to_degree,2,test-315,1.9459101490553132,2.749466896057129
z_cn_to_degree,2,test-316,2.8903717578961645,2.9237592220306396
z_cn_to_degree,2,test-317,5.4116460518550396,4.587399005889893
z_cn_to_degree,2,test-318,3.332204510175204,4.111369609832764
z_cn_to_degree,2,test-319,6.733401891837358,4.942678451538086
z_cn_to_degree,2,test-320,2.772588722239781,3.9258432388305664
z_cn_to_degree,2,test-321,3.044522437723423,3.3067126274108887
z_cn_to_degree,2,test-322,2.995732273553991,2.9980688095092773
z_cn_to_degree,2,test-323,0.6931471805599453,2.755772829055786
z_cn_to_degree,2,test-324,2.4849066497880004,3.0748116970062256
z_cn_to_degree,2,test-325,2.772588722239781,3.4718968868255615
z_cn_to_degree,2,test-326,3.091042453358316,2.756316661834717
z_cn_to_degree,2,test-327,3.401197381662156,3.63468074798584
z_cn_to_degree,2,test-328,3.688879454113936,3.9427573680877686
z_cn_to_degree,2,test-329,1.6094379124341003,2.7524728775024414
z_cn_to_degree,2,test-330,3.5553480614894135,3.5876641273498535
z_cn_to_degree,2,test-331,3.8712010109078907,4.11032772064209
z_cn_to_degree,2,test-332,2.70805020110221,2.775829315185547
z_cn_to_degree,2,test-333,2.8903717578961645,2.7698469161987305
z_cn_to_degree,2,test-334,2.4849066497880004,2.760963201522827
z_cn_to_degree,2,test-335,4.51085950651685,3.9249212741851807
z_cn_to_degree,2,test-336,2.70805020110221,3.2554378509521484
z_cn_to_degree,2,test-337,3.044522437723423,3.22200345993042
z_cn_to_degree,2,test-338,2.4849066497880004,3.354485511779785
z_cn_to_degree,2,test-339,2.772588722239781,3.7877578735351562
z_cn_to_degree,2,test-340,4.143134726391533,3.2802906036376953
z_cn_to_degree,2,test-341,3.931825632724326,3.8458640575408936
z_cn_to_degree,2,test-342,2.4849066497880004,3.0748116970062256
z_cn_to_degree,2,test-343,4.787491742782047,6.493906021118164
z_cn_to_degree,2,test-344,1.3862943611198906,2.7554614543914795
z_cn_to_degree,2,test-345,3.1780538303479453,3.9688427448272705
z_cn_to_degree,2,test-346,2.4849066497880004,3.30922269821167
z_cn_to_degree,2,test-347,2.4849066497880004,2.6778223514556885
z_cn_to_degree,2,test-348,2.4849066497880004,3.3319780826568604
z_cn_to_degree,2,test-349,3.401197381662155,4.064035892486572
z_cn_to_degree,2,test-350,2.8903717578961645,2.7698469161987305
z_cn_to_degree,2,test-351,3.1780538303479453,3.9919986724853516
z_cn_to_degree,2,test-352,1.3862943611198906,2.7554614543914795
z_cn_to_degree,2,test-353,4.882801922586371,3.0912234783172607
z_cn_to_degree,2,test-354,4.23410650459726,4.010318279266357
z_cn_to_degree,2,test-355,5.6937321388027,5.377946376800537
z_cn_to_degree,2,test-356,0.6931471805599453,2.755772829055786
z_cn_to_degree,2,test-357,1.791759469228055,2.755772829055786
z_cn_to_degree,2,test-358,1.791759469228055,2.755772829055786
z_cn_to_degree,2,test-359,5.966146739123692,4.81880521774292
z_cn_to_degree,2,test-360,3.4965075614664807,3.7267212867736816
z_cn_to_degree,2,test-361,6.733401891837358,4.879369735717773
z_cn_to_degree,2,test-362,5.272999558563747,4.120237350463867
z_cn_to_degree,2,test-363,3.737669618283368,3.8168601989746094
z_cn_to_degree,2,test-364,2.1972245773362196,3.068269968032837
z_cn_to_degree,2,test-365,2.995732273553991,3.9178686141967773
z_cn_to_degree,2,test-366,1.3862943611198906,2.7524728775024414
z_cn_to_degree,2,test-367,6.327936783729195,5.369375705718994
z_cn_to_degree,2,test-368,4.430816798843313,4.496379375457764
z_cn_to_degree,2,test-369,0.0,2.7554614543914795
z_cn_to_degree,2,test-370,2.6390573296152584,3.1293134689331055
z_cn_to_degree,2,test-371,1.6094379124341003,2.7524728775024414
z_cn_to_degree,2,test-372,2.4849066497880004,3.5787787437438965
z_cn_to_degree,2,test-373,3.465735902799726,4.1206159591674805
z_cn_to_degree,2,test-374,2.772588722239781,3.5246996879577637
z_cn_to_degree,2,test-375,2.70805020110221,2.5917394161224365
z_cn_to_degree,2,test-376,4.74493212836325,3.976335048675537
z_cn_to_degree,2,test-377,2.4849066497880004,2.760963201522827
z_cn_to_degree,2,test-378,3.332204510175204,4.111369609832764
z_cn_to_degree,2,test-379,2.4849066497880004,2.760963201522827
z_cn_to_degree,2,test-380,2.8903717578961645,3.6214964389801025
z_cn_to_degree,2,test-381,2.3025850929940455,2.8903841972351074
z_cn_to_degree,2,test-382,1.791759469228055,2.755772829055786
z_cn_to_degree,2,test-383,0.6931471805599453,2.755772829055786
z_cn_to_degree,2,test-384,4.276666119016055,2.815308094024658
z_cn_to_degree,2,test-385,1.791759469228055,2.755772829055786
z_cn_to_degree,2,test-386,1.791759469228055,2.755772829055786
z_cn_to_degree,2,test-387,2.0794415416798357,3.5510573387145996
z_cn_to_degree,2,test-388,2.995732273553991,3.5127248764038086
z_cn_to_degree,2,test-389,2.0794415416798357,2.7562050819396973
z_cn_to_degree,2,test-390,3.044522437723423,3.189049243927002
z_cn_to_degree,2,test-391,2.995732273553991,3.7659456729888916
z_cn_to_degree,2,test-392,0.0,2.7554614543914795
z_cn_to_degree,2,test-393,1.3862943611198906,2.7524728775024414
z_cn_to_degree,2,test-394,2.3025850929940455,2.755654811859131
z_cn_to_degree,2,test-395,3.295836866004329,3.7956583499908447
z_cn_to_degree,2,test-396,1.791759469228055,2.755772829055786
z_cn_to_degree,2,test-397,3.4011973816621555,2.7887983322143555
z_cn_to_degree,2,test-398,2.4849066497880004,2.760963201522827
z_cn_to_degree,2,test-399,2.995732273553991,3.9178686141967773
z_cn_to_degree,2,test-400,2.0794415416798357,3.978532314300537
z_cn_to_degree,2,test-401,2.0794415416798357,3.544456720352173
z_cn_to_degree,2,test-402,3.1780538303479453,3.529940605163574
z_cn_to_degree,2,test-403,3.828641396489095,2.7828149795532227
z_cn_to_degree,2,test-404,4.90527477843843,3.516352415084839
z_cn_to_degree,2,test-405,1.791759469228055,2.7524728775024414
z_cn_to_degree,2,test-406,3.401197381662155,4.064035892486572
z_cn_to_degree,2,test-407,1.3862943611198906,3.0385491847991943
z_cn_to_degree,2,test-408,2.8903717578961645,2.7698469161987305
z_cn_to_degree,2,test-409,4.276666119016055,2.622008800506592
z_cn_to_degree,2,test-410,0.6931471805599453,2.755772829055786
z_cn_to_degree,2,test-411,3.5553480614894135,4.037111282348633
z_cn_to_degree,2,test-412,2.8903717578961645,3.7329137325286865
z_cn_to_degree,2,test-413,3.332204510175204,4.03903865814209
z_cn_to_degree,2,test-414,5.342334251964811,4.3047027587890625
z_cn_to_degree,2,test-415,2.890371757896165,3.8417186737060547
z_cn_to_degree,2,test-416,3.401197381662155,3.2676846981048584
z_cn_to_degree,2,test-417,3.091042453358316,2.756316661834717
z_cn_to_degree,2,test-418,2.995732273553991,3.9178686141967773
z_cn_to_degree,2,test-419,3.401197381662155,4.169137001037598
z_cn_to_degree,2,test-420,4.787491742782046,3.3639039993286133
z_cn_to_degree,2,test-421,4.430816798843313,4.111628532409668
z_cn_to_degree,2,test-422,2.8903717578961645,3.616377115249634
z_cn_to_degree,2,test-423,2.0794415416798357,2.7562050819396973
z_cn_to_degree,2,test-424,3.1780538303479458,3.460211992263794
z_cn_to_degree,2,test-425,1.9459101490553132,2.749466896057129
z_cn_to_degree,2,test-426,2.995732273553991,3.3646390438079834
z_cn_to_degree,2,test-427,2.1972245773362196,3.068269968032837
z_cn_to_degree,2,test-428,1.3862943611198906,3.0385491847991943
z_cn_to_degree,2,test-429,3.401197381662156,3.63468074798584
z_cn_to_degree,2,test-430,3.332204510175204,2.734956741333008
z_cn_to_degree,2,test-431,2.0794415416798357,2.7562050819396973
z_cn_to_degree,2,test-432,2.4849066497880004,3.0748116970062256
z_cn_to_degree,2,test-433,3.6888794541139367,3.2554502487182617
z_cn_to_degree,2,test-434,2.70805020110221,3.350994110107422
z_cn_to_degree,2,test-435,2.4849066497880004,2.907698392868042
z_cn_to_degree,2,test-436,4.718498871295095,2.8219237327575684
z_cn_to_degree,2,test-437,5.634789603169249,4.486677646636963
z_cn_to_degree,2,test-438,4.68213122712422,3.6140241622924805
z_cn_to_degree,2,test-439,1.791759469228055,2.755772829055786
z_cn_to_degree,2,test-440,3.9889840465642745,4.548645973205566
z_cn_to_degree,2,test-441,6.327936783729195,6.384526252746582
z_cn_to_degree,2,test-442,3.044522437723423,3.031230926513672
z_cn_to_degree,2,test-443,2.70805020110221,3.3897438049316406
z_cn_to_degree,2,test-444,1.0986122886681098,2.752035140991211
z_cn_to_degree,2,test-445,2.995732273553991,3.3422207832336426
z_cn_to_degree,2,test-446,2.772588722239781,3.572300672531128
z_cn_to_degree,2,test-447,2.995732273553991,3.9481401443481445
z_cn_to_degree,2,test-448,1.791759469228055,2.7524728775024414
z_cn_to_degree,2,test-449,1.3862943611198906,3.0385491847991943
z_cn_to_degree,2,test-450,2.4849066497880004,3.575737237930298
z_cn_to_degree,2,test-451,7.50659178007084,5.982269763946533
z_cn_to_degree,2,test-452,3.951243718581427,4.121107578277588
z_cn_to_degree,2,test-453,3.5553480614894135,5.695625305175781
z_cn_to_degree,2,test-454,2.70805020110221,3.2554378509521484
z_cn_to_degree,2,test-455,3.258096538021482,3.247319221496582
z_cn_to_degree,2,test-456,5.634789603169249,3.0684351921081543
z_cn_to_degree,2,test-457,0.6931471805599453,2.755772829055786
z_cn_to_degree,2,test-458,2.772588722239781,3.9258432388305664
z_cn_to_degree,2,test-459,3.401197381662156,3.047132730484009
z_cn_to_degree,2,test-460,2.995732273553991,3.7840914726257324
z_cn_to_degree,2,test-461,3.044522437723423,3.4588446617126465
z_cn_to_degree,2,test-462,2.1972245773362196,2.75441575050354
z_cn_to_degree,2,test-463,1.791759469228055,3.2065541744232178
z_cn_to_degree,2,test-464,3.1780538303479458,2.8795948028564453
z_cn_to_degree,2,test-465,2.1972245773362196,2.75441575050354
z_cn_to_degree,2,test-466,3.401197381662155,4.5198516845703125
z_cn_to_degree,2,test-467,6.327936783729195,5.6804704666137695
z_cn_to_degree,2,test-468,2.995732273553991,3.9178686141967773
z_cn_to_degree,2,test-469,3.044522437723423,3.3067126274108887
z_cn_to_degree,2,test-470,1.0986122886681098,2.752035140991211
z_cn_to_degree,2,test-471,3.401197381662155,3.4476258754730225
z_cn_to_degree,2,test-472,2.3025850929940455,2.755654811859131
z_cn_to_degree,2,test-473,6.040254711277414,3.3512909412384033
z_cn_to_degree,2,test-474,4.90527477843843,3.035205125808716
z_cn_to_degree,2,test-475,2.1972245773362196,2.871392250061035
z_cn_to_degree,2,test-476,2.0794415416798357,2.7562050819396973
z_cn_to_degree,2,test-477,2.8903717578961645,3.2554378509521484
z_cn_to_degree,2,test-478,3.1780538303479453,3.4027581214904785
z_cn_to_degree,2,test-479,2.995732273553991,3.094193696975708
z_cn_to_degree,2,test-480,4.276666119016055,3.8326849937438965
z_cn_to_degree,2,test-481,2.4849066497880004,2.760963201522827
z_cn_to_degree,2,test-482,3.295836866004329,3.738755226135254
z_cn_to_degree,2,test-483,3.1780538303479453,2.8060359954833984
z_cn_to_degree,2,test-484,2.0794415416798357,2.7562050819396973
z_cn_to_degree,2,test-485,3.332204510175204,4.111369609832764
z_cn_to_degree,2,test-486,1.3862943611198906,2.7524728775024414
z_cn_to_degree,2,test-487,4.356708826689592,3.970456123352051
z_cn_to_degree,2,test-488,2.0794415416798357,2.7562050819396973
z_cn_to_degree,2,test-489,2.9957322735539913,2.756316661834717
z_cn_to_degree,2,test-490,0.6931471805599453,2.755772829055786
z_cn_to_degree,2,test-491,2.0794415416798357,2.7562050819396973
z_cn_to_degree,2,test-492,4.31748811353631,5.467166900634766
z_cn_to_degree,2,test-493,3.58351893845611,4.191976547241211
z_cn_to_degree,2,test-494,0.0,2.7554614543914795
z_cn_to_degree,2,test-495,5.272999558563747,4.120237350463867
z_cn_to_degree,2,test-496,1.791759469228055,2.755772829055786
z_cn_to_degree,2,test-497,3.7376696182833684,3.174668312072754
z_cn_to_degree,2,test-498,2.4849066497880004,2.760963201522827
z_cn_to_degree,2,test-499,3.8712010109078907,4.968644618988037
z_cn_to_degree,2,test-500,6.040254711277414,4.11396598815918
z_cn_to_degree,2,test-501,3.332204510175204,2.9230377674102783
z_cn_to_degree,2,test-502,3.332204510175204,3.220266103744507
z_cn_to_degree,2,test-503,4.700480365792417,6.0389790534973145
z_cn_to_degree,2,test-504,4.499809670330265,4.28041934967041
z_cn_to_degree,2,test-505,2.1972245773362196,2.7741892337799072
z_cn_to_degree,2,test-506,3.688879454113936,3.9427573680877686
z_cn_to_degree,2,test-507,2.6390573296152584,2.770481824874878
z_cn_to_degree,2,test-508,4.276666119016055,5.87643575668335
z_cn_to_degree,2,test-509,3.8712010109078907,3.966240406036377
z_cn_to_degree,2,test-510,4.442651256490317,4.432011604309082
z_cn_to_degree,2,test-511,5.634789603169249,3.0684351921081543
z_residual_to_degree,2,test-0,4.6443908991413725,3.6477556228637695
z_residual_to_degree,2,test-1,3.9889840465642745,3.790381669998169
z_residual_to_degree,2,test-2,4.584967478670571,3.3826425075531006
z_residual_to_degree,2,test-3,3.1780538303479453,3.3471639156341553
z_residual_to_degree,2,test-4,4.77912349311153,3.1774439811706543
z_residual_to_degree,2,test-5,3.8066624897703196,3.3720293045043945
z_residual_to_degree,2,test-6,5.966146739123692,3.435072660446167
z_residual_to_degree,2,test-7,3.6635616461296463,4.627786636352539
z_residual_to_degree,2,test-8,3.044522437723423,3.580695390701294
z_residual_to_degree,2,test-9,3.6888794541139367,5.36295223236084
z_residual_to_degree,2,test-10,3.401197381662155,3.411255359649658
z_residual_to_degree,2,test-11,3.9120230054281464,3.3328750133514404
z_residual_to_degree,2,test-12,0.6931471805599453,3.8825807571411133
z_residual_to_degree,2,test-13,4.74493212836325,3.3110244274139404
z_residual_to_degree,2,test-14,4.0943445622221,4.0278120040893555
z_residual_to_degree,2,test-15,1.791759469228055,3.421011447906494
z_residual_to_degree,2,test-16,4.394449154672439,3.756546974182129
z_residual_to_degree,2,test-17,4.718498871295095,3.9598240852355957
z_residual_to_degree,2,test-18,0.6931471805599453,1.924790859222412
z_residual_to_degree,2,test-19,3.044522437723423,4.763181209564209
z_residual_to_degree,2,test-20,3.1780538303479458,3.3792834281921387
z_residual_to_degree,2,test-21,3.465735902799726,3.333361864089966
z_residual_to_degree,2,test-22,3.401197381662155,3.5587985515594482
z_residual_to_degree,2,test-23,1.0986122886681098,1.7048978805541992
z_residual_to_degree,2,test-24,3.5553480614894135,3.274754762649536
z_residual_to_degree,2,test-25,4.189654742026425,1.4538967609405518
z_residual_to_degree,2,test-26,2.3025850929940455,3.081730842590332
z_residual_to_degree,2,test-27,3.465735902799726,3.619142770767212
z_residual_to_degree,2,test-28,2.8903717578961645,3.652508497238159
z_residual_to_degree,2,test-29,3.688879454113936,3.672941207885742
z_residual_to_degree,2,test-30,4.882801922586371,3.625753164291382
z_residual_to_degree,2,test-31,4.553876891600541,3.4868171215057373
z_residual_to_degree,2,test-32,3.58351893845611,3.5504770278930664
z_residual_to_degree,2,test-33,3.58351893845611,3.501105308532715
z_residual_to_degree,2,test-34,3.1780538303479453,3.0377726554870605
z_residual_to_degree,2,test-35,2.772588722239781,2.7847867012023926
z_residual_to_degree,2,test-36,1.3862943611198906,3.2030391693115234
z_residual_to_degree,2,test-37,2.3025850929940455,3.604717254638672
z_residual_to_degree,2,test-38,3.9889840465642745,3.37253475189209
z_residual_to_degree,2,test-39,1.791759469228055,4.048269748687744
z_residual_to_degree,2,test-40,3.951243718581427,3.079237461090088
z_residual_to_degree,2,test-41,3.6888794541139367,1.2309331893920898
z_residual_to_degree,2,test-42,6.040254711277414,4.4525227546691895
z_residual_to_degree,2,test-43,2.4849066497880004,3.852810859680176
z_residual_to_degree,2,test-44,3.1780538303479453,3.305131435394287
z_residual_to_degree,2,test-45,0.6931471805599453,2.6668548583984375
z_residual_to_degree,2,test-46,4.941642422609304,3.4905898571014404
z_residual_to_degree,2,test-47,0.0,2.109727144241333
z_residual_to_degree,2,test-48,2.8903717578961645,3.380086660385132
z_residual_to_degree,2,test-49,6.040254711277414,4.354968547821045
z_residual_to_degree,2,test-50,3.332204510175204,3.3316330909729004
z_residual_to_degree,2,test-51,2.995732273553991,3.331516742706299
z_residual_to_degree,2,test-52,6.327936783729195,4.298093318939209
z_residual_to_degree,2,test-53,2.8903717578961645,3.5499889850616455
z_residual_to_degree,2,test-54,2.6390573296152584,3.1832268238067627
z_residual_to_degree,2,test-55,4.927253685157204,3.4292171001434326
z_residual_to_degree,2,test-56,2.70805020110221,3.76090145111084
z_residual_to_degree,2,test-57,5.272999558563747,3.352341890335083
z_residual_to_degree,2,test-58,3.9889840465642745,3.4333879947662354
z_residual_to_degree,2,test-59,2.0794415416798357,3.2326242923736572
z_residual_to_degree,2,test-60,4.7535901911063645,3.520397901535034
z_residual_to_degree,2,test-61,2.1972245773362196,1.9714224338531494
z_residual_to_degree,2,test-62,2.3978952727983707,3.699889898300171
z_residual_to_degree,2,test-63,1.3862943611198906,3.7068285942077637
z_residual_to_degree,2,test-64,3.58351893845611,3.097613573074341
z_residual_to_degree,2,test-65,2.8903717578961645,3.2684686183929443
z_residual_to_degree,2,test-66,2.4849066497880004,3.524935722351074
z_residual_to_degree,2,test-67,2.4849066497880004,2.712458610534668
z_residual_to_degree,2,test-68,4.90527477843843,4.410662651062012
z_residual_to_degree,2,test-69,3.2188758248682006,3.322030782699585
z_residual_to_degree,2,test-70,2.995732273553991,3.398073673248291
z_residual_to_degree,2,test-71,4.0943445622221,3.342679023742676
z_residual_to_degree,2,test-72,1.791759469228055,3.2631967067718506
z_residual_to_degree,2,test-73,3.951243718581427,3.9176251888275146
z_residual_to_degree,2,test-74,2.70805020110221,3.4041576385498047
z_residual_to_degree,2,test-75,3.044522437723423,3.088160276412964
z_residual_to_degree,2,test-76,1.0986122886681098,0.9277679920196533
z_residual_to_degree,2,test-77,3.044522437723423,3.1694161891937256
z_residual_to_degree,2,test-78,1.3862943611198906,3.951641082763672
z_residual_to_degree,2,test-79,1.791759469228055,3.657468318939209
z_residual_to_degree,2,test-80,3.688879454113936,3.2600033283233643
z_residual_to_degree,2,test-81,3.58351893845611,3.471553087234497
z_residual_to_degree,2,test-82,3.465735902799726,3.3679261207580566
z_residual_to_degree,2,test-83,4.025351690735149,3.6510519981384277
z_residual_to_degree,2,test-84,4.718498871295094,2.429652214050293
z_residual_to_degree,2,test-85,3.9889840465642745,3.4907643795013428
z_residual_to_degree,2,test-86,3.332204510175204,4.131694793701172
z_residual_to_degree,2,test-87,2.70805020110221,3.904744863510132
z_residual_to_degree,2,test-88,2.6390573296152584,3.2203023433685303
z_residual_to_degree,2,test-89,3.332204510175204,3.3509607315063477
z_residual_to_degree,2,test-90,2.4849066497880004,2.612558364868164
z_residual_to_degree,2,test-91,2.0794415416798357,3.2028496265411377
z_residual_to_degree,2,test-92,3.1780538303479453,3.8945376873016357
z_residual_to_degree,2,test-93,5.272999558563747,3.872673511505127
z_residual_to_degree,2,test-94,2.4849066497880004,4.514817237854004
z_residual_to_degree,2,test-95,3.401197381662156,3.6404619216918945
z_residual_to_degree,2,test-96,7.50659178007084,4.068426132202148
z_residual_to_degree,2,test-97,4.465908118654584,4.745761871337891
z_residual_to_degree,2,test-98,2.3025850929940455,3.232038974761963
z_residual_to_degree,2,test-99,2.70805020110221,3.1629140377044678
z_residual_to_degree,2,test-100,3.58351893845611,3.4791295528411865
z_residual_to_degree,2,test-101,2.70805020110221,3.1105809211730957
z_residual_to_degree,2,test-102,4.02535169073515,1.6953544616699219
z_residual_to_degree,2,test-103,2.772588722239781,2.786268711090088
z_residual_to_degree,2,test-104,2.1972245773362196,3.4872796535491943
z_residual_to_degree,2,test-105,1.0986122886681098,2.787663698196411
z_residual_to_degree,2,test-106,3.5263605246161616,3.254716157913208
z_residual_to_degree,2,test-107,0.6931471805599453,1.053018569946289
z_residual_to_degree,2,test-108,6.327936783729195,1.575103759765625
z_residual_to_degree,2,test-109,3.58351893845611,3.0310890674591064
z_residual_to_degree,2,test-110,2.0794415416798357,3.5801236629486084
z_residual_to_degree,2,test-111,2.8903717578961645,2.6961231231689453
z_residual_to_degree,2,test-112,5.0106352940962555,3.8659591674804688
z_residual_to_degree,2,test-113,3.688879454113936,3.421497344970703
z_residual_to_degree,2,test-114,1.3862943611198906,1.0748801231384277
z_residual_to_degree,2,test-115,1.3862943611198906,3.2026569843292236
z_residual_to_degree,2,test-116,7.3395376954076745,4.373330116271973
z_residual_to_degree,2,test-117,4.304065093204169,3.5170910358428955
z_residual_to_degree,2,test-118,3.2188758248682006,2.3916642665863037
z_residual_to_degree,2,test-119,6.733401891837358,0.9151284694671631
z_residual_to_degree,2,test-120,2.4849066497880004,3.211329698562622
z_residual_to_degree,2,test-121,2.995732273553991,3.487957239151001
z_residual_to_degree,2,test-122,3.58351893845611,3.3867647647857666
z_residual_to_degree,2,test-123,1.791759469228055,3.3180222511291504
z_residual_to_degree,2,test-124,2.6390573296152584,3.9099388122558594
z_residual_to_degree,2,test-125,2.1972245773362196,3.189192295074463
z_residual_to_degree,2,test-126,2.4849066497880004,4.013556957244873
z_residual_to_degree,2,test-127,1.791759469228055,3.065713405609131
z_residual_to_degree,2,test-128,3.6635616461296463,3.536667585372925
z_residual_to_degree,2,test-129,2.5649493574615367,3.024855136871338
z_residual_to_degree,2,test-130,2.995732273553991,3.339111804962158
z_residual_to_degree,2,test-131,3.044522437723423,3.610886335372925
z_residual_to_degree,2,test-132,3.688879454113936,3.462630033493042
z_residual_to_degree,2,test-133,5.560681631015528,3.4358861446380615
z_residual_to_degree,2,test-134,2.1972245773362196,3.0357823371887207
z_residual_to_degree,2,test-135,2.772588722239781,3.399102210998535
z_residual_to_degree,2,test-136,3.688879454113936,3.467301845550537
z_residual_to_degree,2,test-137,2.1972245773362196,2.0656466484069824
z_residual_to_degree,2,test-138,4.31748811353631,4.577366352081299
z_residual_to_degree,2,test-139,1.791759469228055,5.451372146606445
z_residual_to_degree,2,test-140,3.332204510175204,3.060222625732422
z_residual_to_degree,2,test-141,4.276666119016055,3.64947247505188
z_residual_to_degree,2,test-142,2.70805020110221,3.5571444034576416
z_residual_to_degree,2,test-143,2.0794415416798357,3.1808085441589355
z_residual_to_degree,2,test-144,2.772588722239781,3.6185097694396973
z_residual_to_degree,2,test-145,4.882801922586371,4.114284992218018
z_residual_to_degree,2,test-146,3.465735902799726,3.5024797916412354
z_residual_to_degree,2,test-147,3.332204510175204,4.198368072509766
z_residual_to_degree,2,test-148,6.327936783729195,4.54418420791626
z_residual_to_degree,2,test-149,3.2188758248682006,3.3408589363098145
z_residual_to_degree,2,test-150,3.931825632724326,3.3315393924713135
z_residual_to_degree,2,test-151,3.295836866004329,3.389533281326294
z_residual_to_degree,2,test-152,3.4011973816621555,3.029550552368164
z_residual_to_degree,2,test-153,4.0943445622221,3.438884973526001
z_residual_to_degree,2,test-154,2.0794415416798357,3.3416073322296143
z_residual_to_degree,2,test-155,2.3025850929940455,3.469650983810425
z_residual_to_degree,2,test-156,5.4116460518550396,3.2464940547943115
z_residual_to_degree,2,test-157,4.564348191467836,2.666391372680664
z_residual_to_degree,2,test-158,0.0,2.921126127243042
z_residual_to_degree,2,test-159,2.70805020110221,4.099462032318115
z_residual_to_degree,2,test-160,2.9444389791664403,3.5338826179504395
z_residual_to_degree,2,test-161,1.3862943611198906,3.80499529838562
z_residual_to_degree,2,test-162,2.8903717578961645,3.201127052307129
z_residual_to_degree,2,test-163,1.791759469228055,3.221426010131836
z_residual_to_degree,2,test-164,5.560681631015528,3.9061837196350098
z_residual_to_degree,2,test-165,1.0986122886681098,2.2999298572540283
z_residual_to_degree,2,test-166,3.5553480614894135,3.869455099105835
z_residual_to_degree,2,test-167,4.499809670330265,3.5729615688323975
z_residual_to_degree,2,test-168,3.5553480614894135,3.376852512359619
z_residual_to_degree,2,test-169,1.791759469228055,3.606733560562134
z_residual_to_degree,2,test-170,2.0794415416798357,3.378936529159546
z_residual_to_degree,2,test-171,5.288267030694535,4.43325662612915
z_residual_to_degree,2,test-172,1.3862943611198906,2.786349296569824
z_residual_to_degree,2,test-173,2.4849066497880004,3.383971691131592
z_residual_to_degree,2,test-174,3.9120230054281464,3.0817344188690186
z_residual_to_degree,2,test-175,4.499809670330265,3.3072731494903564
z_residual_to_degree,2,test-176,4.867534450455582,1.7152693271636963
z_residual_to_degree,2,test-177,4.718498871295095,3.99428653717041
z_residual_to_degree,2,test-178,3.465735902799726,3.381077289581299
z_residual_to_degree,2,test-179,1.3862943611198906,0.6486673355102539
z_residual_to_degree,2,test-180,3.58351893845611,2.5399091243743896
z_residual_to_degree,2,test-181,3.58351893845611,3.279475450515747
z_residual_to_degree,2,test-182,3.465735902799726,4.059194564819336
z_residual_to_degree,2,test-183,0.0,2.0545670986175537
z_residual_to_degree,2,test-184,7.24422751560335,3.95318865776062
z_residual_to_degree,2,test-185,3.332204510175204,3.2693099975585938
z_residual_to_degree,2,test-186,3.401197381662155,3.2631988525390625
z_residual_to_degree,2,test-187,3.332204510175204,3.768054485321045
z_residual_to_degree,2,test-188,2.4849066497880004,4.364818572998047
z_residual_to_degree,2,test-189,2.1972245773362196,3.3512940406799316
z_residual_to_degree,2,test-190,2.70805020110221,3.593787431716919
z_residual_to_degree,2,test-191,2.0794415416798357,3.934840679168701
z_residual_to_degree,2,test-192,3.044522437723423,3.277874708175659
z_residual_to_degree,2,test-193,2.995732273553991,3.586543083190918
z_residual_to_degree,2,test-194,3.58351893845611,4.424878120422363
z_residual_to_degree,2,test-195,4.90527477843843,5.6212005615234375
z_residual_to_degree,2,test-196,4.5217885770490405,3.4884932041168213
z_residual_to_degree,2,test-197,2.4849066497880004,3.799870729446411
z_residual_to_degree,2,test-198,4.709530201312334,3.724004030227661
z_residual_to_degree,2,test-199,1.0986122886681098,2.8941149711608887
z_residual_to_degree,2,test-200,1.0986122886681098,3.3180618286132812
z_residual_to_degree,2,test-201,1.0986122886681098,2.320577621459961
z_residual_to_degree,2,test-202,3.044522437723423,3.183349609375
z_residual_to_degree,2,test-203,2.4849066497880004,3.0919933319091797
z_residual_to_degree,2,test-204,2.6390573296152584,3.6936752796173096
z_residual_to_degree,2,test-205,2.1972245773362196,3.508179187774658
z_residual_to_degree,2,test-206,3.58351893845611,3.7538297176361084
z_residual_to_degree,2,test-207,4.2484952420493585,3.332622528076172
z_residual_to_degree,2,test-208,4.0943445622221,3.887327194213867
z_residual_to_degree,2,test-209,4.836281906951478,3.6524131298065186
z_residual_to_degree,2,test-210,4.976733742420574,3.4823150634765625
z_residual_to_degree,2,test-211,3.044522437723423,3.070854663848877
z_residual_to_degree,2,test-212,4.499809670330265,4.333712577819824
z_residual_to_degree,2,test-213,1.3862943611198906,0.3585052490234375
z_residual_to_degree,2,test-214,5.560681631015528,3.342862844467163
z_residual_to_degree,2,test-215,2.0794415416798357,4.123196601867676
z_residual_to_degree,2,test-216,0.6931471805599453,2.1447856426239014
z_residual_to_degree,2,test-217,1.791759469228055,5.312063217163086
z_residual_to_degree,2,test-218,3.044522437723423,2.6310982704162598
z_residual_to_degree,2,test-219,3.58351893845611,3.246910333633423
z_residual_to_degree,2,test-220,2.70805020110221,4.568539619445801
z_residual_to_degree,2,test-221,2.995732273553991,4.098898410797119
z_residual_to_degree,2,test-222,2.0794415416798357,4.475869178771973
z_residual_to_degree,2,test-223,3.8712010109078907,3.183257818222046
z_residual_to_degree,2,test-224,0.0,1.5492277145385742
z_residual_to_degree,2,test-225,3.332204510175204,3.176392078399658
z_residual_to_degree,2,test-226,2.0794415416798357,3.564666748046875
z_residual_to_degree,2,test-227,2.772588722239781,3.0924081802368164
z_residual_to_degree,2,test-228,1.791759469228055,1.5937682390213013
z_residual_to_degree,2,test-229,2.1972245773362196,3.295246124267578
z_residual_to_degree,2,test-230,3.401197381662156,3.4761343002319336
z_residual_to_degree,2,test-231,4.430816798843313,3.6668388843536377
z_residual_to_degree,2,test-232,4.276666119016055,3.846890926361084
z_residual_to_degree,2,test-233,1.791759469228055,1.982950210571289
z_residual_to_degree,2,test-234,3.58351893845611,2.9070382118225098
z_residual_to_degree,2,test-235,3.1780538303479453,3.636023998260498
z_residual_to_degree,2,test-236,2.8903717578961645,3.752772092819214
z_residual_to_degree,2,test-237,3.044522437723423,3.215449810028076
z_residual_to_degree,2,test-238,5.780743515792329,3.5800864696502686
z_residual_to_degree,2,test-239,6.327936783729195,4.659076690673828
z_residual_to_degree,2,test-240,0.6931471805599453,1.761489748954773
z_residual_to_degree,2,test-241,2.4849066497880004,3.1814820766448975
z_residual_to_degree,2,test-242,2.8903717578961645,3.0972797870635986
z_residual_to_degree,2,test-243,2.1972245773362196,3.836276054382324
z_residual_to_degree,2,test-244,3.044522437723423,3.5801753997802734
z_residual_to_degree,2,test-245,2.70805020110221,3.1847639083862305
z_residual_to_degree,2,test-246,4.74493212836325,3.4633798599243164
z_residual_to_degree,2,test-247,1.791759469228055,4.8911919593811035
z_residual_to_degree,2,test-248,3.8066624897703196,3.703413248062134
z_residual_to_degree,2,test-249,3.951243718581427,3.8524169921875
z_residual_to_degree,2,test-250,1.3862943611198906,1.128481388092041
z_residual_to_degree,2,test-251,4.718498871295095,5.045771598815918
z_residual_to_degree,2,test-252,3.465735902799726,3.6064274311065674
z_residual_to_degree,2,test-253,2.70805020110221,2.6164636611938477
z_residual_to_degree,2,test-254,2.6390573296152584,3.517944574356079
z_residual_to_degree,2,test-255,5.19295685089021,3.5026698112487793
z_residual_to_degree,2,test-256,0.0,2.572178363800049
z_residual_to_degree,2,test-257,5.98141421125448,3.843613386154175
z_residual_to_degree,2,test-258,3.8712010109078907,3.3801381587982178
z_residual_to_degree,2,test-259,2.9957322735539913,3.6969833374023438
z_residual_to_degree,2,test-260,1.0986122886681098,2.8954949378967285
z_residual_to_degree,2,test-261,3.401197381662155,3.723233222961426
z_residual_to_degree,2,test-262,2.995732273553991,3.3508973121643066
z_residual_to_degree,2,test-263,2.995732273553991,3.0917277336120605
z_residual_to_degree,2,test-264,4.1588830833596715,3.366061210632324
z_residual_to_degree,2,test-265,4.31748811353631,4.543512344360352
z_residual_to_degree,2,test-266,1.791759469228055,3.1169087886810303
z_residual_to_degree,2,test-267,2.0794415416798357,3.616544008255005
z_residual_to_degree,2,test-268,2.70805020110221,4.972802639007568
z_residual_to_degree,2,test-269,6.476972362889683,3.3767707347869873
z_residual_to_degree,2,test-270,1.791759469228055,3.3068594932556152
z_residual_to_degree,2,test-271,3.044522437723423,3.5535120964050293
z_residual_to_degree,2,test-272,3.737669618283368,3.6438798904418945
z_residual_to_degree,2,test-273,3.1780538303479453,3.338649272918701
z_residual_to_degree,2,test-274,2.772588722239781,3.476907730102539
z_residual_to_degree,2,test-275,2.70805020110221,3.397535800933838
z_residual_to_degree,2,test-276,2.0794415416798357,1.7652223110198975
z_residual_to_degree,2,test-277,3.332204510175204,4.376113414764404
z_residual_to_degree,2,test-278,5.220355825078324,3.3889122009277344
z_residual_to_degree,2,test-279,3.6635616461296463,3.3944292068481445
z_residual_to_degree,2,test-280,2.6390573296152584,1.4794319868087769
z_residual_to_degree,2,test-281,2.4849066497880004,3.2572450637817383
z_residual_to_degree,2,test-282,3.9512437185814275,5.879185676574707
z_residual_to_degree,2,test-283,2.995732273553991,3.125636339187622
z_residual_to_degree,2,test-284,1.6094379124341003,2.667872190475464
z_residual_to_degree,2,test-285,2.70805020110221,2.5684239864349365
z_residual_to_degree,2,test-286,6.461468176353717,3.76816725730896
z_residual_to_degree,2,test-287,3.044522437723423,3.187067747116089
z_residual_to_degree,2,test-288,3.4965075614664807,3.547027587890625
z_residual_to_degree,2,test-289,4.499809670330265,3.397644281387329
z_residual_to_degree,2,test-290,2.8903717578961645,3.222358465194702
z_residual_to_degree,2,test-291,5.60947179518496,3.808371067047119
z_residual_to_degree,2,test-292,5.375278407684165,3.128781318664551
z_residual_to_degree,2,test-293,3.6888794541139367,3.6851518154144287
z_residual_to_degree,2,test-294,2.1972245773362196,3.433851480484009
z_residual_to_degree,2,test-295,2.3025850929940455,2.7916219234466553
z_residual_to_degree,2,test-296,3.7376696182833684,4.890876770019531
z_residual_to_degree,2,test-297,2.0794415416798357,2.3865251541137695
z_residual_to_degree,2,test-298,1.3862943611198906,3.3034749031066895
z_residual_to_degree,2,test-299,3.1780538303479453,3.8328075408935547
z_residual_to_degree,2,test-300,2.995732273553991,3.387864112854004
z_residual_to_degree,2,test-301,1.6094379124341003,3.1329729557037354
z_residual_to_degree,2,test-302,2.4849066497880004,3.2268729209899902
z_residual_to_degree,2,test-303,2.0794415416798357,4.0322041511535645
z_residual_to_degree,2,test-304,4.382026634673881,4.114829063415527
z_residual_to_degree,2,test-305,3.332204510175204,3.245364189147949
z_residual_to_degree,2,test-306,5.556828061699537,3.4677858352661133
z_residual_to_degree,2,test-307,2.0794415416798357,3.6642520427703857
z_residual_to_degree,2,test-308,2.0794415416798357,3.2249460220336914
z_residual_to_degree,2,test-309,3.58351893845611,3.8647873401641846
z_residual_to_degree,2,test-310,2.1972245773362196,3.470383882522583
z_residual_to_degree,2,test-311,3.8918202981106265,3.276503086090088
z_residual_to_degree,2,test-312,2.4849066497880004,1.653194785118103
z_residual_to_degree,2,test-313,6.733401891837358,4.311000823974609
z_residual_to_degree,2,test-314,4.941642422609304,3.183027982711792
z_residual_to_degree,2,test-315,1.9459101490553132,1.2141332626342773
z_residual_to_degree,2,test-316,2.8903717578961645,3.4801762104034424
z_residual_to_degree,2,test-317,5.4116460518550396,3.3475592136383057
z_residual_to_degree,2,test-318,3.332204510175204,3.2609801292419434
z_residual_to_degree,2,test-319,6.733401891837358,4.055459976196289
z_residual_to_degree,2,test-320,2.772588722239781,3.632822036743164
z_residual_to_degree,2,test-321,3.044522437723423,3.685441255569458
z_residual_to_degree,2,test-322,2.995732273553991,3.062549114227295
z_residual_to_degree,2,test-323,0.6931471805599453,3.1558895111083984
z_residual_to_degree,2,test-324,2.4849066497880004,3.5474460124969482
z_residual_to_degree,2,test-325,2.772588722239781,3.263814687728882
z_residual_to_degree,2,test-326,3.091042453358316,3.1378540992736816
z_residual_to_degree,2,test-327,3.401197381662156,3.250332832336426
z_residual_to_degree,2,test-328,3.688879454113936,3.476886034011841
z_residual_to_degree,2,test-329,1.6094379124341003,3.0977699756622314
z_residual_to_degree,2,test-330,3.5553480614894135,3.524848699569702
z_residual_to_degree,2,test-331,3.8712010109078907,3.905463457107544
z_residual_to_degree,2,test-332,2.70805020110221,2.978212594985962
z_residual_to_degree,2,test-333,2.8903717578961645,3.860532760620117
z_residual_to_degree,2,test-334,2.4849066497880004,3.5976109504699707
z_residual_to_degree,2,test-335,4.51085950651685,3.0619053840637207
z_residual_to_degree,2,test-336,2.70805020110221,4.185120582580566
z_residual_to_degree,2,test-337,3.044522437723423,3.806854009628296
z_residual_to_degree,2,test-338,2.4849066497880004,3.436337947845459
z_residual_to_degree,2,test-339,2.772588722239781,3.4330973625183105
z_residual_to_degree,2,test-340,4.143134726391533,3.5981431007385254
z_residual_to_degree,2,test-341,3.931825632724326,3.120028018951416
z_residual_to_degree,2,test-342,2.4849066497880004,4.635087490081787
z_residual_to_degree,2,test-343,4.787491742782047,3.839069366455078
z_residual_to_degree,2,test-344,1.3862943611198906,3.532712936401367
z_residual_to_degree,2,test-345,3.1780538303479453,3.567523956298828
z_residual_to_degree,2,test-346,2.4849066497880004,4.318742752075195
z_residual_to_degree,2,test-347,2.4849066497880004,3.154414176940918
z_residual_to_degree,2,test-348,2.4849066497880004,3.1261863708496094
z_residual_to_degree,2,test-349,3.401197381662155,3.574418306350708
z_residual_to_degree,2,test-350,2.8903717578961645,3.131685256958008
z_residual_to_degree,2,test-351,3.1780538303479453,3.3867361545562744
z_residual_to_degree,2,test-352,1.3862943611198906,1.1875441074371338
z_residual_to_degree,2,test-353,4.882801922586371,5.169735431671143
z_residual_to_degree,2,test-354,4.23410650459726,3.563749313354492
z_residual_to_degree,2,test-355,5.6937321388027,4.641026973724365
z_residual_to_degree,2,test-356,0.6931471805599453,1.9751520156860352
z_residual_to_degree,2,test-357,1.791759469228055,2.9845800399780273
z_residual_to_degree,2,test-358,1.791759469228055,3.5392017364501953
z_residual_to_degree,2,test-359,5.966146739123692,3.430034875869751
z_residual_to_degree,2,test-360,3.4965075614664807,3.475456953048706
z_residual_to_degree,2,test-361,6.733401891837358,3.8553240299224854
z_residual_to_degree,2,test-362,5.272999558563747,3.769056558609009
z_residual_to_degree,2,test-363,3.737669618283368,4.448791027069092
z_residual_to_degree,2,test-364,2.1972245773362196,2.529782295227051
z_residual_to_degree,2,test-365,2.995732273553991,3.4912712574005127
z_residual_to_degree,2,test-366,1.3862943611198906,4.646061897277832
z_residual_to_degree,2,test-367,6.327936783729195,2.429473876953125
z_residual_to_degree,2,test-368,4.430816798843313,3.6954193115234375
z_residual_to_degree,2,test-369,0.0,2.715973377227783
z_residual_to_degree,2,test-370,2.6390573296152584,3.519242525100708
z_residual_to_degree,2,test-371,1.6094379124341003,5.677237033843994
z_residual_to_degree,2,test-372,2.4849066497880004,3.6191442012786865
z_residual_to_degree,2,test-373,3.465735902799726,3.9998865127563477
z_residual_to_degree,2,test-374,2.772588722239781,3.2307209968566895
z_residual_to_degree,2,test-375,2.70805020110221,2.632223606109619
z_residual_to_degree,2,test-376,4.74493212836325,3.5801167488098145
z_residual_to_degree,2,test-377,2.4849066497880004,3.480402946472168
z_residual_to_degree,2,test-378,3.332204510175204,3.483029842376709
z_residual_to_degree,2,test-379,2.4849066497880004,2.4290456771850586
z_residual_to_degree,2,test-380,2.8903717578961645,3.1297309398651123
z_residual_to_degree,2,test-381,2.3025850929940455,4.782228946685791
z_residual_to_degree,2,test-382,1.791759469228055,3.292792797088623
z_residual_to_degree,2,test-383,0.6931471805599453,1.5109621286392212
z_residual_to_degree,2,test-384,4.276666119016055,3.8249716758728027
z_residual_to_degree,2,test-385,1.791759469228055,3.4606809616088867
z_residual_to_degree,2,test-386,1.791759469228055,3.669443130493164
z_residual_to_degree,2,test-387,2.0794415416798357,3.2834649085998535
z_residual_to_degree,2,test-388,2.995732273553991,3.38678240776062
z_residual_to_degree,2,test-389,2.0794415416798357,3.2989261150360107
z_residual_to_degree,2,test-390,3.044522437723423,3.021831512451172
z_residual_to_degree,2,test-391,2.995732273553991,3.276003837585449
z_residual_to_degree,2,test-392,0.0,2.7685112953186035
z_residual_to_degree,2,test-393,1.3862943611198906,2.553569793701172
z_residual_to_degree,2,test-394,2.3025850929940455,3.0884108543395996
z_residual_to_degree,2,test-395,3.295836866004329,3.562067747116089
z_residual_to_degree,2,test-396,1.791759469228055,3.9497692584991455
z_residual_to_degree,2,test-397,3.4011973816621555,3.5529139041900635
z_residual_to_degree,2,test-398,2.4849066497880004,3.2402334213256836
z_residual_to_degree,2,test-399,2.995732273553991,3.298898935317993
z_residual_to_degree,2,test-400,2.0794415416798357,3.847686290740967
z_residual_to_degree,2,test-401,2.0794415416798357,3.127249240875244
z_residual_to_degree,2,test-402,3.1780538303479453,3.3009395599365234
z_residual_to_degree,2,test-403,3.828641396489095,3.2609264850616455
z_residual_to_degree,2,test-404,4.90527477843843,3.39884090423584
z_residual_to_degree,2,test-405,1.791759469228055,1.4276392459869385
z_residual_to_degree,2,test-406,3.401197381662155,2.552708148956299
z_residual_to_degree,2,test-407,1.3862943611198906,3.552516460418701
z_residual_to_degree,2,test-408,2.8903717578961645,4.141990661621094
z_residual_to_degree,2,test-409,4.276666119016055,3.8544318675994873
z_residual_to_degree,2,test-410,0.6931471805599453,1.5853538513183594
z_residual_to_degree,2,test-411,3.5553480614894135,3.5747344493865967
z_residual_to_degree,2,test-412,2.8903717578961645,3.4373512268066406
z_residual_to_degree,2,test-413,3.332204510175204,3.6447863578796387
z_residual_to_degree,2,test-414,5.342334251964811,3.3423759937286377
z_residual_to_degree,2,test-415,2.890371757896165,3.5486414432525635
z_residual_to_degree,2,test-416,3.401197381662155,3.3401663303375244
z_residual_to_degree,2,test-417,3.091042453358316,3.496584415435791
z_residual_to_degree,2,test-418,2.995732273553991,3.9553134441375732
z_residual_to_degree,2,test-419,3.401197381662155,3.6410789489746094
z_residual_to_degree,2,test-420,4.787491742782046,2.9962210655212402
z_residual_to_degree,2,test-421,4.430816798843313,3.724152088165283
z_residual_to_degree,2,test-422,2.8903717578961645,3.2654035091400146
z_residual_to_degree,2,test-423,2.0794415416798357,3.7293782234191895
z_residual_to_degree,2,test-424,3.1780538303479458,3.313184976577759
z_residual_to_degree,2,test-425,1.9459101490553132,2.395596981048584
z_residual_to_degree,2,test-426,2.995732273553991,2.980509042739868
z_residual_to_degree,2,test-427,2.1972245773362196,3.4179883003234863
z_residual_to_degree,2,test-428,1.3862943611198906,3.575977087020874
z_residual_to_degree,2,test-429,3.401197381662156,4.788115501403809
z_residual_to_degree,2,test-430,3.332204510175204,3.1505143642425537
z_residual_to_degree,2,test-431,2.0794415416798357,3.0832347869873047
z_residual_to_degree,2,test-432,2.4849066497880004,3.3639557361602783
z_residual_to_degree,2,test-433,3.6888794541139367,3.079664468765259
z_residual_to_degree,2,test-434,2.70805020110221,3.494704484939575
z_residual_to_degree,2,test-435,2.4849066497880004,3.0463180541992188
z_residual_to_degree,2,test-436,4.718498871295095,4.057958602905273
z_residual_to_degree,2,test-437,5.634789603169249,4.141911506652832
z_residual_to_degree,2,test-438,4.68213122712422,4.366412162780762
z_residual_to_degree,2,test-439,1.791759469228055,3.053446054458618
z_residual_to_degree,2,test-440,3.9889840465642745,3.477457284927368
z_residual_to_degree,2,test-441,6.327936783729195,4.744765281677246
z_residual_to_degree,2,test-442,3.044522437723423,3.5622401237487793
z_residual_to_degree,2,test-443,2.70805020110221,3.0936481952667236
z_residual_to_degree,2,test-444,1.0986122886681098,1.4230506420135498
z_residual_to_degree,2,test-445,2.995732273553991,3.1571719646453857
z_residual_to_degree,2,test-446,2.772588722239781,3.1655898094177246
z_residual_to_degree,2,test-447,2.995732273553991,3.4863181114196777
z_residual_to_degree,2,test-448,1.791759469228055,1.3135263919830322
z_residual_to_degree,2,test-449,1.3862943611198906,3.5732386112213135
z_residual_to_degree,2,test-450,2.4849066497880004,3.477569341659546
z_residual_to_degree,2,test-451,7.50659178007084,3.9905142784118652
z_residual_to_degree,2,test-452,3.951243718581427,3.5372867584228516
z_residual_to_degree,2,test-453,3.5553480614894135,3.7456088066101074
z_residual_to_degree,2,test-454,2.70805020110221,4.006091117858887
z_residual_to_degree,2,test-455,3.258096538021482,3.274519443511963
z_residual_to_degree,2,test-456,5.634789603169249,4.359889984130859
z_residual_to_degree,2,test-457,0.6931471805599453,2.0170164108276367
z_residual_to_degree,2,test-458,2.772588722239781,3.846329927444458
z_residual_to_degree,2,test-459,3.401197381662156,3.435823917388916
z_residual_to_degree,2,test-460,2.995732273553991,3.42887806892395
z_residual_to_degree,2,test-461,3.044522437723423,4.146798610687256
z_residual_to_degree,2,test-462,2.1972245773362196,3.35093355178833
z_residual_to_degree,2,test-463,1.791759469228055,2.7304210662841797
z_residual_to_degree,2,test-464,3.1780538303479458,4.421086311340332
z_residual_to_degree,2,test-465,2.1972245773362196,1.492804765701294
z_residual_to_degree,2,test-466,3.401197381662155,4.763205528259277
z_residual_to_degree,2,test-467,6.327936783729195,4.238388538360596
z_residual_to_degree,2,test-468,2.995732273553991,3.4695472717285156
z_residual_to_degree,2,test-469,3.044522437723423,3.254918098449707
z_residual_to_degree,2,test-470,1.0986122886681098,1.2450001239776611
z_residual_to_degree,2,test-471,3.401197381662155,3.336040735244751
z_residual_to_degree,2,test-472,2.3025850929940455,2.5663342475891113
z_residual_to_degree,2,test-473,6.040254711277414,1.15907621383667
z_residual_to_degree,2,test-474,4.90527477843843,3.807640790939331
z_residual_to_degree,2,test-475,2.1972245773362196,3.528439521789551
z_residual_to_degree,2,test-476,2.0794415416798357,3.2238707542419434
z_residual_to_degree,2,test-477,2.8903717578961645,1.8761980533599854
z_residual_to_degree,2,test-478,3.1780538303479453,3.273963212966919
z_residual_to_degree,2,test-479,2.995732273553991,3.3189315795898438
z_residual_to_degree,2,test-480,4.276666119016055,3.1736998558044434
z_residual_to_degree,2,test-481,2.4849066497880004,4.094520568847656
z_residual_to_degree,2,test-482,3.295836866004329,3.306934118270874
z_residual_to_degree,2,test-483,3.1780538303479453,3.456066370010376
z_residual_to_degree,2,test-484,2.0794415416798357,3.812253952026367
z_residual_to_degree,2,test-485,3.332204510175204,3.274052381515503
z_residual_to_degree,2,test-486,1.3862943611198906,1.7081228494644165
z_residual_to_degree,2,test-487,4.356708826689592,4.161612510681152
z_residual_to_degree,2,test-488,2.0794415416798357,4.075366020202637
z_residual_to_degree,2,test-489,2.9957322735539913,4.092991828918457
z_residual_to_degree,2,test-490,0.6931471805599453,3.6220152378082275
z_residual_to_degree,2,test-491,2.0794415416798357,4.935518264770508
z_residual_to_degree,2,test-492,4.31748811353631,3.760413408279419
z_residual_to_degree,2,test-493,3.58351893845611,3.4067420959472656
z_residual_to_degree,2,test-494,0.0,2.788153648376465
z_residual_to_degree,2,test-495,5.272999558563747,4.486239433288574
z_residual_to_degree,2,test-496,1.791759469228055,3.946550130844116
z_residual_to_degree,2,test-497,3.7376696182833684,3.435415267944336
z_residual_to_degree,2,test-498,2.4849066497880004,3.2552311420440674
z_residual_to_degree,2,test-499,3.8712010109078907,3.119328022003174
z_residual_to_degree,2,test-500,6.040254711277414,1.9850889444351196
z_residual_to_degree,2,test-501,3.332204510175204,3.4151270389556885
z_residual_to_degree,2,test-502,3.332204510175204,3.7292845249176025
z_residual_to_degree,2,test-503,4.700480365792417,3.896676540374756
z_residual_to_degree,2,test-504,4.499809670330265,3.430382251739502
z_residual_to_degree,2,test-505,2.1972245773362196,3.0211944580078125
z_residual_to_degree,2,test-506,3.688879454113936,3.8177123069763184
z_residual_to_degree,2,test-507,2.6390573296152584,4.038369178771973
z_residual_to_degree,2,test-508,4.276666119016055,3.6361827850341797
z_residual_to_degree,2,test-509,3.8712010109078907,3.6359822750091553
z_residual_to_degree,2,test-510,4.442651256490317,3.179507255554199
z_residual_to_degree,2,test-511,5.634789603169249,4.240132808685303
z_degree_to_cn_residual,2,test-0,0.4096507501383539,0.1057901680469513
z_degree_to_cn_residual,2,test-1,-0.257133548881196,0.1673569679260254
z_degree_to_cn_residual,2,test-2,-0.026168497301778282,0.11442955583333969
z_degree_to_cn_residual,2,test-3,-0.09682951278185134,0.1731758713722229
z_degree_to_cn_residual,2,test-4,1.030455039917754,0.08609011769294739
z_degree_to_cn_residual,2,test-5,-0.40617432960244304,0.1691192388534546
z_degree_to_cn_residual,2,test-6,1.072232465549153,0.041185490787029266
z_degree_to_cn_residual,2,test-7,-0.17653506637630972,0.19780144095420837
z_degree_to_cn_residual,2,test-8,-0.09993231907971788,0.203575998544693
z_degree_to_cn_residual,2,test-9,-0.361807736196368,0.1434929221868515
z_degree_to_cn_residual,2,test-10,0.834665253272179,0.21049070358276367
z_degree_to_cn_residual,2,test-11,0.6771872810461878,0.1459742784500122
z_degree_to_cn_residual,2,test-12,-0.0025667768776077267,0.052236273884773254
z_degree_to_cn_residual,2,test-13,0.0920452145115791,0.04393920302391052
z_degree_to_cn_residual,2,test-14,0.1059855857541714,0.034862369298934937
z_degree_to_cn_residual,2,test-15,0.6905804036823375,0.13661319017410278
z_degree_to_cn_residual,2,test-16,0.487417210290867,0.13751545548439026
z_degree_to_cn_residual,2,test-17,0.027598705190133088,0.05083581805229187
z_degree_to_cn_residual,2,test-18,-0.0025667768776077267,0.052236273884773254
z_degree_to_cn_residual,2,test-19,-0.09993231907971788,0.203575998544693
z_degree_to_cn_residual,2,test-20,-0.0006908748283487874,0.0698845237493515
z_degree_to_cn_residual,2,test-21,0.37362887990278976,0.18068817257881165
z_degree_to_cn_residual,2,test-22,-0.26394703539593084,0.21049070358276367
z_degree_to_cn_residual,2,test-23,-0.001592483837966117,0.016316980123519897
z_degree_to_cn_residual,2,test-24,0.3252994169928626,0.20369692146778107
z_degree_to_cn_residual,2,test-25,-0.5320508010865779,0.14105050265789032
z_degree_to_cn_residual,2,test-26,0.6906105992764492,0.11618451774120331
z_degree_to_cn_residual,2,test-27,0.7790939880109542,0.18068817257881165
z_degree_to_cn_residual,2,test-28,0.5980680715538729,0.22661109268665314
z_degree_to_cn_residual,2,test-29,0.6893311186493629,0.18957087397575378
z_degree_to_cn_residual,2,test-30,0.6730018624542556,0.04876940697431564
z_degree_to_cn_residual,2,test-31,0.22033626837748216,0.06410534679889679
z_degree_to_cn_residual,2,test-32,-0.31403642712572494,0.15646502375602722
z_degree_to_cn_residual,2,test-33,0.6854469961951654,0.04045279324054718
z_degree_to_cn_residual,2,test-34,-0.22552334649902314,0.2213073968887329
z_degree_to_cn_residual,2,test-35,-0.15981025222941134,0.27181440591812134
z_degree_to_cn_residual,2,test-36,-0.002483473901375505,0.32888615131378174
z_degree_to_cn_residual,2,test-37,-0.002536581283496064,0.11618451774120331
z_degree_to_cn_residual,2,test-38,0.011027840012221813,0.03566262871026993
z_degree_to_cn_residual,2,test-39,-0.0025667768776077267,0.13661319017410278
z_degree_to_cn_residual,2,test-40,1.0655213517576338,0.12665022909641266
z_degree_to_cn_residual,2,test-41,0.33133944436357726,0.1434929221868515
z_degree_to_cn_residual,2,test-42,0.3907357061859718,0.09396985173225403
z_degree_to_cn_residual,2,test-43,-0.07427151148220186,0.2105862945318222
z_degree_to_cn_residual,2,test-44,1.1607710146208674,0.2213073968887329
z_degree_to_cn_residual,2,test-45,-0.0025667768776077267,0.052236273884773254
z_degree_to_cn_residual,2,test-46,0.12442211904305411,0.07467731088399887
z_degree_to_cn_residual,2,test-47,-0.002483473901375505,-2.1666288375854492e-05
z_degree_to_cn_residual,2,test-48,0.5980680715538729,0.22661109268665314
z_degree_to_cn_residual,2,test-49,0.3907357061859718,0.09396985173225403
z_degree_to_cn_residual,2,test-50,0.3974001350710103,0.20646072924137115
z_degree_to_cn_residual,2,test-51,0.5071241430143024,0.21602486073970795
z_degree_to_cn_residual,2,test-52,-0.5962537633065377,0.09251121431589127
z_degree_to_cn_residual,2,test-53,-0.09507910900607243,0.22661109268665314
z_degree_to_cn_residual,2,test-54,-0.006401163194461921,0.0983031839132309
z_degree_to_cn_residual,2,test-55,-0.5779234037185782,0.029996491968631744
z_degree_to_cn_residual,2,test-56,-0.09507910900607243,0.22050748765468597
z_degree_to_cn_residual,2,test-57,0.8783422192128343,0.09669739753007889
z_degree_to_cn_residual,2,test-58,-0.4855470978437046,0.17863218486309052
z_degree_to_cn_residual,2,test-59,0.6904677205888524,0.09961964190006256
z_degree_to_cn_residual,2,test-60,-0.2474640255978244,0.09948324412107468
z_degree_to_cn_residual,2,test-61,-0.0022128532902202114,0.0019307583570480347
z_degree_to_cn_residual,2,test-62,-0.0014682163898236727,0.00239388644695282
z_degree_to_cn_residual,2,test-63,-0.002483473901375505,0.32888615131378174
z_degree_to_cn_residual,2,test-64,-0.18117393408101218,0.18988269567489624
z_degree_to_cn_residual,2,test-65,1.0035331796620373,0.22661109268665314
z_degree_to_cn_residual,2,test-66,-0.003920084665472663,0.08709649741649628
z_degree_to_cn_residual,2,test-67,-0.003920084665472663,0.08709649741649628
z_degree_to_cn_residual,2,test-68,-0.5121098978044188,0.06889501214027405
z_degree_to_cn_residual,2,test-69,0.40889556438164,0.25034427642822266
z_degree_to_cn_residual,2,test-70,0.5071241430143024,0.21602486073970795
z_degree_to_cn_residual,2,test-71,0.34193555199200737,0.12257865071296692
z_degree_to_cn_residual,2,test-72,-0.0025667768776077267,0.13661319017410278
z_degree_to_cn_residual,2,test-73,-0.32077300936225667,0.12665022909641266
z_degree_to_cn_residual,2,test-74,-0.09507910900607243,0.22050748765468597
z_degree_to_cn_residual,2,test-75,0.9986799695883919,0.203575998544693
z_degree_to_cn_residual,2,test-76,-0.001592483837966117,0.016316980123519897
z_degree_to_cn_residual,2,test-77,0.5932148614802274,0.203575998544693
z_degree_to_cn_residual,2,test-78,-0.0017051669314512175,-0.00484195351600647
z_degree_to_cn_residual,2,test-79,-0.0025667768776077267,0.13661319017410278
z_degree_to_cn_residual,2,test-80,0.6893311186493629,0.18957087397575378
z_degree_to_cn_residual,2,test-81,0.3267009706117635,0.24096032977104187
z_degree_to_cn_residual,2,test-82,1.066776060462735,0.18068817257881165
z_degree_to_cn_residual,2,test-83,-0.06306873591422772,0.034742437303066254
z_degree_to_cn_residual,2,test-84,-0.3195190468888935,0.10143660753965378
z_degree_to_cn_residual,2,test-85,-0.257133548881196,0.1673569679260254
z_degree_to_cn_residual,2,test-86,0.3974001350710103,0.20646072924137115
z_degree_to_cn_residual,2,test-87,-0.09507910900607243,0.22050748765468597
z_degree_to_cn_residual,2,test-88,-0.006401163194461921,0.0983031839132309
z_degree_to_cn_residual,2,test-89,-0.295747045488935,0.20646072924137115
z_degree_to_cn_residual,2,test-90,-0.07427151148220186,0.2105862945318222
z_degree_to_cn_residual,2,test-91,-0.002679459971092827,0.09961964190006256
z_degree_to_cn_residual,2,test-92,0.5963176677780939,0.1731758713722229
z_degree_to_cn_residual,2,test-93,0.47287711110466973,0.09669739753007889
z_degree_to_cn_residual,2,test-94,-0.07427151148220186,0.2105862945318222
z_degree_to_cn_residual,2,test-95,0.5634751272888399,0.1741313934326172
z_degree_to_cn_residual,2,test-96,-0.6219808875579942,-0.032476916909217834
z_degree_to_cn_residual,2,test-97,-0.0948206319924906,0.13342171907424927
z_degree_to_cn_residual,2,test-98,-0.002536581283496064,0.11618451774120331
z_degree_to_cn_residual,2,test-99,-0.09507910900607243,0.22050748765468597
z_degree_to_cn_residual,2,test-100,-0.3664462099481818,0.24096032977104187
z_degree_to_cn_residual,2,test-101,0.5980680715538729,0.22050748765468597
z_degree_to_cn_residual,2,test-102,0.03377005795343527,0.03139617294073105
z_degree_to_cn_residual,2,test-103,-0.15981025222941134,0.27181440591812134
z_degree_to_cn_residual,2,test-104,0.629186265886127,0.26786255836486816
z_degree_to_cn_residual,2,test-105,-0.001592483837966117,0.016316980123519897
z_degree_to_cn_residual,2,test-106,0.689862177614176,0.04086869955062866
z_degree_to_cn_residual,2,test-107,-0.0025667768776077267,0.052236273884773254
z_degree_to_cn_residual,2,test-108,0.09689341725340761,0.09251121431589127
z_degree_to_cn_residual,2,test-109,0.37911075343422035,0.15646502375602722
z_degree_to_cn_residual,2,test-110,-0.002679459971092827,0.09961964190006256
z_degree_to_cn_residual,2,test-111,-0.006236131996241855,0.015657708048820496
z_degree_to_cn_residual,2,test-112,0.4686965299979534,0.07505840808153152
z_degree_to_cn_residual,2,test-113,-0.4092811700187469,0.18957087397575378
z_degree_to_cn_residual,2,test-114,-0.0017051669314512175,-0.00484195351600647
z_degree_to_cn_residual,2,test-115,0.6906637066585698,0.32888615131378174
z_degree_to_cn_residual,2,test-116,1.0402213320986424,-0.0012835562229156494
z_degree_to_cn_residual,2,test-117,0.6948211420213969,0.044057250022888184
z_degree_to_cn_residual,2,test-118,-0.2842516161783053,0.25034427642822266
z_degree_to_cn_residual,2,test-119,0.706182872391234,0.06176218390464783
z_degree_to_cn_residual,2,test-120,0.6188756690777434,0.2105862945318222
z_degree_to_cn_residual,2,test-121,0.5071241430143024,0.21602486073970795
z_degree_to_cn_residual,2,test-122,0.732166078719928,0.24096032977104187
z_degree_to_cn_residual,2,test-123,0.6905804036823375,0.13661319017410278
z_degree_to_cn_residual,2,test-124,-0.006401163194461921,0.0983031839132309
z_degree_to_cn_residual,2,test-125,-0.06396091467381823,0.26786255836486816
z_degree_to_cn_residual,2,test-126,1.0243407771859079,0.2105862945318222
z_degree_to_cn_residual,2,test-127,-0.0025667768776077267,0.13661319017410278
z_degree_to_cn_residual,2,test-128,-0.17653506637630972,0.19780144095420837
z_degree_to_cn_residual,2,test-129,0.006243055183185751,0.007571503520011902
z_degree_to_cn_residual,2,test-130,0.9125892511224669,0.21602486073970795
z_degree_to_cn_residual,2,test-131,0.5932148614802274,0.203575998544693
z_degree_to_cn_residual,2,test-132,-0.4092811700187469,0.18957087397575378
z_degree_to_cn_residual,2,test-133,-0.3910899774469028,0.09078139066696167
z_degree_to_cn_residual,2,test-134,-0.06396091467381823,0.26786255836486816
z_degree_to_cn_residual,2,test-135,0.5333369283305339,0.27181440591812134
z_degree_to_cn_residual,2,test-136,0.6893311186493629,0.18957087397575378
z_degree_to_cn_residual,2,test-137,-0.0022128532902202114,0.0019307583570480347
z_degree_to_cn_residual,2,test-138,-0.4564122585269044,0.10946260392665863
z_degree_to_cn_residual,2,test-139,-0.0025667768776077267,0.13661319017410278
z_degree_to_cn_residual,2,test-140,-0.295747045488935,0.20646072924137115
z_degree_to_cn_residual,2,test-141,0.7232900511466166,0.11546652019023895
z_degree_to_cn_residual,2,test-142,-0.09507910900607243,0.22050748765468597
z_degree_to_cn_residual,2,test-143,-0.002679459971092827,0.09961964190006256
z_degree_to_cn_residual,2,test-144,-0.15981025222941134,0.27181440591812134
z_degree_to_cn_residual,2,test-145,-0.020145318105689636,0.04876940697431564
z_degree_to_cn_residual,2,test-146,0.37362887990278976,0.18068817257881165
z_degree_to_cn_residual,2,test-147,-0.295747045488935,0.20646072924137115
z_degree_to_cn_residual,2,test-148,0.09689341725340761,0.09251121431589127
z_degree_to_cn_residual,2,test-149,-0.2842516161783053,0.25034427642822266
z_degree_to_cn_residual,2,test-150,-0.21219425699455913,0.1724516600370407
z_degree_to_cn_residual,2,test-151,0.5634751272888399,0.17350855469703674
z_degree_to_cn_residual,2,test-152,-0.011174017424812204,0.04634381830692291
z_degree_to_cn_residual,2,test-153,0.2564389628481294,0.12399452924728394
z_degree_to_cn_residual,2,test-154,0.6904677205888524,0.09961964190006256
z_degree_to_cn_residual,2,test-155,-0.002536581283496064,0.11618451774120331
z_degree_to_cn_residual,2,test-156,1.2131515730483942,0.1450338214635849
z_degree_to_cn_residual,2,test-157,-0.11159319800623856,0.1259770691394806
z_degree_to_cn_residual,2,test-158,-0.002483473901375505,-2.1666288375854492e-05
z_degree_to_cn_residual,2,test-159,0.5980680715538729,0.22050748765468597
z_degree_to_cn_residual,2,test-160,-0.006236131996241855,0.017005711793899536
z_degree_to_cn_residual,2,test-161,-0.0017051669314512175,-0.00484195351600647
z_degree_to_cn_residual,2,test-162,0.5980680715538729,0.22661109268665314
z_degree_to_cn_residual,2,test-163,-0.0025667768776077267,0.13661319017410278
z_degree_to_cn_residual,2,test-164,0.30205720311304246,0.09078139066696167
z_degree_to_cn_residual,2,test-165,-0.001592483837966117,0.016316980123519897
z_degree_to_cn_residual,2,test-166,-0.3678477635670827,0.20369692146778107
z_degree_to_cn_residual,2,test-167,-0.5737341020377579,0.10765541344881058
z_degree_to_cn_residual,2,test-168,0.3252994169928626,0.20369692146778107
z_degree_to_cn_residual,2,test-169,-0.0025667768776077267,0.13661319017410278
z_degree_to_cn_residual,2,test-170,-0.002679459971092827,0.09961964190006256
z_degree_to_cn_residual,2,test-171,0.5694612141469256,0.09693225473165512
z_degree_to_cn_residual,2,test-172,-0.0017051669314512175,-0.00484195351600647
z_degree_to_cn_residual,2,test-173,-0.07427151148220186,0.2105862945318222
z_degree_to_cn_residual,2,test-174,1.1880129048121781,0.1459742784500122
z_degree_to_cn_residual,2,test-175,0.8125602590821327,0.10765541344881058
z_degree_to_cn_residual,2,test-176,-0.10231614743923174,0.048946917057037354
z_degree_to_cn_residual,2,test-177,0.027598705190133088,0.05083581805229187
z_degree_to_cn_residual,2,test-178,-0.31951830065715553,0.18068817257881165
z_degree_to_cn_residual,2,test-179,-0.0017051669314512175,-0.00484195351600647
z_degree_to_cn_residual,2,test-180,-0.007700184364779972,0.04045279324054718
z_degree_to_cn_residual,2,test-181,-0.31403642712572494,0.15646502375602722
z_degree_to_cn_residual,2,test-182,-0.31951830065715553,0.18068817257881165
z_degree_to_cn_residual,2,test-183,-0.002483473901375505,-2.1666288375854492e-05
z_degree_to_cn_residual,2,test-184,0.2690154096687156,0.007755681872367859
z_degree_to_cn_residual,2,test-185,-0.295747045488935,0.20646072924137115
z_degree_to_cn_residual,2,test-186,1.1223473257239598,0.21049070358276367
z_degree_to_cn_residual,2,test-187,-0.295747045488935,0.20646072924137115
z_degree_to_cn_residual,2,test-188,-0.07427151148220186,0.2105862945318222
z_degree_to_cn_residual,2,test-189,-0.06396091467381823,0.26786255836486816
z_degree_to_cn_residual,2,test-190,0.5980680715538729,0.22050748765468597
z_degree_to_cn_residual,2,test-191,-0.002679459971092827,0.09961964190006256
z_degree_to_cn_residual,2,test-192,0.5932148614802274,0.203575998544693
z_degree_to_cn_residual,2,test-193,-0.18602303754564287,0.21602486073970795
z_degree_to_cn_residual,2,test-194,-0.007700184364779972,0.04045279324054718
z_degree_to_cn_residual,2,test-195,0.18103728275552644,0.06889501214027405
z_degree_to_cn_residual,2,test-196,-0.3419557546295762,0.11369169503450394
z_degree_to_cn_residual,2,test-197,-0.07427151148220186,0.2105862945318222
z_degree_to_cn_residual,2,test-198,-0.1325756172494532,0.11632221937179565
z_degree_to_cn_residual,2,test-199,-0.001592483837966117,0.016316980123519897
z_degree_to_cn_residual,2,test-200,-0.001592483837966117,0.016316980123519897
z_degree_to_cn_residual,2,test-201,-0.001592483837966117,0.016316980123519897
z_degree_to_cn_residual,2,test-202,-0.09993231907971788,0.203575998544693
z_degree_to_cn_residual,2,test-203,-0.07427151148220186,0.2105862945318222
z_degree_to_cn_residual,2,test-204,0.6867460173654834,0.0983031839132309
z_degree_to_cn_residual,2,test-205,-0.06396091467381823,0.26786255836486816
z_degree_to_cn_residual,2,test-206,-0.31403642712572494,0.15646502375602722
z_degree_to_cn_residual,2,test-207,0.25559953693839854,0.11496099829673767
z_degree_to_cn_residual,2,test-208,-0.3512116285679379,0.12257865071296692
z_degree_to_cn_residual,2,test-209,0.44701726623712135,0.04597310721874237
z_degree_to_cn_residual,2,test-210,0.27064323153028624,0.07509328424930573
z_degree_to_cn_residual,2,test-211,0.9986799695883919,0.203575998544693
z_degree_to_cn_residual,2,test-212,-0.015324816569887118,0.13078713417053223
z_degree_to_cn_residual,2,test-213,-0.002483473901375505,0.32888615131378174
z_degree_to_cn_residual,2,test-214,0.707522311221207,0.09078139066696167
z_degree_to_cn_residual,2,test-215,-0.002679459971092827,0.09961964190006256
z_degree_to_cn_residual,2,test-216,-0.0025667768776077267,0.052236273884773254
z_degree_to_cn_residual,2,test-217,0.6905804036823375,0.13661319017410278
z_degree_to_cn_residual,2,test-218,-0.09993231907971788,0.203575998544693
z_degree_to_cn_residual,2,test-219,-0.3664462099481818,0.24096032977104187
z_degree_to_cn_residual,2,test-220,-0.007796294345678415,0.0110502690076828
z_degree_to_cn_residual,2,test-221,-0.18602303754564287,0.21602486073970795
z_degree_to_cn_residual,2,test-222,-0.002679459971092827,0.09961964190006256
z_degree_to_cn_residual,2,test-223,-0.20673482910021176,0.17810070514678955
z_degree_to_cn_residual,2,test-224,-0.002483473901375505,-2.1666288375854492e-05
z_degree_to_cn_residual,2,test-225,0.8028652431791747,0.20646072924137115
z_degree_to_cn_residual,2,test-226,-0.002679459971092827,0.09961964190006256
z_degree_to_cn_residual,2,test-227,0.9388020364386984,0.27181440591812134
z_degree_to_cn_residual,2,test-228,-0.0025667768776077267,0.13661319017410278
z_degree_to_cn_residual,2,test-229,-0.06396091467381823,0.26786255836486816
z_degree_to_cn_residual,2,test-230,0.5634751272888399,0.1741313934326172
z_degree_to_cn_residual,2,test-231,-0.34185746108770393,0.11851665377616882
z_degree_to_cn_residual,2,test-232,0.5836835270942388,0.12505368888378143
z_degree_to_cn_residual,2,test-233,-0.0017051669314512175,0.0014898478984832764
z_degree_to_cn_residual,2,test-234,-0.3664462099481818,0.24096032977104187
z_degree_to_cn_residual,2,test-235,0.5963176677780939,0.1731758713722229
z_degree_to_cn_residual,2,test-236,-0.09507910900607243,0.22661109268665314
z_degree_to_cn_residual,2,test-237,-0.09993231907971788,0.203575998544693
z_degree_to_cn_residual,2,test-238,1.1098178970570212,0.028584077954292297
z_degree_to_cn_residual,2,test-239,0.09689341725340761,0.09251121431589127
z_degree_to_cn_residual,2,test-240,-0.0025667768776077267,0.052236273884773254
z_degree_to_cn_residual,2,test-241,-0.003920084665472663,0.08709649741649628
z_degree_to_cn_residual,2,test-242,1.0035331796620373,0.22661109268665314
z_degree_to_cn_residual,2,test-243,0.629186265886127,0.26786255836486816
z_degree_to_cn_residual,2,test-244,-0.09993231907971788,0.203575998544693
z_degree_to_cn_residual,2,test-245,0.5980680715538729,0.22050748765468597
z_degree_to_cn_residual,2,test-246,-0.6011019660483662,0.04393920302391052
z_degree_to_cn_residual,2,test-247,-0.0025667768776077267,0.13661319017410278
z_degree_to_cn_residual,2,test-248,-0.40617432960244304,0.1691192388534546
z_degree_to_cn_residual,2,test-249,-0.32077300936225667,0.12665022909641266
z_degree_to_cn_residual,2,test-250,-0.0017051669314512175,-0.00484195351600647
z_degree_to_cn_residual,2,test-251,0.027598705190133088,0.05083581805229187
z_degree_to_cn_residual,2,test-252,-0.31951830065715553,0.18068817257881165
z_degree_to_cn_residual,2,test-253,-0.09507910900607243,0.22050748765468597
z_degree_to_cn_residual,2,test-254,-0.006401163194461921,0.0983031839132309
z_degree_to_cn_residual,2,test-255,-0.2608500763576425,0.06988602876663208
z_degree_to_cn_residual,2,test-256,-0.002483473901375505,-2.1666288375854492e-05
z_degree_to_cn_residual,2,test-257,0.16442497939224665,0.041496582329273224
z_degree_to_cn_residual,2,test-258,0.8561659193103136,0.1894417405128479
z_degree_to_cn_residual,2,test-259,-0.002709528290634796,0.09281282126903534
z_degree_to_cn_residual,2,test-260,-0.001592483837966117,0.016316980123519897
z_degree_to_cn_residual,2,test-261,0.42920014516401445,0.21049070358276367
z_degree_to_cn_residual,2,test-262,0.9125892511224669,0.21602486073970795
z_degree_to_cn_residual,2,test-263,-0.18602303754564287,0.21602486073970795
z_degree_to_cn_residual,2,test-264,-0.32690411934740055,0.1085926964879036
z_degree_to_cn_residual,2,test-265,-0.4564122585269044,0.10946260392665863
z_degree_to_cn_residual,2,test-266,0.6905804036823375,0.13661319017410278
z_degree_to_cn_residual,2,test-267,0.6904677205888524,0.09961964190006256
z_degree_to_cn_residual,2,test-268,-0.09507910900607243,0.22050748765468597
z_degree_to_cn_residual,2,test-269,0.5380768797364144,-0.05640698969364166
z_degree_to_cn_residual,2,test-270,-0.0025667768776077267,0.13661319017410278
z_degree_to_cn_residual,2,test-271,0.9986799695883919,0.203575998544693
z_degree_to_cn_residual,2,test-272,0.26383524768033195,0.2049514651298523
z_degree_to_cn_residual,2,test-273,0.4676238340609221,0.2213073968887329
z_degree_to_cn_residual,2,test-274,0.5333369283305339,0.27181440591812134
z_degree_to_cn_residual,2,test-275,-0.09507910900607243,0.22050748765468597
z_degree_to_cn_residual,2,test-276,-0.0022128532902202114,0.002999410033226013
z_degree_to_cn_residual,2,test-277,-0.295747045488935,0.20646072924137115
z_degree_to_cn_residual,2,test-278,0.4322971042023028,0.0686221569776535
z_degree_to_cn_residual,2,test-279,0.5166121141836355,0.19780144095420837
z_degree_to_cn_residual,2,test-280,-0.006401163194461921,0.0983031839132309
z_degree_to_cn_residual,2,test-281,1.0243407771859079,0.2105862945318222
z_degree_to_cn_residual,2,test-282,-0.005713782933315264,0.03667652606964111
z_degree_to_cn_residual,2,test-283,-0.18602303754564287,0.21602486073970795
z_degree_to_cn_residual,2,test-284,-0.0017051669314512175,-0.0058302730321884155
z_degree_to_cn_residual,2,test-285,-0.09507910900607243,0.22050748765468597
z_degree_to_cn_residual,2,test-286,1.3462860490699626,0.03943119943141937
z_degree_to_cn_residual,2,test-287,-0.09993231907971788,0.203575998544693
z_degree_to_cn_residual,2,test-288,0.5553068786375152,0.17067407071590424
z_degree_to_cn_residual,2,test-289,0.2249532936470302,0.07460489869117737
z_degree_to_cn_residual,2,test-290,0.5980680715538729,0.22661109268665314
z_degree_to_cn_residual,2,test-291,0.5481549764268495,-0.012194067239761353
z_degree_to_cn_residual,2,test-292,-0.8168566785177598,0.011563792824745178
z_degree_to_cn_residual,2,test-293,0.33133944436357726,0.1434929221868515
z_degree_to_cn_residual,2,test-294,0.629186265886127,0.26786255836486816
z_degree_to_cn_residual,2,test-295,0.6906105992764492,0.11618451774120331
z_degree_to_cn_residual,2,test-296,-0.0013809592565058647,0.04377765953540802
z_degree_to_cn_residual,2,test-297,-0.0022128532902202114,0.002999410033226013
z_degree_to_cn_residual,2,test-298,0.6906637066585698,0.32888615131378174
z_degree_to_cn_residual,2,test-299,-0.22552334649902314,0.2213073968887329
z_degree_to_cn_residual,2,test-300,0.5071241430143024,0.21602486073970795
z_degree_to_cn_residual,2,test-301,-0.0017051669314512175,-0.0058302730321884155
z_degree_to_cn_residual,2,test-302,0.6188756690777434,0.2105862945318222
z_degree_to_cn_residual,2,test-303,-0.002679459971092827,0.09961964190006256
z_degree_to_cn_residual,2,test-304,-0.3011881021227526,0.11907592415809631
z_degree_to_cn_residual,2,test-305,0.3974001350710103,0.20646072924137115
z_degree_to_cn_residual,2,test-306,0.5966030812834874,-0.019571691751480103
z_degree_to_cn_residual,2,test-307,-0.002679459971092827,0.09961964190006256
z_degree_to_cn_residual,2,test-308,0.6904677205888524,0.09961964190006256
z_degree_to_cn_residual,2,test-309,0.511973246478933,0.18988269567489624
z_degree_to_cn_residual,2,test-310,-0.06396091467381823,0.26786255836486816
z_degree_to_cn_residual,2,test-311,0.8880287062152161,0.2335999310016632
z_degree_to_cn_residual,2,test-312,0.000550437072462336,0.0055006444454193115
z_degree_to_cn_residual,2,test-313,0.4185007999394532,0.06176218390464783
z_degree_to_cn_residual,2,test-314,0.12442211904305411,0.07467731088399887
z_degree_to_cn_residual,2,test-315,-0.0009230486758283437,0.004411593079566956
z_degree_to_cn_residual,2,test-316,0.5980680715538729,0.22661109268665314
z_degree_to_cn_residual,2,test-317,0.6253649081462749,0.1450338214635849
z_degree_to_cn_residual,2,test-318,-0.295747045488935,0.20646072924137115
z_degree_to_cn_residual,2,test-319,0.4185007999394532,0.06176218390464783
z_degree_to_cn_residual,2,test-320,-0.15981025222941134,0.27181440591812134
z_degree_to_cn_residual,2,test-321,-0.09993231907971788,0.203575998544693
z_degree_to_cn_residual,2,test-322,0.5071241430143024,0.21602486073970795
z_degree_to_cn_residual,2,test-323,-0.0025667768776077267,0.052236273884773254
z_degree_to_cn_residual,2,test-324,-0.07427151148220186,0.2105862945318222
z_degree_to_cn_residual,2,test-325,0.5333369283305339,0.27181440591812134
z_degree_to_cn_residual,2,test-326,-0.002709528290634796,0.08244763314723969
z_degree_to_cn_residual,2,test-327,-0.12967205327110548,0.1741313934326172
z_degree_to_cn_residual,2,test-328,-0.4092811700187469,0.18957087397575378
z_degree_to_cn_residual,2,test-329,-0.0017051669314512175,-0.0058302730321884155
z_degree_to_cn_residual,2,test-330,1.0184465975528079,0.20369692146778107
z_degree_to_cn_residual,2,test-331,-0.2930939733738713,0.13153433799743652
z_degree_to_cn_residual,2,test-332,-0.007796294345678415,0.0110502690076828
z_degree_to_cn_residual,2,test-333,-0.006236131996241855,0.015657708048820496
z_degree_to_cn_residual,2,test-334,-0.003920084665472663,0.08709649741649628
z_degree_to_cn_residual,2,test-335,1.108891999074218,0.1222958117723465
z_degree_to_cn_residual,2,test-336,-0.09507910900607243,0.22050748765468597
z_degree_to_cn_residual,2,test-337,0.5932148614802274,0.203575998544693
z_degree_to_cn_residual,2,test-338,0.6188756690777434,0.2105862945318222
z_degree_to_cn_residual,2,test-339,0.5333369283305339,0.27181440591812134
z_degree_to_cn_residual,2,test-340,0.9300387057397879,0.15475183725357056
z_degree_to_cn_residual,2,test-341,0.48095292356538616,0.1724516600370407
z_degree_to_cn_residual,2,test-342,-0.07427151148220186,0.2105862945318222
z_degree_to_cn_residual,2,test-343,-0.43015367383143543,0.16232438385486603
z_degree_to_cn_residual,2,test-344,-0.002483473901375505,0.32888615131378174
z_degree_to_cn_residual,2,test-345,0.5963176677780939,0.1731758713722229
z_degree_to_cn_residual,2,test-346,0.6188756690777434,0.2105862945318222
z_degree_to_cn_residual,2,test-347,0.6188756690777434,0.2105862945318222
z_degree_to_cn_residual,2,test-348,0.6188756690777434,0.2105862945318222
z_degree_to_cn_residual,2,test-349,-0.26394703539593084,0.21049070358276367
z_degree_to_cn_residual,2,test-350,-0.006236131996241855,0.015657708048820496
z_degree_to_cn_residual,2,test-351,-0.22552334649902314,0.2213073968887329
z_degree_to_cn_residual,2,test-352,-0.002483473901375505,0.32888615131378174
z_degree_to_cn_residual,2,test-353,0.6730018624542556,0.04876940697431564
z_degree_to_cn_residual,2,test-354,-0.17162295933884167,0.14807836711406708
z_degree_to_cn_residual,2,test-355,-0.5908559921618184,0.024753525853157043
z_degree_to_cn_residual,2,test-356,-0.0025667768776077267,0.052236273884773254
z_degree_to_cn_residual,2,test-357,-0.0025667768776077267,0.13661319017410278
z_degree_to_cn_residual,2,test-358,-0.0025667768776077267,0.13661319017410278
z_degree_to_cn_residual,2,test-359,-0.02637982311895648,0.041185490787029266
z_degree_to_cn_residual,2,test-360,-0.1378403019224301,0.17067407071590424
z_degree_to_cn_residual,2,test-361,0.4185007999394532,0.06176218390464783
z_degree_to_cn_residual,2,test-362,-0.31852856519640793,0.06629453599452972
z_degree_to_cn_residual,2,test-363,0.26383524768033195,0.2049514651298523
z_degree_to_cn_residual,2,test-364,-0.06396091467381823,0.26786255836486816
z_degree_to_cn_residual,2,test-365,-0.18602303754564287,0.21602486073970795
z_degree_to_cn_residual,2,test-366,-0.0017051669314512175,-0.00484195351600647
z_degree_to_cn_residual,2,test-367,-0.5962537633065377,0.09251121431589127
z_degree_to_cn_residual,2,test-368,1.0444369000321867,0.11851665377616882
z_degree_to_cn_residual,2,test-369,-0.002483473901375505,-2.1666288375854492e-05
z_degree_to_cn_residual,2,test-370,0.6867460173654834,0.0983031839132309
z_degree_to_cn_residual,2,test-371,-0.0017051669314512175,-0.0058302730321884155
z_degree_to_cn_residual,2,test-372,0.6188756690777434,0.2105862945318222
z_degree_to_cn_residual,2,test-373,-0.31951830065715553,0.18068817257881165
z_degree_to_cn_residual,2,test-374,0.5333369283305339,0.27181440591812134
z_degree_to_cn_residual,2,test-375,0.5980680715538729,0.22050748765468597
z_degree_to_cn_residual,2,test-376,0.0920452145115791,0.04393920302391052
z_degree_to_cn_residual,2,test-377,-0.003920084665472663,0.08709649741649628
z_degree_to_cn_residual,2,test-378,-0.295747045488935,0.20646072924137115
z_degree_to_cn_residual,2,test-379,-0.003920084665472663,0.08709649741649628
z_degree_to_cn_residual,2,test-380,0.5980680715538729,0.22661109268665314
z_degree_to_cn_residual,2,test-381,0.6906105992764492,0.11618451774120331
z_degree_to_cn_residual,2,test-382,-0.0025667768776077267,0.13661319017410278
z_degree_to_cn_residual,2,test-383,-0.0025667768776077267,0.052236273884773254
z_degree_to_cn_residual,2,test-384,-0.018078891203757413,0.042963266372680664
z_degree_to_cn_residual,2,test-385,-0.0025667768776077267,0.13661319017410278
z_degree_to_cn_residual,2,test-386,-0.0025667768776077267,0.13661319017410278
z_degree_to_cn_residual,2,test-387,0.6904677205888524,0.09961964190006256
z_degree_to_cn_residual,2,test-388,0.5071241430143024,0.21602486073970795
z_degree_to_cn_residual,2,test-389,-0.002679459971092827,0.09961964190006256
z_degree_to_cn_residual,2,test-390,0.5932148614802274,0.203575998544693
z_degree_to_cn_residual,2,test-391,0.5071241430143024,0.21602486073970795
z_degree_to_cn_residual,2,test-392,-0.002483473901375505,-2.1666288375854492e-05
z_degree_to_cn_residual,2,test-393,-0.0017051669314512175,-0.00484195351600647
z_degree_to_cn_residual,2,test-394,-0.002536581283496064,0.11618451774120331
z_degree_to_cn_residual,2,test-395,0.5634751272888399,0.17350855469703674
z_degree_to_cn_residual,2,test-396,-0.0025667768776077267,0.13661319017410278
z_degree_to_cn_residual,2,test-397,-0.011174017424812204,0.04634381830692291
z_degree_to_cn_residual,2,test-398,-0.003920084665472663,0.08709649741649628
z_degree_to_cn_residual,2,test-399,-0.18602303754564287,0.21602486073970795
z_degree_to_cn_residual,2,test-400,0.6904677205888524,0.09961964190006256
z_degree_to_cn_residual,2,test-401,0.6904677205888524,0.09961964190006256
z_degree_to_cn_residual,2,test-402,0.5963176677780939,0.1731758713722229
z_degree_to_cn_residual,2,test-403,-0.00961734087375331,0.04043830931186676
z_degree_to_cn_residual,2,test-404,0.18103728275552644,0.06889501214027405
z_degree_to_cn_residual,2,test-405,-0.0017051669314512175,0.0014898478984832764
z_degree_to_cn_residual,2,test-406,-0.26394703539593084,0.21049070358276367
z_degree_to_cn_residual,2,test-407,0.6906637066585698,0.32888615131378174
z_degree_to_cn_residual,2,test-408,-0.006236131996241855,0.015657708048820496
z_degree_to_cn_residual,2,test-409,0.6750682893561879,0.042963266372680664
z_degree_to_cn_residual,2,test-410,-0.0025667768776077267,0.052236273884773254
z_degree_to_cn_residual,2,test-411,-0.3678477635670827,0.20369692146778107
z_degree_to_cn_residual,2,test-412,1.0035331796620373,0.22661109268665314
z_degree_to_cn_residual,2,test-413,0.3974001350710103,0.20646072924137115
z_degree_to_cn_residual,2,test-414,0.14484892926646498,0.08592988550662994
z_degree_to_cn_residual,2,test-415,0.6904376522693105,0.09975020587444305
z_degree_to_cn_residual,2,test-416,0.42920014516401445,0.21049070358276367
z_degree_to_cn_residual,2,test-417,-0.002709528290634796,0.08244763314723969
z_degree_to_cn_residual,2,test-418,-0.18602303754564287,0.21602486073970795
z_degree_to_cn_residual,2,test-419,0.42920014516401445,0.21049070358276367
z_degree_to_cn_residual,2,test-420,-0.10534341095846705,0.09766096621751785
z_degree_to_cn_residual,2,test-421,-0.34185746108770393,0.11851665377616882
z_degree_to_cn_residual,2,test-422,0.5980680715538729,0.22661109268665314
z_degree_to_cn_residual,2,test-423,-0.002679459971092827,0.09961964190006256
z_degree_to_cn_residual,2,test-424,0.6924563057315964,0.0698845237493515
z_degree_to_cn_residual,2,test-425,-0.0009230486758283437,0.004411593079566956
z_degree_to_cn_residual,2,test-426,1.2002713235742477,0.21602486073970795
z_degree_to_cn_residual,2,test-427,-0.06396091467381823,0.26786255836486816
z_degree_to_cn_residual,2,test-428,0.6906637066585698,0.32888615131378174
z_degree_to_cn_residual,2,test-429,-0.12967205327110548,0.1741313934326172
z_degree_to_cn_residual,2,test-430,0.002865332104051953,0.05252538621425629
z_degree_to_cn_residual,2,test-431,-0.002679459971092827,0.09961964190006256
z_degree_to_cn_residual,2,test-432,-0.07427151148220186,0.2105862945318222
z_degree_to_cn_residual,2,test-433,0.33133944436357726,0.1434929221868515
z_degree_to_cn_residual,2,test-434,0.5980680715538729,0.22050748765468597
z_degree_to_cn_residual,2,test-435,0.6892270958944726,0.08709649741649628
z_degree_to_cn_residual,2,test-436,0.027598705190133088,0.05083581805229187
z_degree_to_cn_residual,2,test-437,0.6288411122804236,0.03907352685928345
z_degree_to_cn_residual,2,test-438,-0.1278380797400702,0.11790591478347778
z_degree_to_cn_residual,2,test-439,-0.0025667768776077267,0.13661319017410278
z_degree_to_cn_residual,2,test-440,0.9007472632761859,0.17863218486309052
z_degree_to_cn_residual,2,test-441,0.09689341725340761,0.09251121431589127
z_degree_to_cn_residual,2,test-442,0.9986799695883919,0.203575998544693
z_degree_to_cn_residual,2,test-443,1.0035331796620373,0.22050748765468597
z_degree_to_cn_residual,2,test-444,-0.001592483837966117,0.016316980123519897
z_degree_to_cn_residual,2,test-445,1.2002713235742477,0.21602486073970795
z_degree_to_cn_residual,2,test-446,0.9388020364386984,0.27181440591812134
z_degree_to_cn_residual,2,test-447,0.9125892511224669,0.21602486073970795
z_degree_to_cn_residual,2,test-448,-0.0017051669314512175,0.0014898478984832764
z_degree_to_cn_residual,2,test-449,0.6906637066585698,0.32888615131378174
z_degree_to_cn_residual,2,test-450,0.6188756690777434,0.2105862945318222
z_degree_to_cn_residual,2,test-451,-0.6219808875579942,-0.032476916909217834
z_degree_to_cn_residual,2,test-452,-0.32077300936225667,0.12665022909641266
z_degree_to_cn_residual,2,test-453,0.7307645251010271,0.20369692146778107
z_degree_to_cn_residual,2,test-454,-0.09507910900607243,0.22050748765468597
z_degree_to_cn_residual,2,test-455,0.6930446040093127,0.059878915548324585
z_degree_to_cn_residual,2,test-456,-0.06430606827952172,0.03907352685928345
z_degree_to_cn_residual,2,test-457,-0.0025667768776077267,0.052236273884773254
z_degree_to_cn_residual,2,test-458,-0.15981025222941134,0.27181440591812134
z_degree_to_cn_residual,2,test-459,0.5634751272888399,0.1741313934326172
z_degree_to_cn_residual,2,test-460,0.9125892511224669,0.21602486073970795
z_degree_to_cn_residual,2,test-461,0.5932148614802274,0.203575998544693
z_degree_to_cn_residual,2,test-462,-0.0022128532902202114,0.0019307583570480347
z_degree_to_cn_residual,2,test-463,0.6905804036823375,0.13661319017410278
z_degree_to_cn_residual,2,test-464,0.6924563057315964,0.0698845237493515
z_degree_to_cn_residual,2,test-465,-0.0022128532902202114,0.0019307583570480347
z_degree_to_cn_residual,2,test-466,0.42920014516401445,0.21049070358276367
z_degree_to_cn_residual,2,test-467,0.5023585253615721,0.09251121431589127
z_degree_to_cn_residual,2,test-468,-0.18602303754564287,0.21602486073970795
z_degree_to_cn_residual,2,test-469,-0.09993231907971788,0.203575998544693
z_degree_to_cn_residual,2,test-470,-0.001592483837966117,0.016316980123519897
z_degree_to_cn_residual,2,test-471,0.42920014516401445,0.21049070358276367
z_degree_to_cn_residual,2,test-472,-0.002536581283496064,0.11618451774120331
z_degree_to_cn_residual,2,test-473,0.3907357061859718,0.09396985173225403
z_degree_to_cn_residual,2,test-474,0.18103728275552644,0.06889501214027405
z_degree_to_cn_residual,2,test-475,0.629186265886127,0.26786255836486816
z_degree_to_cn_residual,2,test-476,-0.002679459971092827,0.09961964190006256
z_degree_to_cn_residual,2,test-477,-0.09507910900607243,0.22661109268665314
z_degree_to_cn_residual,2,test-478,0.5963176677780939,0.1731758713722229
z_degree_to_cn_residual,2,test-479,0.5071241430143024,0.21602486073970795
z_degree_to_cn_residual,2,test-480,0.7232900511466166,0.11546652019023895
z_degree_to_cn_residual,2,test-481,-0.003920084665472663,0.08709649741649628
z_degree_to_cn_residual,2,test-482,0.5634751272888399,0.17350855469703674
z_degree_to_cn_residual,2,test-483,0.4676238340609221,0.2213073968887329
z_degree_to_cn_residual,2,test-484,-0.002679459971092827,0.09961964190006256
z_degree_to_cn_residual,2,test-485,-0.295747045488935,0.20646072924137115
z_degree_to_cn_residual,2,test-486,-0.0017051669314512175,-0.00484195351600647
z_degree_to_cn_residual,2,test-487,-0.21403955770147523,0.13992202281951904
z_degree_to_cn_residual,2,test-488,-0.002679459971092827,0.09961964190006256
z_degree_to_cn_residual,2,test-489,-0.002709528290634796,0.09281282126903534
z_degree_to_cn_residual,2,test-490,-0.0025667768776077267,0.052236273884773254
z_degree_to_cn_residual,2,test-491,-0.002679459971092827,0.09961964190006256
z_degree_to_cn_residual,2,test-492,0.6422000301412054,0.10946260392665863
z_degree_to_cn_residual,2,test-493,0.732166078719928,0.24096032977104187
z_degree_to_cn_residual,2,test-494,-0.002483473901375505,-2.1666288375854492e-05
z_degree_to_cn_residual,2,test-495,-0.31852856519640793,0.06629453599452972
z_degree_to_cn_residual,2,test-496,-0.0025667768776077267,0.13661319017410278
z_degree_to_cn_residual,2,test-497,0.6917662213034395,0.04377765953540802
z_degree_to_cn_residual,2,test-498,-0.003920084665472663,0.08709649741649628
z_degree_to_cn_residual,2,test-499,-0.530128441809577,0.1894417405128479
z_degree_to_cn_residual,2,test-500,-0.3024114743739735,0.09396985173225403
z_degree_to_cn_residual,2,test-501,0.6960125126639972,0.05252538621425629
z_degree_to_cn_residual,2,test-502,0.3974001350710103,0.20646072924137115
z_degree_to_cn_residual,2,test-503,-0.4555583161639697,0.17648884654045105
z_degree_to_cn_residual,2,test-504,-0.4681938869129151,0.07460489869117737
z_degree_to_cn_residual,2,test-505,0.629186265886127,0.26786255836486816
z_degree_to_cn_residual,2,test-506,-0.4092811700187469,0.18957087397575378
z_degree_to_cn_residual,2,test-507,-0.006401163194461921,0.0983031839132309
z_degree_to_cn_residual,2,test-508,-0.7439778312008087,0.1873854249715805
z_degree_to_cn_residual,2,test-509,0.400053207186074,0.13153433799743652
z_degree_to_cn_residual,2,test-510,0.9297295237162035,0.08592119812965393
z_degree_to_cn_residual,2,test-511,-0.06430606827952172,0.03907352685928345
z_degree_to_degree,2,test-0,4.6443908991413725,4.969064235687256
z_degree_to_degree,2,test-1,3.9889840465642745,4.330789566040039
z_degree_to_degree,2,test-2,4.584967478670571,4.794833183288574
z_degree_to_degree,2,test-3,3.1780538303479453,3.499704360961914
z_degree_to_degree,2,test-4,4.77912349311153,5.056623458862305
z_degree_to_degree,2,test-5,3.8066624897703196,3.881666421890259
z_degree_to_degree,2,test-6,5.966146739123692,6.179649353027344
z_degree_to_degree,2,test-7,3.6635616461296463,3.953322649002075
z_degree_to_degree,2,test-8,3.044522437723423,3.4136924743652344
z_degree_to_degree,2,test-9,3.6888794541139367,3.991748809814453
z_degree_to_degree,2,test-10,3.401197381662155,3.671937942504883
z_degree_to_degree,2,test-11,3.9120230054281464,4.011385917663574
z_degree_to_degree,2,test-12,0.6931471805599453,1.5884151458740234
z_degree_to_degree,2,test-13,4.74493212836325,5.072454452514648
z_degree_to_degree,2,test-14,4.0943445622221,4.576144218444824
z_degree_to_degree,2,test-15,1.791759469228055,2.310382843017578
z_degree_to_degree,2,test-16,4.394449154672439,4.7138566970825195
z_degree_to_degree,2,test-17,4.718498871295095,5.10952091217041
z_degree_to_degree,2,test-18,0.6931471805599453,1.5884151458740234
z_degree_to_degree,2,test-19,3.044522437723423,3.4136924743652344
z_degree_to_degree,2,test-20,3.1780538303479458,3.718549966812134
z_degree_to_degree,2,test-21,3.465735902799726,3.5877764225006104
z_degree_to_degree,2,test-22,3.401197381662155,3.671937942504883
z_degree_to_degree,2,test-23,1.0986122886681098,1.764063835144043
z_degree_to_degree,2,test-24,3.5553480614894135,3.749512195587158
z_degree_to_degree,2,test-25,4.189654742026425,4.371213912963867
z_degree_to_degree,2,test-26,2.3025850929940455,2.783273696899414
z_degree_to_degree,2,test-27,3.465735902799726,3.5877764225006104
z_degree_to_degree,2,test-28,2.8903717578961645,3.24834942817688
z_degree_to_degree,2,test-29,3.688879454113936,3.850607395172119
z_degree_to_degree,2,test-30,4.882801922586371,5.263595104217529
z_degree_to_degree,2,test-31,4.553876891600541,4.844239234924316
z_degree_to_degree,2,test-32,3.58351893845611,3.8361976146698
z_degree_to_degree,2,test-33,3.58351893845611,4.293265342712402
z_degree_to_degree,2,test-34,3.1780538303479453,3.434257984161377
z_degree_to_degree,2,test-35,2.772588722239781,3.1669459342956543
z_degree_to_degree,2,test-36,1.3862943611198906,2.0204966068267822
z_degree_to_degree,2,test-37,2.3025850929940455,2.783273696899414
z_degree_to_degree,2,test-38,3.9889840465642745,4.511559009552002
z_degree_to_degree,2,test-39,1.791759469228055,2.310382843017578
z_degree_to_degree,2,test-40,3.951243718581427,4.22470235824585
z_degree_to_degree,2,test-41,3.6888794541139367,3.991748809814453
z_degree_to_degree,2,test-42,6.040254711277414,6.4006500244140625
z_degree_to_degree,2,test-43,2.4849066497880004,2.9675631523132324
z_degree_to_degree,2,test-44,3.1780538303479453,3.434257984161377
z_degree_to_degree,2,test-45,0.6931471805599453,1.5884151458740234
z_degree_to_degree,2,test-46,4.941642422609304,5.191920757293701
z_degree_to_degree,2,test-47,0.0,1.2309162616729736
z_degree_to_degree,2,test-48,2.8903717578961645,3.24834942817688
z_degree_to_degree,2,test-49,6.040254711277414,6.4006500244140625
z_degree_to_degree,2,test-50,3.332204510175204,3.548241138458252
z_degree_to_degree,2,test-51,2.995732273553991,3.403735399246216
z_degree_to_degree,2,test-52,6.327936783729195,6.604861736297607
z_degree_to_degree,2,test-53,2.8903717578961645,3.24834942817688
z_degree_to_degree,2,test-54,2.6390573296152584,3.066232681274414
z_degree_to_degree,2,test-55,4.927253685157204,5.234357833862305
z_degree_to_degree,2,test-56,2.70805020110221,3.056427001953125
z_degree_to_degree,2,test-57,5.272999558563747,5.6951141357421875
z_degree_to_degree,2,test-58,3.9889840465642745,4.209473609924316
z_degree_to_degree,2,test-59,2.0794415416798357,2.7709083557128906
z_degree_to_degree,2,test-60,4.7535901911063645,5.056514739990234
z_degree_to_degree,2,test-61,2.1972245773362196,2.7458791732788086
z_degree_to_degree,2,test-62,2.3978952727983707,3.032822608947754
z_degree_to_degree,2,test-63,1.3862943611198906,2.0204966068267822
z_degree_to_degree,2,test-64,3.58351893845611,3.918930768966675
z_degree_to_degree,2,test-65,2.8903717578961645,3.24834942817688
z_degree_to_degree,2,test-66,2.4849066497880004,3.023336887359619
z_degree_to_degree,2,test-67,2.4849066497880004,3.023336887359619
z_degree_to_degree,2,test-68,4.90527477843843,5.166114807128906
z_degree_to_degree,2,test-69,3.2188758248682006,3.671862840652466
z_degree_to_degree,2,test-70,2.995732273553991,3.403735399246216
z_degree_to_degree,2,test-71,4.0943445622221,4.305970668792725
z_degree_to_degree,2,test-72,1.791759469228055,2.310382843017578
z_degree_to_degree,2,test-73,3.951243718581427,4.22470235824585
z_degree_to_degree,2,test-74,2.70805020110221,3.056427001953125
z_degree_to_degree,2,test-75,3.044522437723423,3.4136924743652344
z_degree_to_degree,2,test-76,1.0986122886681098,1.764063835144043
z_degree_to_degree,2,test-77,3.044522437723423,3.4136924743652344
z_degree_to_degree,2,test-78,1.3862943611198906,2.070934295654297
z_degree_to_degree,2,test-79,1.791759469228055,2.310382843017578
z_degree_to_degree,2,test-80,3.688879454113936,3.850607395172119
z_degree_to_degree,2,test-81,3.58351893845611,3.8645548820495605
z_degree_to_degree,2,test-82,3.465735902799726,3.5877764225006104
z_degree_to_degree,2,test-83,4.025351690735149,4.508872985839844
z_degree_to_degree,2,test-84,4.718498871295094,5.0291242599487305
z_degree_to_degree,2,test-85,3.9889840465642745,4.330789566040039
z_degree_to_degree,2,test-86,3.332204510175204,3.548241138458252
z_degree_to_degree,2,test-87,2.70805020110221,3.056427001953125
z_degree_to_degree,2,test-88,2.6390573296152584,3.066232681274414
z_degree_to_degree,2,test-89,3.332204510175204,3.548241138458252
z_degree_to_degree,2,test-90,2.4849066497880004,2.9675631523132324
z_degree_to_degree,2,test-91,2.0794415416798357,2.7709083557128906
z_degree_to_degree,2,test-92,3.1780538303479453,3.499704360961914
z_degree_to_degree,2,test-93,5.272999558563747,5.6951141357421875
z_degree_to_degree,2,test-94,2.4849066497880004,2.9675631523132324
z_degree_to_degree,2,test-95,3.401197381662156,3.7432198524475098
z_degree_to_degree,2,test-96,7.50659178007084,7.390221118927002
z_degree_to_degree,2,test-97,4.465908118654584,4.770632743835449
z_degree_to_degree,2,test-98,2.3025850929940455,2.783273696899414
z_degree_to_degree,2,test-99,2.70805020110221,3.056427001953125
z_degree_to_degree,2,test-100,3.58351893845611,3.8645548820495605
z_degree_to_degree,2,test-101,2.70805020110221,3.056427001953125
z_degree_to_degree,2,test-102,4.02535169073515,4.771365165710449
z_degree_to_degree,2,test-103,2.772588722239781,3.1669459342956543
z_degree_to_degree,2,test-104,2.1972245773362196,2.583296775817871
z_degree_to_degree,2,test-105,1.0986122886681098,1.764063835144043
z_degree_to_degree,2,test-106,3.5263605246161616,4.152863502502441
z_degree_to_degree,2,test-107,0.6931471805599453,1.5884151458740234
z_degree_to_degree,2,test-108,6.327936783729195,6.604861736297607
z_degree_to_degree,2,test-109,3.58351893845611,3.8361976146698
z_degree_to_degree,2,test-110,2.0794415416798357,2.7709083557128906
z_degree_to_degree,2,test-111,2.8903717578961645,3.6602864265441895
z_degree_to_degree,2,test-112,5.0106352940962555,5.274141788482666
z_degree_to_degree,2,test-113,3.688879454113936,3.850607395172119
z_degree_to_degree,2,test-114,1.3862943611198906,2.070934295654297
z_degree_to_degree,2,test-115,1.3862943611198906,2.0204966068267822
z_degree_to_degree,2,test-116,7.3395376954076745,7.321717739105225
z_degree_to_degree,2,test-117,4.304065093204169,4.7323102951049805
z_degree_to_degree,2,test-118,3.2188758248682006,3.671862840652466
z_degree_to_degree,2,test-119,6.733401891837358,6.897911548614502
z_degree_to_degree,2,test-120,2.4849066497880004,2.9675631523132324
z_degree_to_degree,2,test-121,2.995732273553991,3.403735399246216
z_degree_to_degree,2,test-122,3.58351893845611,3.8645548820495605
z_degree_to_degree,2,test-123,1.791759469228055,2.310382843017578
z_degree_to_degree,2,test-124,2.6390573296152584,3.066232681274414
z_degree_to_degree,2,test-125,2.1972245773362196,2.583296775817871
z_degree_to_degree,2,test-126,2.4849066497880004,2.9675631523132324
z_degree_to_degree,2,test-127,1.791759469228055,2.310382843017578
z_degree_to_degree,2,test-128,3.6635616461296463,3.953322649002075
z_degree_to_degree,2,test-129,2.5649493574615367,3.359278678894043
z_degree_to_degree,2,test-130,2.995732273553991,3.403735399246216
z_degree_to_degree,2,test-131,3.044522437723423,3.4136924743652344
z_degree_to_degree,2,test-132,3.688879454113936,3.850607395172119
z_degree_to_degree,2,test-133,5.560681631015528,5.7605180740356445
z_degree_to_degree,2,test-134,2.1972245773362196,2.583296775817871
z_degree_to_degree,2,test-135,2.772588722239781,3.1669459342956543
z_degree_to_degree,2,test-136,3.688879454113936,3.850607395172119
z_degree_to_degree,2,test-137,2.1972245773362196,2.7458791732788086
z_degree_to_degree,2,test-138,4.31748811353631,4.5232930183410645
z_degree_to_degree,2,test-139,1.791759469228055,2.310382843017578
z_degree_to_degree,2,test-140,3.332204510175204,3.548241138458252
z_degree_to_degree,2,test-141,4.276666119016055,4.553786754608154
z_degree_to_degree,2,test-142,2.70805020110221,3.056427001953125
z_degree_to_degree,2,test-143,2.0794415416798357,2.7709083557128906
z_degree_to_degree,2,test-144,2.772588722239781,3.1669459342956543
z_degree_to_degree,2,test-145,4.882801922586371,5.263595104217529
z_degree_to_degree,2,test-146,3.465735902799726,3.5877764225006104
z_degree_to_degree,2,test-147,3.332204510175204,3.548241138458252
z_degree_to_degree,2,test-148,6.327936783729195,6.604861736297607
z_degree_to_degree,2,test-149,3.2188758248682006,3.671862840652466
z_degree_to_degree,2,test-150,3.931825632724326,4.265133857727051
z_degree_to_degree,2,test-151,3.295836866004329,3.626390218734741
z_degree_to_degree,2,test-152,3.4011973816621555,4.054993152618408
z_degree_to_degree,2,test-153,4.0943445622221,4.342874526977539
z_degree_to_degree,2,test-154,2.0794415416798357,2.7709083557128906
z_degree_to_degree,2,test-155,2.3025850929940455,2.783273696899414
z_degree_to_degree,2,test-156,5.4116460518550396,5.553046226501465
z_degree_to_degree,2,test-157,4.564348191467836,4.797942161560059
z_degree_to_degree,2,test-158,0.0,1.2309162616729736
z_degree_to_degree,2,test-159,2.70805020110221,3.056427001953125
z_degree_to_degree,2,test-160,2.9444389791664403,3.715522289276123
z_degree_to_degree,2,test-161,1.3862943611198906,2.070934295654297
z_degree_to_degree,2,test-162,2.8903717578961645,3.24834942817688
z_degree_to_degree,2,test-163,1.791759469228055,2.310382843017578
z_degree_to_degree,2,test-164,5.560681631015528,5.7605180740356445
z_degree_to_degree,2,test-165,1.0986122886681098,1.764063835144043
z_degree_to_degree,2,test-166,3.5553480614894135,3.749512195587158
z_degree_to_degree,2,test-167,4.499809670330265,4.6940507888793945
z_degree_to_degree,2,test-168,3.5553480614894135,3.749512195587158
z_degree_to_degree,2,test-169,1.791759469228055,2.310382843017578
z_degree_to_degree,2,test-170,2.0794415416798357,2.7709083557128906
z_degree_to_degree,2,test-171,5.288267030694535,5.716120719909668
z_degree_to_degree,2,test-172,1.3862943611198906,2.070934295654297
z_degree_to_degree,2,test-173,2.4849066497880004,2.9675631523132324
z_degree_to_degree,2,test-174,3.9120230054281464,4.011385917663574
z_degree_to_degree,2,test-175,4.499809670330265,4.6940507888793945
z_degree_to_degree,2,test-176,4.867534450455582,5.250054359436035
z_degree_to_degree,2,test-177,4.718498871295095,5.10952091217041
z_degree_to_degree,2,test-178,3.465735902799726,3.5877764225006104
z_degree_to_degree,2,test-179,1.3862943611198906,2.070934295654297
z_degree_to_degree,2,test-180,3.58351893845611,4.293265342712402
z_degree_to_degree,2,test-181,3.58351893845611,3.8361976146698
z_degree_to_degree,2,test-182,3.465735902799726,3.5877764225006104
z_degree_to_degree,2,test-183,0.0,1.2309162616729736
z_degree_to_degree,2,test-184,7.24422751560335,7.268193244934082
z_degree_to_degree,2,test-185,3.332204510175204,3.548241138458252
z_degree_to_degree,2,test-186,3.401197381662155,3.671937942504883
z_degree_to_degree,2,test-187,3.332204510175204,3.548241138458252
z_degree_to_degree,2,test-188,2.4849066497880004,2.9675631523132324
z_degree_to_degree,2,test-189,2.1972245773362196,2.583296775817871
z_degree_to_degree,2,test-190,2.70805020110221,3.056427001953125
z_degree_to_degree,2,test-191,2.0794415416798357,2.7709083557128906
z_degree_to_degree,2,test-192,3.044522437723423,3.4136924743652344
z_degree_to_degree,2,test-193,2.995732273553991,3.403735399246216
z_degree_to_degree,2,test-194,3.58351893845611,4.293265342712402
z_degree_to_degree,2,test-195,4.90527477843843,5.166114807128906
z_degree_to_degree,2,test-196,4.5217885770490405,4.863142013549805
z_degree_to_degree,2,test-197,2.4849066497880004,2.9675631523132324
z_degree_to_degree,2,test-198,4.709530201312334,4.771334648132324
z_degree_to_degree,2,test-199,1.0986122886681098,1.764063835144043
z_degree_to_degree,2,test-200,1.0986122886681098,1.764063835144043
z_degree_to_degree,2,test-201,1.0986122886681098,1.764063835144043
z_degree_to_degree,2,test-202,3.044522437723423,3.4136924743652344
z_degree_to_degree,2,test-203,2.4849066497880004,2.9675631523132324
z_degree_to_degree,2,test-204,2.6390573296152584,3.066232681274414
z_degree_to_degree,2,test-205,2.1972245773362196,2.583296775817871
z_degree_to_degree,2,test-206,3.58351893845611,3.8361976146698
z_degree_to_degree,2,test-207,4.2484952420493585,4.466262340545654
z_degree_to_degree,2,test-208,4.0943445622221,4.305970668792725
z_degree_to_degree,2,test-209,4.836281906951478,5.113650798797607
z_degree_to_degree,2,test-210,4.976733742420574,5.233292579650879
z_degree_to_degree,2,test-211,3.044522437723423,3.4136924743652344
z_degree_to_degree,2,test-212,4.499809670330265,4.813533782958984
z_degree_to_degree,2,test-213,1.3862943611198906,2.0204966068267822
z_degree_to_degree,2,test-214,5.560681631015528,5.7605180740356445
z_degree_to_degree,2,test-215,2.0794415416798357,2.7709083557128906
z_degree_to_degree,2,test-216,0.6931471805599453,1.5884151458740234
z_degree_to_degree,2,test-217,1.791759469228055,2.310382843017578
z_degree_to_degree,2,test-218,3.044522437723423,3.4136924743652344
z_degree_to_degree,2,test-219,3.58351893845611,3.8645548820495605
z_degree_to_degree,2,test-220,2.70805020110221,3.4790778160095215
z_degree_to_degree,2,test-221,2.995732273553991,3.403735399246216
z_degree_to_degree,2,test-222,2.0794415416798357,2.7709083557128906
z_degree_to_degree,2,test-223,3.8712010109078907,4.193261623382568
z_degree_to_degree,2,test-224,0.0,1.2309162616729736
z_degree_to_degree,2,test-225,3.332204510175204,3.548241138458252
z_degree_to_degree,2,test-226,2.0794415416798357,2.7709083557128906
z_degree_to_degree,2,test-227,2.772588722239781,3.1669459342956543
z_degree_to_degree,2,test-228,1.791759469228055,2.310382843017578
z_degree_to_degree,2,test-229,2.1972245773362196,2.583296775817871
z_degree_to_degree,2,test-230,3.401197381662156,3.7432198524475098
z_degree_to_degree,2,test-231,4.430816798843313,4.766630172729492
z_degree_to_degree,2,test-232,4.276666119016055,4.433362007141113
z_degree_to_degree,2,test-233,1.791759469228055,2.517031669616699
z_degree_to_degree,2,test-234,3.58351893845611,3.8645548820495605
z_degree_to_degree,2,test-235,3.1780538303479453,3.499704360961914
z_degree_to_degree,2,test-236,2.8903717578961645,3.24834942817688
z_degree_to_degree,2,test-237,3.044522437723423,3.4136924743652344
z_degree_to_degree,2,test-238,5.780743515792329,6.113506317138672
z_degree_to_degree,2,test-239,6.327936783729195,6.604861736297607
z_degree_to_degree,2,test-240,0.6931471805599453,1.5884151458740234
z_degree_to_degree,2,test-241,2.4849066497880004,3.023336887359619
z_degree_to_degree,2,test-242,2.8903717578961645,3.24834942817688
z_degree_to_degree,2,test-243,2.1972245773362196,2.583296775817871
z_degree_to_degree,2,test-244,3.044522437723423,3.4136924743652344
z_degree_to_degree,2,test-245,2.70805020110221,3.056427001953125
z_degree_to_degree,2,test-246,4.74493212836325,5.072454452514648
z_degree_to_degree,2,test-247,1.791759469228055,2.310382843017578
z_degree_to_degree,2,test-248,3.8066624897703196,3.881666421890259
z_degree_to_degree,2,test-249,3.951243718581427,4.22470235824585
z_degree_to_degree,2,test-250,1.3862943611198906,2.070934295654297
z_degree_to_degree,2,test-251,4.718498871295095,5.10952091217041
z_degree_to_degree,2,test-252,3.465735902799726,3.5877764225006104
z_degree_to_degree,2,test-253,2.70805020110221,3.056427001953125
z_degree_to_degree,2,test-254,2.6390573296152584,3.066232681274414
z_degree_to_degree,2,test-255,5.19295685089021,5.436343669891357
z_degree_to_degree,2,test-256,0.0,1.2309162616729736
z_degree_to_degree,2,test-257,5.98141421125448,6.205946445465088
z_degree_to_degree,2,test-258,3.8712010109078907,3.9960243701934814
z_degree_to_degree,2,test-259,2.9957322735539913,3.4788670539855957
z_degree_to_degree,2,test-260,1.0986122886681098,1.764063835144043
z_degree_to_degree,2,test-261,3.401197381662155,3.671937942504883
z_degree_to_degree,2,test-262,2.995732273553991,3.403735399246216
z_degree_to_degree,2,test-263,2.995732273553991,3.403735399246216
z_degree_to_degree,2,test-264,4.1588830833596715,4.411962509155273
z_degree_to_degree,2,test-265,4.31748811353631,4.5232930183410645
z_degree_to_degree,2,test-266,1.791759469228055,2.310382843017578
z_degree_to_degree,2,test-267,2.0794415416798357,2.7709083557128906
z_degree_to_degree,2,test-268,2.70805020110221,3.056427001953125
z_degree_to_degree,2,test-269,6.476972362889683,6.504310607910156
z_degree_to_degree,2,test-270,1.791759469228055,2.310382843017578
z_degree_to_degree,2,test-271,3.044522437723423,3.4136924743652344
z_degree_to_degree,2,test-272,3.737669618283368,3.8960795402526855
z_degree_to_degree,2,test-273,3.1780538303479453,3.434257984161377
z_degree_to_degree,2,test-274,2.772588722239781,3.1669459342956543
z_degree_to_degree,2,test-275,2.70805020110221,3.056427001953125
z_degree_to_degree,2,test-276,2.0794415416798357,2.7004470825195312
z_degree_to_degree,2,test-277,3.332204510175204,3.548241138458252
z_degree_to_degree,2,test-278,5.220355825078324,5.45428466796875
z_degree_to_degree,2,test-279,3.6635616461296463,3.953322649002075
z_degree_to_degree,2,test-280,2.6390573296152584,3.066232681274414
z_degree_to_degree,2,test-281,2.4849066497880004,2.9675631523132324
z_degree_to_degree,2,test-282,3.9512437185814275,4.514335632324219
z_degree_to_degree,2,test-283,2.995732273553991,3.403735399246216
z_degree_to_degree,2,test-284,1.6094379124341003,2.085268020629883
z_degree_to_degree,2,test-285,2.70805020110221,3.056427001953125
z_degree_to_degree,2,test-286,6.461468176353717,6.621469497680664
z_degree_to_degree,2,test-287,3.044522437723423,3.4136924743652344
z_degree_to_degree,2,test-288,3.4965075614664807,3.863983631134033
z_degree_to_degree,2,test-289,4.499809670330265,4.765504360198975
z_degree_to_degree,2,test-290,2.8903717578961645,3.24834942817688
z_degree_to_degree,2,test-291,5.60947179518496,5.863194465637207
z_degree_to_degree,2,test-292,5.375278407684165,5.656754016876221
z_degree_to_degree,2,test-293,3.6888794541139367,3.991748809814453
z_degree_to_degree,2,test-294,2.1972245773362196,2.583296775817871
z_degree_to_degree,2,test-295,2.3025850929940455,2.783273696899414
z_degree_to_degree,2,test-296,3.7376696182833684,4.5252461433410645
z_degree_to_degree,2,test-297,2.0794415416798357,2.7004470825195312
z_degree_to_degree,2,test-298,1.3862943611198906,2.0204966068267822
z_degree_to_degree,2,test-299,3.1780538303479453,3.434257984161377
z_degree_to_degree,2,test-300,2.995732273553991,3.403735399246216
z_degree_to_degree,2,test-301,1.6094379124341003,2.085268020629883
z_degree_to_degree,2,test-302,2.4849066497880004,2.9675631523132324
z_degree_to_degree,2,test-303,2.0794415416798357,2.7709083557128906
z_degree_to_degree,2,test-304,4.382026634673881,4.695404052734375
z_degree_to_degree,2,test-305,3.332204510175204,3.548241138458252
z_degree_to_degree,2,test-306,5.556828061699537,5.843511581420898
z_degree_to_degree,2,test-307,2.0794415416798357,2.7709083557128906
z_degree_to_degree,2,test-308,2.0794415416798357,2.7709083557128906
z_degree_to_degree,2,test-309,3.58351893845611,3.918930768966675
z_degree_to_degree,2,test-310,2.1972245773362196,2.583296775817871
z_degree_to_degree,2,test-311,3.8918202981106265,4.017604827880859
z_degree_to_degree,2,test-312,2.4849066497880004,3.286832809448242
z_degree_to_degree,2,test-313,6.733401891837358,6.897911548614502
z_degree_to_degree,2,test-314,4.941642422609304,5.191920757293701
z_degree_to_degree,2,test-315,1.9459101490553132,2.6424169540405273
z_degree_to_degree,2,test-316,2.8903717578961645,3.24834942817688
z_degree_to_degree,2,test-317,5.4116460518550396,5.553046226501465
z_degree_to_degree,2,test-318,3.332204510175204,3.548241138458252
z_degree_to_degree,2,test-319,6.733401891837358,6.897911548614502
z_degree_to_degree,2,test-320,2.772588722239781,3.1669459342956543
z_degree_to_degree,2,test-321,3.044522437723423,3.4136924743652344
z_degree_to_degree,2,test-322,2.995732273553991,3.403735399246216
z_degree_to_degree,2,test-323,0.6931471805599453,1.5884151458740234
z_degree_to_degree,2,test-324,2.4849066497880004,2.9675631523132324
z_degree_to_degree,2,test-325,2.772588722239781,3.1669459342956543
z_degree_to_degree,2,test-326,3.091042453358316,3.5747716426849365
z_degree_to_degree,2,test-327,3.401197381662156,3.7432198524475098
z_degree_to_degree,2,test-328,3.688879454113936,3.850607395172119
z_degree_to_degree,2,test-329,1.6094379124341003,2.085268020629883
z_degree_to_degree,2,test-330,3.5553480614894135,3.749512195587158
z_degree_to_degree,2,test-331,3.8712010109078907,4.152132034301758
z_degree_to_degree,2,test-332,2.70805020110221,3.4790778160095215
z_degree_to_degree,2,test-333,2.8903717578961645,3.6602864265441895
z_degree_to_degree,2,test-334,2.4849066497880004,3.023336887359619
z_degree_to_degree,2,test-335,4.51085950651685,4.733770370483398
z_degree_to_degree,2,test-336,2.70805020110221,3.056427001953125
z_degree_to_degree,2,test-337,3.044522437723423,3.4136924743652344
z_degree_to_degree,2,test-338,2.4849066497880004,2.9675631523132324
z_degree_to_degree,2,test-339,2.772588722239781,3.1669459342956543
z_degree_to_degree,2,test-340,4.143134726391533,4.496812343597412
z_degree_to_degree,2,test-341,3.931825632724326,4.265133857727051
z_degree_to_degree,2,test-342,2.4849066497880004,2.9675631523132324
z_degree_to_degree,2,test-343,4.787491742782047,5.104733943939209
z_degree_to_degree,2,test-344,1.3862943611198906,2.0204966068267822
z_degree_to_degree,2,test-345,3.1780538303479453,3.499704360961914
z_degree_to_degree,2,test-346,2.4849066497880004,2.9675631523132324
z_degree_to_degree,2,test-347,2.4849066497880004,2.9675631523132324
z_degree_to_degree,2,test-348,2.4849066497880004,2.9675631523132324
z_degree_to_degree,2,test-349,3.401197381662155,3.671937942504883
z_degree_to_degree,2,test-350,2.8903717578961645,3.6602864265441895
z_degree_to_degree,2,test-351,3.1780538303479453,3.434257984161377
z_degree_to_degree,2,test-352,1.3862943611198906,2.0204966068267822
z_degree_to_degree,2,test-353,4.882801922586371,5.263595104217529
z_degree_to_degree,2,test-354,4.23410650459726,4.586907386779785
z_degree_to_degree,2,test-355,5.6937321388027,6.028138160705566
z_degree_to_degree,2,test-356,0.6931471805599453,1.5884151458740234
z_degree_to_degree,2,test-357,1.791759469228055,2.310382843017578
z_degree_to_degree,2,test-358,1.791759469228055,2.310382843017578
z_degree_to_degree,2,test-359,5.966146739123692,6.179649353027344
z_degree_to_degree,2,test-360,3.4965075614664807,3.863983631134033
z_degree_to_degree,2,test-361,6.733401891837358,6.897911548614502
z_degree_to_degree,2,test-362,5.272999558563747,5.48771333694458
z_degree_to_degree,2,test-363,3.737669618283368,3.8960795402526855
z_degree_to_degree,2,test-364,2.1972245773362196,2.583296775817871
z_degree_to_degree,2,test-365,2.995732273553991,3.403735399246216
z_degree_to_degree,2,test-366,1.3862943611198906,2.070934295654297
z_degree_to_degree,2,test-367,6.327936783729195,6.604861736297607
z_degree_to_degree,2,test-368,4.430816798843313,4.766630172729492
z_degree_to_degree,2,test-369,0.0,1.2309162616729736
z_degree_to_degree,2,test-370,2.6390573296152584,3.066232681274414
z_degree_to_degree,2,test-371,1.6094379124341003,2.085268020629883
z_degree_to_degree,2,test-372,2.4849066497880004,2.9675631523132324
z_degree_to_degree,2,test-373,3.465735902799726,3.5877764225006104
z_degree_to_degree,2,test-374,2.772588722239781,3.1669459342956543
z_degree_to_degree,2,test-375,2.70805020110221,3.056427001953125
z_degree_to_degree,2,test-376,4.74493212836325,5.072454452514648
z_degree_to_degree,2,test-377,2.4849066497880004,3.023336887359619
z_degree_to_degree,2,test-378,3.332204510175204,3.548241138458252
z_degree_to_degree,2,test-379,2.4849066497880004,3.023336887359619
z_degree_to_degree,2,test-380,2.8903717578961645,3.24834942817688
z_degree_to_degree,2,test-381,2.3025850929940455,2.783273696899414
z_degree_to_degree,2,test-382,1.791759469228055,2.310382843017578
z_degree_to_degree,2,test-383,0.6931471805599453,1.5884151458740234
z_degree_to_degree,2,test-384,4.276666119016055,4.712026596069336
z_degree_to_degree,2,test-385,1.791759469228055,2.310382843017578
z_degree_to_degree,2,test-386,1.791759469228055,2.310382843017578
z_degree_to_degree,2,test-387,2.0794415416798357,2.7709083557128906
z_degree_to_degree,2,test-388,2.995732273553991,3.403735399246216
z_degree_to_degree,2,test-389,2.0794415416798357,2.7709083557128906
z_degree_to_degree,2,test-390,3.044522437723423,3.4136924743652344
z_degree_to_degree,2,test-391,2.995732273553991,3.403735399246216
z_degree_to_degree,2,test-392,0.0,1.2309162616729736
z_degree_to_degree,2,test-393,1.3862943611198906,2.070934295654297
z_degree_to_degree,2,test-394,2.3025850929940455,2.783273696899414
z_degree_to_degree,2,test-395,3.295836866004329,3.626390218734741
z_degree_to_degree,2,test-396,1.791759469228055,2.310382843017578
z_degree_to_degree,2,test-397,3.4011973816621555,4.054993152618408
z_degree_to_degree,2,test-398,2.4849066497880004,3.023336887359619
z_degree_to_degree,2,test-399,2.995732273553991,3.403735399246216
z_degree_to_degree,2,test-400,2.0794415416798357,2.7709083557128906
z_degree_to_degree,2,test-401,2.0794415416798357,2.7709083557128906
z_degree_to_degree,2,test-402,3.1780538303479453,3.499704360961914
z_degree_to_degree,2,test-403,3.828641396489095,4.523277759552002
z_degree_to_degree,2,test-404,4.90527477843843,5.166114807128906
z_degree_to_degree,2,test-405,1.791759469228055,2.517031669616699
z_degree_to_degree,2,test-406,3.401197381662155,3.671937942504883
z_degree_to_degree,2,test-407,1.3862943611198906,2.0204966068267822
z_degree_to_degree,2,test-408,2.8903717578961645,3.6602864265441895
z_degree_to_degree,2,test-409,4.276666119016055,4.712026596069336
z_degree_to_degree,2,test-410,0.6931471805599453,1.5884151458740234
z_degree_to_degree,2,test-411,3.5553480614894135,3.749512195587158
z_degree_to_degree,2,test-412,2.8903717578961645,3.24834942817688
z_degree_to_degree,2,test-413,3.332204510175204,3.548241138458252
z_degree_to_degree,2,test-414,5.342334251964811,5.660556316375732
z_degree_to_degree,2,test-415,2.890371757896165,3.454822540283203
z_degree_to_degree,2,test-416,3.401197381662155,3.671937942504883
z_degree_to_degree,2,test-417,3.091042453358316,3.5747716426849365
z_degree_to_degree,2,test-418,2.995732273553991,3.403735399246216
z_degree_to_degree,2,test-419,3.401197381662155,3.671937942504883
z_degree_to_degree,2,test-420,4.787491742782046,5.082318305969238
z_degree_to_degree,2,test-421,4.430816798843313,4.766630172729492
z_degree_to_degree,2,test-422,2.8903717578961645,3.24834942817688
z_degree_to_degree,2,test-423,2.0794415416798357,2.7709083557128906
z_degree_to_degree,2,test-424,3.1780538303479458,3.718549966812134
z_degree_to_degree,2,test-425,1.9459101490553132,2.6424169540405273
z_degree_to_degree,2,test-426,2.995732273553991,3.403735399246216
z_degree_to_degree,2,test-427,2.1972245773362196,2.583296775817871
z_degree_to_degree,2,test-428,1.3862943611198906,2.0204966068267822
z_degree_to_degree,2,test-429,3.401197381662156,3.7432198524475098
z_degree_to_degree,2,test-430,3.332204510175204,3.962064504623413
z_degree_to_degree,2,test-431,2.0794415416798357,2.7709083557128906
z_degree_to_degree,2,test-432,2.4849066497880004,2.9675631523132324
z_degree_to_degree,2,test-433,3.6888794541139367,3.991748809814453
z_degree_to_degree,2,test-434,2.70805020110221,3.056427001953125
z_degree_to_degree,2,test-435,2.4849066497880004,3.023336887359619
z_degree_to_degree,2,test-436,4.718498871295095,5.10952091217041
z_degree_to_degree,2,test-437,5.634789603169249,5.927315711975098
z_degree_to_degree,2,test-438,4.68213122712422,4.770418167114258
z_degree_to_degree,2,test-439,1.791759469228055,2.310382843017578
z_degree_to_degree,2,test-440,3.9889840465642745,4.209473609924316
z_degree_to_degree,2,test-441,6.327936783729195,6.604861736297607
z_degree_to_degree,2,test-442,3.044522437723423,3.4136924743652344
z_degree_to_degree,2,test-443,2.70805020110221,3.056427001953125
z_degree_to_degree,2,test-444,1.0986122886681098,1.764063835144043
z_degree_to_degree,2,test-445,2.995732273553991,3.403735399246216
z_degree_to_degree,2,test-446,2.772588722239781,3.1669459342956543
z_degree_to_degree,2,test-447,2.995732273553991,3.403735399246216
z_degree_to_degree,2,test-448,1.791759469228055,2.517031669616699
z_degree_to_degree,2,test-449,1.3862943611198906,2.0204966068267822
z_degree_to_degree,2,test-450,2.4849066497880004,2.9675631523132324
z_degree_to_degree,2,test-451,7.50659178007084,7.390221118927002
z_degree_to_degree,2,test-452,3.951243718581427,4.22470235824585
z_degree_to_degree,2,test-453,3.5553480614894135,3.749512195587158
z_degree_to_degree,2,test-454,2.70805020110221,3.056427001953125
z_degree_to_degree,2,test-455,3.258096538021482,3.853346347808838
z_degree_to_degree,2,test-456,5.634789603169249,5.927315711975098
z_degree_to_degree,2,test-457,0.6931471805599453,1.5884151458740234
z_degree_to_degree,2,test-458,2.772588722239781,3.1669459342956543
z_degree_to_degree,2,test-459,3.401197381662156,3.7432198524475098
z_degree_to_degree,2,test-460,2.995732273553991,3.403735399246216
z_degree_to_degree,2,test-461,3.044522437723423,3.4136924743652344
z_degree_to_degree,2,test-462,2.1972245773362196,2.7458791732788086
z_degree_to_degree,2,test-463,1.791759469228055,2.310382843017578
z_degree_to_degree,2,test-464,3.1780538303479458,3.718549966812134
z_degree_to_degree,2,test-465,2.1972245773362196,2.7458791732788086
z_degree_to_degree,2,test-466,3.401197381662155,3.671937942504883
z_degree_to_degree,2,test-467,6.327936783729195,6.604861736297607
z_degree_to_degree,2,test-468,2.995732273553991,3.403735399246216
z_degree_to_degree,2,test-469,3.044522437723423,3.4136924743652344
z_degree_to_degree,2,test-470,1.0986122886681098,1.764063835144043
z_degree_to_degree,2,test-471,3.401197381662155,3.671937942504883
z_degree_to_degree,2,test-472,2.3025850929940455,2.783273696899414
z_degree_to_degree,2,test-473,6.040254711277414,6.4006500244140625
z_degree_to_degree,2,test-474,4.90527477843843,5.166114807128906
z_degree_to_degree,2,test-475,2.1972245773362196,2.583296775817871
z_degree_to_degree,2,test-476,2.0794415416798357,2.7709083557128906
z_degree_to_degree,2,test-477,2.8903717578961645,3.24834942817688
z_degree_to_degree,2,test-478,3.1780538303479453,3.499704360961914
z_degree_to_degree,2,test-479,2.995732273553991,3.403735399246216
z_degree_to_degree,2,test-480,4.276666119016055,4.553786754608154
z_degree_to_degree,2,test-481,2.4849066497880004,3.023336887359619
z_degree_to_degree,2,test-482,3.295836866004329,3.626390218734741
z_degree_to_degree,2,test-483,3.1780538303479453,3.434257984161377
z_degree_to_degree,2,test-484,2.0794415416798357,2.7709083557128906
z_degree_to_degree,2,test-485,3.332204510175204,3.548241138458252
z_degree_to_degree,2,test-486,1.3862943611198906,2.070934295654297
z_degree_to_degree,2,test-487,4.356708826689592,4.6960296630859375
z_degree_to_degree,2,test-488,2.0794415416798357,2.7709083557128906
z_degree_to_degree,2,test-489,2.9957322735539913,3.4788670539855957
z_degree_to_degree,2,test-490,0.6931471805599453,1.5884151458740234
z_degree_to_degree,2,test-491,2.0794415416798357,2.7709083557128906
z_degree_to_degree,2,test-492,4.31748811353631,4.5232930183410645
z_degree_to_degree,2,test-493,3.58351893845611,3.8645548820495605
z_degree_to_degree,2,test-494,0.0,1.2309162616729736
z_degree_to_degree,2,test-495,5.272999558563747,5.48771333694458
z_degree_to_degree,2,test-496,1.791759469228055,2.310382843017578
z_degree_to_degree,2,test-497,3.7376696182833684,4.5252461433410645
z_degree_to_degree,2,test-498,2.4849066497880004,3.023336887359619
z_degree_to_degree,2,test-499,3.8712010109078907,3.9960243701934814
z_degree_to_degree,2,test-500,6.040254711277414,6.4006500244140625
z_degree_to_degree,2,test-501,3.332204510175204,3.962064504623413
z_degree_to_degree,2,test-502,3.332204510175204,3.548241138458252
z_degree_to_degree,2,test-503,4.700480365792417,4.992531776428223
z_degree_to_degree,2,test-504,4.499809670330265,4.765504360198975
z_degree_to_degree,2,test-505,2.1972245773362196,2.583296775817871
z_degree_to_degree,2,test-506,3.688879454113936,3.850607395172119
z_degree_to_degree,2,test-507,2.6390573296152584,3.066232681274414
z_degree_to_degree,2,test-508,4.276666119016055,4.5121169090271
z_degree_to_degree,2,test-509,3.8712010109078907,4.152132034301758
z_degree_to_degree,2,test-510,4.442651256490317,4.681459903717041
z_degree_to_degree,2,test-511,5.634789603169249,5.927315711975098
z_cn_to_cn_residual,2,test-0,0.4096507501383539,0.5272055864334106
z_cn_to_cn_residual,2,test-1,-0.257133548881196,-0.2777758836746216
z_cn_to_cn_residual,2,test-2,-0.026168497301778282,0.2643042802810669
z_cn_to_cn_residual,2,test-3,-0.09682951278185134,-0.16550743579864502
z_cn_to_cn_residual,2,test-4,1.030455039917754,1.008705496788025
z_cn_to_cn_residual,2,test-5,-0.40617432960244304,-0.378889799118042
z_cn_to_cn_residual,2,test-6,1.072232465549153,0.7482384443283081
z_cn_to_cn_residual,2,test-7,-0.17653506637630972,-0.16615235805511475
z_cn_to_cn_residual,2,test-8,-0.09993231907971788,-0.1671379804611206
z_cn_to_cn_residual,2,test-9,-0.361807736196368,-0.3689678907394409
z_cn_to_cn_residual,2,test-10,0.834665253272179,0.48369526863098145
z_cn_to_cn_residual,2,test-11,0.6771872810461878,0.6258186101913452
z_cn_to_cn_residual,2,test-12,-0.0025667768776077267,-0.04945862293243408
z_cn_to_cn_residual,2,test-13,0.0920452145115791,0.5617460012435913
z_cn_to_cn_residual,2,test-14,0.1059855857541714,0.21723926067352295
z_cn_to_cn_residual,2,test-15,0.6905804036823375,0.521338701248169
z_cn_to_cn_residual,2,test-16,0.487417210290867,0.38935697078704834
z_cn_to_cn_residual,2,test-17,0.027598705190133088,0.015302538871765137
z_cn_to_cn_residual,2,test-18,-0.0025667768776077267,-0.04945862293243408
z_cn_to_cn_residual,2,test-19,-0.09993231907971788,-0.1671379804611206
z_cn_to_cn_residual,2,test-20,-0.0006908748283487874,-0.046120524406433105
z_cn_to_cn_residual,2,test-21,0.37362887990278976,0.4058276414871216
z_cn_to_cn_residual,2,test-22,-0.26394703539593084,-0.28920745849609375
z_cn_to_cn_residual,2,test-23,-0.001592483837966117,-0.04772520065307617
z_cn_to_cn_residual,2,test-24,0.3252994169928626,0.3427485227584839
z_cn_to_cn_residual,2,test-25,-0.5320508010865779,-0.5601868629455566
z_cn_to_cn_residual,2,test-26,0.6906105992764492,0.49992549419403076
z_cn_to_cn_residual,2,test-27,0.7790939880109542,0.6122331619262695
z_cn_to_cn_residual,2,test-28,0.5980680715538729,0.5896339416503906
z_cn_to_cn_residual,2,test-29,0.6893311186493629,0.4197545051574707
z_cn_to_cn_residual,2,test-30,0.6730018624542556,0.5687072277069092
z_cn_to_cn_residual,2,test-31,0.22033626837748216,0.41079819202423096
z_cn_to_cn_residual,2,test-32,-0.31403642712572494,-0.3561360239982605
z_cn_to_cn_residual,2,test-33,0.6854469961951654,0.5809339284896851
z_cn_to_cn_residual,2,test-34,-0.22552334649902314,-0.2231990098953247
z_cn_to_cn_residual,2,test-35,-0.15981025222941134,-0.17199957370758057
z_cn_to_cn_residual,2,test-36,-0.002483473901375505,-0.04930984973907471
z_cn_to_cn_residual,2,test-37,-0.002536581283496064,-0.04940390586853027
z_cn_to_cn_residual,2,test-38,0.011027840012221813,-0.025187373161315918
z_cn_to_cn_residual,2,test-39,-0.0025667768776077267,-0.04945862293243408
z_cn_to_cn_residual,2,test-40,1.0655213517576338,0.7128323316574097
z_cn_to_cn_residual,2,test-41,0.33133944436357726,0.5024828910827637
z_cn_to_cn_residual,2,test-42,0.3907357061859718,0.20997226238250732
z_cn_to_cn_residual,2,test-43,-0.07427151148220186,-0.1487950086593628
z_cn_to_cn_residual,2,test-44,1.1607710146208674,0.9756004810333252
z_cn_to_cn_residual,2,test-45,-0.0025667768776077267,-0.04945862293243408
z_cn_to_cn_residual,2,test-46,0.12442211904305411,0.24128901958465576
z_cn_to_cn_residual,2,test-47,-0.002483473901375505,-0.04930984973907471
z_cn_to_cn_residual,2,test-48,0.5980680715538729,0.22204256057739258
z_cn_to_cn_residual,2,test-49,0.3907357061859718,0.39982926845550537
z_cn_to_cn_residual,2,test-50,0.3974001350710103,0.5015137195587158
z_cn_to_cn_residual,2,test-51,0.5071241430143024,0.35458576679229736
z_cn_to_cn_residual,2,test-52,-0.5962537633065377,-0.5700070858001709
z_cn_to_cn_residual,2,test-53,-0.09507910900607243,-0.1645810604095459
z_cn_to_cn_residual,2,test-54,-0.006401163194461921,-0.05627012252807617
z_cn_to_cn_residual,2,test-55,-0.5779234037185782,-0.5676171779632568
z_cn_to_cn_residual,2,test-56,-0.09507910900607243,-0.1645810604095459
z_cn_to_cn_residual,2,test-57,0.8783422192128343,0.6146557331085205
z_cn_to_cn_residual,2,test-58,-0.4855470978437046,-0.5448780059814453
z_cn_to_cn_residual,2,test-59,0.6904677205888524,0.5635145902633667
z_cn_to_cn_residual,2,test-60,-0.2474640255978244,-0.26134926080703735
z_cn_to_cn_residual,2,test-61,-0.0022128532902202114,-0.04882824420928955
z_cn_to_cn_residual,2,test-62,-0.0014682163898236727,-0.04750621318817139
z_cn_to_cn_residual,2,test-63,-0.002483473901375505,-0.04930984973907471
z_cn_to_cn_residual,2,test-64,-0.18117393408101218,-0.15869367122650146
z_cn_to_cn_residual,2,test-65,1.0035331796620373,0.7962223291397095
z_cn_to_cn_residual,2,test-66,-0.003920084665472663,-0.051862359046936035
z_cn_to_cn_residual,2,test-67,-0.003920084665472663,-0.051862359046936035
z_cn_to_cn_residual,2,test-68,-0.5121098978044188,-0.5546548366546631
z_cn_to_cn_residual,2,test-69,0.40889556438164,0.3375056982040405
z_cn_to_cn_residual,2,test-70,0.5071241430143024,0.584839940071106
z_cn_to_cn_residual,2,test-71,0.34193555199200737,0.4856325387954712
z_cn_to_cn_residual,2,test-72,-0.0025667768776077267,-0.04945862293243408
z_cn_to_cn_residual,2,test-73,-0.32077300936225667,-0.36302900314331055
z_cn_to_cn_residual,2,test-74,-0.09507910900607243,-0.1645810604095459
z_cn_to_cn_residual,2,test-75,0.9986799695883919,0.6581348180770874
z_cn_to_cn_residual,2,test-76,-0.001592483837966117,-0.04772520065307617
z_cn_to_cn_residual,2,test-77,0.5932148614802274,0.4883021116256714
z_cn_to_cn_residual,2,test-78,-0.0017051669314512175,-0.04792654514312744
z_cn_to_cn_residual,2,test-79,-0.0025667768776077267,-0.04945862293243408
z_cn_to_cn_residual,2,test-80,0.6893311186493629,0.8166381120681763
z_cn_to_cn_residual,2,test-81,0.3267009706117635,0.2723095417022705
z_cn_to_cn_residual,2,test-82,1.066776060462735,0.9859068393707275
z_cn_to_cn_residual,2,test-83,-0.06306873591422772,-0.13604533672332764
z_cn_to_cn_residual,2,test-84,-0.3195190468888935,-0.36175453662872314
z_cn_to_cn_residual,2,test-85,-0.257133548881196,-0.2777758836746216
z_cn_to_cn_residual,2,test-86,0.3974001350710103,0.5167245864868164
z_cn_to_cn_residual,2,test-87,-0.09507910900607243,-0.1645810604095459
z_cn_to_cn_residual,2,test-88,-0.006401163194461921,-0.05627012252807617
z_cn_to_cn_residual,2,test-89,-0.295747045488935,-0.33681708574295044
z_cn_to_cn_residual,2,test-90,-0.07427151148220186,-0.1487950086593628
z_cn_to_cn_residual,2,test-91,-0.002679459971092827,-0.049657225608825684
z_cn_to_cn_residual,2,test-92,0.5963176677780939,0.4186214208602905
z_cn_to_cn_residual,2,test-93,0.47287711110466973,0.653666615486145
z_cn_to_cn_residual,2,test-94,-0.07427151148220186,-0.1487950086593628
z_cn_to_cn_residual,2,test-95,0.5634751272888399,0.28853774070739746
z_cn_to_cn_residual,2,test-96,-0.6219808875579942,0.041063666343688965
z_cn_to_cn_residual,2,test-97,-0.0948206319924906,-0.1644449234008789
z_cn_to_cn_residual,2,test-98,-0.002536581283496064,-0.04940390586853027
z_cn_to_cn_residual,2,test-99,-0.09507910900607243,-0.1645810604095459
z_cn_to_cn_residual,2,test-100,-0.3664462099481818,-0.36676621437072754
z_cn_to_cn_residual,2,test-101,0.5980680715538729,0.4687727689743042
z_cn_to_cn_residual,2,test-102,0.03377005795343527,0.03078913688659668
z_cn_to_cn_residual,2,test-103,-0.15981025222941134,-0.17199957370758057
z_cn_to_cn_residual,2,test-104,0.629186265886127,0.4452589750289917
z_cn_to_cn_residual,2,test-105,-0.001592483837966117,-0.04772520065307617
z_cn_to_cn_residual,2,test-106,0.689862177614176,0.5312446355819702
z_cn_to_cn_residual,2,test-107,-0.0025667768776077267,-0.04945862293243408
z_cn_to_cn_residual,2,test-108,0.09689341725340761,0.46468162536621094
z_cn_to_cn_residual,2,test-109,0.37911075343422035,0.4541127681732178
z_cn_to_cn_residual,2,test-110,-0.002679459971092827,-0.049657225608825684
z_cn_to_cn_residual,2,test-111,-0.006236131996241855,-0.05597710609436035
z_cn_to_cn_residual,2,test-112,0.4686965299979534,0.41626691818237305
z_cn_to_cn_residual,2,test-113,-0.4092811700187469,-0.3836919069290161
z_cn_to_cn_residual,2,test-114,-0.0017051669314512175,-0.04792654514312744
z_cn_to_cn_residual,2,test-115,0.6906637066585698,0.5539630651473999
z_cn_to_cn_residual,2,test-116,1.0402213320986424,0.936360239982605
z_cn_to_cn_residual,2,test-117,0.6948211420213969,0.3100762367248535
z_cn_to_cn_residual,2,test-118,-0.2842516161783053,-0.3225659132003784
z_cn_to_cn_residual,2,test-119,0.706182872391234,0.9433828592300415
z_cn_to_cn_residual,2,test-120,0.6188756690777434,0.6597518920898438
z_cn_to_cn_residual,2,test-121,0.5071241430143024,0.38068854808807373
z_cn_to_cn_residual,2,test-122,0.732166078719928,0.7691826820373535
z_cn_to_cn_residual,2,test-123,0.6905804036823375,0.5365784168243408
z_cn_to_cn_residual,2,test-124,-0.006401163194461921,-0.05627012252807617
z_cn_to_cn_residual,2,test-125,-0.06396091467381823,-0.1366889476776123
z_cn_to_cn_residual,2,test-126,1.0243407771859079,0.47860729694366455
z_cn_to_cn_residual,2,test-127,-0.0025667768776077267,-0.04945862293243408
z_cn_to_cn_residual,2,test-128,-0.17653506637630972,-0.16615235805511475
z_cn_to_cn_residual,2,test-129,0.006243055183185751,-0.03377354145050049
z_cn_to_cn_residual,2,test-130,0.9125892511224669,0.5195271968841553
z_cn_to_cn_residual,2,test-131,0.5932148614802274,0.4034825563430786
z_cn_to_cn_residual,2,test-132,-0.4092811700187469,-0.3836919069290161
z_cn_to_cn_residual,2,test-133,-0.3910899774469028,-0.35986095666885376
z_cn_to_cn_residual,2,test-134,-0.06396091467381823,-0.1366889476776123
z_cn_to_cn_residual,2,test-135,0.5333369283305339,0.40347230434417725
z_cn_to_cn_residual,2,test-136,0.6893311186493629,0.6693079471588135
z_cn_to_cn_residual,2,test-137,-0.0022128532902202114,-0.04882824420928955
z_cn_to_cn_residual,2,test-138,-0.4564122585269044,-0.47592371702194214
z_cn_to_cn_residual,2,test-139,-0.0025667768776077267,-0.04945862293243408
z_cn_to_cn_residual,2,test-140,-0.295747045488935,-0.33681708574295044
z_cn_to_cn_residual,2,test-141,0.7232900511466166,0.7560793161392212
z_cn_to_cn_residual,2,test-142,-0.09507910900607243,-0.1645810604095459
z_cn_to_cn_residual,2,test-143,-0.002679459971092827,-0.049657225608825684
z_cn_to_cn_residual,2,test-144,-0.15981025222941134,-0.17199957370758057
z_cn_to_cn_residual,2,test-145,-0.020145318105689636,-0.08060753345489502
z_cn_to_cn_residual,2,test-146,0.37362887990278976,0.4086827039718628
z_cn_to_cn_residual,2,test-147,-0.295747045488935,-0.33681708574295044
z_cn_to_cn_residual,2,test-148,0.09689341725340761,0.16809487342834473
z_cn_to_cn_residual,2,test-149,-0.2842516161783053,-0.3225659132003784
z_cn_to_cn_residual,2,test-150,-0.21219425699455913,-0.19943726062774658
z_cn_to_cn_residual,2,test-151,0.5634751272888399,0.5935461521148682
z_cn_to_cn_residual,2,test-152,-0.011174017424812204,-0.06473422050476074
z_cn_to_cn_residual,2,test-153,0.2564389628481294,0.19150030612945557
z_cn_to_cn_residual,2,test-154,0.6904677205888524,0.3650261163711548
z_cn_to_cn_residual,2,test-155,-0.002536581283496064,-0.04940390586853027
z_cn_to_cn_residual,2,test-156,1.2131515730483942,1.0538066625595093
z_cn_to_cn_residual,2,test-157,-0.11159319800623856,-0.1723695993423462
z_cn_to_cn_residual,2,test-158,-0.002483473901375505,-0.04930984973907471
z_cn_to_cn_residual,2,test-159,0.5980680715538729,0.4665409326553345
z_cn_to_cn_residual,2,test-160,-0.006236131996241855,-0.05597710609436035
z_cn_to_cn_residual,2,test-161,-0.0017051669314512175,-0.04792654514312744
z_cn_to_cn_residual,2,test-162,0.5980680715538729,0.4260510206222534
z_cn_to_cn_residual,2,test-163,-0.0025667768776077267,-0.04945862293243408
z_cn_to_cn_residual,2,test-164,0.30205720311304246,0.39015233516693115
z_cn_to_cn_residual,2,test-165,-0.001592483837966117,-0.04772520065307617
z_cn_to_cn_residual,2,test-166,-0.3678477635670827,-0.36607682704925537
z_cn_to_cn_residual,2,test-167,-0.5737341020377579,-0.5669906139373779
z_cn_to_cn_residual,2,test-168,0.3252994169928626,0.5814722776412964
z_cn_to_cn_residual,2,test-169,-0.0025667768776077267,-0.04945862293243408
z_cn_to_cn_residual,2,test-170,-0.002679459971092827,-0.049657225608825684
z_cn_to_cn_residual,2,test-171,0.5694612141469256,0.6326321363449097
z_cn_to_cn_residual,2,test-172,-0.0017051669314512175,-0.04792654514312744
z_cn_to_cn_residual,2,test-173,-0.07427151148220186,-0.1487950086593628
z_cn_to_cn_residual,2,test-174,1.1880129048121781,1.1982566118240356
z_cn_to_cn_residual,2,test-175,0.8125602590821327,0.8886286020278931
z_cn_to_cn_residual,2,test-176,-0.10231614743923174,-0.16838359832763672
z_cn_to_cn_residual,2,test-177,0.027598705190133088,0.015302538871765137
z_cn_to_cn_residual,2,test-178,-0.31951830065715553,-0.3617522120475769
z_cn_to_cn_residual,2,test-179,-0.0017051669314512175,-0.04792654514312744
z_cn_to_cn_residual,2,test-180,-0.007700184364779972,-0.05857419967651367
z_cn_to_cn_residual,2,test-181,-0.31403642712572494,-0.3561360239982605
z_cn_to_cn_residual,2,test-182,-0.31951830065715553,-0.3617522120475769
z_cn_to_cn_residual,2,test-183,-0.002483473901375505,-0.04930984973907471
z_cn_to_cn_residual,2,test-184,0.2690154096687156,0.2856055498123169
z_cn_to_cn_residual,2,test-185,-0.295747045488935,-0.33681708574295044
z_cn_to_cn_residual,2,test-186,1.1223473257239598,0.8794281482696533
z_cn_to_cn_residual,2,test-187,-0.295747045488935,-0.33681708574295044
z_cn_to_cn_residual,2,test-188,-0.07427151148220186,-0.1487950086593628
z_cn_to_cn_residual,2,test-189,-0.06396091467381823,-0.1366889476776123
z_cn_to_cn_residual,2,test-190,0.5980680715538729,0.4343761205673218
z_cn_to_cn_residual,2,test-191,-0.002679459971092827,-0.049657225608825684
z_cn_to_cn_residual,2,test-192,0.5932148614802274,0.3880404233932495
z_cn_to_cn_residual,2,test-193,-0.18602303754564287,-0.15152430534362793
z_cn_to_cn_residual,2,test-194,-0.007700184364779972,-0.05857419967651367
z_cn_to_cn_residual,2,test-195,0.18103728275552644,0.2641221284866333
z_cn_to_cn_residual,2,test-196,-0.3419557546295762,-0.37645912170410156
z_cn_to_cn_residual,2,test-197,-0.07427151148220186,-0.1487950086593628
z_cn_to_cn_residual,2,test-198,-0.1325756172494532,-0.17407429218292236
z_cn_to_cn_residual,2,test-199,-0.001592483837966117,-0.04772520065307617
z_cn_to_cn_residual,2,test-200,-0.001592483837966117,-0.04772520065307617
z_cn_to_cn_residual,2,test-201,-0.001592483837966117,-0.04772520065307617
z_cn_to_cn_residual,2,test-202,-0.09993231907971788,-0.1671379804611206
z_cn_to_cn_residual,2,test-203,-0.07427151148220186,-0.1487950086593628
z_cn_to_cn_residual,2,test-204,0.6867460173654834,0.6216574907302856
z_cn_to_cn_residual,2,test-205,-0.06396091467381823,-0.1366889476776123
z_cn_to_cn_residual,2,test-206,-0.31403642712572494,-0.3561360239982605
z_cn_to_cn_residual,2,test-207,0.25559953693839854,0.2970508337020874
z_cn_to_cn_residual,2,test-208,-0.3512116285679379,-0.3730970025062561
z_cn_to_cn_residual,2,test-209,0.44701726623712135,0.7328968048095703
z_cn_to_cn_residual,2,test-210,0.27064323153028624,0.3004564046859741
z_cn_to_cn_residual,2,test-211,0.9986799695883919,0.7804516553878784
z_cn_to_cn_residual,2,test-212,-0.015324816569887118,-0.07208442687988281
z_cn_to_cn_residual,2,test-213,-0.002483473901375505,-0.04930984973907471
z_cn_to_cn_residual,2,test-214,0.707522311221207,0.5963548421859741
z_cn_to_cn_residual,2,test-215,-0.002679459971092827,-0.049657225608825684
z_cn_to_cn_residual,2,test-216,-0.0025667768776077267,-0.04945862293243408
z_cn_to_cn_residual,2,test-217,0.6905804036823375,0.4466378688812256
z_cn_to_cn_residual,2,test-218,-0.09993231907971788,-0.1671379804611206
z_cn_to_cn_residual,2,test-219,-0.3664462099481818,-0.36676621437072754
z_cn_to_cn_residual,2,test-220,-0.007796294345678415,-0.05874598026275635
z_cn_to_cn_residual,2,test-221,-0.18602303754564287,-0.15152430534362793
z_cn_to_cn_residual,2,test-222,-0.002679459971092827,-0.049657225608825684
z_cn_to_cn_residual,2,test-223,-0.20673482910021176,-0.18957877159118652
z_cn_to_cn_residual,2,test-224,-0.002483473901375505,-0.04930984973907471
z_cn_to_cn_residual,2,test-225,0.8028652431791747,0.7596232891082764
z_cn_to_cn_residual,2,test-226,-0.002679459971092827,-0.049657225608825684
z_cn_to_cn_residual,2,test-227,0.9388020364386984,0.8717595338821411
z_cn_to_cn_residual,2,test-228,-0.0025667768776077267,-0.04945862293243408
z_cn_to_cn_residual,2,test-229,-0.06396091467381823,-0.1366889476776123
z_cn_to_cn_residual,2,test-230,0.5634751272888399,0.5855058431625366
z_cn_to_cn_residual,2,test-231,-0.34185746108770393,-0.37649399042129517
z_cn_to_cn_residual,2,test-232,0.5836835270942388,0.4432443380355835
z_cn_to_cn_residual,2,test-233,-0.0017051669314512175,-0.04792654514312744
z_cn_to_cn_residual,2,test-234,-0.3664462099481818,-0.36676621437072754
z_cn_to_cn_residual,2,test-235,0.5963176677780939,0.41680455207824707
z_cn_to_cn_residual,2,test-236,-0.09507910900607243,-0.1645810604095459
z_cn_to_cn_residual,2,test-237,-0.09993231907971788,-0.1671379804611206
z_cn_to_cn_residual,2,test-238,1.1098178970570212,0.7433834075927734
z_cn_to_cn_residual,2,test-239,0.09689341725340761,0.05289041996002197
z_cn_to_cn_residual,2,test-240,-0.0025667768776077267,-0.04945862293243408
z_cn_to_cn_residual,2,test-241,-0.003920084665472663,-0.051862359046936035
z_cn_to_cn_residual,2,test-242,1.0035331796620373,0.8968336582183838
z_cn_to_cn_residual,2,test-243,0.629186265886127,0.5948549509048462
z_cn_to_cn_residual,2,test-244,-0.09993231907971788,-0.1671379804611206
z_cn_to_cn_residual,2,test-245,0.5980680715538729,0.3837319612503052
z_cn_to_cn_residual,2,test-246,-0.6011019660483662,-0.5706844329833984
z_cn_to_cn_residual,2,test-247,-0.0025667768776077267,-0.04945862293243408
z_cn_to_cn_residual,2,test-248,-0.40617432960244304,-0.378889799118042
z_cn_to_cn_residual,2,test-249,-0.32077300936225667,-0.36302900314331055
z_cn_to_cn_residual,2,test-250,-0.0017051669314512175,-0.04792654514312744
z_cn_to_cn_residual,2,test-251,0.027598705190133088,0.015302538871765137
z_cn_to_cn_residual,2,test-252,-0.31951830065715553,-0.3617522120475769
z_cn_to_cn_residual,2,test-253,-0.09507910900607243,-0.1645810604095459
z_cn_to_cn_residual,2,test-254,-0.006401163194461921,-0.05627012252807617
z_cn_to_cn_residual,2,test-255,-0.2608500763576425,-0.28402650356292725
z_cn_to_cn_residual,2,test-256,-0.002483473901375505,-0.04930984973907471
z_cn_to_cn_residual,2,test-257,0.16442497939224665,0.39311349391937256
z_cn_to_cn_residual,2,test-258,0.8561659193103136,0.8337476253509521
z_cn_to_cn_residual,2,test-259,-0.002709528290634796,-0.04971194267272949
z_cn_to_cn_residual,2,test-260,-0.001592483837966117,-0.04772520065307617
z_cn_to_cn_residual,2,test-261,0.42920014516401445,0.5052567720413208
z_cn_to_cn_residual,2,test-262,0.9125892511224669,0.6827160120010376
z_cn_to_cn_residual,2,test-263,-0.18602303754564287,-0.15152430534362793
z_cn_to_cn_residual,2,test-264,-0.32690411934740055,-0.36919528245925903
z_cn_to_cn_residual,2,test-265,-0.4564122585269044,-0.47592371702194214
z_cn_to_cn_residual,2,test-266,0.6905804036823375,0.5110398530960083
z_cn_to_cn_residual,2,test-267,0.6904677205888524,0.11931920051574707
z_cn_to_cn_residual,2,test-268,-0.09507910900607243,-0.1645810604095459
z_cn_to_cn_residual,2,test-269,0.5380768797364144,0.6939510107040405
z_cn_to_cn_residual,2,test-270,-0.0025667768776077267,-0.04945862293243408
z_cn_to_cn_residual,2,test-271,0.9986799695883919,0.8364812135696411
z_cn_to_cn_residual,2,test-272,0.26383524768033195,0.31708717346191406
z_cn_to_cn_residual,2,test-273,0.4676238340609221,0.4115678071975708
z_cn_to_cn_residual,2,test-274,0.5333369283305339,0.42768943309783936
z_cn_to_cn_residual,2,test-275,-0.09507910900607243,-0.1645810604095459
z_cn_to_cn_residual,2,test-276,-0.0022128532902202114,-0.04882824420928955
z_cn_to_cn_residual,2,test-277,-0.295747045488935,-0.33681708574295044
z_cn_to_cn_residual,2,test-278,0.4322971042023028,0.49221253395080566
z_cn_to_cn_residual,2,test-279,0.5166121141836355,0.5034886598587036
z_cn_to_cn_residual,2,test-280,-0.006401163194461921,-0.05627012252807617
z_cn_to_cn_residual,2,test-281,1.0243407771859079,0.8335912227630615
z_cn_to_cn_residual,2,test-282,-0.005713782933315264,-0.05504906177520752
z_cn_to_cn_residual,2,test-283,-0.18602303754564287,-0.15152430534362793
z_cn_to_cn_residual,2,test-284,-0.0017051669314512175,-0.04792654514312744
z_cn_to_cn_residual,2,test-285,-0.09507910900607243,-0.1645810604095459
z_cn_to_cn_residual,2,test-286,1.3462860490699626,1.4277116060256958
z_cn_to_cn_residual,2,test-287,-0.09993231907971788,-0.1671379804611206
z_cn_to_cn_residual,2,test-288,0.5553068786375152,0.5042564868927002
z_cn_to_cn_residual,2,test-289,0.2249532936470302,0.42836010456085205
z_cn_to_cn_residual,2,test-290,0.5980680715538729,0.42439401149749756
z_cn_to_cn_residual,2,test-291,0.5481549764268495,0.45318126678466797
z_cn_to_cn_residual,2,test-292,-0.8168566785177598,-0.9676822423934937
z_cn_to_cn_residual,2,test-293,0.33133944436357726,0.2931009531021118
z_cn_to_cn_residual,2,test-294,0.629186265886127,0.5473908185958862
z_cn_to_cn_residual,2,test-295,0.6906105992764492,0.646979808807373
z_cn_to_cn_residual,2,test-296,-0.0013809592565058647,-0.04734957218170166
z_cn_to_cn_residual,2,test-297,-0.0022128532902202114,-0.04882824420928955
z_cn_to_cn_residual,2,test-298,0.6906637066585698,0.3904920816421509
z_cn_to_cn_residual,2,test-299,-0.22552334649902314,-0.2231990098953247
z_cn_to_cn_residual,2,test-300,0.5071241430143024,0.39649832248687744
z_cn_to_cn_residual,2,test-301,-0.0017051669314512175,-0.04792654514312744
z_cn_to_cn_residual,2,test-302,0.6188756690777434,0.5440149307250977
z_cn_to_cn_residual,2,test-303,-0.002679459971092827,-0.049657225608825684
z_cn_to_cn_residual,2,test-304,-0.3011881021227526,-0.3426559567451477
z_cn_to_cn_residual,2,test-305,0.3974001350710103,0.3705493211746216
z_cn_to_cn_residual,2,test-306,0.5966030812834874,0.5385137796401978
z_cn_to_cn_residual,2,test-307,-0.002679459971092827,-0.049657225608825684
z_cn_to_cn_residual,2,test-308,0.6904677205888524,0.444085955619812
z_cn_to_cn_residual,2,test-309,0.511973246478933,0.3924018144607544
z_cn_to_cn_residual,2,test-310,-0.06396091467381823,-0.1366889476776123
z_cn_to_cn_residual,2,test-311,0.8880287062152161,0.8290592432022095
z_cn_to_cn_residual,2,test-312,0.000550437072462336,-0.04391324520111084
z_cn_to_cn_residual,2,test-313,0.4185007999394532,0.19785559177398682
z_cn_to_cn_residual,2,test-314,0.12442211904305411,0.3215066194534302
z_cn_to_cn_residual,2,test-315,-0.0009230486758283437,-0.04653429985046387
z_cn_to_cn_residual,2,test-316,0.5980680715538729,0.5545302629470825
z_cn_to_cn_residual,2,test-317,0.6253649081462749,0.9101988077163696
z_cn_to_cn_residual,2,test-318,-0.295747045488935,-0.33681708574295044
z_cn_to_cn_residual,2,test-319,0.4185007999394532,0.37842118740081787
z_cn_to_cn_residual,2,test-320,-0.15981025222941134,-0.17199957370758057
z_cn_to_cn_residual,2,test-321,-0.09993231907971788,-0.1671379804611206
z_cn_to_cn_residual,2,test-322,0.5071241430143024,0.42616212368011475
z_cn_to_cn_residual,2,test-323,-0.0025667768776077267,-0.04945862293243408
z_cn_to_cn_residual,2,test-324,-0.07427151148220186,-0.1487950086593628
z_cn_to_cn_residual,2,test-325,0.5333369283305339,0.3826068639755249
z_cn_to_cn_residual,2,test-326,-0.002709528290634796,-0.04971194267272949
z_cn_to_cn_residual,2,test-327,-0.12967205327110548,-0.17387628555297852
z_cn_to_cn_residual,2,test-328,-0.4092811700187469,-0.3836919069290161
z_cn_to_cn_residual,2,test-329,-0.0017051669314512175,-0.04792654514312744
z_cn_to_cn_residual,2,test-330,1.0184465975528079,0.925948977470398
z_cn_to_cn_residual,2,test-331,-0.2930939733738713,-0.3339385986328125
z_cn_to_cn_residual,2,test-332,-0.007796294345678415,-0.05874598026275635
z_cn_to_cn_residual,2,test-333,-0.006236131996241855,-0.05597710609436035
z_cn_to_cn_residual,2,test-334,-0.003920084665472663,-0.051862359046936035
z_cn_to_cn_residual,2,test-335,1.108891999074218,1.1279376745224
z_cn_to_cn_residual,2,test-336,-0.09507910900607243,-0.1645810604095459
z_cn_to_cn_residual,2,test-337,0.5932148614802274,0.6287351846694946
z_cn_to_cn_residual,2,test-338,0.6188756690777434,0.5572139024734497
z_cn_to_cn_residual,2,test-339,0.5333369283305339,0.4083751440048218
z_cn_to_cn_residual,2,test-340,0.9300387057397879,0.809429407119751
z_cn_to_cn_residual,2,test-341,0.48095292356538616,0.42245733737945557
z_cn_to_cn_residual,2,test-342,-0.07427151148220186,-0.1487950086593628
z_cn_to_cn_residual,2,test-343,-0.43015367383143543,-0.19613420963287354
z_cn_to_cn_residual,2,test-344,-0.002483473901375505,-0.04930984973907471
z_cn_to_cn_residual,2,test-345,0.5963176677780939,0.5402858257293701
z_cn_to_cn_residual,2,test-346,0.6188756690777434,0.4844924211502075
z_cn_to_cn_residual,2,test-347,0.6188756690777434,0.5283850431442261
z_cn_to_cn_residual,2,test-348,0.6188756690777434,0.4186614751815796
z_cn_to_cn_residual,2,test-349,-0.26394703539593084,-0.28920745849609375
z_cn_to_cn_residual,2,test-350,-0.006236131996241855,-0.05597710609436035
z_cn_to_cn_residual,2,test-351,-0.22552334649902314,-0.2231990098953247
z_cn_to_cn_residual,2,test-352,-0.002483473901375505,-0.04930984973907471
z_cn_to_cn_residual,2,test-353,0.6730018624542556,0.55057692527771
z_cn_to_cn_residual,2,test-354,-0.17162295933884167,-0.1715613603591919
z_cn_to_cn_residual,2,test-355,-0.5908559921618184,-0.5691719055175781
z_cn_to_cn_residual,2,test-356,-0.0025667768776077267,-0.04945862293243408
z_cn_to_cn_residual,2,test-357,-0.0025667768776077267,-0.04945862293243408
z_cn_to_cn_residual,2,test-358,-0.0025667768776077267,-0.04945862293243408
z_cn_to_cn_residual,2,test-359,-0.02637982311895648,0.2497309446334839
z_cn_to_cn_residual,2,test-360,-0.1378403019224301,-0.1743983030319214
z_cn_to_cn_residual,2,test-361,0.4185007999394532,0.3725398778915405
z_cn_to_cn_residual,2,test-362,-0.31852856519640793,-0.3607443571090698
z_cn_to_cn_residual,2,test-363,0.26383524768033195,0.28922736644744873
z_cn_to_cn_residual,2,test-364,-0.06396091467381823,-0.1366889476776123
z_cn_to_cn_residual,2,test-365,-0.18602303754564287,-0.15152430534362793
z_cn_to_cn_residual,2,test-366,-0.0017051669314512175,-0.04792654514312744
z_cn_to_cn_residual,2,test-367,-0.5962537633065377,-0.5700070858001709
z_cn_to_cn_residual,2,test-368,1.0444369000321867,0.7855925559997559
z_cn_to_cn_residual,2,test-369,-0.002483473901375505,-0.04930984973907471
z_cn_to_cn_residual,2,test-370,0.6867460173654834,0.6212661266326904
z_cn_to_cn_residual,2,test-371,-0.0017051669314512175,-0.04792654514312744
z_cn_to_cn_residual,2,test-372,0.6188756690777434,0.4293859004974365
z_cn_to_cn_residual,2,test-373,-0.31951830065715553,-0.3617522120475769
z_cn_to_cn_residual,2,test-374,0.5333369283305339,0.41474735736846924
z_cn_to_cn_residual,2,test-375,0.5980680715538729,0.7279068231582642
z_cn_to_cn_residual,2,test-376,0.0920452145115791,0.43171823024749756
z_cn_to_cn_residual,2,test-377,-0.003920084665472663,-0.051862359046936035
z_cn_to_cn_residual,2,test-378,-0.295747045488935,-0.33681708574295044
z_cn_to_cn_residual,2,test-379,-0.003920084665472663,-0.051862359046936035
z_cn_to_cn_residual,2,test-380,0.5980680715538729,0.43733060359954834
z_cn_to_cn_residual,2,test-381,0.6906105992764492,0.5464788675308228
z_cn_to_cn_residual,2,test-382,-0.0025667768776077267,-0.04945862293243408
z_cn_to_cn_residual,2,test-383,-0.0025667768776077267,-0.04945862293243408
z_cn_to_cn_residual,2,test-384,-0.018078891203757413,-0.07695567607879639
z_cn_to_cn_residual,2,test-385,-0.0025667768776077267,-0.04945862293243408
z_cn_to_cn_residual,2,test-386,-0.0025667768776077267,-0.04945862293243408
z_cn_to_cn_residual,2,test-387,0.6904677205888524,0.5357557535171509
z_cn_to_cn_residual,2,test-388,0.5071241430143024,0.5441559553146362
z_cn_to_cn_residual,2,test-389,-0.002679459971092827,-0.049657225608825684
z_cn_to_cn_residual,2,test-390,0.5932148614802274,0.6195303201675415
z_cn_to_cn_residual,2,test-391,0.5071241430143024,0.42642295360565186
z_cn_to_cn_residual,2,test-392,-0.002483473901375505,-0.04930984973907471
z_cn_to_cn_residual,2,test-393,-0.0017051669314512175,-0.04792654514312744
z_cn_to_cn_residual,2,test-394,-0.002536581283496064,-0.04940390586853027
z_cn_to_cn_residual,2,test-395,0.5634751272888399,0.2833915948867798
z_cn_to_cn_residual,2,test-396,-0.0025667768776077267,-0.04945862293243408
z_cn_to_cn_residual,2,test-397,-0.011174017424812204,-0.06473422050476074
z_cn_to_cn_residual,2,test-398,-0.003920084665472663,-0.051862359046936035
z_cn_to_cn_residual,2,test-399,-0.18602303754564287,-0.15152430534362793
z_cn_to_cn_residual,2,test-400,0.6904677205888524,0.4323822259902954
z_cn_to_cn_residual,2,test-401,0.6904677205888524,0.292197585105896
z_cn_to_cn_residual,2,test-402,0.5963176677780939,0.5955764055252075
z_cn_to_cn_residual,2,test-403,-0.00961734087375331,-0.06197512149810791
z_cn_to_cn_residual,2,test-404,0.18103728275552644,0.5224748849868774
z_cn_to_cn_residual,2,test-405,-0.0017051669314512175,-0.04792654514312744
z_cn_to_cn_residual,2,test-406,-0.26394703539593084,-0.28920745849609375
z_cn_to_cn_residual,2,test-407,0.6906637066585698,0.7237969636917114
z_cn_to_cn_residual,2,test-408,-0.006236131996241855,-0.05597710609436035
z_cn_to_cn_residual,2,test-409,0.6750682893561879,0.5875849723815918
z_cn_to_cn_residual,2,test-410,-0.0025667768776077267,-0.04945862293243408
z_cn_to_cn_residual,2,test-411,-0.3678477635670827,-0.36607682704925537
z_cn_to_cn_residual,2,test-412,1.0035331796620373,0.649937629699707
z_cn_to_cn_residual,2,test-413,0.3974001350710103,0.4328678846359253
z_cn_to_cn_residual,2,test-414,0.14484892926646498,0.5028935670852661
z_cn_to_cn_residual,2,test-415,0.6904376522693105,0.48099565505981445
z_cn_to_cn_residual,2,test-416,0.42920014516401445,0.524651288986206
z_cn_to_cn_residual,2,test-417,-0.002709528290634796,-0.04971194267272949
z_cn_to_cn_residual,2,test-418,-0.18602303754564287,-0.15152430534362793
z_cn_to_cn_residual,2,test-419,0.42920014516401445,0.49600088596343994
z_cn_to_cn_residual,2,test-420,-0.10534341095846705,-0.16995573043823242
z_cn_to_cn_residual,2,test-421,-0.34185746108770393,-0.37649399042129517
z_cn_to_cn_residual,2,test-422,0.5980680715538729,0.41407716274261475
z_cn_to_cn_residual,2,test-423,-0.002679459971092827,-0.049657225608825684
z_cn_to_cn_residual,2,test-424,0.6924563057315964,0.6519321203231812
z_cn_to_cn_residual,2,test-425,-0.0009230486758283437,-0.04653429985046387
z_cn_to_cn_residual,2,test-426,1.2002713235742477,1.1046003103256226
z_cn_to_cn_residual,2,test-427,-0.06396091467381823,-0.1366889476776123
z_cn_to_cn_residual,2,test-428,0.6906637066585698,0.7237969636917114
z_cn_to_cn_residual,2,test-429,-0.12967205327110548,-0.17387628555297852
z_cn_to_cn_residual,2,test-430,0.002865332104051953,-0.039792656898498535
z_cn_to_cn_residual,2,test-431,-0.002679459971092827,-0.049657225608825684
z_cn_to_cn_residual,2,test-432,-0.07427151148220186,-0.1487950086593628
z_cn_to_cn_residual,2,test-433,0.33133944436357726,0.40573346614837646
z_cn_to_cn_residual,2,test-434,0.5980680715538729,0.7139896154403687
z_cn_to_cn_residual,2,test-435,0.6892270958944726,0.49028027057647705
z_cn_to_cn_residual,2,test-436,0.027598705190133088,0.015302538871765137
z_cn_to_cn_residual,2,test-437,0.6288411122804236,0.42921578884124756
z_cn_to_cn_residual,2,test-438,-0.1278380797400702,-0.1737440824508667
z_cn_to_cn_residual,2,test-439,-0.0025667768776077267,-0.04945862293243408
z_cn_to_cn_residual,2,test-440,0.9007472632761859,0.7053669691085815
z_cn_to_cn_residual,2,test-441,0.09689341725340761,-0.06750643253326416
z_cn_to_cn_residual,2,test-442,0.9986799695883919,0.747785210609436
z_cn_to_cn_residual,2,test-443,1.0035331796620373,0.875390887260437
z_cn_to_cn_residual,2,test-444,-0.001592483837966117,-0.04772520065307617
z_cn_to_cn_residual,2,test-445,1.2002713235742477,1.0588473081588745
z_cn_to_cn_residual,2,test-446,0.9388020364386984,0.9110909700393677
z_cn_to_cn_residual,2,test-447,0.9125892511224669,0.7904492616653442
z_cn_to_cn_residual,2,test-448,-0.0017051669314512175,-0.04792654514312744
z_cn_to_cn_residual,2,test-449,0.6906637066585698,0.7237969636917114
z_cn_to_cn_residual,2,test-450,0.6188756690777434,0.5001522302627563
z_cn_to_cn_residual,2,test-451,-0.6219808875579942,0.1176069974899292
z_cn_to_cn_residual,2,test-452,-0.32077300936225667,-0.36302900314331055
z_cn_to_cn_residual,2,test-453,0.7307645251010271,0.38310039043426514
z_cn_to_cn_residual,2,test-454,-0.09507910900607243,-0.1645810604095459
z_cn_to_cn_residual,2,test-455,0.6930446040093127,0.46841657161712646
z_cn_to_cn_residual,2,test-456,-0.06430606827952172,-0.1369384527206421
z_cn_to_cn_residual,2,test-457,-0.0025667768776077267,-0.04945862293243408
z_cn_to_cn_residual,2,test-458,-0.15981025222941134,-0.17199957370758057
z_cn_to_cn_residual,2,test-459,0.5634751272888399,0.5563337802886963
z_cn_to_cn_residual,2,test-460,0.9125892511224669,0.7707422971725464
z_cn_to_cn_residual,2,test-461,0.5932148614802274,0.46235620975494385
z_cn_to_cn_residual,2,test-462,-0.0022128532902202114,-0.04882824420928955
z_cn_to_cn_residual,2,test-463,0.6905804036823375,0.5524348020553589
z_cn_to_cn_residual,2,test-464,0.6924563057315964,0.5480765104293823
z_cn_to_cn_residual,2,test-465,-0.0022128532902202114,-0.04882824420928955
z_cn_to_cn_residual,2,test-466,0.42920014516401445,0.3342543840408325
z_cn_to_cn_residual,2,test-467,0.5023585253615721,0.37981200218200684
z_cn_to_cn_residual,2,test-468,-0.18602303754564287,-0.15152430534362793
z_cn_to_cn_residual,2,test-469,-0.09993231907971788,-0.1671379804611206
z_cn_to_cn_residual,2,test-470,-0.001592483837966117,-0.04772520065307617
z_cn_to_cn_residual,2,test-471,0.42920014516401445,0.3794597387313843
z_cn_to_cn_residual,2,test-472,-0.002536581283496064,-0.04940390586853027
z_cn_to_cn_residual,2,test-473,0.3907357061859718,0.5473347902297974
z_cn_to_cn_residual,2,test-474,0.18103728275552644,0.47389769554138184
z_cn_to_cn_residual,2,test-475,0.629186265886127,0.5473908185958862
z_cn_to_cn_residual,2,test-476,-0.002679459971092827,-0.049657225608825684
z_cn_to_cn_residual,2,test-477,-0.09507910900607243,-0.1645810604095459
z_cn_to_cn_residual,2,test-478,0.5963176677780939,0.6151896715164185
z_cn_to_cn_residual,2,test-479,0.5071241430143024,0.48258793354034424
z_cn_to_cn_residual,2,test-480,0.7232900511466166,0.7030290365219116
z_cn_to_cn_residual,2,test-481,-0.003920084665472663,-0.051862359046936035
z_cn_to_cn_residual,2,test-482,0.5634751272888399,0.42088794708251953
z_cn_to_cn_residual,2,test-483,0.4676238340609221,0.5447224378585815
z_cn_to_cn_residual,2,test-484,-0.002679459971092827,-0.049657225608825684
z_cn_to_cn_residual,2,test-485,-0.295747045488935,-0.33681708574295044
z_cn_to_cn_residual,2,test-486,-0.0017051669314512175,-0.04792654514312744
z_cn_to_cn_residual,2,test-487,-0.21403955770147523,-0.20275366306304932
z_cn_to_cn_residual,2,test-488,-0.002679459971092827,-0.049657225608825684
z_cn_to_cn_residual,2,test-489,-0.002709528290634796,-0.04971194267272949
z_cn_to_cn_residual,2,test-490,-0.0025667768776077267,-0.04945862293243408
z_cn_to_cn_residual,2,test-491,-0.002679459971092827,-0.049657225608825684
z_cn_to_cn_residual,2,test-492,0.6422000301412054,0.41674840450286865
z_cn_to_cn_residual,2,test-493,0.732166078719928,0.6820236444473267
z_cn_to_cn_residual,2,test-494,-0.002483473901375505,-0.04930984973907471
z_cn_to_cn_residual,2,test-495,-0.31852856519640793,-0.3607443571090698
z_cn_to_cn_residual,2,test-496,-0.0025667768776077267,-0.04945862293243408
z_cn_to_cn_residual,2,test-497,0.6917662213034395,0.5190788507461548
z_cn_to_cn_residual,2,test-498,-0.003920084665472663,-0.051862359046936035
z_cn_to_cn_residual,2,test-499,-0.530128441809577,-0.559711217880249
z_cn_to_cn_residual,2,test-500,-0.3024114743739735,-0.34395891427993774
z_cn_to_cn_residual,2,test-501,0.6960125126639972,0.467632532119751
z_cn_to_cn_residual,2,test-502,0.3974001350710103,0.46739447116851807
z_cn_to_cn_residual,2,test-503,-0.4555583161639697,-0.09800529479980469
z_cn_to_cn_residual,2,test-504,-0.4681938869129151,-0.5041801929473877
z_cn_to_cn_residual,2,test-505,0.629186265886127,0.5531381368637085
z_cn_to_cn_residual,2,test-506,-0.4092811700187469,-0.3836919069290161
z_cn_to_cn_residual,2,test-507,-0.006401163194461921,-0.05627012252807617
z_cn_to_cn_residual,2,test-508,-0.7439778312008087,-0.8110260963439941
z_cn_to_cn_residual,2,test-509,0.400053207186074,0.4241849184036255
z_cn_to_cn_residual,2,test-510,0.9297295237162035,0.9581881761550903
z_cn_to_cn_residual,2,test-511,-0.06430606827952172,-0.1369384527206421
