u,v,label,score_total,score_degree,score_cn,score_residual,score_interaction,interaction_share,degree_u,degree_v,degree_score,cn_raw,cn,cn_expected,cn_residual,quadrant,model_cn_expected,model_cn_residual,model_cn_normalized,cn_feature_mode,interaction_mode,rank
733,1062,1,9.063000679016113,1.2187479734420776,3.521296977996826,4.203736305236816,0.11137490719556808,0.012299612164497375,25,3,4.6443908991413725,1,1,0.2834964304215914,0.4096507501383539,HH,0.2834964394569397,0.4096507430076599,0.1154700443148613,residual,audited,3.0
1416,1468,1,4.4805474281311035,1.2173292636871338,-0.7758961915969849,3.836907386779785,0.19436201453208923,0.032261960208415985,17,2,3.9889840465642745,0,0,0.257133548881196,-0.257133548881196,HL,0.2571335434913635,-0.2571335434913635,0.0,residual,audited,37.0
350,1778,1,6.305081844329834,-0.49563485383987427,2.480316162109375,4.27544641494751,0.03710886090993881,0.005091422237455845,13,6,4.584967478670571,1,1,0.7193156778617236,-0.026168497301778282,HL,0.7193156480789185,-0.026168465614318848,0.1132277101278305,residual,audited,74.0
657,1740,1,3.125058889389038,-0.8157531023025513,-0.21159307658672333,4.088830471038818,0.05572929605841637,0.010775388218462467,10,12,4.962844630259907,0,0,0.6196499723695155,-0.6196499723695155,HL,0.6196499466896057,-0.6196499466896057,0.0,residual,audited,100.0
1602,2073,1,2.817481517791748,-0.5018419027328491,-0.8499388694763184,4.119862079620361,0.04155519977211952,0.007537403143942356,7,2,3.1780538303479453,0,0,0.09682951278185134,-0.09682951278185134,HL,0.09682951122522354,-0.09682951122522354,0.0,residual,audited,71.0
507,1300,1,7.5876784324646,-0.26287731528282166,3.519536256790161,4.281197547912598,0.041976869106292725,0.005178757011890411,16,6,4.77912349311153,5,5,0.7613044293103012,1.030455039917754,HH,0.7613044381141663,1.0304551124572754,0.5103103518486023,residual,audited,13.0
1682,2189,1,-1.6128419637680054,-0.7980249524116516,-0.6442894339561462,-0.22165733575820923,0.043284524232149124,0.025353267788887024,8,4,3.8066624897703196,0,0,0.40617432960244304,-0.40617432960244304,HL,0.40617433190345764,-0.40617433190345764,0.0,residual,audited,122.99999999999999
306,1798,1,8.524540901184082,1.5977706909179688,2.5058488845825195,4.260776042938232,0.15230044722557068,0.0178825743496418,64,5,5.966146739123692,5,5,0.7195270036789018,1.072232465549153,HH,0.719527006149292,1.0722324848175049,0.279508501291275,residual,audited,7.0
661,1878,1,-1.2225502729415894,0.5867624282836914,-0.822094738483429,-1.1317031383514404,0.13663998246192932,0.051038384437561035,12,2,3.6635616461296463,0,0,0.17653506637630972,-0.17653506637630972,HL,0.17653506994247437,-0.17653506994247437,0.0,residual,audited,88.0
2446,2448,1,2.576538562774658,-0.7700439095497131,-0.8492212891578674,4.168907642364502,0.01905076764523983,0.0032805295195430517,6,2,3.044522437723423,0,0,0.09993231907971788,-0.09993231907971788,HL,0.09993232041597366,-0.09993232041597366,0.0,residual,audited,30.0
1704,1912,1,0.015157454647123814,-0.4366792142391205,-0.6936984658241272,1.0717744827270508,0.06591548025608063,0.029062394052743912,3,9,3.6888794541139367,0,0,0.361807736196368,-0.361807736196368,HL,0.3618077337741852,-0.3618077337741852,0.0,residual,audited,162.0
4,1761,1,6.414646148681641,-1.08980131149292,3.475642204284668,4.029001235961914,-0.008041076362133026,0.000934738724026829,4,5,3.401197381662155,2,2,0.26394703539593084,0.834665253272179,HH,0.2639470398426056,0.8346652984619141,0.4472135901451111,residual,audited,8.0
236,2046,1,5.866881370544434,-0.6547307968139648,2.280090808868408,4.21492862701416,0.018748028203845024,0.0026153356302529573,9,4,3.9120230054281464,2,2,0.42142500762192203,0.6771872810461878,HH,0.4214250147342682,0.6771873235702515,0.3333333432674408,residual,audited,9.0
1411,2218,1,-0.5834047198295593,0.9648114442825317,-0.8659063577651978,-0.7249916195869446,0.03483666852116585,0.013447615318000317,0,1,0.6931471805599453,0,0,0.0025667768776077267,-0.0025667768776077267,LL,0.0025667769368737936,-0.0025667769368737936,0.0,residual,audited,50.0
1359,1914,1,8.08908462524414,0.6142454743385315,3.5220890045166016,3.8646721839904785,0.08023305237293243,0.009928310289978981,4,22,4.74493212836325,1,1,0.6011019660483662,0.0920452145115791,HH,0.6011019945144653,0.09204518795013428,0.10660035908222198,residual,audited,18.0
1013,1844,1,5.654489040374756,2.45589017868042,-0.8737456202507019,3.7692596912384033,0.2952401340007782,0.03992895781993866,29,1,4.0943445622221,0,0,-0.1059855857541714,0.1059855857541714,HH,-0.10598558932542801,0.10598558932542801,0.0,residual,audited,8.0
2263,2490,1,6.710479259490967,-1.077343463897705,3.530918598175049,4.287362575531006,-0.038303475826978683,0.004287417512387037,2,1,1.791759469228055,1,1,0.0025667768776077267,0.6905804036823375,LH,0.0025667769368737936,0.690580427646637,0.7071067690849304,residual,audited,8.0
1072,1802,1,8.381061553955078,1.8211636543273926,2.344416618347168,4.056532382965088,0.15110385417938232,0.018046094104647636,26,2,4.394449154672439,1,1,0.2057299702690783,0.487417210290867,HH,0.20572997629642487,0.48741722106933594,0.1386750489473343,residual,audited,16.0
968,1986,1,6.029909133911133,2.677232503890991,-0.8689061999320984,3.8937413692474365,0.31999683380126953,0.04123735800385475,1,55,4.718498871295095,0,0,-0.027598705190133088,0.027598705190133088,HH,-0.027598705142736435,0.027598705142736435,0.0,residual,audited,12.0
968,1603,1,-3.148649215698242,0.9648114442825317,-0.8659063577651978,-3.290236234664917,0.03483666852116585,0.006756803952157497,1,0,0.6931471805599453,0,0,0.0025667768776077267,-0.0025667768776077267,LL,0.0025667769368737936,-0.0025667769368737936,0.0,residual,audited,218.0
650,1486,1,1.2614240646362305,-0.7700439095497131,-0.8492212891578674,2.8537933826446533,0.01905076764523983,0.004240940324962139,6,2,3.044522437723423,0,0,0.09993231907971788,-0.09993231907971788,HL,0.09993232041597366,-0.09993232041597366,0.0,residual,audited,106.0
73,1751,1,4.626699447631836,1.2805293798446655,-0.8660958409309387,4.021298885345459,0.1831219345331192,0.02883335016667843,11,1,3.1780538303479458,0,0,0.0006908748283487874,-0.0006908748283487874,HL,0.0006908748182468116,-0.0006908748182468116,0.0,residual,audited,69.0
1602,2074,1,6.917782306671143,-0.7974759340286255,3.530466079711914,4.174464225769043,0.0024828750174492598,0.0002919350517913699,7,3,3.465735902799726,1,1,0.31951830065715553,0.37362887990278976,HH,0.3195182979106903,0.3736288845539093,0.2182178795337677,residual,audited,17.0
1599,2614,1,2.0133867263793945,-1.08980131149292,-0.7712138891220093,3.8533735275268555,0.01318330131471157,0.0023017260245978832,5,4,3.401197381662155,0,0,0.26394703539593084,-0.26394703539593084,HL,0.2639470398426056,-0.2639470398426056,0.0,residual,audited,182.0
1201,2533,1,-3.7652111053466797,0.8947683572769165,-0.8660048842430115,-3.8385682106018066,0.03674852475523949,0.006520216353237629,2,0,1.0986122886681098,0,0,0.001592483837966117,-0.001592483837966117,LL,0.0015924838371574879,-0.0015924838371574879,0.0,residual,audited,299.0
1409,1826,1,6.676053524017334,-1.0122919082641602,3.5367116928100586,4.147161960601807,-0.003373164450749755,0.00038774064159952104,4,6,3.5553480614894135,1,1,0.3678477635670827,0.3252994169928626,HH,0.3678477704524994,0.3252994120121002,0.20412413775920868,residual,audited,10.0
756,885,1,-4.046245574951172,-0.6717173457145691,-0.41241779923439026,-3.0326876640319824,0.06273239105939865,0.015009347349405289,10,5,4.189654742026425,0,0,0.5320508010865779,-0.5320508010865779,HL,0.5320507884025574,-0.5320507884025574,0.0,residual,audited,233.99999999999997
1153,1401,1,7.021112442016602,-0.7904485464096069,3.5384974479675293,4.297159194946289,-0.031940560787916183,0.003689118893817067,1,4,2.3025850929940455,1,1,0.002536581283496064,0.6906105992764492,LH,0.002536581363528967,0.6906105875968933,0.5,residual,audited,5.0
102,1251,1,5.74589729309082,-0.7974759340286255,2.3690760135650635,4.167447090148926,-0.00099465053062886,0.00013560346269514412,7,3,3.465735902799726,2,2,0.31951830065715553,0.7790939880109542,HH,0.3195182979106903,0.7790939807891846,0.4364357590675354,residual,audited,22.0
567,1513,1,5.415410995483398,-0.9750540256500244,2.195035219192505,4.202156066894531,-0.014571085572242737,0.00197257986292243,5,2,2.8903717578961645,1,1,0.09507910900607243,0.5980680715538729,LH,0.09507910907268524,0.5980680584907532,0.3162277638912201,residual,audited,8.0
1282,1735,1,6.0990447998046875,-0.9084423780441284,2.882227897644043,4.115957260131836,0.0014571473002433777,0.00018426045426167548,4,7,3.688879454113936,2,2,0.4092811700187469,0.6893311186493629,HH,0.4092811644077301,0.6893311738967896,0.37796449661254883,residual,audited,12.0
1440,1701,1,9.91348934173584,2.708054780960083,3.5462679862976074,3.466495990753174,0.18482503294944763,0.018658557906746864,1,65,4.882801922586371,1,1,0.020145318105689636,0.6730018624542556,HH,0.020145317539572716,0.6730018854141235,0.12403473258018494,residual,audited,1.0
118,581,1,7.739751815795898,0.31167638301849365,3.530923843383789,3.823323965072632,0.06598291546106339,0.008533847518265247,18,4,4.553876891600541,1,1,0.47281091218246313,0.22033626837748216,HH,0.47281092405319214,0.22033625841140747,0.1178511381149292,residual,audited,20.0
124,1367,1,2.86723256111145,-0.6150569915771484,-0.7324021458625793,4.156566143035889,0.050280433148145676,0.009052514098584652,3,8,3.58351893845611,0,0,0.31403642712572494,-0.31403642712572494,HL,0.31403642892837524,-0.31403642892837524,0.0,residual,audited,54.0
1042,1517,1,9.778629302978516,1.9912197589874268,3.5279011726379395,4.122936725616455,0.12872740626335144,0.013174725696444511,17,1,3.58351893845611,1,1,0.007700184364779972,0.6854469961951654,HH,0.0077001843601465225,0.6854469776153564,0.24253563582897186,residual,audited,1.0
492,1533,1,2.435058355331421,-1.056390404701233,-0.7967120409011841,4.271291255950928,0.009024448692798615,0.001471357187256217,5,3,3.1780538303479453,0,0,0.22552334649902314,-0.22552334649902314,HL,0.22552335262298584,-0.22552335262298584,0.0,residual,audited,34.0
972,1000,1,2.292102813720703,-1.1578092575073242,-0.8288726210594177,4.265687942504883,0.005251563154160976,0.0008392267627641559,3,3,2.772588722239781,0,0,0.15981025222941134,-0.15981025222941134,LL,0.15981024503707886,-0.15981024503707886,0.0,residual,audited,29.0
468,647,1,1.9690357446670532,-0.8100169897079468,-0.8659147620201111,3.610076904296875,0.02704540453851223,0.005090368911623955,1,1,1.3862943611198906,0,0,0.002483473901375505,-0.002483473901375505,LL,0.0024834738578647375,-0.0024834738578647375,0.0,residual,audited,31.0
121,1910,1,-3.6539926528930664,-0.7904485464096069,-0.8659093976020813,-2.004352331161499,-0.0011275240685790777,0.0003079120651818812,4,1,2.3025850929940455,0,0,0.002536581283496064,-0.002536581283496064,LL,0.002536581363528967,-0.002536581363528967,0.0,residual,audited,197.99999999999997
547,598,1,5.670060634613037,2.387943983078003,-0.8672707676887512,3.8544206619262695,0.2871216833591461,0.03881723806262016,1,26,3.9889840465642745,0,0,-0.011027840012221813,0.011027840012221813,HH,-0.011027839966118336,0.011027839966118336,0.0,residual,audited,28.0
452,1258,1,1.2724802494049072,-1.077343463897705,-0.8659063577651978,3.212479591369629,-0.004594696685671806,0.0008903891430236399,2,1,1.791759469228055,0,0,0.0025667768776077267,-0.0025667768776077267,LL,0.0025667769368737936,-0.0025667769368737936,0.0,residual,audited,67.0
1109,2671,1,7.848753929138184,0.017242901027202606,3.5261988639831543,4.259781360626221,0.037685807794332504,0.0048063057474792,3,12,3.951243718581427,3,3,0.32077300936225667,1.0655213517576338,HH,0.32077300548553467,1.0655213594436646,0.5,residual,audited,6.0
1365,1702,1,6.092769622802734,-0.4366792142391205,3.5225954055786133,2.980194091796875,0.01881391741335392,0.0027038161642849445,3,9,3.6888794541139367,1,1,0.361807736196368,0.33133944436357726,HH,0.3618077337741852,0.33133944869041443,0.19245009124279022,residual,audited,21.0
326,1358,1,9.448688507080078,2.7143101692199707,2.756959915161133,3.7548410892486572,0.21473237872123718,0.02274504117667675,2,139,6.040254711277414,1,1,0.3024114743739735,0.3907357061859718,HH,0.3024114668369293,0.3907357156276703,0.059976015239953995,residual,audited,1.0
718,2059,1,1.6311774253845215,-1.1560620069503784,-0.8551075458526611,3.6377201080322266,-0.0032184689771384,0.0005694280844181776,2,3,2.4849066497880004,0,0,0.07427151148220186,-0.07427151148220186,LL,0.07427151501178741,-0.07427151501178741,0.0,residual,audited,72.0
1085,1421,1,6.651332378387451,-1.056390404701233,3.5171701908111572,4.196458339691162,-0.013750708661973476,0.0015654676826670766,3,5,3.1780538303479453,3,3,0.22552334649902314,1.1607710146208674,HH,0.22552335262298584,1.1607710123062134,0.774596631526947,residual,audited,6.0
166,2617,1,-3.2298998832702637,0.9648114442825317,-0.8659063577651978,-3.3714869022369385,0.03483666852116585,0.0066519747488200665,1,0,0.6931471805599453,0,0,0.0025667768776077267,-0.0025667768776077267,LL,0.0025667769368737936,-0.0025667769368737936,0.0,residual,audited,147.0
1856,2045,1,7.612034320831299,0.9023674726486206,2.3422794342041016,4.240695476531982,0.11884696781635284,0.01562914438545704,4,27,4.941642422609304,1,1,0.5687250615168912,0.12442211904305411,HH,0.568725049495697,0.12442213296890259,0.09622504562139511,residual,audited,51.0
307,991,1,5.662113189697266,3.2367231845855713,-0.8659147620201111,2.921811103820801,0.3616485893726349,0.04896342009305954,0,0,0.0,0,0,0.002483473901375505,-0.002483473901375505,LL,0.0024834738578647375,-0.0024834738578647375,0.0,residual,audited,1.0
958,1798,1,5.368886470794678,-0.9750540256500244,2.0877926349639893,4.257044792175293,-0.008741967380046844,0.0011928509920835495,2,5,2.8903717578961645,1,1,0.09507910900607243,0.5980680715538729,LH,0.09507910907268524,0.5980680584907532,0.3162277638912201,residual,audited,49.00000000000001
1358,1568,1,9.01981258392334,2.7143101692199707,2.048633098602295,4.002377033233643,0.24664747714996338,0.027368882670998573,139,2,6.040254711277414,1,1,0.3024114743739735,0.3907357061859718,HH,0.3024114668369293,0.3907357156276703,0.059976015239953995,residual,audited,18.0
1501,2228,1,6.728078842163086,-0.9518704414367676,3.5190317630767822,4.159152030944824,-0.00607986468821764,0.000704003032296896,6,3,3.332204510175204,1,1,0.295747045488935,0.3974001350710103,HH,0.2957470417022705,0.3974001407623291,0.2357022762298584,residual,audited,6.0
14,2668,1,6.642503261566162,-1.122960090637207,3.498073101043701,4.282314777374268,-0.0227696280926466,0.0025508992839604616,4,3,2.995732273553991,1,1,0.18602303754564287,0.5071241430143024,HH,0.1860230416059494,0.507124125957489,0.28867512941360474,residual,audited,14.0
1038,1358,1,6.155202388763428,2.552041530609131,-0.26345711946487427,3.539701223373413,0.31907182931900024,0.04780624061822891,3,139,6.327936783729195,0,0,0.5962537633065377,-0.5962537633065377,HL,0.5962537527084351,-0.5962537527084351,0.0,residual,audited,164.0
1385,2335,1,2.414757013320923,-0.9750540256500244,-0.8503429293632507,4.230262756347656,0.0020460740197449923,0.0003377638349775225,2,5,2.8903717578961645,0,0,0.09507910900607243,-0.09507910900607243,LL,0.09507910907268524,-0.09507910907268524,0.0,residual,audited,41.0
647,904,1,3.183669328689575,-0.14829319715499878,-0.865517795085907,4.133471965789795,0.05616338923573494,0.010793497785925865,1,6,2.6390573296152584,0,0,0.006401163194461921,-0.006401163194461921,LL,0.006401163060218096,-0.006401163060218096,0.0,residual,audited,17.0
1849,1914,1,4.297089099884033,0.33168601989746094,-0.30425700545310974,4.117323398590088,0.14449180662631989,0.029501622542738914,5,22,4.927253685157204,0,0,0.5779234037185782,-0.5779234037185782,HL,0.5779234170913696,-0.5779234170913696,0.0,residual,audited,79.0
1773,1780,1,2.261751174926758,-1.079609990119934,-0.8503429293632507,4.18665885925293,-0.002799947513267398,0.0004575517668854445,4,2,2.70805020110221,0,0,0.09507910900607243,-0.09507910900607243,LL,0.09507910907268524,-0.09507910907268524,0.0,residual,audited,73.0
306,656,1,9.948690414428711,2.4947054386138916,3.0283827781677246,4.250025272369385,0.16773176193237305,0.016872987151145935,64,2,5.272999558563747,2,2,0.22027006945527555,0.8783422192128343,HH,0.2202700674533844,0.8783422708511353,0.1767766922712326,residual,audited,7.0
1351,1535,1,2.751897096633911,-0.8734345436096191,-0.5151621699333191,4.090163707733154,0.04248505458235741,0.007694831117987633,8,5,3.9889840465642745,0,0,0.4855470978437046,-0.4855470978437046,HL,0.48554709553718567,-0.48554709553718567,0.0,residual,audited,64.0
2457,2458,1,6.672670841217041,-1.0061399936676025,3.5417304039001465,4.165756702423096,-0.03652133420109749,0.004173796158283949,3,1,2.0794415416798357,1,1,0.002679459971092827,0.6904677205888524,LH,0.002679459983482957,0.6904677152633667,0.5773502588272095,residual,audited,3.0
109,1805,1,5.039026737213135,1.3750838041305542,-0.7822914123535156,4.228909492492676,0.20947977900505066,0.03175974264740944,28,3,4.7535901911063645,0,0,0.2474640255978244,-0.2474640255978244,HL,0.24746403098106384,-0.24746403098106384,0.0,residual,audited,9.0
907,1351,1,-2.7552096843719482,1.4775207042694092,-0.865942120552063,-3.475658416748047,0.1010250672698021,0.017064623534679413,0,8,2.1972245773362196,0,0,0.0022128532902202114,-0.0022128532902202114,LL,0.002212853403761983,-0.002212853403761983,0.0,residual,audited,90.0
748,1617,1,2.880579948425293,1.5755224227905273,-0.8660174012184143,2.0494651794433594,0.11376458406448364,0.024705814197659492,10,0,2.3978952727983707,0,0,0.0014682163898236727,-0.0014682163898236727,LL,0.0014682164182886481,-0.0014682164182886481,0.0,residual,audited,149.0
1357,2170,1,1.0903555154800415,-0.8100169897079468,-0.8659147620201111,2.7313966751098633,0.02704540453851223,0.006099035497754812,1,1,1.3862943611198906,0,0,0.002483473901375505,-0.002483473901375505,LL,0.0024834738578647375,-0.0024834738578647375,0.0,residual,audited,63.0
645,1495,1,3.0950489044189453,0.41172412037849426,-0.820202112197876,3.3737926483154297,0.121889129281044,0.02578241191804409,11,2,3.58351893845611,0,0,0.18117393408101218,-0.18117393408101218,HL,0.18117393553256989,-0.18117393553256989,0.0,residual,audited,69.0
56,1849,1,6.716226577758789,-0.9750540256500244,3.530506134033203,4.171769618988037,-0.01883997768163681,0.0021664684172719717,2,5,2.8903717578961645,2,2,0.09507910900607243,1.0035331796620373,LH,0.09507910907268524,1.0035332441329956,0.6324555277824402,residual,audited,4.0
743,1570,1,2.229902505874634,-0.4995826482772827,-0.8657693862915039,3.563289165496826,0.02412041835486889,0.004870094824582338,5,1,2.4849066497880004,0,0,0.003920084665472663,-0.003920084665472663,LL,0.003920084796845913,-0.003920084796845913,0.0,residual,audited,72.0
8,281,1,2.783149480819702,-0.4995826482772827,-0.8657693862915039,4.1165361404418945,0.02412041835486889,0.004380744881927967,1,5,2.4849066497880004,0,0,0.003920084665472663,-0.003920084665472663,LL,0.003920084796845913,-0.003920084796845913,0.0,residual,audited,5.0
598,1301,1,2.8906168937683105,0.8496254682540894,-0.4575265049934387,2.308659791946411,0.18201304972171783,0.04792560264468193,26,4,4.90527477843843,0,0,0.5121098978044188,-0.5121098978044188,HL,0.5121098756790161,-0.5121098756790161,0.0,residual,audited,98.99999999999999
1388,2181,1,6.58932638168335,-1.1320428848266602,3.527895212173462,4.194319248199463,-0.008690250106155872,0.0009805146837607026,4,4,3.2188758248682006,1,1,0.2842516161783053,0.40889556438164,HH,0.2842516303062439,0.4088955521583557,0.25,residual,audited,16.0
1818,2305,1,6.676159381866455,-1.122960090637207,3.518937110900879,4.289662837982178,-0.017325211316347122,0.0019360188161954284,3,4,2.995732273553991,1,1,0.18602303754564287,0.5071241430143024,HH,0.1860230416059494,0.507124125957489,0.28867512941360474,residual,audited,8.0
2228,2394,1,8.019815444946289,0.27826473116874695,3.5184378623962402,4.157808780670166,0.057458966970443726,0.007171639706939459,3,14,4.0943445622221,1,1,0.3512116285679379,0.34193555199200737,HH,0.35121163725852966,0.34193554520606995,0.15430335700511932,residual,audited,3.0
2303,2541,1,-0.0183432437479496,-1.077343463897705,-0.8659063577651978,1.9216561317443848,-0.004594696685671806,0.0011874133488163352,2,1,1.791759469228055,0,0,0.0025667768776077267,-0.0025667768776077267,LL,0.0025667769368737936,-0.0025667769368737936,0.0,residual,audited,76.0
661,1879,1,0.8095697164535522,0.017242901027202606,-0.7269803881645203,1.4113773107528687,0.10008475184440613,0.04436999559402466,12,3,3.951243718581427,0,0,0.32077300936225667,-0.32077300936225667,HL,0.32077300548553467,-0.32077300548553467,0.0,residual,audited,139.0
1395,2072,1,1.7359585762023926,-1.079609990119934,-0.8503429293632507,3.6608662605285645,-0.002799947513267398,0.0005005609709769487,4,2,2.70805020110221,0,0,0.09507910900607243,-0.09507910900607243,LL,0.09507910907268524,-0.09507910907268524,0.0,residual,audited,36.0
1091,2176,1,7.00484561920166,-0.7700439095497131,3.505929946899414,4.268847942352295,-0.00773314805701375,0.000904191576410085,2,6,3.044522437723423,2,2,0.09993231907971788,0.9986799695883919,HH,0.09993232041597366,0.9986799955368042,0.5773502588272095,residual,audited,1.0
387,2191,1,-2.9381465911865234,0.8947683572769165,-0.8660048842430115,-3.0115036964416504,0.03674852475523949,0.007641574367880821,2,0,1.0986122886681098,0,0,0.001592483837966117,-0.001592483837966117,LL,0.0015924838371574879,-0.0015924838371574879,0.0,residual,audited,140.0
1300,2508,1,7.037009239196777,-0.7700439095497131,3.5230555534362793,4.28353214263916,-0.007379671558737755,0.0008596996776759624,6,2,3.044522437723423,1,1,0.09993231907971788,0.5932148614802274,HH,0.09993232041597366,0.5932148694992065,0.28867512941360474,residual,audited,5.0
926,1862,1,-1.0440468788146973,1.0008257627487183,-0.8659934997558594,-1.2382665872573853,0.051542237401008606,0.01632825843989849,0,3,1.3862943611198906,0,0,0.0017051669314512175,-0.0017051669314512175,LL,0.0017051668837666512,-0.0017051668837666512,0.0,residual,audited,148.0
1125,2332,1,1.4275717735290527,-1.077343463897705,-0.8659063577651978,3.3675711154937744,-0.004594696685671806,0.0008644096087664366,1,2,1.791759469228055,0,0,0.0025667768776077267,-0.0025667768776077267,LL,0.0025667769368737936,-0.0025667769368737936,0.0,residual,audited,40.0
577,2351,1,6.885286331176758,-0.9084423780441284,3.515957832336426,4.268563747406006,0.001362551236525178,0.00015671727305743843,7,4,3.688879454113936,2,2,0.4092811700187469,0.6893311186493629,HH,0.4092811644077301,0.6893311738967896,0.37796449661254883,residual,audited,4.0
45,2667,1,6.663629531860352,-1.1030288934707642,3.509964942932129,4.2525858879089355,-0.003737214021384716,0.0004213643551338464,5,5,3.58351893845611,1,1,0.3664462099481818,0.3267009706117635,HH,0.36644619703292847,0.32670098543167114,0.20000000298023224,residual,audited,11.0
1273,2125,1,7.013270378112793,-0.7974759340286255,3.5054516792297363,4.2993974685668945,-0.001947944168932736,0.00022639262897428125,7,3,3.465735902799726,3,3,0.31951830065715553,1.066776060462735,HH,0.3195182979106903,1.0667760372161865,0.6546536684036255,residual,audited,8.0
2045,2047,1,1.890823245048523,2.4126386642456055,-0.8572196364402771,0.03895051032304764,0.288608580827713,0.0802266076207161,27,1,4.025351690735149,0,0,0.06306873591422772,-0.06306873591422772,HL,0.06306873261928558,-0.06306873261928558,0.0,residual,audited,169.0
341,2045,1,-0.06931931525468826,1.326012134552002,-0.7279905676841736,-0.884189784526825,0.2090037614107132,0.06640950590372086,3,27,4.718498871295094,0,0,0.3195190468888935,-0.3195190468888935,HL,0.31951904296875,-0.31951904296875,0.0,residual,audited,203.0
6,1042,1,4.779514312744141,1.2173292636871338,-0.7758961915969849,4.135874271392822,0.19436201453208923,0.030736645683646202,2,17,3.9889840465642745,0,0,0.257133548881196,-0.257133548881196,HL,0.2571335434913635,-0.2571335434913635,0.0,residual,audited,57.0
1920,1926,1,6.568326950073242,-0.9518704414367676,3.5248632431030273,3.9920504093170166,-0.004561550449579954,0.0005383411189541221,3,6,3.332204510175204,1,1,0.295747045488935,0.3974001350710103,HH,0.2957470417022705,0.3974001407623291,0.2357022762298584,residual,audited,19.0
1568,1729,1,1.8519761562347412,-1.079609990119934,-0.8503429293632507,3.776883840560913,-0.002799947513267398,0.0004903897643089294,2,4,2.70805020110221,0,0,0.09507910900607243,-0.09507910900607243,LL,0.09507910907268524,-0.09507910907268524,0.0,residual,audited,171.0
360,1824,1,3.162066698074341,-0.14829319715499878,-0.865517795085907,4.1118693351745605,0.05616338923573494,0.010838495567440987,1,6,2.6390573296152584,0,0,0.006401163194461921,-0.006401163194461921,LL,0.006401163060218096,-0.006401163060218096,0.0,residual,audited,8.0
482,2308,1,2.157177448272705,-0.9518704414367676,-0.7470583319664001,3.8298089504241943,0.01845206692814827,0.0033263808581978083,6,3,3.332204510175204,0,0,0.295747045488935,-0.295747045488935,HL,0.2957470417022705,-0.2957470417022705,0.0,residual,audited,40.0
1522,1697,1,0.4079364836215973,-1.1560620069503784,-0.8551075458526611,2.4144792556762695,-0.0032184689771384,0.0007267025066539645,2,3,2.4849066497880004,0,0,0.07427151148220186,-0.07427151148220186,LL,0.07427151501178741,-0.07427151501178741,0.0,residual,audited,94.0
741,1088,1,2.106579542160034,-1.0061399936676025,-0.8658949732780457,3.9801435470581055,-0.009374178014695644,0.0015992653788998723,3,1,2.0794415416798357,0,0,0.002679459971092827,-0.002679459971092827,LL,0.002679459983482957,-0.002679459983482957,0.0,residual,audited,30.0
1191,1558,1,5.747262954711914,-0.5018419027328491,2.1171796321868896,4.102694511413574,0.021385671570897102,0.0031714888755232096,2,7,3.1780538303479453,1,1,0.09682951278185134,0.5963176677780939,HH,0.09682951122522354,0.5963176488876343,0.26726123690605164,residual,audited,6.0
306,2078,1,9.3135347366333,2.4947054386138916,2.8607659339904785,3.7795097827911377,0.17070822417736053,0.018344499170780182,64,2,5.272999558563747,1,1,0.22027006945527555,0.47287711110466973,HH,0.2202700674533844,0.4728771150112152,0.0883883461356163,residual,audited,24.0
86,2295,1,-1.994398832321167,-1.1560620069503784,-0.8551075458526611,0.012143827974796295,-0.0032184689771384,0.0015881661092862487,2,3,2.4849066497880004,0,0,0.07427151148220186,-0.07427151148220186,LL,0.07427151501178741,-0.07427151501178741,0.0,residual,audited,144.0
364,1632,1,6.347522735595703,-0.002962268888950348,2.1143546104431152,4.170445919036865,0.05783960595726967,0.009114912711083889,9,2,3.401197381662156,1,1,0.12967205327110548,0.5634751272888399,HH,0.12967205047607422,0.5634751319885254,0.2357022762298584,residual,audited,8.0
1358,1742,1,7.374763011932373,1.2464572191238403,2.1152091026306152,3.8372066020965576,0.16804572939872742,0.022810859605669975,139,12,7.50659178007084,2,2,1.720593176226104,-0.6219808875579942,HL,1.7205932140350342,-0.6219809055328369,0.048970211297273636,residual,audited,130.0
109,176,1,2.2429556846618652,1.9070841073989868,-0.8504025340080261,0.9326041340827942,0.2458249181509018,0.06245685741305351,28,2,4.465908118654584,0,0,0.0948206319924906,-0.0948206319924906,HL,0.09482063353061676,-0.09482063353061676,0.0,residual,audited,194.0
52,2053,1,2.523378610610962,-0.7904485464096069,-0.8659093976020813,4.173018932342529,-0.0011275240685790777,0.00019338360289111733,4,1,2.3025850929940455,0,0,0.002536581283496064,-0.002536581283496064,LL,0.002536581363528967,-0.002536581363528967,0.0,residual,audited,38.0
1240,2237,1,2.368900775909424,-1.079609990119934,-0.8503429293632507,4.293808460235596,-0.002799947513267398,0.00044967795838601887,4,2,2.70805020110221,0,0,0.09507910900607243,-0.09507910900607243,LL,0.09507910907268524,-0.09507910907268524,0.0,residual,audited,16.0
779,1370,1,2.386176586151123,-1.1030288934707642,-0.6899100542068481,4.151750087738037,0.01952017843723297,0.003272886388003826,5,5,3.58351893845611,0,0,0.3664462099481818,-0.3664462099481818,HL,0.36644619703292847,-0.36644619703292847,0.0,residual,audited,14.0
2509,2519,1,6.060222148895264,-1.079609990119934,2.87721586227417,4.286875247955322,-0.03210420534014702,0.003879284719005227,4,2,2.70805020110221,1,1,0.09507910900607243,0.5980680715538729,LH,0.09507910907268524,0.5980680584907532,0.3535533845424652,residual,audited,11.0
71,1986,1,-1.8620340824127197,2.002107620239258,-0.8694891929626465,-3.173731803894043,0.17123407125473022,0.027544815093278885,0,55,4.02535169073515,0,0,-0.03377005795343527,0.03377005795343527,HH,-0.033770058304071426,0.033770058304071426,0.0,residual,audited,260.0
2139,2140,1,2.3188223838806152,-1.1578092575073242,-0.8288726210594177,4.292407512664795,0.005251563154160976,0.0008356585749424994,3,3,2.772588722239781,0,0,0.15981025222941134,-0.15981025222941134,LL,0.15981024503707886,-0.15981024503707886,0.0,residual,audited,19.0
249,621,1,6.447805404663086,-1.122795581817627,3.536255359649658,4.057157516479492,-0.03065677545964718,0.0035048872232437134,2,2,2.1972245773362196,1,1,0.06396091467381823,0.629186265886127,LH,0.06396091729402542,0.6291862726211548,0.5,residual,audited,11.0
1194,1366,1,4.362848281860352,0.8947683572769165,-0.8660048842430115,4.289491653442383,0.03674852475523949,0.006037201266735792,0,2,1.0986122886681098,0,0,0.001592483837966117,-0.001592483837966117,LL,0.0015924838371574879,-0.0015924838371574879,0.0,residual,audited,13.0
963,2400,1,9.866450309753418,1.914074182510376,3.532500982284546,4.293784141540527,0.11824583262205124,0.011994174681603909,16,1,3.5263605246161616,1,1,0.003285002945769245,0.689862177614176,HH,0.0032850028946995735,0.6898621916770935,0.25,residual,audited,2.0
649,1457,1,-3.8152196407318115,0.9648114442825317,-0.8659063577651978,-3.9568066596984863,0.03483666852116585,0.005983254872262478,0,1,0.6931471805599453,0,0,0.0025667768776077267,-0.0025667768776077267,LL,0.0025667769368737936,-0.0025667769368737936,0.0,residual,audited,235.0
873,1358,1,3.8202497959136963,2.552041530609131,2.808897018432617,-1.7341455221176147,0.1856117993593216,0.025493688881397247,3,139,6.327936783729195,1,1,0.5962537633065377,0.09689341725340761,HH,0.5962537527084351,0.09689342975616455,0.048970211297273636,residual,audited,196.00000000000003
152,2238,1,7.223994255065918,-0.6150569915771484,3.5280580520629883,4.296589374542236,0.006559128873050213,0.0007765715708956122,3,8,3.58351893845611,1,1,0.31403642712572494,0.37911075343422035,HH,0.31403642892837524,0.37911075353622437,0.20412413775920868,residual,audited,3.0
438,1985,1,2.0449657440185547,-1.0061399936676025,-0.8658949732780457,3.918529748916626,-0.009374178014695644,0.0016162546817213297,3,1,2.0794415416798357,0,0,0.002679459971092827,-0.002679459971092827,LL,0.002679459983482957,-0.002679459983482957,0.0,residual,audited,49.00000000000001
241,1441,1,-2.0558922290802,1.7592322826385498,-0.8655346035957336,-3.0947303771972656,0.1372952163219452,0.023442048579454422,0,17,2.8903717578961645,0,0,0.006236131996241855,-0.006236131996241855,LL,0.006236131768673658,-0.006236131768673658,0.0,residual,audited,114.0
876,2168,1,2.2568299770355225,-1.056390404701233,-0.7967120409011841,4.093062877655029,0.009024448692798615,0.0015153923304751515,3,5,3.1780538303479453,0,0,0.22552334649902314,-0.22552334649902314,HL,0.22552335262298584,-0.22552335262298584,0.0,residual,audited,54.0
1013,1120,1,8.71033763885498,1.0018171072006226,3.5226879119873047,4.0732221603393555,0.10476570576429367,0.012038585729897022,29,4,5.0106352940962555,1,1,0.22445065056199184,0.4686965299979534,HH,0.22445064783096313,0.4686965346336365,0.09284766763448715,residual,audited,13.0
315,1602,1,2.675628662109375,-0.9084423780441284,-0.6397702693939209,4.183300495147705,0.03269549086689949,0.005672156345099211,4,7,3.688879454113936,0,0,0.4092811700187469,-0.4092811700187469,HL,0.4092811644077301,-0.4092811644077301,0.0,residual,audited,61.0
889,1832,1,-2.9882986545562744,1.0008257627487183,-0.8659934997558594,-3.182518482208252,0.051542237401008606,0.01010457705706358,3,0,1.3862943611198906,0,0,0.0017051669314512175,-0.0017051669314512175,LL,0.0017051668837666512,-0.0017051668837666512,0.0,residual,audited,137.0
404,1170,1,6.931058406829834,-0.8100169897079468,3.5558204650878906,4.2238078117370605,-0.04639745503664017,0.005372536834329367,1,1,1.3862943611198906,1,1,0.002483473901375505,0.6906637066585698,LH,0.0024834738578647375,0.6906636953353882,1.0,residual,audited,1.0
154,1358,1,8.363901138305664,1.4418582916259766,2.7835144996643066,3.966658592224121,0.16402390599250793,0.0196293443441391,10,139,7.3395376954076745,7,7,1.0392202095811933,1.0402213320986424,HH,1.0392202138900757,1.0402213335037231,0.18775463104248047,residual,audited,82.0
1623,1767,1,10.136948585510254,2.5525617599487305,3.46060848236084,3.941129684448242,0.17480404675006866,0.017257602885365486,36,1,4.304065093204169,1,1,-0.0016739614614515981,0.6948211420213969,HH,-0.0016739614075049758,0.6948211193084717,0.1666666716337204,residual,audited,1.0
606,1666,1,-2.9386672973632812,-1.1320428848266602,-0.7562211155891418,-1.0711160898208618,0.012867649085819721,0.004329265095293522,4,4,3.2188758248682006,0,0,0.2842516161783053,-0.2842516161783053,HL,0.2842516303062439,-0.2842516303062439,0.0,residual,audited,159.0
155,1358,1,4.8938093185424805,2.1778461933135986,3.5096917152404785,-0.9568529725074768,0.15527936816215515,0.022836308926343918,5,139,6.733401891837358,3,3,0.6801114887286566,0.706182872391234,HH,0.6801114678382874,0.7061828970909119,0.11379648745059967,residual,audited,185.99999999999997
354,1803,1,6.573242664337158,-1.1560620069503784,3.516763687133789,4.2490081787109375,-0.04431186616420746,0.004942131228744984,2,3,2.4849066497880004,1,1,0.07427151148220186,0.6188756690777434,LH,0.07427151501178741,0.6188756823539734,0.40824827551841736,residual,audited,3.0
738,2162,1,6.367727279663086,-1.122960090637207,3.515887975692749,3.9820077419281006,-0.015053431503474712,0.0017431204905733466,3,4,2.995732273553991,1,1,0.18602303754564287,0.5071241430143024,HH,0.1860230416059494,0.507124125957489,0.28867512941360474,residual,audited,22.0
1421,1975,1,6.597949504852295,-1.1030288934707642,3.5255722999572754,4.1701812744140625,-0.002620403189212084,0.00029772560810670257,5,5,3.58351893845611,2,2,0.3664462099481818,0.732166078719928,HH,0.36644619703292847,0.7321661114692688,0.4000000059604645,residual,audited,9.0
1844,2276,1,6.482645511627197,-1.077343463897705,3.538841485977173,4.0552592277526855,-0.04195644333958626,0.0048151626251637936,1,2,1.791759469228055,1,1,0.0025667768776077267,0.6905804036823375,LH,0.0025667769368737936,0.690580427646637,0.7071067690849304,residual,audited,9.0
1526,1977,1,2.184739828109741,-0.14829319715499878,-0.865517795085907,3.134542465209961,0.05616338923573494,0.013357870280742645,6,1,2.6390573296152584,0,0,0.006401163194461921,-0.006401163194461921,LL,0.006401163060218096,-0.006401163060218096,0.0,residual,audited,70.0
171,775,1,2.138282060623169,-1.122795581817627,-0.8570634722709656,4.104177474975586,0.006118503399193287,0.0010046547977253795,2,2,2.1972245773362196,0,0,0.06396091467381823,-0.06396091467381823,LL,0.06396091729402542,-0.06396091729402542,0.0,residual,audited,30.0
1752,1754,1,5.120885848999023,-1.1560620069503784,2.2047119140625,4.085376739501953,-0.020985785871744156,0.002810419537127018,2,3,2.4849066497880004,2,2,0.07427151148220186,1.0243407771859079,LH,0.07427151501178741,1.0243407487869263,0.8164965510368347,residual,audited,24.0
331,2480,1,1.349654197692871,-1.077343463897705,-0.8659063577651978,3.2896535396575928,-0.004594696685671806,0.000877269369084388,1,2,1.791759469228055,0,0,0.0025667768776077267,-0.0025667768776077267,LL,0.0025667769368737936,-0.0025667769368737936,0.0,residual,audited,55.0
1015,1452,1,4.12675666809082,0.5867624282836914,-0.822094738483429,4.217604160308838,0.13663998246192932,0.023709453642368317,12,2,3.6635616461296463,0,0,0.17653506637630972,-0.17653506637630972,HL,0.17653506994247437,-0.17653506994247437,0.0,residual,audited,35.0
1206,2671,1,5.148151874542236,1.6449414491653442,-0.8667929172515869,4.239049434661865,0.12310899794101715,0.017909647896885872,0,12,2.5649493574615367,0,0,-0.006243055183185751,0.006243055183185751,LH,-0.00624305522069335,0.00624305522069335,0.0,residual,audited,13.0
1136,1189,1,5.2952985763549805,-1.122960090637207,2.2150535583496094,4.209399700164795,-0.014039281755685806,0.0018566910875961185,3,4,2.995732273553991,2,2,0.18602303754564287,0.9125892511224669,HH,0.1860230416059494,0.9125892519950867,0.5773502588272095,residual,audited,22.0
1469,2590,1,7.0382561683654785,-0.7700439095497131,3.5264575481414795,4.2796630859375,-0.005665414966642857,0.0006601639906875789,6,2,3.044522437723423,1,1,0.09993231907971788,0.5932148614802274,HH,0.09993232041597366,0.5932148694992065,0.28867512941360474,residual,audited,7.0
332,2122,1,2.797520637512207,-0.9084423780441284,-0.6397702693939209,4.305192470550537,0.03269549086689949,0.0055546946823596954,4,7,3.688879454113936,0,0,0.4092811700187469,-0.4092811700187469,HL,0.4092811644077301,-0.4092811644077301,0.0,residual,audited,14.0
306,2086,1,5.984638214111328,2.187243938446045,-0.6648469567298889,4.17632532119751,0.27807074785232544,0.03805806487798691,64,3,5.560681631015528,0,0,0.3910899774469028,-0.3910899774469028,HL,0.3910899758338928,-0.3910899758338928,0.0,residual,audited,121.0
177,726,1,2.2976901531219482,-1.122795581817627,-0.8570634722709656,4.263585567474365,0.006118503399193287,0.0009790289914235473,2,2,2.1972245773362196,0,0,0.06396091467381823,-0.06396091467381823,LL,0.06396091729402542,-0.06396091729402542,0.0,residual,audited,17.0
486,2668,1,6.587745666503906,-1.1578092575073242,3.5065228939056396,4.253993511199951,-0.02280619740486145,0.002550706034526229,3,3,2.772588722239781,1,1,0.15981025222941134,0.5333369283305339,LH,0.15981024503707886,0.5333369374275208,0.3333333432674408,residual,audited,15.0
242,2280,1,6.537351131439209,-1.1578092575073242,3.5344133377075195,4.173449993133545,-0.020547792315483093,0.002312320750206709,3,3,2.772588722239781,2,2,0.15981025222941134,0.9388020364386984,LH,0.15981024503707886,0.9388020634651184,0.6666666865348816,residual,audited,17.0
33,698,1,6.943075656890869,-0.9084423780441284,3.540815830230713,4.305159091949463,-0.002301699249073863,0.00026284949854016304,7,4,3.688879454113936,2,2,0.4092811700187469,0.6893311186493629,HH,0.4092811644077301,0.6893311738967896,0.37796449661254883,residual,audited,2.0
231,551,1,-3.1910641193389893,1.4775207042694092,-0.865942120552063,-3.911512851715088,0.1010250672698021,0.015894439071416855,8,0,2.1972245773362196,0,0,0.0022128532902202114,-0.0022128532902202114,LL,0.002212853403761983,-0.002212853403761983,0.0,residual,audited,265.0
1026,1303,1,1.5474117994308472,-1.122960090637207,-0.8182181715965271,3.4755187034606934,0.00522626331076026,0.0009639132185839117,3,4,2.995732273553991,0,0,0.18602303754564287,-0.18602303754564287,HL,0.1860230416059494,-0.1860230416059494,0.0,residual,audited,78.0
964,965,1,2.38358473777771,-0.9750540256500244,-0.8503429293632507,4.199090480804443,0.0020460740197449923,0.0003395109379198402,5,2,2.8903717578961645,0,0,0.09507910900607243,-0.09507910900607243,LL,0.09507910907268524,-0.09507910907268524,0.0,residual,audited,29.0
277,973,1,1.2955454587936401,-0.05464599281549454,-0.5701821446418762,1.8062082529067993,0.10632029920816422,0.04190199077129364,4,14,4.31748811353631,0,0,0.4564122585269044,-0.4564122585269044,HL,0.45641225576400757,-0.45641225576400757,0.0,residual,audited,48.0
1289,1705,1,1.6210830211639404,-1.077343463897705,-0.8659063577651978,3.561082363128662,-0.004594696685671806,0.0008340456988662481,1,2,1.791759469228055,0,0,0.0025667768776077267,-0.0025667768776077267,LL,0.0025667769368737936,-0.0025667769368737936,0.0,residual,audited,46.0
371,1354,1,2.4504454135894775,-0.9518704414367676,-0.7470583319664001,4.123076915740967,0.01845206692814827,0.0031593528110533953,6,3,3.332204510175204,0,0,0.295747045488935,-0.295747045488935,HL,0.2957470417022705,-0.2957470417022705,0.0,residual,audited,40.0
1042,2052,1,8.315155029296875,0.6159243583679199,3.523573875427246,4.094558238983154,0.07325328886508942,0.00881793163716793,17,3,4.276666119016055,2,2,0.3753222375214932,0.7232900511466166,HH,0.37532222270965576,0.7232900857925415,0.28005602955818176,residual,audited,13.0
372,1834,1,2.0500283241271973,-1.079609990119934,-0.8503429293632507,3.974936008453369,-0.002799947513267398,0.00047394970897585154,2,4,2.70805020110221,0,0,0.09507910900607243,-0.09507910900607243,LL,0.09507910907268524,-0.09507910907268524,0.0,residual,audited,56.0
541,647,1,2.237783193588257,-1.0061399936676025,-0.8658949732780457,4.111347198486328,-0.009374178014695644,0.0015642514917999506,3,1,2.0794415416798357,0,0,0.002679459971092827,-0.002679459971092827,LL,0.002679459983482957,-0.002679459983482957,0.0,residual,audited,17.0
297,899,1,2.043766498565674,-1.1578092575073242,-0.8288726210594177,4.0173516273498535,0.005251563154160976,0.0008739081677049398,3,3,2.772588722239781,0,0,0.15981025222941134,-0.15981025222941134,LL,0.15981024503707886,-0.15981024503707886,0.0,residual,audited,63.0
13,1701,1,5.8441901206970215,2.708054780960083,-0.864111602306366,3.6685707569122314,0.3238310217857361,0.04280892387032509,1,65,4.882801922586371,0,0,0.020145318105689636,-0.020145318105689636,HL,0.020145317539572716,-0.020145317539572716,0.0,residual,audited,72.0
210,1671,1,6.960955619812012,-0.7974759340286255,3.519005298614502,4.2317352294921875,-0.00015378562966361642,1.7990054402616806e-05,7,3,3.465735902799726,1,1,0.31951830065715553,0.37362887990278976,HH,0.3195182979106903,0.3736288845539093,0.2182178795337677,residual,audited,11.0
1709,1739,1,2.4055325984954834,-0.9518704414367676,-0.7470583319664001,4.078164100646973,0.01845206692814827,0.0031838363502174616,3,6,3.332204510175204,0,0,0.295747045488935,-0.295747045488935,HL,0.2957470417022705,-0.2957470417022705,0.0,residual,audited,28.0
876,1358,1,8.274041175842285,2.552041530609131,2.317798376083374,3.1891257762908936,0.20723092555999756,0.02506968379020691,3,139,6.327936783729195,1,1,0.5962537633065377,0.09689341725340761,HH,0.5962537527084351,0.09689342975616455,0.048970211297273636,residual,audited,88.0
725,1652,1,1.4703400135040283,-1.1320428848266602,-0.7562211155891418,3.337891101837158,0.012867649085819721,0.002456116257235408,4,4,3.2188758248682006,0,0,0.2842516161783053,-0.2842516161783053,HL,0.2842516303062439,-0.2842516303062439,0.0,residual,audited,92.0
1624,1705,1,4.740278244018555,1.11609947681427,-0.8054097294807434,4.238286018371582,0.1834574043750763,0.028921661898493767,16,2,3.931825632724326,0,0,0.21219425699455913,-0.21219425699455913,HL,0.2121942639350891,-0.2121942639350891,0.0,residual,audited,119.0
2382,2383,1,7.571507453918457,-0.24160826206207275,3.528423309326172,4.263961315155029,0.012886075302958488,0.0016013756394386292,2,8,3.295836866004329,1,1,0.12967205327110548,0.5634751272888399,HH,0.12967205047607422,0.5634751319885254,0.25,residual,audited,2.0
1257,2677,1,5.381341457366943,1.722838282585144,-0.8650318384170532,4.292606830596924,0.22308307886123657,0.03140440583229065,14,1,3.4011973816621555,0,0,0.011174017424812204,-0.011174017424812204,HL,0.011174017563462257,-0.011174017563462257,0.0,residual,audited,24.0
1282,1776,1,6.654620170593262,-0.3967340588569641,3.0960893630981445,3.9228618144989014,0.024557869881391525,0.003300681011751294,4,11,4.0943445622221,1,1,0.4367082177118159,0.2564389628481294,HH,0.4367082118988037,0.2564389705657959,0.15075567364692688,residual,audited,10.0
681,1445,1,6.8010454177856445,-1.0061399936676025,3.5526537895202637,4.284919738769531,-0.03823297843337059,0.004304572008550167,3,1,2.0794415416798357,1,1,0.002679459971092827,0.6904677205888524,LH,0.002679459983482957,0.6904677152633667,0.5773502588272095,residual,audited,1.0
513,1528,1,2.424356698989868,-0.7904485464096069,-0.8659093976020813,4.0739970207214355,-0.0011275240685790777,0.00019672466441988945,1,4,2.3025850929940455,0,0,0.002536581283496064,-0.002536581283496064,LL,0.002536581363528967,-0.002536581363528967,0.0,residual,audited,33.0
310,1950,1,7.0870680809021,-0.7672291398048401,3.5236010551452637,4.2999396324157715,0.022911757230758667,0.002659926190972328,15,13,5.4116460518550396,8,8,0.9840730042878254,1.2131515730483942,HH,0.9840729832649231,1.2131516933441162,0.572891891002655,residual,audited,23.0
88,696,1,1.9382858276367188,2.0118398666381836,-0.8458124995231628,0.5102788805961609,0.2541344463825226,0.07016284763813019,31,2,4.564348191467836,0,0,0.11159319800623856,-0.11159319800623856,HL,0.11159319430589676,-0.11159319430589676,0.0,residual,audited,36.0
832,2600,1,6.08837890625,3.2367231845855713,-0.8659147620201111,3.348076820373535,0.3616485893726349,0.04629183188080788,0,0,0.0,0,0,0.002483473901375505,-0.002483473901375505,LL,0.0024834738578647375,-0.0024834738578647375,0.0,residual,audited,1.0
1731,1755,1,4.73658561706543,-1.079609990119934,1.801277995109558,4.011227607727051,-0.004155145958065987,0.0006025207112543285,4,2,2.70805020110221,1,1,0.09507910900607243,0.5980680715538729,LH,0.09507910907268524,0.5980680584907532,0.3535533845424652,residual,audited,47.0
291,1692,1,5.234848499298096,1.7757700681686401,-0.8655346035957336,4.1773271560668945,0.1394408792257309,0.020040156319737434,0,18,2.9444389791664403,0,0,0.006236131996241855,-0.006236131996241855,LL,0.006236131768673658,-0.006236131768673658,0.0,residual,audited,13.0
876,2584,1,3.502849817276001,1.0008257627487183,-0.8659934997558594,3.3086299896240234,0.051542237401008606,0.009860784746706486,3,0,1.3862943611198906,0,0,0.0017051669314512175,-0.0017051669314512175,LL,0.0017051668837666512,-0.0017051668837666512,0.0,residual,audited,42.0
51,1392,1,6.8314127922058105,-0.9750540256500244,3.5404348373413086,4.27787446975708,-0.019687235355377197,0.002233872888609767,5,2,2.8903717578961645,1,1,0.09507910900607243,0.5980680715538729,LH,0.09507910907268524,0.5980680584907532,0.3162277638912201,residual,audited,5.0
1254,1308,1,2.1634466648101807,-1.077343463897705,-0.8659063577651978,4.103446006774902,-0.004594696685671806,0.0007592920446768403,1,2,1.791759469228055,0,0,0.0025667768776077267,-0.0025667768776077267,LL,0.0025667769368737936,-0.0025667769368737936,0.0,residual,audited,50.0
124,306,1,9.212862014770508,2.187243938446045,2.668501853942871,4.181496620178223,0.16777409613132477,0.018226375803351402,3,64,5.560681631015528,1,1,0.3910899774469028,0.30205720311304246,HH,0.3910899758338928,0.3020572066307068,0.07216878235340118,residual,audited,25.0
571,696,1,-2.1356124877929688,0.8947683572769165,-0.8660048842430115,-2.2089695930480957,0.03674852475523949,0.009172246791422367,0,2,1.0986122886681098,0,0,0.001592483837966117,-0.001592483837966117,LL,0.0015924838371574879,-0.0015924838371574879,0.0,residual,audited,84.0
426,1789,1,2.4447743892669678,-1.0122919082641602,-0.6887643337249756,4.116027355194092,0.02195802703499794,0.0037605534307658672,6,4,3.5553480614894135,0,0,0.3678477635670827,-0.3678477635670827,HL,0.3678477704524994,-0.3678477704524994,0.0,residual,audited,48.0
2001,2335,1,3.687302827835083,-0.27209392189979553,-0.3135998249053955,4.1702656745910645,0.09488574415445328,0.019560661166906357,14,5,4.499809670330265,0,0,0.5737341020377579,-0.5737341020377579,HL,0.5737341046333313,-0.5737341046333313,0.0,residual,audited,53.0
36,1552,1,6.009294033050537,-1.0122919082641602,2.8521103858947754,4.175414562225342,-0.013783705420792103,0.0017114960355684161,6,4,3.5553480614894135,1,1,0.3678477635670827,0.3252994169928626,HH,0.3678477704524994,0.3252994120121002,0.20412413775920868,residual,audited,8.0
217,2473,1,2.146155595779419,-1.077343463897705,-0.8659063577651978,4.086154937744141,-0.004594696685671806,0.0007614678470417857,2,1,1.791759469228055,0,0,0.0025667768776077267,-0.0025667768776077267,LL,0.0025667769368737936,-0.0025667769368737936,0.0,residual,audited,18.0
2164,2217,1,2.224444627761841,-1.0061399936676025,-0.8658949732780457,4.098008632659912,-0.009374178014695644,0.0015677409246563911,1,3,2.0794415416798357,0,0,0.002679459971092827,-0.002679459971092827,LL,0.002679459983482957,-0.002679459983482957,0.0,residual,audited,32.0
1701,1867,1,9.126087188720703,2.5009570121765137,3.5217835903167725,2.9198267459869385,0.17567580938339233,0.019266411662101746,65,2,5.288267030694535,1,1,0.12368596641301963,0.5694612141469256,HH,0.12368596345186234,0.5694612264633179,0.08770579844713211,residual,audited,20.0
549,1497,1,-0.07397300750017166,1.0008257627487183,-0.8659934997558594,-0.2681926488876343,0.051542237401008606,0.02357235737144947,3,0,1.3862943611198906,0,0,0.0017051669314512175,-0.0017051669314512175,LL,0.0017051668837666512,-0.0017051668837666512,0.0,residual,audited,112.0
308,1670,1,2.1509666442871094,-1.1560620069503784,-0.8551075458526611,4.1575093269348145,-0.0032184689771384,0.0005214715492911637,3,2,2.4849066497880004,0,0,0.07427151148220186,-0.07427151148220186,LL,0.07427151501178741,-0.07427151501178741,0.0,residual,audited,70.0
1102,2464,1,7.165333271026611,-0.6547307968139648,3.5167016983032227,4.286350727081299,0.009166868403553963,0.0010826648212969303,4,9,3.9120230054281464,4,4,0.42142500762192203,1.1880129048121781,HH,0.4214250147342682,1.188012957572937,0.6666666865348816,residual,audited,6.0
836,2078,1,-0.388414204120636,-0.9750540256500244,-0.8503429293632507,1.4270915985107422,0.0020460740197449923,0.0006286840070970356,5,2,2.8903717578961645,0,0,0.09507910900607243,-0.09507910900607243,LL,0.09507910907268524,-0.09507910907268524,0.0,residual,audited,98.99999999999999
1396,2394,1,7.469250202178955,-0.27209392189979553,3.515507698059082,4.1827239990234375,0.03526744246482849,0.004405350424349308,5,14,4.499809670330265,3,3,0.5737341020377579,0.8125602590821327,HH,0.5737341046333313,0.8125602602958679,0.35856857895851135,residual,audited,10.0
294,306,1,2.7079038619995117,2.7053987979888916,-0.848592221736908,0.5207316875457764,0.3225204050540924,0.07334604859352112,1,64,4.867534450455582,0,0,0.10231614743923174,-0.10231614743923174,HL,0.10231614857912064,-0.10231614857912064,0.0,residual,audited,167.0
1876,1986,1,5.924177646636963,2.677232503890991,-0.8689061999320984,3.7880096435546875,0.31999683380126953,0.04180699959397316,1,55,4.718498871295095,0,0,-0.027598705190133088,0.027598705190133088,HH,-0.027598705142736435,0.027598705142736435,0.0,residual,audited,89.0
1050,1320,1,2.751708984375,-0.7974759340286255,-0.7279911637306213,4.234930038452148,0.03440099209547043,0.005936529953032732,7,3,3.465735902799726,0,0,0.31951830065715553,-0.31951830065715553,HL,0.3195182979106903,-0.3195182979106903,0.0,residual,audited,20.0
561,1016,1,-2.8961832523345947,1.0008257627487183,-0.8659934997558594,-3.0904030799865723,0.051542237401008606,0.010290408506989479,0,3,1.3862943611198906,0,0,0.0017051669314512175,-0.0017051669314512175,LL,0.0017051668837666512,-0.0017051668837666512,0.0,residual,audited,101.0
858,2182,1,4.655420303344727,1.9912197589874268,-0.8653857707977295,3.2728705406188965,0.24887074530124664,0.039018064737319946,1,17,3.58351893845611,0,0,0.007700184364779972,-0.007700184364779972,HL,0.0077001843601465225,-0.0077001843601465225,0.0,residual,audited,5.0
151,2238,1,3.0245392322540283,-0.6150569915771484,-0.7324021458625793,4.313872814178467,0.050280433148145676,0.00880319345742464,3,8,3.58351893845611,0,0,0.31403642712572494,-0.31403642712572494,HL,0.31403642892837524,-0.31403642892837524,0.0,residual,audited,45.0
1171,1909,1,-1.868566632270813,-0.7974759340286255,-0.7279911637306213,-0.38534557819366455,0.03440099209547043,0.017684942111372948,7,3,3.465735902799726,0,0,0.31951830065715553,-0.31951830065715553,HL,0.3195182979106903,-0.3195182979106903,0.0,residual,audited,102.0
611,2690,1,1.680233359336853,3.2367231845855713,-0.8659147620201111,-1.0600687265396118,0.3616485893726349,0.06546439975500107,0,0,0.0,0,0,0.002483473901375505,-0.002483473901375505,LL,0.0024834738578647375,-0.0024834738578647375,0.0,residual,audited,5.0
1154,1358,1,7.852509021759033,1.5543979406356812,2.1351823806762695,3.9726552963256836,0.18242834508419037,0.023255087435245514,9,139,7.24422751560335,4,4,1.3404225027653847,0.2690154096687156,HH,1.340422511100769,0.26901543140411377,0.1130918487906456,residual,audited,122.99999999999999
541,1022,1,2.477504014968872,-0.9518704414367676,-0.7470583319664001,4.150135517120361,0.01845206692814827,0.0031447832006961107,3,6,3.332204510175204,0,0,0.295747045488935,-0.295747045488935,HL,0.2957470417022705,-0.2957470417022705,0.0,residual,audited,21.0
132,379,1,6.638143062591553,-1.08980131149292,3.5433831214904785,4.186465740203857,-0.009749292396008968,0.0011041851248592138,4,5,3.401197381662155,3,3,0.26394703539593084,1.1223473257239598,HH,0.2639470398426056,1.122347354888916,0.6708203554153442,residual,audited,11.0
1203,1410,1,2.322443723678589,-0.9518704414367676,-0.7470583319664001,3.995075225830078,0.01845206692814827,0.003230145899578929,6,3,3.332204510175204,0,0,0.295747045488935,-0.295747045488935,HL,0.2957470417022705,-0.2957470417022705,0.0,residual,audited,68.0
2151,2423,1,1.9148404598236084,-1.1560620069503784,-0.8551075458526611,3.9213831424713135,-0.0032184689771384,0.0005422158283181489,2,3,2.4849066497880004,0,0,0.07427151148220186,-0.07427151148220186,LL,0.07427151501178741,-0.07427151501178741,0.0,residual,audited,70.0
1641,2495,1,2.2651278972625732,-1.122795581817627,-0.8570634722709656,4.23102331161499,0.006118503399193287,0.00098415685351938,2,2,2.1972245773362196,0,0,0.06396091467381823,-0.06396091467381823,LL,0.06396091729402542,-0.06396091729402542,0.0,residual,audited,11.0
478,514,1,6.53645133972168,-1.079609990119934,3.535865068435669,4.100827217102051,-0.028475796803832054,0.003256320022046566,2,4,2.70805020110221,1,1,0.09507910900607243,0.5980680715538729,LH,0.09507910907268524,0.5980680584907532,0.3535533845424652,residual,audited,15.0
2471,2493,1,2.053316354751587,-1.0061399936676025,-0.8658949732780457,3.926880359649658,-0.009374178014695644,0.0016139309154823422,1,3,2.0794415416798357,0,0,0.002679459971092827,-0.002679459971092827,LL,0.002679459983482957,-0.002679459983482957,0.0,residual,audited,35.0
42,87,1,2.018883466720581,-1.077343463897705,-0.8659063577651978,3.9588828086853027,-0.004594696685671806,0.0007778751896694303,1,2,1.791759469228055,0,0,0.0025667768776077267,-0.0025667768776077267,LL,0.0025667769368737936,-0.0025667769368737936,0.0,residual,audited,23.0
793,1902,1,6.8949971199035645,-0.7700439095497131,3.541027545928955,4.1253838539123535,-0.009215197525918484,0.001091115060262382,2,6,3.044522437723423,1,1,0.09993231907971788,0.5932148614802274,HH,0.09993232041597366,0.5932148694992065,0.28867512941360474,residual,audited,4.0
30,738,1,2.1023426055908203,-1.122960090637207,-0.8182181715965271,4.030449390411377,0.00522626331076026,0.0008744171354919672,4,3,2.995732273553991,0,0,0.18602303754564287,-0.18602303754564287,HL,0.1860230416059494,-0.1860230416059494,0.0,residual,audited,28.0
424,436,1,5.004971504211426,1.9912197589874268,-0.8653857707977295,3.6224215030670166,0.24887074530124664,0.03699086233973503,1,17,3.58351893845611,0,0,0.007700184364779972,-0.007700184364779972,HL,0.0077001843601465225,-0.0077001843601465225,0.0,residual,audited,45.0
417,1072,1,6.54451322555542,0.8496254682540894,2.3426356315612793,3.228907585144043,0.11549938470125198,0.01766945794224739,4,26,4.90527477843843,1,1,0.5121098978044188,0.18103728275552644,HH,0.5121098756790161,0.1810373067855835,0.0980580672621727,residual,audited,107.00000000000001
1675,1914,1,4.635122299194336,1.0304911136627197,-0.7098532319068909,4.120947360992432,0.18569226562976837,0.03070824407041073,3,22,4.5217885770490405,0,0,0.3419557546295762,-0.3419557546295762,HL,0.3419557511806488,-0.3419557511806488,0.0,residual,audited,71.0
405,2059,1,2.2181801795959473,-1.1560620069503784,-0.8551075458526611,4.224722862243652,-0.0032184689771384,0.0005158537533134222,2,3,2.4849066497880004,0,0,0.07427151148220186,-0.07427151148220186,LL,0.07427151501178741,-0.07427151501178741,0.0,residual,audited,35.0
1623,1769,1,5.687849521636963,2.1443755626678467,-0.8387970924377441,4.109226703643799,0.2651993930339813,0.03604428470134735,36,2,4.709530201312334,0,0,0.1325756172494532,-0.1325756172494532,HL,0.1325756162405014,-0.1325756162405014,0.0,residual,audited,68.0
1194,2670,1,4.362511157989502,0.8947683572769165,-0.8660048842430115,4.289154529571533,0.03674852475523949,0.006037535611540079,0,2,1.0986122886681098,0,0,0.001592483837966117,-0.001592483837966117,LL,0.0015924838371574879,-0.0015924838371574879,0.0,residual,audited,6.0
85,2488,1,-3.4213266372680664,0.8947683572769165,-0.8660048842430115,-3.4946837425231934,0.03674852475523949,0.006943896412849426,2,0,1.0986122886681098,0,0,0.001592483837966117,-0.001592483837966117,LL,0.0015924838371574879,-0.0015924838371574879,0.0,residual,audited,216.0
2251,2252,1,4.012862205505371,0.8947683572769165,-0.8660048842430115,3.939505100250244,0.03674852475523949,0.00640550022944808,0,2,1.0986122886681098,0,0,0.001592483837966117,-0.001592483837966117,LL,0.0015924838371574879,-0.0015924838371574879,0.0,residual,audited,7.0
472,2029,1,2.5659193992614746,-0.7700439095497131,-0.8492212891578674,4.158288478851318,0.01905076764523983,0.0032865393441170454,6,2,3.044522437723423,0,0,0.09993231907971788,-0.09993231907971788,HL,0.09993232041597366,-0.09993232041597366,0.0,residual,audited,23.0
267,2000,1,-1.9837706089019775,-1.1560620069503784,-0.8551075458526611,0.022772110998630524,-0.0032184689771384,0.0015798803651705384,2,3,2.4849066497880004,0,0,0.07427151148220186,-0.07427151148220186,LL,0.07427151501178741,-0.07427151501178741,0.0,residual,audited,205.0
1889,1890,1,7.6282877922058105,-0.14829319715499878,3.504490852355957,4.263068675994873,0.001176502089947462,0.00014860398368909955,6,1,2.6390573296152584,1,1,0.006401163194461921,0.6867460173654834,LH,0.006401163060218096,0.6867460012435913,0.40824827551841736,residual,audited,2.0
1134,2296,1,0.7987768054008484,-1.122795581817627,-0.8570634722709656,2.76467227935791,0.006118503399193287,0.0012879297137260437,2,2,2.1972245773362196,0,0,0.06396091467381823,-0.06396091467381823,LL,0.06396091729402542,-0.06396091729402542,0.0,residual,audited,55.0
1635,2383,1,2.0554816722869873,-0.6150569915771484,-0.7324021458625793,3.344815254211426,0.050280433148145676,0.010601972229778767,3,8,3.58351893845611,0,0,0.31403642712572494,-0.31403642712572494,HL,0.31403642892837524,-0.31403642892837524,0.0,residual,audited,52.0
423,525,1,7.5948405265808105,-0.16084909439086914,3.518357992172241,4.1868109703063965,0.042675700038671494,0.005396049004048109,4,13,4.2484952420493585,1,1,0.43754764362154674,0.25559953693839854,HH,0.4375476539134979,0.2555995285511017,0.1386750489473343,residual,audited,18.0
252,973,1,3.6683616638183594,0.27826473116874695,-0.7023331522941589,3.9612314701080322,0.12335354089736938,0.024353226646780968,3,14,4.0943445622221,0,0,0.3512116285679379,-0.3512116285679379,HL,0.35121163725852966,-0.35121163725852966,0.0,residual,audited,108.0
1224,1370,1,7.89279842376709,0.20052120089530945,3.5241308212280273,4.0998053550720215,0.06049630045890808,0.007672372739762068,20,5,4.836281906951478,2,2,0.6515950224309884,0.44701726623712135,HH,0.6515949964523315,0.4470173120498657,0.20000000298023224,residual,audited,4.0
109,1772,1,7.6503190994262695,0.9533474445343018,2.3431830406188965,4.225133419036865,0.1208106130361557,0.01580778881907463,28,4,4.976733742420574,1,1,0.42250394902965904,0.27064323153028624,HH,0.4225039482116699,0.2706432342529297,0.09449112415313721,residual,audited,76.0
402,776,1,7.0274271965026855,-0.7700439095497131,3.524519920349121,4.275716781616211,-0.010610724799335003,0.0012365528382360935,6,2,3.044522437723423,2,2,0.09993231907971788,0.9986799695883919,HH,0.09993232041597366,0.9986799955368042,0.5773502588272095,residual,audited,6.0
1013,1293,1,4.824337482452393,1.9449307918548584,-0.864607036113739,3.487198829650879,0.24896982312202454,0.03803559020161629,29,2,4.499809670330265,0,0,0.015324816569887118,-0.015324816569887118,HL,0.015324816107749939,-0.015324816107749939,0.0,residual,audited,82.0
560,2526,1,1.8755124807357788,-0.8100169897079468,-0.8659147620201111,3.5165536403656006,0.02704540453851223,0.005181577987968922,1,1,1.3862943611198906,0,0,0.002483473901375505,-0.002483473901375505,LL,0.0024834738578647375,-0.0024834738578647375,0.0,residual,audited,1.0
306,308,1,9.21261215209961,2.187243938446045,2.58181095123291,4.259459972381592,0.17625270783901215,0.019147980958223343,64,3,5.560681631015528,2,2,0.3910899774469028,0.707522311221207,HH,0.3910899758338928,0.7075223326683044,0.14433756470680237,residual,audited,26.0
1142,2326,1,2.026557207107544,-1.0061399936676025,-0.8658949732780457,3.9001212120056152,-0.009374178014695644,0.0016214008210226893,1,3,2.0794415416798357,0,0,0.002679459971092827,-0.002679459971092827,LL,0.002679459983482957,-0.002679459983482957,0.0,residual,audited,73.0
71,2691,1,1.6786267757415771,0.9648114442825317,-0.8659063577651978,1.537039875984192,0.03483666852116585,0.010238265618681908,0,1,0.6931471805599453,0,0,0.0025667768776077267,-0.0025667768776077267,LL,0.0025667769368737936,-0.0025667769368737936,0.0,residual,audited,4.0
460,1989,1,2.4043097496032715,-1.077343463897705,1.9269030094146729,1.5677841901779175,-0.020878974348306656,0.004545914940536022,2,1,1.791759469228055,1,1,0.0025667768776077267,0.6905804036823375,LH,0.0025667769368737936,0.690580427646637,0.7071067690849304,residual,audited,55.0
1531,1889,1,-3.9050469398498535,-0.7700439095497131,-0.8492212891578674,-2.3126778602600098,0.01905076764523983,0.004821766167879105,2,6,3.044522437723423,0,0,0.09993231907971788,-0.09993231907971788,HL,0.09993232041597366,-0.09993232041597366,0.0,residual,audited,173.0
1070,1470,1,2.2599873542785645,-1.1030288934707642,-0.6899100542068481,4.0255608558654785,0.01952017843723297,0.003343630116432905,5,5,3.58351893845611,0,0,0.3664462099481818,-0.3664462099481818,HL,0.36644619703292847,-0.36644619703292847,0.0,residual,audited,82.0
825,1765,1,0.545996367931366,1.6986933946609497,-0.8653759956359863,-0.4246770739555359,0.12951086461544037,0.04153309017419815,0,14,2.70805020110221,0,0,0.007796294345678415,-0.007796294345678415,LL,0.007796294521540403,-0.007796294521540403,0.0,residual,audited,210.99999999999997
1399,2227,1,-2.1206583976745605,-1.122960090637207,-0.8182181715965271,-0.19255149364471436,0.00522626331076026,0.0024433708749711514,4,3,2.995732273553991,0,0,0.18602303754564287,-0.18602303754564287,HL,0.1860230416059494,-0.1860230416059494,0.0,residual,audited,176.0
1920,2310,1,-3.2544682025909424,-1.0061399936676025,-0.8658949732780457,-1.3809043169021606,-0.009374178014695644,0.0028734756633639336,3,1,2.0794415416798357,0,0,0.002679459971092827,-0.002679459971092827,LL,0.002679459983482957,-0.002679459983482957,0.0,residual,audited,154.0
310,1241,1,4.677879810333252,1.0042619705200195,-0.8089579939842224,4.301295280456543,0.17343571782112122,0.027582231909036636,15,2,3.8712010109078907,0,0,0.20673482910021176,-0.20673482910021176,HL,0.20673483610153198,-0.20673483610153198,0.0,residual,audited,35.0
653,1231,1,-1.0805840492248535,3.2367231845855713,-0.8659147620201111,-3.8208861351013184,0.3616485893726349,0.04365009814500809,0,0,0.0,0,0,0.002483473901375505,-0.002483473901375505,LL,0.0024834738578647375,-0.0024834738578647375,0.0,residual,audited,56.0
472,1182,1,6.753527641296387,-0.9518704414367676,3.540374994277954,4.16521692276001,-0.008038359694182873,0.0009276277269236743,6,3,3.332204510175204,2,2,0.295747045488935,0.8028652431791747,HH,0.2957470417022705,0.8028652667999268,0.4714045524597168,residual,audited,1.0
634,2227,1,1.7238788604736328,-1.0061399936676025,-0.8658949732780457,3.597442865371704,-0.009374178014695644,0.0017109749605879188,1,3,2.0794415416798357,0,0,0.002679459971092827,-0.002679459971092827,LL,0.002679459983482957,-0.002679459983482957,0.0,residual,audited,79.0
165,2706,1,6.661763668060303,-1.1578092575073242,3.540830135345459,4.293105125427246,-0.022207394242286682,0.0024636690504848957,3,3,2.772588722239781,2,2,0.15981025222941134,0.9388020364386984,LH,0.15981024503707886,0.9388020634651184,0.6666666865348816,residual,audited,2.0
1200,2414,1,0.1320159137248993,-1.077343463897705,-0.8659063577651978,2.0720152854919434,-0.004594696685671806,0.001142999273724854,2,1,1.791759469228055,0,0,0.0025667768776077267,-0.0025667768776077267,LL,0.0025667769368737936,-0.0025667769368737936,0.0,residual,audited,66.0
839,965,1,2.225327730178833,-1.122795581817627,-0.8570634722709656,4.19122314453125,0.006118503399193287,0.0009904977632686496,2,2,2.1972245773362196,0,0,0.06396091467381823,-0.06396091467381823,LL,0.06396091729402542,-0.06396091729402542,0.0,residual,audited,22.0
456,2347,1,7.633421897888184,-0.002962268888950348,3.518014430999756,4.081660747528076,0.02886383794248104,0.003782196668908,9,2,3.401197381662156,1,1,0.12967205327110548,0.5634751272888399,HH,0.12967205047607422,0.5634751319885254,0.2357022762298584,residual,audited,6.0
1224,1525,1,4.435442924499512,0.8833342790603638,-0.7099329829216003,4.080559730529785,0.1736367791891098,0.029694372788071632,20,3,4.430816798843313,0,0,0.34185746108770393,-0.34185746108770393,HL,0.3418574631214142,-0.3418574631214142,0.0,residual,audited,122.0
1725,2597,1,5.375006675720215,-0.5603532195091248,1.9152247905731201,3.95963716506958,0.052653487771749496,0.008115683682262897,11,5,4.276666119016055,2,2,0.514928761573871,0.5836835270942388,HH,0.5149287581443787,0.5836835503578186,0.2696799635887146,residual,audited,22.0
186,1672,1,-2.7233810424804688,1.2627743482589722,-0.8659934997558594,-3.206165075302124,0.07815815508365631,0.014438727870583534,5,0,1.791759469228055,0,0,0.0017051669314512175,-0.0017051669314512175,LL,0.0017051668837666512,-0.0017051668837666512,0.0,residual,audited,60.0
281,2247,1,2.4998955726623535,-1.1030288934707642,-0.6899100542068481,4.265469074249268,0.01952017843723297,0.003211650066077709,5,5,3.58351893845611,0,0,0.3664462099481818,-0.3664462099481818,HL,0.36644619703292847,-0.36644619703292847,0.0,residual,audited,37.0
1148,1317,1,6.156874656677246,-0.5018419027328491,2.4955954551696777,4.135538101196289,0.019737981259822845,0.002759509487077594,2,7,3.1780538303479453,1,1,0.09682951278185134,0.5963176677780939,HH,0.09682951122522354,0.5963176488876343,0.26726123690605164,residual,audited,3.0
2221,2507,1,2.254051923751831,-0.9750540256500244,-0.8503429293632507,4.0695576667785645,0.0020460740197449923,0.00034696859074756503,5,2,2.8903717578961645,0,0,0.09507910900607243,-0.09507910900607243,LL,0.09507910907268524,-0.09507910907268524,0.0,residual,audited,33.0
2247,2543,1,2.4614760875701904,-0.9750540256500244,-0.8503429293632507,4.276981830596924,0.0020460740197449923,0.0003351788327563554,5,2,2.8903717578961645,0,0,0.09507910900607243,-0.09507910900607243,LL,0.09507910907268524,-0.09507910907268524,0.0,residual,audited,26.0
676,1955,1,2.541490077972412,-0.7700439095497131,-0.8492212891578674,4.133859157562256,0.01905076764523983,0.0033004488795995712,2,6,3.044522437723423,0,0,0.09993231907971788,-0.09993231907971788,HL,0.09993232041597366,-0.09993232041597366,0.0,residual,audited,27.0
1072,1725,1,5.886472702026367,-0.23122826218605042,2.3540122509002686,3.6896228790283203,0.06622126698493958,0.010443208739161491,26,11,5.780743515792329,3,3,0.2764764640628693,1.1098178970570212,HH,0.2764764726161957,1.1098178625106812,0.17739370465278625,residual,audited,130.0
764,1358,1,8.937438011169434,2.552041530609131,2.302600860595703,3.851081132888794,0.22386889159679413,0.025070447474718094,3,139,6.327936783729195,1,1,0.5962537633065377,0.09689341725340761,HH,0.5962537527084351,0.09689342975616455,0.048970211297273636,residual,audited,25.0
639,900,1,-3.3881313800811768,0.9648114442825317,-0.8659063577651978,-3.5297183990478516,0.03483666852116585,0.006456886883825064,0,1,0.6931471805599453,0,0,0.0025667768776077267,-0.0025667768776077267,LL,0.0025667769368737936,-0.0025667769368737936,0.0,residual,audited,122.99999999999999
1901,2284,1,2.7224185466766357,-0.4995826482772827,-0.8657693862915039,4.055805206298828,0.02412041835486889,0.00442960299551487,5,1,2.4849066497880004,0,0,0.003920084665472663,-0.003920084665472663,LL,0.003920084796845913,-0.003920084796845913,0.0,residual,audited,40.0
90,155,1,6.709485054016113,-0.9750540256500244,3.518139123916626,4.180301189422607,-0.021746018901467323,0.0025009107775986195,2,5,2.8903717578961645,2,2,0.09507910900607243,1.0035331796620373,LH,0.09507910907268524,1.0035332441329956,0.6324555277824402,residual,audited,3.0
1037,2654,1,5.450266361236572,-1.122795581817627,2.3937838077545166,4.1909003257751465,-0.019466862082481384,0.002519347472116351,2,2,2.1972245773362196,1,1,0.06396091467381823,0.629186265886127,LH,0.06396091729402542,0.6291862726211548,0.5,residual,audited,12.0
609,2448,1,2.5530972480773926,-0.7700439095497131,-0.8492212891578674,4.145466327667236,0.01905076764523983,0.003293825313448906,6,2,3.044522437723423,0,0,0.09993231907971788,-0.09993231907971788,HL,0.09993232041597366,-0.09993232041597366,0.0,residual,audited,163.0
454,1441,1,-2.223505735397339,-0.41404658555984497,-0.5717924237251282,-1.3330477476119995,0.08753594756126404,0.03637596592307091,8,17,5.087596335232384,0,0,0.4554986663378776,-0.4554986663378776,HL,0.45549866557121277,-0.45549866557121277,0.0,residual,audited,222.0
434,1524,1,6.635350704193115,-1.079609990119934,3.5259881019592285,4.206658840179443,-0.02553149312734604,0.0028889006935060024,4,2,2.70805020110221,1,1,0.09507910900607243,0.5980680715538729,LH,0.09507910907268524,0.5980680584907532,0.3535533845424652,residual,audited,7.0
1676,1914,1,4.683450222015381,0.6142454743385315,-0.25268909335136414,4.148886680603027,0.1651618629693985,0.03187847509980202,4,22,4.74493212836325,0,0,0.6011019660483662,-0.6011019660483662,HL,0.6011019945144653,-0.6011019945144653,0.0,residual,audited,49.00000000000001
449,2581,1,1.1722831726074219,-1.077343463897705,-0.8659063577651978,3.1122825145721436,-0.004594696685671806,0.0009080200106836855,2,1,1.791759469228055,0,0,0.0025667768776077267,-0.0025667768776077267,LL,0.0025667769368737936,-0.0025667769368737936,0.0,residual,audited,65.0
487,1773,1,2.804962635040283,-0.7980249524116516,-0.6442894339561462,4.196147441864014,0.043284524232149124,0.007618172559887171,8,4,3.8066624897703196,0,0,0.40617432960244304,-0.40617432960244304,HL,0.40617433190345764,-0.40617433190345764,0.0,residual,audited,151.0
666,1973,1,3.3376986980438232,0.017242901027202606,-0.7269803881645203,3.9395062923431396,0.10008475184440613,0.020921537652611732,3,12,3.951243718581427,0,0,0.32077300936225667,-0.32077300936225667,HL,0.32077300548553467,-0.32077300548553467,0.0,residual,audited,71.0
873,2313,1,-3.0665085315704346,1.0008257627487183,-0.8659934997558594,-3.260728120803833,0.051542237401008606,0.009951988235116005,3,0,1.3862943611198906,0,0,0.0017051669314512175,-0.0017051669314512175,LL,0.0017051668837666512,-0.0017051668837666512,0.0,residual,audited,218.0
1986,1991,1,3.907468557357788,2.677232503890991,-0.8689061999320984,1.7713003158569336,0.31999683380126953,0.05676283314824104,55,1,4.718498871295095,0,0,-0.027598705190133088,0.027598705190133088,HH,-0.027598705142736435,0.027598705142736435,0.0,residual,audited,151.0
210,1079,1,2.6860909461975098,-0.7974759340286255,-0.7279911637306213,4.169312000274658,0.03440099209547043,0.006004522554576397,7,3,3.465735902799726,0,0,0.31951830065715553,-0.31951830065715553,HL,0.3195182979106903,-0.3195182979106903,0.0,residual,audited,64.0
108,2157,1,2.2951574325561523,-1.079609990119934,-0.8503429293632507,4.220065116882324,-0.002799947513267398,0.00045506752212531865,2,4,2.70805020110221,0,0,0.09507910900607243,-0.09507910900607243,LL,0.09507910907268524,-0.09507910907268524,0.0,residual,audited,12.0
534,609,1,3.2060911655426025,-0.14829319715499878,-0.865517795085907,4.155893802642822,0.05616338923573494,0.01074718777090311,1,6,2.6390573296152584,0,0,0.006401163194461921,-0.006401163194461921,LL,0.006401163060218096,-0.006401163060218096,0.0,residual,audited,131.0
1807,2034,1,4.962322235107422,1.2522529363632202,-0.7734318375587463,4.274795055389404,0.20086079835891724,0.030895287171006203,4,35,5.19295685089021,0,0,0.2608500763576425,-0.2608500763576425,HL,0.26085007190704346,-0.26085007190704346,0.0,residual,audited,56.0
1310,2692,1,5.870779514312744,3.2367231845855713,-0.8659147620201111,3.1304776668548584,0.3616485893726349,0.04761814698576927,0,0,0.0,0,0,0.002483473901375505,-0.002483473901375505,LL,0.0024834738578647375,-0.0024834738578647375,0.0,residual,audited,1.0
201,1701,1,9.294265747070312,1.612123966217041,3.5417728424072266,3.9998416900634766,0.13268321752548218,0.014287875033915043,5,65,5.98141421125448,1,1,0.5287222011676986,0.16442497939224665,HH,0.5287222266197205,0.16442495584487915,0.055470023304224014,residual,audited,17.0
2075,2077,1,6.836658477783203,-0.9667705297470093,3.50535249710083,4.295476913452148,-0.00524497963488102,0.0005978652625344694,7,5,3.8712010109078907,3,3,0.530128441809577,0.8561659193103136,HH,0.5301284193992615,0.8561659455299377,0.5070925354957581,residual,audited,10.0
367,2451,1,4.126365661621094,0.8353910446166992,-0.8658919930458069,4.004728317260742,0.14429326355457306,0.02466423064470291,1,9,2.9957322735539913,0,0,0.002709528290634796,-0.002709528290634796,HL,0.002709528198465705,-0.002709528198465705,0.0,residual,audited,28.0
40,1364,1,4.177741050720215,0.8947683572769165,-0.8660048842430115,4.104384422302246,0.03674852475523949,0.0062265521846711636,2,0,1.0986122886681098,0,0,0.001592483837966117,-0.001592483837966117,LL,0.0015924838371574879,-0.0015924838371574879,0.0,residual,audited,20.0
110,567,1,5.046138763427734,-1.08980131149292,2.0039703845977783,4.115636825561523,0.008487557992339134,0.0011759046465158463,4,5,3.401197381662155,1,1,0.26394703539593084,0.42920014516401445,HH,0.2639470398426056,0.429200142621994,0.22360679507255554,residual,audited,19.0
961,2555,1,6.158468246459961,-1.122960090637207,3.0686511993408203,4.23353910446167,-0.02860696241259575,0.0033839347306638956,3,4,2.995732273553991,2,2,0.18602303754564287,0.9125892511224669,HH,0.1860230416059494,0.9125892519950867,0.5773502588272095,residual,audited,5.0
444,2289,1,2.3518433570861816,-1.122960090637207,-0.8182181715965271,4.279950141906738,0.00522626331076026,0.0008393776952289045,4,3,2.995732273553991,0,0,0.18602303754564287,-0.18602303754564287,HL,0.1860230416059494,-0.1860230416059494,0.0,residual,audited,19.0
142,1628,1,3.9852564334869385,0.39728084206581116,-0.7220352292060852,4.169612407684326,0.132553368806839,0.024449655786156654,3,15,4.1588830833596715,0,0,0.32690411934740055,-0.32690411934740055,HL,0.3269041180610657,-0.3269041180610657,0.0,residual,audited,82.0
290,1765,1,3.2371761798858643,-0.05464599281549454,-0.5701821446418762,3.7478387355804443,0.10632029920816422,0.023737575858831406,4,14,4.31748811353631,0,0,0.4564122585269044,-0.4564122585269044,HL,0.45641225576400757,-0.45641225576400757,0.0,residual,audited,165.0
167,1056,1,6.681014537811279,-1.077343463897705,3.4947104454040527,4.295007228851318,-0.03920452669262886,0.004401903599500656,2,1,1.791759469228055,1,1,0.0025667768776077267,0.6905804036823375,LH,0.0025667769368737936,0.690580427646637,0.7071067690849304,residual,audited,1.0
353,1345,1,6.535369396209717,-1.0061399936676025,3.3792099952697754,4.202927112579346,-0.04847302287817001,0.005612413864582777,3,1,2.0794415416798357,1,1,0.002679459971092827,0.6904677205888524,LH,0.002679459983482957,0.6904677152633667,0.5773502588272095,residual,audited,3.0
2304,2385,1,0.08563448488712311,-1.079609990119934,-0.8503429293632507,2.010542154312134,-0.002799947513267398,0.0007100527873262763,2,4,2.70805020110221,0,0,0.09507910900607243,-0.09507910900607243,LL,0.09507910907268524,-0.09507910907268524,0.0,residual,audited,103.00000000000001
306,2080,1,7.999238967895508,0.8883169889450073,2.714810848236084,4.272267818450928,0.11599843204021454,0.01451541855931282,64,9,6.476972362889683,7,7,1.5413646619434214,0.5380768797364144,HH,1.5413646697998047,0.5380768775939941,0.2916666567325592,residual,audited,72.0
918,1098,1,2.3508121967315674,-1.077343463897705,-0.8659063577651978,4.290811538696289,-0.004594696685671806,0.0007364882039837539,2,1,1.791759469228055,0,0,0.0025667768776077267,-0.0025667768776077267,LL,0.0025667769368737936,-0.0025667769368737936,0.0,residual,audited,47.0
962,1809,1,6.764551639556885,-0.7700439095497131,3.2823143005371094,4.267550468444824,-0.023113982751965523,0.0027704567182809114,6,2,3.044522437723423,2,2,0.09993231907971788,0.9986799695883919,HH,0.09993232041597366,0.9986799955368042,0.5773502588272095,residual,audited,6.0
1721,2476,1,5.0154709815979,-1.0566246509552002,1.936771035194397,4.108535289764404,0.018944088369607925,0.002660359488800168,6,5,3.737669618283368,1,1,0.42931193287961333,0.26383524768033195,HH,0.42931193113327026,0.26383525133132935,0.18257418274879456,residual,audited,9.0
347,408,1,6.657901763916016,-1.056390404701233,3.5224227905273438,4.195459842681885,-0.011435546912252903,0.0013016078155487776,3,5,3.1780538303479453,1,1,0.22552334649902314,0.4676238340609221,HH,0.22552335262298584,0.46762382984161377,0.25819888710975647,residual,audited,17.0
526,1007,1,5.175087928771973,-1.1578092575073242,2.1715354919433594,4.162997722625732,-0.009481079876422882,0.0012638367479667068,3,3,2.772588722239781,1,1,0.15981025222941134,0.5333369283305339,LH,0.15981024503707886,0.5333369374275208,0.3333333432674408,residual,audited,32.0
309,2305,1,2.334901809692383,-1.079609990119934,-0.8503429293632507,4.259809494018555,-0.002799947513267398,0.00045214686542749405,2,4,2.70805020110221,0,0,0.09507910900607243,-0.09507910900607243,LL,0.09507910907268524,-0.09507910907268524,0.0,residual,audited,27.0
717,1907,1,0.06484508514404297,1.413219928741455,-0.865942120552063,-0.5837047696113586,0.0934269055724144,0.03160271421074867,0,7,2.0794415416798357,0,0,0.0022128532902202114,-0.0022128532902202114,LL,0.002212853403761983,-0.002212853403761983,0.0,residual,audited,72.0
482,2230,1,0.657974362373352,-0.9518704414367676,-0.7470583319664001,2.330605983734131,0.01845206692814827,0.004558331798762083,6,3,3.332204510175204,0,0,0.295747045488935,-0.295747045488935,HL,0.2957470417022705,-0.2957470417022705,0.0,residual,audited,84.0
1623,1772,1,8.260367393493652,1.287273645401001,2.5813398361206055,4.255435466766357,0.12847335636615753,0.01556776836514473,36,4,5.220355825078324,1,1,0.2608500763576425,0.4322971042023028,HH,0.26085007190704346,0.43229711055755615,0.0833333358168602,residual,audited,33.0
870,1119,1,8.416335105895996,0.5867624282836914,3.500802993774414,4.260183334350586,0.060741472989320755,0.007223826367408037,2,12,3.6635616461296463,1,1,0.17653506637630972,0.5166121141836355,HH,0.17653506994247437,0.5166121125221252,0.20412413775920868,residual,audited,4.0
833,1678,1,-4.853159427642822,-0.14829319715499878,-0.865517795085907,-3.9033565521240234,0.05616338923573494,0.011292912065982819,6,1,2.6390573296152584,0,0,0.006401163194461921,-0.006401163194461921,LL,0.006401163060218096,-0.006401163060218096,0.0,residual,audited,205.0
1133,1500,1,6.485925674438477,-1.1560620069503784,3.5403389930725098,4.127090930938721,-0.03328724578022957,0.0037583918310701847,3,2,2.4849066497880004,2,2,0.07427151148220186,1.0243407771859079,LH,0.07427151501178741,1.0243407487869263,0.8164965510368347,residual,audited,4.0
733,862,1,5.231967926025391,2.3612000942230225,-0.8655875325202942,3.444460391998291,0.28405022621154785,0.04083940014243126,25,1,3.9512437185814275,0,0,0.005713782933315264,-0.005713782933315264,HL,0.005713782738894224,-0.005713782738894224,0.0,residual,audited,49.00000000000001
1301,2140,1,2.3774847984313965,-1.122960090637207,-0.8182181715965271,4.305591583251953,0.00522626331076026,0.0008359351777471602,4,3,2.995732273553991,0,0,0.18602303754564287,-0.18602303754564287,HL,0.1860230416059494,-0.1860230416059494,0.0,residual,audited,47.0
551,2388,1,1.9965776205062866,1.15565025806427,-0.8659934997558594,1.6318233013153076,0.06725241243839264,0.018075110390782356,0,4,1.6094379124341003,0,0,0.0017051669314512175,-0.0017051669314512175,LL,0.0017051668837666512,-0.0017051668837666512,0.0,residual,audited,50.0
269,321,1,2.283597946166992,-1.079609990119934,-0.8503429293632507,4.208505630493164,-0.002799947513267398,0.0004559240769594908,4,2,2.70805020110221,0,0,0.09507910900607243,-0.09507910900607243,LL,0.09507910907268524,-0.09507910907268524,0.0,residual,audited,9.0
88,415,1,7.161559104919434,-0.4464809000492096,3.412179946899414,4.147446632385254,0.040568333119153976,0.0050416262820363045,31,19,6.461468176353717,10,10,1.051609223728408,1.3462860490699626,HH,1.0516092777252197,1.3462860584259033,0.4120428264141083,residual,audited,63.0
1955,2235,1,2.53629207611084,-0.7700439095497131,-0.8492212891578674,4.128661155700684,0.01905076764523983,0.0033034237567335367,6,2,3.044522437723423,0,0,0.09993231907971788,-0.09993231907971788,HL,0.09993232041597366,-0.09993232041597366,0.0,residual,audited,22.0
657,2522,1,6.856761932373047,0.2154589593410492,2.451106548309326,4.12588357925415,0.056468166410923004,0.0082448311150074,10,2,3.4965075614664807,1,1,0.1378403019224301,0.5553068786375152,HH,0.13784030079841614,0.5553069114685059,0.22360679507255554,residual,audited,5.0
901,1042,1,7.856685638427734,0.2280411720275879,3.513740062713623,4.043048858642578,0.0640103816986084,0.008155393414199352,4,17,4.499809670330265,1,1,0.4681938869129151,0.2249532936470302,HH,0.4681938886642456,0.224953293800354,0.12126781791448593,residual,audited,20.0
119,1549,1,6.645789623260498,-0.9750540256500244,3.538555860519409,4.093679904937744,-0.01923692412674427,0.0022299732081592083,5,2,2.8903717578961645,1,1,0.09507910900607243,0.5980680715538729,LH,0.09507910907268524,0.5980680584907532,0.3162277638912201,residual,audited,8.0
482,1810,1,8.232013702392578,0.809644341468811,3.140089273452759,4.1703314781188965,0.10410300642251968,0.012658179737627506,6,38,5.60947179518496,2,2,0.5504573122412603,0.5481549764268495,HH,0.5504572987556458,0.5481550097465515,0.13245323300361633,residual,audited,5.0
48,598,1,2.760439395904541,0.1693946123123169,0.18352660536766052,2.2582902908325195,0.1413826048374176,0.05136340111494064,7,26,5.375278407684165,0,0,0.8168566785177598,-0.8168566785177598,HL,0.8168566823005676,-0.8168566823005676,0.0,residual,audited,79.0
744,1154,1,5.684172630310059,-0.4366792142391205,2.006664276123047,4.058958530426025,0.047384414821863174,0.007234608288854361,3,9,3.6888794541139367,1,1,0.361807736196368,0.33133944436357726,HH,0.3618077337741852,0.33133944869041443,0.19245009124279022,residual,audited,15.0
1951,2206,1,6.636573314666748,-1.122795581817627,3.527486801147461,4.254052639007568,-0.030015496537089348,0.0033595608547329903,2,2,2.1972245773362196,1,1,0.06396091467381823,0.629186265886127,LH,0.06396091729402542,0.6291862726211548,0.5,residual,audited,13.0
537,1165,1,6.964798450469971,-0.7904485464096069,3.5293283462524414,4.246293544769287,-0.02821987308561802,0.003283560508862138,4,1,2.3025850929940455,1,1,0.002536581283496064,0.6906105992764492,LH,0.002536581363528967,0.6906105875968933,0.5,residual,audited,1.0
439,1169,1,4.648516654968262,2.172484874725342,-0.8660262227058411,3.0684046745300293,0.2658080756664276,0.04171027988195419,1,20,3.7376696182833684,0,0,0.0013809592565058647,-0.0013809592565058647,HL,0.0013809592928737402,-0.0013809592928737402,0.0,residual,audited,133.0
649,1171,1,-2.4688925743103027,1.413219928741455,-0.865942120552063,-3.1174426078796387,0.0934269055724144,0.017017554491758347,0,7,2.0794415416798357,0,0,0.0022128532902202114,-0.0022128532902202114,LL,0.002212853403761983,-0.002212853403761983,0.0,residual,audited,131.0
117,259,1,6.933074951171875,-0.8100169897079468,3.5639781951904297,4.218105316162109,-0.04683632776141167,0.005421538837254047,1,1,1.3862943611198906,1,1,0.002483473901375505,0.6906637066585698,LH,0.0024834738578647375,0.6906636953353882,1.0,residual,audited,1.0
760,985,1,2.306612730026245,-1.056390404701233,-0.7967120409011841,4.142845630645752,0.009024448692798615,0.0015028293710201979,5,3,3.1780538303479453,0,0,0.22552334649902314,-0.22552334649902314,HL,0.22552335262298584,-0.22552335262298584,0.0,residual,audited,98.99999999999999
1724,2215,1,6.562812805175781,-1.122960090637207,3.528822660446167,4.167013168334961,-0.017907902598381042,0.0020265362691134214,4,3,2.995732273553991,1,1,0.18602303754564287,0.5071241430143024,HH,0.1860230416059494,0.507124125957489,0.28867512941360474,residual,audited,9.0
2181,2196,1,3.8141536712646484,1.15565025806427,-0.8659934997558594,3.449399471282959,0.06725241243839264,0.012143160216510296,4,0,1.6094379124341003,0,0,0.0017051669314512175,-0.0017051669314512175,LL,0.0017051668837666512,-0.0017051668837666512,0.0,residual,audited,30.0
56,447,1,6.518056869506836,-1.1560620069503784,3.5349879264831543,4.162142753601074,-0.03085646778345108,0.0034732436761260033,2,3,2.4849066497880004,1,1,0.07427151148220186,0.6188756690777434,LH,0.07427151501178741,0.6188756823539734,0.40824827551841736,residual,audited,8.0
1061,1196,1,-0.45036858320236206,-1.0061399936676025,-0.8658949732780457,1.423195481300354,-0.009374178014695644,0.002836701925843954,1,3,2.0794415416798357,0,0,0.002679459971092827,-0.002679459971092827,LL,0.002679459983482957,-0.002679459983482957,0.0,residual,audited,45.0
1131,1909,1,2.587536096572876,0.8015341758728027,-0.7427080869674683,2.3557190895080566,0.16514593362808228,0.040625233203172684,19,3,4.382026634673881,0,0,0.3011881021227526,-0.3011881021227526,HL,0.3011881113052368,-0.3011881113052368,0.0,residual,audited,37.0
448,1826,1,6.741661548614502,-0.9518704414367676,3.5400454998016357,4.153151035308838,-0.007509665563702583,0.0008679109159857035,3,6,3.332204510175204,1,1,0.295747045488935,0.3974001350710103,HH,0.2957470417022705,0.3974001407623291,0.2357022762298584,residual,audited,6.0
133,1623,1,7.716921329498291,0.7446386218070984,2.609100341796875,4.2481584548950195,0.10717930644750595,0.013903002254664898,6,36,5.556828061699537,2,2,0.5020092073846224,0.5966030812834874,HH,0.5020092129707336,0.5966030955314636,0.13608276844024658,residual,audited,46.0
985,1073,1,2.3553359508514404,-1.0061399936676025,-0.8658949732780457,4.228899955749512,-0.009374178014695644,0.0015341577818617225,3,1,2.0794415416798357,0,0,0.002679459971092827,-0.002679459971092827,LL,0.002679459983482957,-0.002679459983482957,0.0,residual,audited,85.0
701,2062,1,6.689279079437256,-1.0061399936676025,3.5401101112365723,4.185986042022705,-0.03852246329188347,0.004392146598547697,3,1,2.0794415416798357,1,1,0.002679459971092827,0.6904677205888524,LH,0.002679459983482957,0.6904677152633667,0.5773502588272095,residual,audited,10.0
767,873,1,1.8425065279006958,-1.1578092575073242,-0.8288726210594177,3.816091775894165,0.005251563154160976,0.000904190877918154,3,3,2.772588722239781,0,0,0.15981025222941134,-0.15981025222941134,LL,0.15981024503707886,-0.15981024503707886,0.0,residual,audited,78.0
1712,1725,1,6.388604640960693,0.41172412037849426,1.8031516075134277,4.066667079925537,0.09921697527170181,0.01554939802736044,2,11,3.58351893845611,1,1,0.18117393408101218,0.511973246478933,HH,0.18117393553256989,0.5119732618331909,0.21320071816444397,residual,audited,18.0
6,373,1,1.9300963878631592,-1.122795581817627,-0.8570634722709656,3.895991802215576,0.006118503399193287,0.0010402135085314512,2,2,2.1972245773362196,0,0,0.06396091467381823,-0.06396091467381823,LL,0.06396091729402542,-0.06396091729402542,0.0,residual,audited,50.0
1463,2133,1,6.591958999633789,-1.0796327590942383,3.5179247856140137,4.144010066986084,0.0018117845756933093,0.00020721787586808205,6,6,3.8918202981106265,3,3,0.4982656549046744,0.8880287062152161,HH,0.49826565384864807,0.8880287408828735,0.5,residual,audited,24.0
229,1894,1,3.3741307258605957,1.6129066944122314,-0.8662211298942566,2.500883102416992,0.11871697008609772,0.023283643648028374,0,11,2.4849066497880004,0,0,-0.000550437072462336,0.000550437072462336,LH,-0.000550437078345567,0.000550437078345567,0.0,residual,audited,8.0
1358,1745,1,7.923278331756592,2.1778461933135986,2.1495676040649414,3.384578227996826,0.2034415900707245,0.025701889768242836,139,5,6.733401891837358,2,2,0.6801114887286566,0.4185007999394532,HH,0.6801114678382874,0.4185008406639099,0.07586432248353958,residual,audited,118.0
1334,1542,1,8.833043098449707,0.9023674726486206,3.515738010406494,4.304556846618652,0.10253594070672989,0.011618542484939098,4,27,4.941642422609304,1,1,0.5687250615168912,0.12442211904305411,HH,0.568725049495697,0.12442213296890259,0.09622504562139511,residual,audited,14.0
442,2362,1,-2.6938464641571045,1.3416131734848022,-0.866072416305542,-3.263449192047119,0.08621691167354584,0.015514028258621693,6,0,1.9459101490553132,0,0,0.0009230486758283437,-0.0009230486758283437,LL,0.0009230487048625946,-0.0009230487048625946,0.0,residual,audited,77.0
383,2268,1,6.812779903411865,-0.9750540256500244,3.5159060955047607,4.282532691955566,-0.018449923023581505,0.0020985035225749016,2,5,2.8903717578961645,1,1,0.09507910900607243,0.5980680715538729,LH,0.09507910907268524,0.5980680584907532,0.3162277638912201,residual,audited,2.0
525,1628,1,6.974600791931152,-0.7672291398048401,3.516077995300293,4.195308208465576,0.022598886862397194,0.0026583129074424505,13,15,5.4116460518550396,4,4,0.9840730042878254,0.6253649081462749,HH,0.9840729832649231,0.6253649592399597,0.2864459455013275,residual,audited,78.0
1899,1902,1,2.396183729171753,-0.9518704414367676,-0.7470583319664001,4.068815231323242,0.01845206692814827,0.00318898051045835,3,6,3.332204510175204,0,0,0.295747045488935,-0.295747045488935,HL,0.2957470417022705,-0.2957470417022705,0.0,residual,audited,50.0
1986,2001,1,7.5412163734436035,0.2832649052143097,3.457054615020752,3.715998411178589,0.0770534798502922,0.010228286497294903,55,14,6.73340189183736,2,2,1.108719224544179,-0.010106935876069256,HL,1.1087192296981812,-0.010106921195983887,0.0720749944448471,residual,audited,75.0
1358,1761,1,8.351445198059082,2.1778461933135986,1.9960089921951294,3.953404426574707,0.2163398116827011,0.025928832590579987,139,5,6.733401891837358,2,2,0.6801114887286566,0.4185007999394532,HH,0.6801114678382874,0.4185008406639099,0.07586432248353958,residual,audited,85.0
745,1986,1,8.518172264099121,1.0301719903945923,3.4306721687316895,3.9424824714660645,0.10700134187936783,0.012573117390275002,7,55,6.104793232414986,6,6,0.9253597684372051,1.0205503806181082,HH,0.9253597855567932,1.0205504894256592,0.3057883381843567,residual,audited,47.0
32,518,1,2.2206530570983887,-1.1578092575073242,-0.8288726210594177,4.194238185882568,0.005251563154160976,0.0008489197352901101,3,3,2.772588722239781,0,0,0.15981025222941134,-0.15981025222941134,LL,0.15981024503707886,-0.15981024503707886,0.0,residual,audited,40.0
1427,2446,1,2.5675482749938965,-0.7700439095497131,-0.8492212891578674,4.15991735458374,0.01905076764523983,0.003285616170614958,2,6,3.044522437723423,0,0,0.09993231907971788,-0.09993231907971788,HL,0.09993232041597366,-0.09993232041597366,0.0,residual,audited,23.0
368,428,1,6.679915904998779,-1.122960090637207,3.516226291656494,4.295474529266357,-0.016669904813170433,0.0018622821662575006,3,4,2.995732273553991,1,1,0.18602303754564287,0.5071241430143024,HH,0.1860230416059494,0.507124125957489,0.28867512941360474,residual,audited,21.0
47,163,1,4.1447930335998535,0.9648114442825317,-0.8659063577651978,4.003206253051758,0.03483666852116585,0.005935949273407459,1,0,0.6931471805599453,0,0,0.0025667768776077267,-0.0025667768776077267,LL,0.0025667769368737936,-0.0025667769368737936,0.0,residual,audited,16.0
1671,2137,1,1.4442567825317383,-1.1560620069503784,-0.8551075458526611,3.4507994651794434,-0.0032184689771384,0.0005889036692678928,3,2,2.4849066497880004,0,0,0.07427151148220186,-0.07427151148220186,LL,0.07427151501178741,-0.07427151501178741,0.0,residual,audited,77.0
710,2212,1,6.64528226852417,-1.1578092575073242,3.5392985343933105,4.277313709259033,-0.021365590393543243,0.0023750662803649902,3,3,2.772588722239781,1,1,0.15981025222941134,0.5333369283305339,LH,0.15981024503707886,0.5333369374275208,0.3333333432674408,residual,audited,6.0
218,2119,1,0.11924611777067184,1.0776118040084839,-0.8658919930458069,-0.2651606798171997,0.16484184563159943,0.06945077329874039,10,1,3.091042453358316,0,0,0.002709528290634796,-0.002709528290634796,HL,0.002709528198465705,-0.002709528198465705,0.0,residual,audited,136.0
441,1537,1,3.344421625137329,-0.002962268888950348,-0.8397801518440247,4.095032691955566,0.08428628742694855,0.016783205792307854,9,2,3.401197381662156,0,0,0.12967205327110548,-0.12967205327110548,HL,0.12967205047607422,-0.12967205047607422,0.0,residual,audited,8.0
665,2122,1,2.798983573913574,-0.9084423780441284,-0.6397702693939209,4.306655406951904,0.03269549086689949,0.005553314462304115,4,7,3.688879454113936,0,0,0.4092811700187469,-0.4092811700187469,HL,0.4092811644077301,-0.4092811644077301,0.0,residual,audited,38.0
325,1848,1,3.00543212890625,1.15565025806427,-0.8659934997558594,2.6406779289245605,0.06725241243839264,0.014219549484550953,0,4,1.6094379124341003,0,0,0.0017051669314512175,-0.0017051669314512175,LL,0.0017051668837666512,-0.0017051668837666512,0.0,residual,audited,30.0
120,2405,1,6.539600372314453,-1.0122919082641602,3.5112287998199463,4.034131050109863,-0.0013121692463755608,0.0001533093600301072,4,6,3.5553480614894135,3,3,0.3678477635670827,1.0184465975528079,HH,0.3678477704524994,1.0184465646743774,0.6123723983764648,residual,audited,8.0
1215,1894,1,-0.5733506679534912,-0.12214777618646622,-0.7491764426231384,0.20317062735557556,0.08695779740810394,0.07486986368894577,3,11,3.8712010109078907,0,0,0.2930939733738713,-0.2930939733738713,HL,0.2930939793586731,-0.2930939793586731,0.0,residual,audited,188.0
1206,1257,1,5.227688312530518,1.6986933946609497,-0.8653759956359863,4.257015228271484,0.12951086461544037,0.018633060157299042,0,14,2.70805020110221,0,0,0.007796294345678415,-0.007796294345678415,LL,0.007796294521540403,-0.007796294521540403,0.0,residual,audited,23.0
50,1441,1,-2.4296977519989014,1.7592322826385498,-0.8655346035957336,-3.468535900115967,0.1372952163219452,0.022035639733076096,0,17,2.8903717578961645,0,0,0.006236131996241855,-0.006236131996241855,LL,0.006236131768673658,-0.006236131768673658,0.0,residual,audited,220.99999999999997
1185,1992,1,2.4616849422454834,-0.4995826482772827,-0.8657693862915039,3.795071601867676,0.02412041835486889,0.004652370233088732,5,1,2.4849066497880004,0,0,0.003920084665472663,-0.003920084665472663,LL,0.003920084796845913,-0.003920084796845913,0.0,residual,audited,37.0
1090,2367,1,7.253434658050537,-0.5845813155174255,3.5184478759765625,4.2860565185546875,0.02566680684685707,0.0030502150766551495,6,12,4.51085950651685,5,5,0.6828674701538369,1.108891999074218,HH,0.6828674674034119,1.1088919639587402,0.589255690574646,residual,audited,5.0
1041,2448,1,1.953838586807251,-1.079609990119934,-0.8503429293632507,3.878746271133423,-0.002799947513267398,0.00048179435543715954,4,2,2.70805020110221,0,0,0.09507910900607243,-0.09507910900607243,LL,0.09507910907268524,-0.09507910907268524,0.0,residual,audited,37.0
86,1336,1,5.996164321899414,-0.7700439095497131,3.1253409385681152,3.6464898586273193,-0.013467918150126934,0.001782568753696978,2,6,3.044522437723423,1,1,0.09993231907971788,0.5932148614802274,HH,0.09993232041597366,0.5932148694992065,0.28867512941360474,residual,audited,49.00000000000001
1462,1663,1,6.611285209655762,-1.1560620069503784,3.502809524536133,4.287623405456543,-0.030930330976843834,0.0034453452099114656,3,2,2.4849066497880004,1,1,0.07427151148220186,0.6188756690777434,LH,0.07427151501178741,0.6188756823539734,0.40824827551841736,residual,audited,18.0
542,1245,1,5.421035289764404,-1.1578092575073242,2.344661235809326,4.245396137237549,-0.01905778981745243,0.002453711349517107,3,3,2.772588722239781,1,1,0.15981025222941134,0.5333369283305339,LH,0.15981024503707886,0.5333369374275208,0.3333333432674408,residual,audited,57.0
1224,1660,1,8.703639030456543,1.4700871706008911,3.526148796081543,3.599396228790283,0.10016179829835892,0.011518418788909912,20,2,4.143134726391533,2,2,0.16857358292832197,0.9300387057397879,HH,0.16857358813285828,0.9300386905670166,0.3162277638912201,residual,audited,8.0
219,507,1,9.020071029663086,1.11609947681427,3.517713785171509,4.287620544433594,0.09079157561063766,0.010074267163872719,2,16,3.931825632724326,1,1,0.21219425699455913,0.48095292356538616,HH,0.2121942639350891,0.4809529185295105,0.1767766922712326,residual,audited,1.0
372,626,1,0.7872688174247742,-1.1560620069503784,-0.8551075458526611,2.793811559677124,-0.0032184689771384,0.0006693708710372448,2,3,2.4849066497880004,0,0,0.07427151148220186,-0.07427151148220186,LL,0.07427151501178741,-0.07427151501178741,0.0,residual,audited,212.0
59,1725,1,5.129055023193359,-0.8367209434509277,1.827203631401062,4.0839738845825195,0.04675321653485298,0.006880884524434805,9,11,4.787491742782047,1,1,1.1233008543913807,-0.43015367383143543,HL,1.1233009099960327,-0.4301537275314331,0.10050378739833832,residual,audited,171.0
1424,1621,1,2.515923261642456,-0.8100169897079468,-0.8659147620201111,4.156964302062988,0.02704540453851223,0.004615302663296461,1,1,1.3862943611198906,0,0,0.002483473901375505,-0.002483473901375505,LL,0.0024834738578647375,-0.0024834738578647375,0.0,residual,audited,17.0
868,2099,1,7.125222682952881,-0.5018419027328491,3.5303754806518555,4.0868120193481445,0.0020323635544627905,0.0002502583374734968,7,2,3.1780538303479453,1,1,0.09682951278185134,0.5963176677780939,HH,0.09682951122522354,0.5963176488876343,0.26726123690605164,residual,audited,4.0
1281,1746,1,1.0816454887390137,-1.1560620069503784,1.800941824913025,0.43789833784103394,-0.008977937512099743,0.0026375597808510065,3,2,2.4849066497880004,1,1,0.07427151148220186,0.6188756690777434,LH,0.07427151501178741,0.6188756823539734,0.40824827551841736,residual,audited,219.0
443,1264,1,6.596260070800781,-1.1560620069503784,3.514881134033203,4.2602858543396,-0.030689775943756104,0.003424464724957943,3,2,2.4849066497880004,1,1,0.07427151148220186,0.6188756690777434,LH,0.07427151501178741,0.6188756823539734,0.40824827551841736,residual,audited,7.0
807,1956,1,6.512571334838867,-1.1560620069503784,3.541353464126587,4.152712345123291,-0.03327769786119461,0.0037460518069565296,3,2,2.4849066497880004,1,1,0.07427151148220186,0.6188756690777434,LH,0.07427151501178741,0.6188756823539734,0.40824827551841736,residual,audited,13.0
1204,1839,1,-4.743603706359863,-1.08980131149292,-0.7712138891220093,-2.903616428375244,0.01318330131471157,0.0027592740952968597,4,5,3.401197381662155,0,0,0.26394703539593084,-0.26394703539593084,HL,0.2639470398426056,-0.2639470398426056,0.0,residual,audited,259.0
750,1441,1,-0.5719980001449585,1.7592322826385498,-0.8655346035957336,-1.6108360290527344,0.1372952163219452,0.03139684721827507,0,17,2.8903717578961645,0,0,0.006236131996241855,-0.006236131996241855,LL,0.006236131768673658,-0.006236131768673658,0.0,residual,audited,73.0
2112,2436,1,1.2519506216049194,-1.056390404701233,-0.7967120409011841,3.0881834030151367,0.009024448692798615,0.0018230065470561385,5,3,3.1780538303479453,0,0,0.22552334649902314,-0.22552334649902314,HL,0.22552335262298584,-0.22552335262298584,0.0,residual,audited,81.0
624,1232,1,-4.19232177734375,-0.8100169897079468,-0.8659147620201111,-2.5512804985046387,0.02704540453851223,0.006357256788760424,1,1,1.3862943611198906,0,0,0.002483473901375505,-0.002483473901375505,LL,0.0024834738578647375,-0.0024834738578647375,0.0,residual,audited,155.0
205,1701,1,7.414002895355225,2.708054780960083,3.5201854705810547,0.9935457706451416,0.18437227606773376,0.024894455447793007,1,65,4.882801922586371,1,1,0.020145318105689636,0.6730018624542556,HH,0.020145317539572716,0.6730018854141235,0.12403473258018494,residual,audited,48.0
921,1914,1,5.151821613311768,1.6057164669036865,-0.8240926861763,4.1391191482543945,0.22323349118232727,0.03286633640527725,2,22,4.23410650459726,0,0,0.17162295933884167,-0.17162295933884167,HL,0.17162296175956726,-0.17162296175956726,0.0,residual,audited,42.0
519,598,1,3.3136372566223145,-0.1585945188999176,-0.2754574120044708,3.628922939300537,0.1109212338924408,0.026574986055493355,10,26,5.6937321388027,0,0,0.5908559921618184,-0.5908559921618184,HL,0.5908560156822205,-0.5908560156822205,0.0,residual,audited,72.0
1515,2234,1,-3.636875867843628,0.9648114442825317,-0.8659063577651978,-3.7784628868103027,0.03483666852116585,0.006172318011522293,1,0,0.6931471805599453,0,0,0.0025667768776077267,-0.0025667768776077267,LL,0.0025667769368737936,-0.0025667769368737936,0.0,residual,audited,214.00000000000003
469,2412,1,-4.9322686195373535,-1.077343463897705,-0.8659063577651978,-2.9922690391540527,-0.004594696685671806,0.000930079142563045,2,1,1.791759469228055,0,0,0.0025667768776077267,-0.0025667768776077267,LL,0.0025667769368737936,-0.0025667769368737936,0.0,residual,audited,214.00000000000003
64,1209,1,2.0359604358673096,-1.077343463897705,-0.8659063577651978,3.9759600162506104,-0.004594696685671806,0.000775632681325078,2,1,1.791759469228055,0,0,0.0025667768776077267,-0.0025667768776077267,LL,0.0025667769368737936,-0.0025667769368737936,0.0,residual,audited,16.0
306,1779,1,8.692112922668457,1.5977706909179688,2.6681580543518066,4.269349575042725,0.1489892452955246,0.017156224697828293,64,5,5.966146739123692,1,1,0.7195270036789018,-0.02637982311895648,HL,0.719527006149292,-0.026379823684692383,0.055901698768138885,residual,audited,46.0
1433,2359,1,3.661360502243042,0.2154589593410492,-0.8370099663734436,4.171192646026611,0.10387380421161652,0.01949753612279892,2,10,3.4965075614664807,0,0,0.1378403019224301,-0.1378403019224301,HL,0.13784030079841614,-0.13784030079841614,0.0,residual,audited,40.0
1070,1358,1,5.7477707862854,2.1778461933135986,2.049715518951416,1.300200343132019,0.21216325461864471,0.03696271777153015,5,139,6.733401891837358,2,2,0.6801114887286566,0.4185007999394532,HH,0.6801114678382874,0.4185008406639099,0.07586432248353958,residual,audited,183.0
1810,1812,1,5.056910991668701,1.3518677949905396,-0.7287880778312683,4.214245796203613,0.2117404341697693,0.03254219517111778,38,4,5.272999558563747,0,0,0.31852856519640793,-0.31852856519640793,HL,0.31852856278419495,-0.31852856278419495,0.0,residual,audited,76.0
695,1336,1,6.285532474517822,-1.0566246509552002,3.5101499557495117,3.831204891204834,-0.007042285520583391,0.0008378664497286081,5,6,3.737669618283368,1,1,0.42931193287961333,0.26383524768033195,HH,0.42931193113327026,0.26383525133132935,0.18257418274879456,residual,audited,16.0
667,2364,1,-1.3733131885528564,-1.122795581817627,-0.8570634722709656,0.5925822257995605,0.006118503399193287,0.0023728373926132917,2,2,2.1972245773362196,0,0,0.06396091467381823,-0.06396091467381823,LL,0.06396091729402542,-0.06396091729402542,0.0,residual,audited,64.0
945,2388,1,2.109692096710205,-1.122960090637207,-0.8182181715965271,4.037798881530762,0.00522626331076026,0.0008733432041481137,3,4,2.995732273553991,0,0,0.18602303754564287,-0.18602303754564287,HL,0.1860230416059494,-0.1860230416059494,0.0,residual,audited,82.0
843,2542,1,-1.529841423034668,1.0008257627487183,-0.8659934997558594,-1.724061131477356,0.051542237401008606,0.014150537550449371,3,0,1.3862943611198906,0,0,0.0017051669314512175,-0.0017051669314512175,LL,0.0017051668837666512,-0.0017051668837666512,0.0,residual,audited,109.0
1358,1713,1,-0.778425395488739,2.552041530609131,-0.26345711946487427,-3.3939268589019775,0.31907182931900024,0.04887370392680168,139,3,6.327936783729195,0,0,0.5962537633065377,-0.5962537633065377,HL,0.5962537527084351,-0.5962537527084351,0.0,residual,audited,310.0
905,1483,1,8.225041389465332,0.8833342790603638,3.1184263229370117,4.128180980682373,0.08725482225418091,0.010618563741445541,3,20,4.430816798843313,3,3,0.34185746108770393,1.0444369000321867,HH,0.3418574631214142,1.0444369316101074,0.3872983157634735,residual,audited,2.0
1059,1600,1,6.790247917175293,3.2367231845855713,-0.8659147620201111,4.049945831298828,0.3616485893726349,0.04247577115893364,0,0,0.0,0,0,0.002483473901375505,-0.002483473901375505,LL,0.0024834738578647375,-0.0024834738578647375,0.0,residual,audited,1.0
403,806,1,6.990775108337402,-0.14829319715499878,2.895205497741699,4.232248783111572,0.0037691364996135235,0.0005177729181014001,6,1,2.6390573296152584,1,1,0.006401163194461921,0.6867460173654834,LH,0.006401163060218096,0.6867460012435913,0.40824827551841736,residual,audited,1.0
228,322,1,2.0681090354919434,1.15565025806427,-0.8659934997558594,1.7033547163009644,0.06725241243839264,0.017734168097376823,4,0,1.6094379124341003,0,0,0.0017051669314512175,-0.0017051669314512175,LL,0.0017051668837666512,-0.0017051668837666512,0.0,residual,audited,170.0
1148,2220,1,5.491771221160889,-1.1560620069503784,2.4952492713928223,4.170139789581299,-0.025400569662451744,0.0032370395492762327,2,3,2.4849066497880004,1,1,0.07427151148220186,0.6188756690777434,LH,0.07427151501178741,0.6188756823539734,0.40824827551841736,residual,audited,5.0
1317,1720,1,2.536710262298584,-0.7974759340286255,-0.7279911637306213,4.019931316375732,0.03440099209547043,0.006165273487567902,7,3,3.465735902799726,0,0,0.31951830065715553,-0.31951830065715553,HL,0.3195182979106903,-0.3195182979106903,0.0,residual,audited,163.0
1553,1827,1,6.5067901611328125,-1.1578092575073242,3.53729248046875,4.139797687530518,-0.020335860550403595,0.002296478720381856,3,3,2.772588722239781,1,1,0.15981025222941134,0.5333369283305339,LH,0.15981024503707886,0.5333369374275208,0.3333333432674408,residual,audited,16.0
2147,2486,1,6.668639659881592,-1.079609990119934,3.516875982284546,4.247490406036377,-0.023961415514349937,0.002702027792111039,4,2,2.70805020110221,1,1,0.09507910900607243,0.5980680715538729,LH,0.09507910907268524,0.5980680584907532,0.3535533845424652,residual,audited,3.0
604,1914,1,8.380906105041504,0.6142454743385315,3.521674156188965,4.153051853179932,0.08409004658460617,0.010042927227914333,4,22,4.74493212836325,1,1,0.6011019660483662,0.0920452145115791,HH,0.6011019945144653,0.09204518795013428,0.10660035908222198,residual,audited,14.0
2164,2282,1,2.697417974472046,-0.4995826482772827,-0.8657693862915039,4.030804634094238,0.02412041835486889,0.004450034350156784,1,5,2.4849066497880004,0,0,0.003920084665472663,-0.003920084665472663,LL,0.003920084796845913,-0.003920084796845913,0.0,residual,audited,49.00000000000001
175,2217,1,2.351722478866577,-0.9518704414367676,-0.7470583319664001,4.024353981018066,0.01845206692814827,0.0032136745285242796,6,3,3.332204510175204,0,0,0.295747045488935,-0.295747045488935,HL,0.2957470417022705,-0.2957470417022705,0.0,residual,audited,53.0
1957,2630,1,-4.552539348602295,-0.4995826482772827,-0.8657693862915039,-3.2191524505615234,0.02412041835486889,0.005233755800873041,5,1,2.4849066497880004,0,0,0.003920084665472663,-0.003920084665472663,LL,0.003920084796845913,-0.003920084796845913,0.0,residual,audited,231.0
1054,1432,1,6.847002029418945,-0.9750540256500244,3.5285792350769043,4.303190231323242,-0.017558258026838303,0.001989743672311306,5,2,2.8903717578961645,1,1,0.09507910900607243,0.5980680715538729,LH,0.09507910907268524,0.5980680584907532,0.3162277638912201,residual,audited,4.0
289,1722,1,3.2453975677490234,-1.122795581817627,1.8007749319076538,2.5594124794006348,0.0001604232529643923,2.9257533242343925e-05,2,2,2.1972245773362196,1,1,0.06396091467381823,0.629186265886127,LH,0.06396091729402542,0.6291862726211548,0.5,residual,audited,179.0
466,1305,1,4.957510471343994,-0.7904485464096069,1.7997740507125854,3.943027973175049,-0.0026878376957029104,0.00041123974369838834,4,1,2.3025850929940455,1,1,0.002536581283496064,0.6906105992764492,LH,0.002536581363528967,0.6906105875968933,0.5,residual,audited,35.0
1098,2067,1,2.3535563945770264,-1.077343463897705,-0.8659063577651978,4.293555736541748,-0.004594696685671806,0.0007361643947660923,1,2,1.791759469228055,0,0,0.0025667768776077267,-0.0025667768776077267,LL,0.0025667769368737936,-0.0025667769368737936,0.0,residual,audited,22.0
981,1221,1,2.5726301670074463,-0.7904485464096069,-0.8659093976020813,4.222270488739014,-0.0011275240685790777,0.00019176374189555645,1,4,2.3025850929940455,0,0,0.002536581283496064,-0.002536581283496064,LL,0.002536581363528967,-0.002536581363528967,0.0,residual,audited,22.0
293,2038,1,-3.8488242626190186,0.9648114442825317,-0.8659063577651978,-3.9904112815856934,0.03483666852116585,0.005948919802904129,0,1,0.6931471805599453,0,0,0.0025667768776077267,-0.0025667768776077267,LL,0.0025667769368737936,-0.0025667769368737936,0.0,residual,audited,302.0
1270,2034,1,-0.14214210212230682,2.541649580001831,-0.8643245100975037,-2.130187749862671,0.30287548899650574,0.051870789378881454,1,35,4.276666119016055,0,0,0.018078891203757413,-0.018078891203757413,HL,0.018078891560435295,-0.018078891560435295,0.0,residual,audited,201.0
618,938,1,-4.5121684074401855,-1.077343463897705,-0.8659063577651978,-2.5721688270568848,-0.004594696685671806,0.0010165228741243482,1,2,1.791759469228055,0,0,0.0025667768776077267,-0.0025667768776077267,LL,0.0025667769368737936,-0.0025667769368737936,0.0,residual,audited,251.0
1197,1791,1,2.2305667400360107,-1.077343463897705,-0.8659063577651978,4.170566082000732,-0.004594696685671806,0.0007509624701924622,1,2,1.791759469228055,0,0,0.0025667768776077267,-0.0025667768776077267,LL,0.0025667769368737936,-0.0025667769368737936,0.0,residual,audited,25.0
1098,1477,1,6.6021246910095215,-1.0061399936676025,3.351879596710205,4.295409202575684,-0.046868834644556046,0.00538703752681613,1,3,2.0794415416798357,1,1,0.002679459971092827,0.6904677205888524,LH,0.002679459983482957,0.6904677152633667,0.5773502588272095,residual,audited,22.0
266,809,1,6.267165660858154,-1.122960090637207,3.5229501724243164,3.881035327911377,-0.021704474464058876,0.0025389359798282385,3,4,2.995732273553991,1,1,0.18602303754564287,0.5071241430143024,HH,0.1860230416059494,0.507124125957489,0.28867512941360474,residual,audited,12.0
131,2169,1,2.3224294185638428,-1.0061399936676025,-0.8658949732780457,4.195993423461914,-0.009374178014695644,0.0015424645971506834,1,3,2.0794415416798357,0,0,0.002679459971092827,-0.002679459971092827,LL,0.002679459983482957,-0.002679459983482957,0.0,residual,audited,35.0
1147,2371,1,7.020616054534912,-0.7700439095497131,3.5400795936584473,4.249664783477783,-0.0069293431006371975,0.0008088679751381278,6,2,3.044522437723423,1,1,0.09993231907971788,0.5932148614802274,HH,0.09993232041597366,0.5932148694992065,0.28867512941360474,residual,audited,3.0
142,2181,1,6.563259601593018,-1.122960090637207,3.5228662490844727,4.171205043792725,-0.015696311369538307,0.0017770626582205296,3,4,2.995732273553991,1,1,0.18602303754564287,0.5071241430143024,HH,0.1860230416059494,0.507124125957489,0.28867512941360474,residual,audited,28.0
1236,2479,1,6.180222988128662,3.2367231845855713,-0.8659147620201111,3.4399211406707764,0.3616485893726349,0.04575393721461296,0,0,0.0,0,0,0.002483473901375505,-0.002483473901375505,LL,0.0024834738578647375,-0.0024834738578647375,0.0,residual,audited,1.0
18,2082,1,-3.0453312397003174,1.0008257627487183,-0.8659934997558594,-3.239551067352295,0.051542237401008606,0.00999284815043211,3,0,1.3862943611198906,0,0,0.0017051669314512175,-0.0017051669314512175,LL,0.0017051668837666512,-0.0017051668837666512,0.0,residual,audited,122.99999999999999
531,606,1,-2.1089231967926025,-0.7904485464096069,-0.8659093976020813,-0.45928293466567993,-0.0011275240685790777,0.0005326629616320133,1,4,2.3025850929940455,0,0,0.002536581283496064,-0.002536581283496064,LL,0.002536581363528967,-0.002536581363528967,0.0,residual,audited,104.99999999999999
1682,2319,1,7.240819454193115,-0.24160826206207275,3.1769938468933105,4.286668300628662,0.01092071458697319,0.0014152986695989966,8,2,3.295836866004329,1,1,0.12967205327110548,0.5634751272888399,HH,0.12967205047607422,0.5634751319885254,0.25,residual,audited,1.0
405,1275,1,2.1674344539642334,-1.077343463897705,-0.8659063577651978,4.107433795928955,-0.004594696685671806,0.0007587919826619327,2,1,1.791759469228055,0,0,0.0025667768776077267,-0.0025667768776077267,LL,0.0025667769368737936,-0.0025667769368737936,0.0,residual,audited,25.0
429,2043,1,5.347729206085205,1.722838282585144,-0.8650318384170532,4.2589945793151855,0.22308307886123657,0.031553708016872406,14,1,3.4011973816621555,0,0,0.011174017424812204,-0.011174017424812204,HL,0.011174017563462257,-0.011174017563462257,0.0,residual,audited,7.0
836,2403,1,1.8095054626464844,-0.4995826482772827,-0.8657693862915039,3.1428918838500977,0.02412041835486889,0.005321817938238382,5,1,2.4849066497880004,0,0,0.003920084665472663,-0.003920084665472663,LL,0.003920084796845913,-0.003920084796845913,0.0,residual,audited,104.0
2181,2202,1,2.254180908203125,-1.122960090637207,-0.8182181715965271,4.182287693023682,0.00522626331076026,0.0008527534664608538,4,3,2.995732273553991,0,0,0.18602303754564287,-0.18602303754564287,HL,0.1860230416059494,-0.1860230416059494,0.0,residual,audited,53.0
296,2685,1,5.221716403961182,-1.0061399936676025,2.2244536876678467,4.0279388427734375,-0.03238091245293617,0.004441269673407078,1,3,2.0794415416798357,1,1,0.002679459971092827,0.6904677205888524,LH,0.002679459983482957,0.6904677152633667,0.5773502588272095,residual,audited,9.0
1701,1865,1,3.394320249557495,2.5009570121765137,-0.8418011665344238,1.4277992248535156,0.29951992630958557,0.05907600745558739,65,2,5.288267030694535,0,0,0.12368596641301963,-0.12368596641301963,HL,0.12368596345186234,-0.12368596345186234,0.0,residual,audited,122.0
468,1311,1,6.7274322509765625,-1.0061399936676025,3.535581111907959,4.235528945922852,-0.04538258910179138,0.00514388270676136,1,3,2.0794415416798357,1,1,0.002679459971092827,0.6904677205888524,LH,0.002679459983482957,0.6904677152633667,0.5773502588272095,residual,audited,2.0
577,2352,1,7.28777551651001,-0.5018419027328491,3.5125837326049805,4.262183666229248,0.007005204446613789,0.0008456700597889721,7,2,3.1780538303479453,1,1,0.09682951278185134,0.5963176677780939,HH,0.09682951122522354,0.5963176488876343,0.26726123690605164,residual,audited,1.0
830,1914,1,5.399797439575195,2.2637648582458496,-0.8651906847953796,3.7192983627319336,0.27408018708229065,0.03848179057240486,1,22,3.828641396489095,0,0,0.00961734087375331,-0.00961734087375331,HL,0.009617340750992298,-0.009617340750992298,0.0,residual,audited,38.0
1072,1801,1,7.9143266677856445,0.8496254682540894,2.8540539741516113,4.105472087860107,0.0973299890756607,0.012310151942074299,26,4,4.90527477843843,1,1,0.5121098978044188,0.18103728275552644,HH,0.5121098756790161,0.1810373067855835,0.0980580672621727,residual,audited,34.0
57,2418,1,-2.8858776092529297,1.2627743482589722,-0.8659934997558594,-3.368661880493164,0.07815815508365631,0.014017920941114426,0,5,1.791759469228055,0,0,0.0017051669314512175,-0.0017051669314512175,LL,0.0017051668837666512,-0.0017051668837666512,0.0,residual,audited,118.0
374,2147,1,2.3979525566101074,-1.08980131149292,-0.7712138891220093,4.237939357757568,0.01318330131471157,0.0021569051314145327,5,4,3.401197381662155,0,0,0.26394703539593084,-0.26394703539593084,HL,0.2639470398426056,-0.2639470398426056,0.0,residual,audited,9.0
380,930,1,6.930981159210205,-0.8100169897079468,3.527595043182373,4.249695301055908,-0.04413704574108124,0.005113518331199884,1,1,1.3862943611198906,1,1,0.002483473901375505,0.6906637066585698,LH,0.0024834738578647375,0.6906636953353882,1.0,residual,audited,1.0
1441,2272,1,-0.9699008464813232,1.7592322826385498,-0.8655346035957336,-2.0087389945983887,0.1372952163219452,0.028778230771422386,17,0,2.8903717578961645,0,0,0.006236131996241855,-0.006236131996241855,LL,0.006236131768673658,-0.006236131768673658,0.0,residual,audited,151.0
2034,2042,1,10.289407730102539,2.541649580001831,3.3428633213043213,4.224538326263428,0.17251238226890564,0.01677880994975567,35,1,4.276666119016055,1,1,0.018078891203757413,0.6750682893561879,HH,0.018078891560435295,0.6750683188438416,0.16903084516525269,residual,audited,6.0
445,909,1,4.308343887329102,0.9648114442825317,-0.8659063577651978,4.166757106781006,0.03483666852116585,0.005775011610239744,1,0,0.6931471805599453,0,0,0.0025667768776077267,-0.0025667768776077267,LL,0.0025667769368737936,-0.0025667769368737936,0.0,residual,audited,5.0
302,1158,1,1.9478353261947632,-1.0122919082641602,-0.6887643337249756,3.6190884113311768,0.02195802703499794,0.004110371693968773,4,6,3.5553480614894135,0,0,0.3678477635670827,-0.3678477635670827,HL,0.3678477704524994,-0.3678477704524994,0.0,residual,audited,119.0
91,2380,1,6.848598003387451,-0.9750540256500244,3.5300350189208984,4.310850143432617,-0.02507806196808815,0.0028365585021674633,5,2,2.8903717578961645,2,2,0.09507910900607243,1.0035331796620373,LH,0.09507910907268524,1.0035332441329956,0.6324555277824402,residual,audited,6.0
651,2156,1,6.682843208312988,-0.9518704414367676,3.5344526767730713,4.100500583648682,-0.008084297180175781,0.0009405913879163563,6,3,3.332204510175204,1,1,0.295747045488935,0.3974001350710103,HH,0.2957470417022705,0.3974001407623291,0.2357022762298584,residual,audited,9.0
95,734,1,7.218871593475342,-0.5114978551864624,3.527721643447876,4.159053325653076,0.03574955090880394,0.0043416875414550304,18,10,5.342334251964811,2,2,0.9537633594016448,0.14484892926646498,HH,0.9537633657455444,0.14484894275665283,0.14907120168209076,residual,audited,43.0
55,2020,1,8.346115112304688,0.5492174029350281,3.530133008956909,4.221210956573486,0.0377078652381897,0.004522264935076237,8,1,2.890371757896165,1,1,0.002709528290634796,0.6904376522693105,LH,0.002709528198465705,0.6904376745223999,0.3535533845424652,residual,audited,1.0
1097,1115,1,6.491070747375488,-1.08980131149292,3.531949520111084,4.053749084472656,-0.012671485543251038,0.001458475599065423,4,5,3.401197381662155,1,1,0.26394703539593084,0.42920014516401445,HH,0.2639470398426056,0.429200142621994,0.22360679507255554,residual,audited,8.0
513,565,1,4.475858211517334,1.0776118040084839,-0.8658919930458069,4.091451644897461,0.16484184563159943,0.026588264852762222,1,10,3.091042453358316,0,0,0.002709528290634796,-0.002709528290634796,HL,0.002709528198465705,-0.002709528198465705,0.0,residual,audited,18.0
1848,2419,1,1.5336178541183472,-1.122960090637207,-0.8182181715965271,3.4617247581481934,0.00522626331076026,0.0009663717355579138,4,3,2.995732273553991,0,0,0.18602303754564287,-0.18602303754564287,HL,0.1860230416059494,-0.1860230416059494,0.0,residual,audited,107.00000000000001
596,644,1,6.564541339874268,-1.08980131149292,3.5369133949279785,4.120846271514893,-0.01126180775463581,0.0012857672991231084,4,5,3.401197381662155,1,1,0.26394703539593084,0.42920014516401445,HH,0.2639470398426056,0.429200142621994,0.22360679507255554,residual,audited,4.0
506,1013,1,1.9158155918121338,1.421447515487671,-0.8476868867874146,1.1252442598342896,0.20896556973457336,0.0579921193420887,3,29,4.787491742782046,0,0,0.10534341095846705,-0.10534341095846705,HL,0.10534340888261795,-0.10534340888261795,0.0,residual,audited,179.0
1110,1224,1,4.356469631195068,0.8833342790603638,-0.7099329829216003,4.001586437225342,0.1736367791891098,0.030100904405117035,3,20,4.430816798843313,0,0,0.34185746108770393,-0.34185746108770393,HL,0.3418574631214142,-0.3418574631214142,0.0,residual,audited,100.0
458,1953,1,6.7372331619262695,-0.9750540256500244,3.5419280529022217,4.182106971740723,-0.01959264650940895,0.0022472029086202383,5,2,2.8903717578961645,1,1,0.09507910900607243,0.5980680715538729,LH,0.09507910907268524,0.5980680584907532,0.3162277638912201,residual,audited,4.0
693,2108,1,-2.479067325592041,-1.0061399936676025,-0.8658949732780457,-0.6055033206939697,-0.009374178014695644,0.0037694040220230818,3,1,2.0794415416798357,0,0,0.002679459971092827,-0.002679459971092827,LL,0.002679459983482957,-0.002679459983482957,0.0,residual,audited,173.0
1229,1254,1,7.753328800201416,1.2805293798446655,2.234563112258911,4.116281032562256,0.11411067843437195,0.014732543379068375,11,1,3.1780538303479458,1,1,0.0006908748283487874,0.6924563057315964,HH,0.0006908748182468116,0.6924563050270081,0.30151134729385376,residual,audited,1.0
1158,2251,1,4.55750846862793,1.3416131734848022,-0.866072416305542,3.987905979156494,0.08621691167354584,0.01372485514730215,6,0,1.9459101490553132,0,0,0.0009230486758283437,-0.0009230486758283437,LL,0.0009230487048625946,-0.0009230487048625946,0.0,residual,audited,7.0
2222,2225,1,6.674621105194092,-1.122960090637207,3.5262043476104736,4.284029960632324,-0.020497974008321762,0.0022893319837749004,3,4,2.995732273553991,3,3,0.18602303754564287,1.2002713235742477,HH,0.1860230416059494,1.2002713680267334,0.866025447845459,residual,audited,2.0
303,1670,1,2.0414116382598877,-1.122795581817627,-0.8570634722709656,4.007307052612305,0.006118503399193287,0.0010208932217210531,2,2,2.1972245773362196,0,0,0.06396091467381823,-0.06396091467381823,LL,0.06396091729402542,-0.06396091729402542,0.0,residual,audited,73.0
380,477,1,6.924591541290283,-0.8100169897079468,3.527595043182373,4.243305683135986,-0.04413704574108124,0.005117306485772133,1,1,1.3862943611198906,1,1,0.002483473901375505,0.6906637066585698,LH,0.0024834738578647375,0.6906636953353882,1.0,residual,audited,2.0
1757,2451,1,2.8919594287872314,-0.002962268888950348,-0.8397801518440247,3.6425704956054688,0.08428628742694855,0.018445007503032684,2,9,3.401197381662156,0,0,0.12967205327110548,-0.12967205327110548,HL,0.12967205047607422,-0.12967205047607422,0.0,residual,audited,153.0
1255,2248,1,5.1677422523498535,1.597827672958374,-0.866454005241394,4.216532230377197,0.211991086602211,0.030755415558815002,1,13,3.332204510175204,0,0,-0.002865332104051953,0.002865332104051953,HH,-0.002865332178771496,0.002865332178771496,0.0,residual,audited,24.0
368,2393,1,2.402430772781372,-1.0061399936676025,-0.8658949732780457,4.275994777679443,-0.009374178014695644,0.0015224236994981766,3,1,2.0794415416798357,0,0,0.002679459971092827,-0.002679459971092827,LL,0.002679459983482957,-0.002679459983482957,0.0,residual,audited,17.0
388,1899,1,2.0467419624328613,-1.1560620069503784,-0.8551075458526611,4.053284645080566,-0.0032184689771384,0.0005304288933984935,2,3,2.4849066497880004,0,0,0.07427151148220186,-0.07427151148220186,LL,0.07427151501178741,-0.07427151501178741,0.0,residual,audited,61.0
89,1157,1,7.406554222106934,-0.4366792142391205,3.5206191539764404,4.298558712005615,0.01621054857969284,0.0019596731290221214,9,3,3.6888794541139367,1,1,0.361807736196368,0.33133944436357726,HH,0.3618077337741852,0.33133944869041443,0.19245009124279022,residual,audited,8.0
1580,2200,1,6.356791973114014,-1.079609990119934,3.512904644012451,3.942371129989624,-0.026718417182564735,0.003120725741609931,4,2,2.70805020110221,1,1,0.09507910900607243,0.5980680715538729,LH,0.09507910907268524,0.5980680584907532,0.3535533845424652,residual,audited,20.0
492,688,1,7.302585601806641,-0.4995826482772827,3.5190200805664062,4.291016578674316,-0.015713432803750038,0.0018874238012358546,5,1,2.4849066497880004,1,1,0.003920084665472663,0.6892270958944726,LH,0.003920084796845913,0.6892271041870117,0.4472135901451111,residual,audited,10.0
335,1986,1,6.065869331359863,2.677232503890991,-0.8689061999320984,3.929701328277588,0.31999683380126953,0.041047144681215286,1,55,4.718498871295095,0,0,-0.027598705190133088,0.027598705190133088,HH,-0.027598705142736435,0.027598705142736435,0.0,residual,audited,81.0
346,1358,1,9.161208152770996,2.794877290725708,2.3319311141967773,3.794605016708374,0.231950044631958,0.02534041740000248,1,139,5.634789603169249,1,1,0.06430606827952172,0.6288411122804236,HH,0.06430606544017792,0.6288411021232605,0.08481889218091965,residual,audited,11.0
2034,2035,1,4.823235511779785,2.1209194660186768,-0.8404001593589783,3.2716667652130127,0.2632046937942505,0.040516771376132965,35,2,4.68213122712422,0,0,0.1278380797400702,-0.1278380797400702,HL,0.12783807516098022,-0.12783807516098022,0.0,residual,audited,101.0
1554,2687,1,2.3115041255950928,-1.077343463897705,-0.8659063577651978,4.2515034675598145,-0.004594696685671806,0.0007411580299958587,2,1,1.791759469228055,0,0,0.0025667768776077267,-0.0025667768776077267,LL,0.0025667769368737936,-0.0025667769368737936,0.0,residual,audited,12.0
695,1681,1,6.89833402633667,-0.8734345436096191,3.4656832218170166,4.300471782684326,-0.0022311073262244463,0.0002581756270956248,5,8,3.9889840465642745,3,3,0.4855470978437046,0.9007472632761859,HH,0.48554709553718567,0.9007472991943359,0.47434163093566895,residual,audited,5.0
1358,1709,1,8.788761138916016,2.552041530609131,1.9263806343078613,4.060232639312744,0.24226176738739014,0.027589578181505203,139,3,6.327936783729195,1,1,0.5962537633065377,0.09689341725340761,HH,0.5962537527084351,0.09689342975616455,0.048970211297273636,residual,audited,39.0
1889,1891,1,6.884916305541992,-0.7700439095497131,3.406358480453491,4.258755207061768,-0.017998695373535156,0.0021292278543114662,6,2,3.044522437723423,2,2,0.09993231907971788,0.9986799695883919,HH,0.09993232041597366,0.9986799955368042,0.5773502588272095,residual,audited,12.0
1207,2290,1,6.7062554359436035,-1.079609990119934,3.5275769233703613,4.280667781829834,-0.030224455520510674,0.003389121498912573,2,4,2.70805020110221,2,2,0.09507910900607243,1.0035331796620373,LH,0.09507910907268524,1.0035332441329956,0.7071067690849304,residual,audited,6.0
1705,2322,1,-4.079390048980713,0.8947683572769165,-0.8660048842430115,-4.152746677398682,0.03674852475523949,0.0061759441159665585,2,0,1.0986122886681098,0,0,0.001592483837966117,-0.001592483837966117,LL,0.0015924838371574879,-0.0015924838371574879,0.0,residual,audited,363.0
15,1271,1,6.6910810470581055,-1.122960090637207,3.532569408416748,4.290435314178467,-0.01680847816169262,0.0018753657350316644,3,4,2.995732273553991,3,3,0.18602303754564287,1.2002713235742477,HH,0.1860230416059494,1.2002713680267334,0.866025447845459,residual,audited,8.0
22,1234,1,6.671308994293213,-1.1578092575073242,3.5349936485290527,4.30920934677124,-0.02292955294251442,0.0025406870990991592,3,3,2.772588722239781,2,2,0.15981025222941134,0.9388020364386984,LH,0.15981024503707886,0.9388020634651184,0.6666666865348816,residual,audited,7.0
901,1279,1,6.535589694976807,-1.122960090637207,3.5036416053771973,4.168821811676025,-0.021758411079645157,0.0024677286855876446,4,3,2.995732273553991,2,2,0.18602303754564287,0.9125892511224669,HH,0.1860230416059494,0.9125892519950867,0.5773502588272095,residual,audited,10.0
1708,2313,1,-3.0005435943603516,1.2627743482589722,-0.8659934997558594,-3.483327865600586,0.07815815508365631,0.013735441491007805,5,0,1.791759469228055,0,0,0.0017051669314512175,-0.0017051669314512175,LL,0.0017051668837666512,-0.0017051668837666512,0.0,residual,audited,268.0
477,930,1,6.9245734214782715,-0.8100169897079468,3.527595043182373,4.243287563323975,-0.04413704574108124,0.005117316730320454,1,1,1.3862943611198906,1,1,0.002483473901375505,0.6906637066585698,LH,0.0024834738578647375,0.6906636953353882,1.0,residual,audited,3.0
334,693,1,6.4438676834106445,-1.1560620069503784,3.533000946044922,4.090222358703613,-0.031138574704527855,0.0035342879127711058,2,3,2.4849066497880004,1,1,0.07427151148220186,0.6188756690777434,LH,0.07427151501178741,0.6188756823539734,0.40824827551841736,residual,audited,31.0
1358,1740,1,7.424709796905518,1.2464572191238403,2.059504747390747,3.9390947818756104,0.1718079000711441,0.02316449023783207,139,12,7.50659178007084,2,2,1.720593176226104,-0.6219808875579942,HL,1.7205932140350342,-0.6219809055328369,0.048970211297273636,residual,audited,135.0
174,1742,1,3.587812900543213,0.017242901027202606,-0.7269803881645203,4.189620494842529,0.10008475184440613,0.01988203637301922,3,12,3.951243718581427,0,0,0.32077300936225667,-0.32077300936225667,HL,0.32077300548553467,-0.32077300548553467,0.0,residual,audited,143.0
1739,1750,1,5.061135768890381,-1.0122919082641602,1.9715720415115356,4.078770637512207,0.01524022314697504,0.0021532203536480665,6,4,3.5553480614894135,2,2,0.3678477635670827,0.7307645251010271,HH,0.3678477704524994,0.7307645082473755,0.40824827551841736,residual,audited,33.0
1,2,1,2.1086435317993164,-1.079609990119934,-0.8503429293632507,4.033551216125488,-0.002799947513267398,0.0004692934744525701,2,4,2.70805020110221,0,0,0.09507910900607243,-0.09507910900607243,LL,0.09507910907268524,-0.09507910907268524,0.0,residual,audited,70.0
97,661,1,9.277939796447754,1.4517388343811035,3.541410446166992,4.18757963180542,0.08936579525470734,0.009640224277973175,1,12,3.258096538021482,1,1,0.00010257655063265483,0.6930446040093127,HH,0.00010257655230816454,0.6930446028709412,0.28867512941360474,residual,audited,1.0
1358,1751,1,5.704717636108398,2.794877290725708,-0.8570029735565186,3.421948194503784,0.3370503783226013,0.04548048600554466,139,1,5.634789603169249,0,0,0.06430606827952172,-0.06430606827952172,HL,0.06430606544017792,-0.06430606544017792,0.0,residual,audited,155.0
229,1053,1,3.4324252605438232,0.9648114442825317,-0.8659063577651978,3.2908382415771484,0.03483666852116585,0.006756015121936798,0,1,0.6931471805599453,0,0,0.0025667768776077267,-0.0025667768776077267,LL,0.0025667769368737936,-0.0025667769368737936,0.0,residual,audited,7.0
2227,2228,1,-0.03928421437740326,-1.1578092575073242,-0.8288726210594177,1.9343010187149048,0.005251563154160976,0.0013375572161749005,3,3,2.772588722239781,0,0,0.15981025222941134,-0.15981025222941134,LL,0.15981024503707886,-0.15981024503707886,0.0,residual,audited,126.0
1842,2281,1,7.599861145019531,-0.002962268888950348,3.52542781829834,4.040336608886719,0.02921394445002079,0.003844982013106346,9,2,3.401197381662156,1,1,0.12967205327110548,0.5634751272888399,HH,0.12967205047607422,0.5634751319885254,0.2357022762298584,residual,audited,6.0
838,2280,1,6.571827411651611,-1.122960090637207,3.533734083175659,4.1708221435546875,-0.017613789066672325,0.0019913543947041035,4,3,2.995732273553991,2,2,0.18602303754564287,0.9125892511224669,HH,0.1860230416059494,0.9125892519950867,0.5773502588272095,residual,audited,8.0
831,1733,1,3.438649892807007,-0.7700439095497131,1.8013561964035034,2.3800837993621826,0.01940872333943844,0.0039044746663421392,6,2,3.044522437723423,1,1,0.09993231907971788,0.5932148614802274,HH,0.09993232041597366,0.5932148694992065,0.28867512941360474,residual,audited,76.0
702,822,1,2.7098824977874756,1.4775207042694092,-0.865942120552063,1.989433765411377,0.1010250672698021,0.022784585133194923,8,0,2.1972245773362196,0,0,0.0022128532902202114,-0.0022128532902202114,LL,0.002212853403761983,-0.002212853403761983,0.0,residual,audited,24.0
44,2624,1,6.673664093017578,-1.077343463897705,3.529665470123291,4.252308368682861,-0.03881143406033516,0.004361751955002546,2,1,1.791759469228055,1,1,0.0025667768776077267,0.6905804036823375,LH,0.0025667769368737936,0.690580427646637,0.7071067690849304,residual,audited,1.0
1229,1384,1,6.5040974617004395,1.2805293798446655,1.7997437715530396,3.2703115940093994,0.1456674188375473,0.02242329902946949,11,1,3.1780538303479458,1,1,0.0006908748283487874,0.6924563057315964,HH,0.0006908748182468116,0.6924563050270081,0.30151134729385376,residual,audited,17.0
414,711,1,-2.863288640975952,1.4775207042694092,-0.865942120552063,-3.583737373352051,0.1010250672698021,0.016758674755692482,0,8,2.1972245773362196,0,0,0.0022128532902202114,-0.0022128532902202114,LL,0.002212853403761983,-0.002212853403761983,0.0,residual,audited,140.0
524,2476,1,3.744262933731079,-1.08980131149292,1.8468095064163208,2.9663805961608887,0.013029181398451328,0.002202355768531561,4,5,3.401197381662155,1,1,0.26394703539593084,0.42920014516401445,HH,0.2639470398426056,0.429200142621994,0.22360679507255554,residual,audited,58.0
1040,1358,1,8.779605865478516,2.552041530609131,1.9788824319839478,4.005992889404297,0.23484456539154053,0.026772795245051384,3,139,6.327936783729195,2,2,0.5962537633065377,0.5023585253615721,HH,0.5962537527084351,0.5023585557937622,0.09794042259454727,residual,audited,43.0
1546,2169,1,2.2577810287475586,-1.122960090637207,-0.8182181715965271,4.185887813568115,0.00522626331076026,0.0008522528223693371,4,3,2.995732273553991,0,0,0.18602303754564287,-0.18602303754564287,HL,0.1860230416059494,-0.1860230416059494,0.0,residual,audited,155.0
844,1902,1,2.4912195205688477,-0.7700439095497131,-0.8492212891578674,4.083588600158691,0.01905076764523983,0.0033294453751295805,2,6,3.044522437723423,0,0,0.09993231907971788,-0.09993231907971788,HL,0.09993232041597366,-0.09993232041597366,0.0,residual,audited,38.0
229,2118,1,1.5436278581619263,0.8947683572769165,-0.8660048842430115,1.4702707529067993,0.03674852475523949,0.011245673522353172,0,2,1.0986122886681098,0,0,0.001592483837966117,-0.001592483837966117,LL,0.0015924838371574879,-0.0015924838371574879,0.0,residual,audited,33.0
1202,2376,1,6.713992118835449,-1.08980131149292,3.5284957885742188,4.278042793273926,-0.010590218007564545,0.0011889863526448607,4,5,3.401197381662155,1,1,0.26394703539593084,0.42920014516401445,HH,0.2639470398426056,0.429200142621994,0.22360679507255554,residual,audited,4.0
8,1996,1,2.4151389598846436,-0.7904485464096069,-0.8659093976020813,4.064779281616211,-0.0011275240685790777,0.00019704157602973282,1,4,2.3025850929940455,0,0,0.002536581283496064,-0.002536581283496064,LL,0.002536581363528967,-0.002536581363528967,0.0,residual,audited,32.0
90,1358,1,5.783481121063232,2.7143101692199707,3.5052876472473145,-0.6219176054000854,0.17795594036579132,0.025351757183670998,2,139,6.040254711277414,1,1,0.3024114743739735,0.3907357061859718,HH,0.3024114668369293,0.3907357156276703,0.059976015239953995,residual,audited,155.0
598,1821,1,7.9538068771362305,0.8496254682540894,3.068809986114502,3.9260811805725098,0.10144542902708054,0.012766916304826736,26,4,4.90527477843843,1,1,0.5121098978044188,0.18103728275552644,HH,0.5121098756790161,0.1810373067855835,0.0980580672621727,residual,audited,17.0
1951,2204,1,6.641202449798584,-1.122795581817627,3.527486801147461,4.258681774139404,-0.030015496537089348,0.0033578211441636086,2,2,2.1972245773362196,1,1,0.06396091467381823,0.629186265886127,LH,0.06396091729402542,0.6291862726211548,0.5,residual,audited,7.0
1444,2323,1,-5.258053302764893,-1.0061399936676025,-0.8658949732780457,-3.384488821029663,-0.009374178014695644,0.0017801669891923666,3,1,2.0794415416798357,0,0,0.002679459971092827,-0.002679459971092827,LL,0.002679459983482957,-0.002679459983482957,0.0,residual,audited,409.0
885,2386,1,-5.853678226470947,-0.9750540256500244,-0.8503429293632507,-4.038172245025635,0.0020460740197449923,0.0003488251240924001,5,2,2.8903717578961645,0,0,0.09507910900607243,-0.09507910900607243,LL,0.09507910907268524,-0.09507910907268524,0.0,residual,audited,399.0
577,906,1,7.281838893890381,-0.5018419027328491,3.511648178100586,4.257284641265869,0.006902957335114479,0.0008339243941009045,7,2,3.1780538303479453,1,1,0.09682951278185134,0.5963176677780939,HH,0.09682951122522354,0.5963176488876343,0.26726123690605164,residual,audited,2.0
203,857,1,6.666108131408691,-1.122960090637207,3.536973476409912,4.2684855461120605,-0.02423553355038166,0.0027070778887718916,3,4,2.995732273553991,1,1,0.18602303754564287,0.5071241430143024,HH,0.1860230416059494,0.507124125957489,0.28867512941360474,residual,audited,3.0
1340,1413,1,8.49271011352539,0.6159243583679199,3.526942729949951,4.267439842224121,0.07455868273973465,0.008787255734205246,3,17,4.276666119016055,2,2,0.3753222375214932,0.7232900511466166,HH,0.37532222270965576,0.7232900857925415,0.28005602955818176,residual,audited,1.0
1589,1745,1,1.8057184219360352,-0.4995826482772827,-0.8657693862915039,3.1391048431396484,0.02412041835486889,0.005326268263161182,1,5,2.4849066497880004,0,0,0.003920084665472663,-0.003920084665472663,LL,0.003920084796845913,-0.003920084796845913,0.0,residual,audited,59.0
487,1705,1,6.345414638519287,-0.24160826206207275,2.344818592071533,4.209886074066162,0.024473393335938454,0.0035880606155842543,8,2,3.295836866004329,1,1,0.12967205327110548,0.5634751272888399,HH,0.12967205047607422,0.5634751319885254,0.25,residual,audited,21.0
893,911,1,6.749276638031006,-1.056390404701233,3.530996561050415,4.284010410308838,-0.017184900119900703,0.0019333679229021072,5,3,3.1780538303479453,1,1,0.22552334649902314,0.4676238340609221,HH,0.22552335262298584,0.46762382984161377,0.25819888710975647,residual,audited,6.0
628,1764,1,2.225446939468384,-1.0061399936676025,-0.8658949732780457,4.099010944366455,-0.009374178014695644,0.0015674781752750278,3,1,2.0794415416798357,0,0,0.002679459971092827,-0.002679459971092827,LL,0.002679459983482957,-0.002679459983482957,0.0,residual,audited,175.0
264,1902,1,2.4359042644500732,-0.9518704414367676,-0.7470583319664001,4.1085357666015625,0.01845206692814827,0.0031672383192926645,3,6,3.332204510175204,0,0,0.295747045488935,-0.295747045488935,HL,0.2957470417022705,-0.2957470417022705,0.0,residual,audited,47.0
229,1405,1,3.2235195636749268,1.0008257627487183,-0.8659934997558594,3.029299736022949,0.051542237401008606,0.010417494922876358,0,3,1.3862943611198906,0,0,0.0017051669314512175,-0.0017051669314512175,LL,0.0017051668837666512,-0.0017051668837666512,0.0,residual,audited,14.0
733,2304,1,2.7199461460113525,1.7730621099472046,-0.8042084574699402,1.5057684183120728,0.2374790906906128,0.05496542155742645,25,2,4.356708826689592,0,0,0.21403955770147523,-0.21403955770147523,HL,0.21403956413269043,-0.21403956413269043,0.0,residual,audited,90.0
795,1645,1,-3.4160406589508057,-1.0061399936676025,-0.8658949732780457,-1.542476773262024,-0.009374178014695644,0.002737876959145069,1,3,2.0794415416798357,0,0,0.002679459971092827,-0.002679459971092827,LL,0.002679459983482957,-0.002679459983482957,0.0,residual,audited,199.0
505,1258,1,3.4629361629486084,0.8353910446166992,-0.8658919930458069,3.3412985801696777,0.14429326355457306,0.027818921953439713,9,1,2.9957322735539913,0,0,0.002709528290634796,-0.002709528290634796,HL,0.002709528198465705,-0.002709528198465705,0.0,residual,audited,10.0
63,1322,1,2.767474889755249,0.9648114442825317,-0.8659063577651978,2.625887870788574,0.03483666852116585,0.007756231352686882,0,1,0.6931471805599453,0,0,0.0025667768776077267,-0.0025667768776077267,LL,0.0025667769368737936,-0.0025667769368737936,0.0,residual,audited,8.0
1430,1718,1,-4.763553142547607,-1.0061399936676025,-0.8658949732780457,-2.889988899230957,-0.009374178014695644,0.001964660594239831,1,3,2.0794415416798357,0,0,0.002679459971092827,-0.002679459971092827,LL,0.002679459983482957,-0.002679459983482957,0.0,residual,audited,287.0
1750,1765,1,6.020007133483887,-0.05464599281549454,1.902829647064209,4.081911087036133,0.08206755667924881,0.013406545855104923,4,14,4.31748811353631,2,2,0.4564122585269044,0.6422000301412054,HH,0.45641225576400757,0.6422000527381897,0.26726123690605164,residual,audited,46.0
779,1919,1,6.606118679046631,-1.1030288934707642,3.5304603576660156,4.175106048583984,-0.004263714421540499,0.00048380601219832897,5,5,3.58351893845611,2,2,0.3664462099481818,0.732166078719928,HH,0.36644619703292847,0.7321661114692688,0.4000000059604645,residual,audited,20.0
986,2697,1,6.340384483337402,3.2367231845855713,-0.8659147620201111,3.6000823974609375,0.3616485893726349,0.04484524205327034,0,0,0.0,0,0,0.002483473901375505,-0.002483473901375505,LL,0.0024834738578647375,-0.0024834738578647375,0.0,residual,audited,1.0
576,1810,1,2.547231435775757,1.3518677949905396,-0.7287880778312683,1.7045661211013794,0.2117404341697693,0.052975334227085114,4,38,5.272999558563747,0,0,0.31852856519640793,-0.31852856519640793,HL,0.31852856278419495,-0.31852856278419495,0.0,residual,audited,82.0
274,749,1,1.5566272735595703,-1.077343463897705,-0.8659063577651978,3.496626615524292,-0.004594696685671806,0.0008439196972176433,1,2,1.791759469228055,0,0,0.0025667768776077267,-0.0025667768776077267,LL,0.0025667769368737936,-0.0025667769368737936,0.0,residual,audited,98.99999999999999
1224,1587,1,9.52873420715332,2.172484874725342,3.526690721511841,3.6839325428009033,0.13778111338615417,0.014471454545855522,20,1,3.7376696182833684,1,1,0.0013809592565058647,0.6917662213034395,HH,0.0013809592928737402,0.6917662024497986,0.22360679507255554,residual,audited,2.0
610,2481,1,2.7735512256622314,-0.4995826482772827,-0.8657693862915039,4.106937885284424,0.02412041835486889,0.004388394765555859,5,1,2.4849066497880004,0,0,0.003920084665472663,-0.003920084665472663,LL,0.003920084796845913,-0.003920084796845913,0.0,residual,audited,9.0
1903,2269,1,2.725663185119629,-0.9667705297470093,-0.4167851209640503,4.067119598388672,0.03425409644842148,0.006245130207389593,7,5,3.8712010109078907,0,0,0.530128441809577,-0.530128441809577,HL,0.5301284193992615,-0.5301284193992615,0.0,residual,audited,15.0
1358,1741,1,-0.3846489191055298,2.7143101692199707,-0.7417287230491638,-2.6923954486846924,0.32732000946998596,0.05054546147584915,139,2,6.040254711277414,0,0,0.3024114743739735,-0.3024114743739735,HL,0.3024114668369293,-0.3024114668369293,0.0,residual,audited,259.0
336,1950,1,9.523012161254883,1.597827672958374,3.5371177196502686,4.2782063484191895,0.10201554000377655,0.010721360333263874,1,13,3.332204510175204,1,1,-0.002865332104051953,0.6960125126639972,HH,-0.002865332178771496,0.6960124969482422,0.2773500978946686,residual,audited,2.0
146,897,1,6.789034843444824,-0.9518704414367676,3.508399486541748,4.230285167694092,-0.005624058190733194,0.0006467275088652968,3,6,3.332204510175204,1,1,0.295747045488935,0.3974001350710103,HH,0.2957470417022705,0.3974001407623291,0.2357022762298584,residual,audited,2.0
154,364,1,5.552722930908203,-0.8934288024902344,2.268860340118408,4.133083820343018,0.03636281192302704,0.004959645681083202,10,9,4.700480365792417,1,1,1.148705496723915,-0.4555583161639697,HL,1.1487054824829102,-0.45555830001831055,0.10540925711393356,residual,audited,37.0
1042,2198,1,3.9479711055755615,0.2280411720275879,-0.5494062900543213,4.130450248718262,0.1310408115386963,0.026005638763308525,17,4,4.499809670330265,0,0,0.4681938869129151,-0.4681938869129151,HL,0.4681938886642456,-0.4681938886642456,0.0,residual,audited,65.0
167,168,1,6.629617691040039,-1.122795581817627,3.484508991241455,4.289475917816162,-0.029416555538773537,0.003295531030744314,2,2,2.1972245773362196,1,1,0.06396091467381823,0.629186265886127,LH,0.06396091729402542,0.6291862726211548,0.5,residual,audited,3.0
1566,2071,1,1.2184242010116577,-0.9084423780441284,-0.6397702693939209,2.7260961532592773,0.03269549086689949,0.0075912377797067165,4,7,3.688879454113936,0,0,0.4092811700187469,-0.4092811700187469,HL,0.4092811644077301,-0.4092811644077301,0.0,residual,audited,115.0
603,795,1,2.6052396297454834,-0.14829319715499878,-0.865517795085907,3.555042266845703,0.05616338923573494,0.012143392115831375,6,1,2.6390573296152584,0,0,0.006401163194461921,-0.006401163194461921,LL,0.006401163060218096,-0.006401163060218096,0.0,residual,audited,77.0
55,210,1,3.3206896781921387,-0.963452935218811,0.04920853674411774,4.185771465301514,0.0413174144923687,0.007885378785431385,8,7,4.276666119016055,0,0,0.7439778312008087,-0.7439778312008087,HL,0.7439778447151184,-0.7439778447151184,0.0,residual,audited,48.0
1229,2439,1,6.529388427734375,-0.12214777618646622,2.4525115489959717,4.140688419342041,0.0504915677011013,0.007462720852345228,11,3,3.8712010109078907,1,1,0.2930939733738713,0.400053207186074,HH,0.2930939793586731,0.4000532031059265,0.17407765984535217,residual,audited,12.0
963,2434,1,8.026994705200195,0.1384178102016449,3.5319645404815674,4.300429821014404,0.048338085412979126,0.006027831695973873,16,4,4.442651256490317,3,3,0.45656483740368703,0.9297295237162035,HH,0.45656484365463257,0.9297295212745667,0.375,residual,audited,19.0
170,1358,1,5.9911112785339355,2.794877290725708,-0.8570029735565186,3.708341598510742,0.3370503783226013,0.04378828778862953,1,139,5.634789603169249,0,0,0.06430606827952172,-0.06430606827952172,HL,0.06430606544017792,-0.06430606544017792,0.0,residual,audited,147.0
