abs_delta_score_cn,abs_delta_score_degree,abs_delta_score_interaction,abs_delta_score_residual,abs_delta_score_total,cn_expected_after,cn_expected_before,cn_raw_after,cn_raw_before,cn_residual_feature_after,cn_residual_feature_before,cross_response,cross_sensitivity,delta_cn_expected,delta_cn_raw,delta_cn_residual_feature,delta_score_cn,delta_score_degree,delta_score_interaction,delta_score_residual,delta_score_total,failure_code,interaction_share_after,interaction_share_before,interaction_share_cap,interaction_share_cap_violation_before,intervention_kind,intervention_type,pair_id,post_degree_u,post_degree_v,pre_degree_u,pre_degree_v,requested_delta,routing_ratio,routing_selectivity,score_cn_after,score_cn_before,score_degree_after,score_degree_before,score_interaction_after,score_interaction_before,score_residual_after,score_residual_before,score_total_after,score_total_before,status,target_response,u,v
0.0001239776611328125,0.06521153450012207,0.0,0.0008702278137207031,0.06620597839355469,0.2731207013130188,0.2834964394569397,1.0,1.0,0.4200264811515808,0.4096507430076599,0.0009942054748535156,0.0009942054748535156,-0.010375738143920898,0.0,0.010375738143920898,0.0001239776611328125,0.06521153450012207,0.0,0.0008702278137207031,0.06620597839355469,,0.0,0.0,0.2,0,degree,degree_u_plus,0,26,3,25,3,1,65.59094698232305,0.9849829436985563,3.298851490020752,3.298727512359619,1.4713658094406128,1.4061542749404907,0.0,0.0,4.059260368347168,4.058390140533447,8.8377103805542,8.771504402160645,AVAILABLE,0.06521153450012207,733,1062
0.01163029670715332,0.0,0.0,0.028491973876953125,0.04012298583984375,0.2834964394569397,0.2834964394569397,2.0,1.0,0.8151158690452576,0.4096507430076599,0.028491973876953125,0.028491973876953125,0.0,1.0,0.40546512603759766,0.01163029670715332,0.0,0.0,0.028491973876953125,0.04012298583984375,,0.0,0.0,0.2,0,cn,cn_plus,0,25,3,25,3,1,0.4081953983050281,0.2898712769522978,3.3103578090667725,3.298727512359619,1.4061542749404907,1.4061542749404907,0.0,0.0,4.0868821144104,4.058390140533447,8.811627388000488,8.771504402160645,AVAILABLE,0.01163029670715332,733,1062
0.03447228670120239,0.10763382911682129,0.0,0.009541511535644531,0.06362009048461914,0.2214059978723526,0.2571335434913635,0.0,0.0,-0.2214059978723526,-0.2571335434913635,0.044013798236846924,0.044013798236846924,-0.035727545619010925,0.0,0.035727545619010925,-0.03447228670120239,0.10763382911682129,0.0,-0.009541511535644531,0.06362009048461914,,0.0,0.0,0.2,0,degree,degree_u_plus,1,18,2,17,2,1,2.4454559473159554,0.7097626510711855,-0.5538193583488464,-0.519347071647644,1.534928798675537,1.4272949695587158,0.0,0.0,3.989535093307495,3.9990766048431396,4.978877544403076,4.915257453918457,AVAILABLE,0.10763382911682129,1416,1468
3.8110541105270386,0.0,0.0,0.04613804817199707,3.857192039489746,0.2571335434913635,0.2571335434913635,1.0,0.0,0.4360136389732361,-0.2571335434913635,0.04613804817199707,0.04613804817199707,0.0,1.0,0.6931471824645996,3.8110541105270386,0.0,0.0,0.04613804817199707,3.857192039489746,,0.0,0.0,0.2,0,cn,cn_plus,1,17,2,17,2,1,82.60109466072223,0.9880384341370374,3.2917070388793945,-0.519347071647644,1.4272949695587158,1.4272949695587158,0.0,0.0,4.045214653015137,3.9990766048431396,8.772449493408203,4.915257453918457,AVAILABLE,3.8110541105270386,1416,1468
0.0010228157043457031,0.10402017831802368,0.0,0.0026578903198242188,0.10565519332885742,0.7646799087524414,0.7193156480789185,1.0,1.0,-0.0715327262878418,-0.026168465614318848,0.003680706024169922,0.003680706024169922,0.04536426067352295,0.0,-0.04536426067352295,-0.0010228157043457031,0.10402017831802368,0.0,0.0026578903198242188,0.10565519332885742,,0.0,0.0,0.2,0,degree,degree_u_plus,2,14,6,13,6,1,28.260854038986178,0.965824647542152,2.9425411224365234,2.943563938140869,-0.6362537145614624,-0.7402738928794861,0.0,0.0,4.184017658233643,4.181359767913818,6.498538017272949,6.392882823944092,AVAILABLE,0.10402017831802368,350,1778
0.07525205612182617,0.0,0.0,0.0031709671020507812,0.07842302322387695,0.7193156480789185,0.7193156480789185,2.0,1.0,0.3792966604232788,-0.026168465614318848,0.0031709671020507812,0.0031709671020507812,0.0,1.0,0.40546512603759766,0.07525205612182617,0.0,0.0,0.0031709671020507812,0.07842302322387695,,0.0,0.0,0.2,0,cn,cn_plus,2,13,6,13,6,1,23.731504107411578,0.9595657427200185,3.0188159942626953,2.943563938140869,-0.7402738928794861,-0.7402738928794861,0.0,0.0,4.184530735015869,4.181359767913818,6.471305847167969,6.392882823944092,AVAILABLE,0.07525205612182617,350,1778
0.4145662821829319,0.02015244960784912,0.0,0.0013995170593261719,0.43611812591552734,0.3107035160064697,0.6196499466896057,0.0,0.0,-0.3107035160064697,-0.6196499466896057,0.41596579924225807,0.41596579924225807,-0.308946430683136,0.0,0.308946430683136,-0.4145662821829319,-0.02015244960784912,0.0,-0.0013995170593261719,-0.43611812591552734,,0.0,0.0,0.2,0,degree,degree_u_plus,3,11,12,10,12,1,0.04844737033690275,0.04620868124389965,-0.46602538228034973,-0.05145910009741783,-1.0857176780700684,-1.0655652284622192,0.0,0.0,4.064764499664307,4.066164016723633,2.521254539489746,2.9573726654052734,AVAILABLE,0.02015244960784912,657,1740
2.256009366363287,0.0,0.0,0.0016188621520996094,2.2576284408569336,0.6196499466896057,0.6196499466896057,1.0,0.0,0.0734972357749939,-0.6196499466896057,0.0016188621520996094,0.0016188621520996094,0.0,1.0,0.6931471824645996,2.256009366363287,0.0,0.0,0.0016188621520996094,2.2576284408569336,,0.0,0.0,0.2,0,cn,cn_plus,3,10,12,10,12,1,1393.5685800990136,0.9992829323603942,2.204550266265869,-0.05145910009741783,-1.0655652284622192,-1.0655652284622192,0.0,0.0,4.067782878875732,4.066164016723633,5.215001106262207,2.9573726654052734,AVAILABLE,2.256009366363287,657,1740
0.015197157859802246,0.33173713088035583,0.0,0.0001010894775390625,0.34703540802001953,0.12967205047607422,0.09682951122522354,0.0,0.0,-0.12967205047607422,-0.09682951122522354,0.015298247337341309,0.015298247337341309,0.03284253925085068,0.0,-0.03284253925085068,0.015197157859802246,0.33173713088035583,0.0,0.0001010894775390625,0.34703540802001953,,0.0,0.0,0.2,0,degree,degree_u_plus,4,8,2,7,2,1,21.68463528657105,0.9559172987633624,-0.6214582920074463,-0.6366554498672485,-0.3237892687320709,-0.6555263996124268,0.0,0.0,4.155177593231201,4.155076503753662,3.218163013458252,2.8711276054382324,AVAILABLE,0.33173713088035583,1602,2073
3.93797504901886,0.0,0.0,0.0009112358093261719,3.9388861656188965,0.09682951122522354,0.09682951122522354,1.0,0.0,0.5963176488876343,-0.09682951122522354,0.0009112358093261719,0.0009112358093261719,0.0,1.0,0.6931471601128578,3.93797504901886,0.0,0.0,0.0009112358093261719,3.9388861656188965,,0.0,0.0,0.2,0,cn,cn_plus,4,7,2,7,2,1,4321.528844045743,0.9997686539440037,3.3013195991516113,-0.6366554498672485,-0.6555263996124268,-0.6555263996124268,0.0,0.0,4.155987739562988,4.155076503753662,6.810013771057129,2.8711276054382324,AVAILABLE,3.93797504901886,1602,2073
0.0005080699920654297,0.09210669994354248,0.0,0.0015544891357421875,0.09106016159057617,0.7218243479728699,0.7613044381141663,5.0,5.0,1.0699350833892822,1.0304551124572754,0.002062559127807617,0.002062559127807617,-0.03948009014129639,0.0,0.039479970932006836,0.0005080699920654297,0.09210669994354248,0.0,-0.0015544891357421875,0.09106016159057617,,0.0,0.0,0.2,0,degree,degree_u_plus,5,17,6,16,6,1,44.656297188664986,0.9780972163408761,3.269881010055542,3.2693729400634766,-0.34405821561813354,-0.436164915561676,0.0,0.0,4.1997857093811035,4.201340198516846,7.133841514587402,7.042781352996826,AVAILABLE,0.09210669994354248,507,1300
0.005321025848388672,0.0,0.0,0.0006079673767089844,0.005928993225097656,0.7613044381141663,0.7613044381141663,6.0,5.0,1.184605598449707,1.0304551124572754,0.0006079673767089844,0.0006079673767089844,0.0,1.0,0.15415048599243164,-0.005321025848388672,0.0,0.0,-0.0006079673767089844,-0.005928993225097656,,0.0,0.0,0.2,0,cn,cn_plus,5,16,6,16,6,1,8.752012907440212,0.8974570676340001,3.264051914215088,3.2693729400634766,-0.436164915561676,-0.436164915561676,0.0,0.0,4.200732231140137,4.201340198516846,7.0368523597717285,7.042781352996826,AVAILABLE,0.005321025848388672,507,1300
0.01988440752029419,0.1466575264930725,0.0,0.03909945487976074,0.2056412696838379,0.4214250147342682,0.40617433190345764,0.0,0.0,-0.4214250147342682,-0.40617433190345764,0.05898386240005493,0.05898386240005493,0.015250682830810547,0.0,-0.015250682830810547,0.01988440752029419,0.1466575264930725,0.0,0.03909945487976074,0.2056412696838379,,0.0,0.0,0.2,0,degree,degree_u_plus,6,9,4,8,4,1,2.4864004434699667,0.7131712159247222,-0.3382602334022522,-0.3581446409225464,-0.9056310057640076,-1.05228853225708,0.0,0.0,-1.7310527563095093,-1.77015221118927,-2.9667110443115234,-3.1723523139953613,AVAILABLE,0.1466575264930725,1682,2189
3.6139081716537476,0.0,0.0,5.523013949394226,9.136922359466553,0.40617433190345764,0.40617433190345764,1.0,0.0,0.28697285056114197,-0.40617433190345764,5.523013949394226,5.523013949394226,0.0,1.0,0.6931471824645996,3.6139081716537476,0.0,0.0,5.523013949394226,9.136922359466553,,0.0,0.0,0.2,0,cn,cn_plus,6,8,4,8,4,1,0.6543362371023461,0.39552796005269714,3.255763530731201,-0.3581446409225464,-1.05228853225708,-1.05228853225708,0.0,0.0,3.752861738204956,-1.77015221118927,5.964570045471191,-3.1723523139953613,AVAILABLE,3.6139081716537476,1682,2189
0.0008416175842285156,0.01676654815673828,0.0,0.00121307373046875,0.01639556884765625,0.5287222266197205,0.719527006149292,5.0,5.0,1.2630372047424316,1.0722324848175049,0.0020546913146972656,0.0020546913146972656,-0.19080477952957153,0.0,0.19080471992492676,0.0008416175842285156,0.01676654815673828,0.0,-0.00121307373046875,0.01639556884765625,,0.0,0.0,0.2,0,degree,degree_u_plus,7,65,5,64,5,1,8.160090246113763,0.8908307698797773,2.8858280181884766,2.884986400604248,1.8639609813690186,1.8471944332122803,0.0,0.0,4.150798797607422,4.152011871337891,8.908821105957031,8.892425537109375,AVAILABLE,0.01676654815673828,306,1798
,,,,,,,,,,,,,,,,,,,,,NO_CANDIDATE,,,,,cn,cn,7,,,,,,,,,,,,,,,,,,MISSING,,306,1798
0.02401965856552124,0.18316400051116943,0.0,0.17775550484657288,0.018611162900924683,0.13503438234329224,0.17653506994247437,0.0,0.0,-0.13503438234329224,-0.17653506994247437,0.20177516341209412,0.20177516341209412,-0.04150068759918213,0.0,0.04150068759918213,-0.02401965856552124,0.18316400051116943,0.0,-0.17775550484657288,-0.018611162900924683,,0.0,0.0,0.2,0,degree,degree_u_plus,8,13,2,12,2,1,0.9077628204391911,0.47582582631011366,-0.6188733577728271,-0.5948536992073059,0.8662187457084656,0.6830547451972961,0.0,0.0,0.12527960538864136,0.30303511023521423,0.38085803389549255,0.39946919679641724,AVAILABLE,0.18316400051116943,661,1878
3.8970115780830383,0.0,0.0,3.646741062402725,7.54375284910202,0.17653506994247437,0.17653506994247437,1.0,0.0,0.5166121125221252,-0.17653506994247437,3.646741062402725,3.646741062402725,0.0,1.0,0.6931471824645996,3.8970115780830383,0.0,0.0,3.646741062402725,7.54375284910202,,0.0,0.0,0.2,0,cn,cn_plus,8,12,2,12,2,1,1.068628537291631,0.5165879315823139,3.3021578788757324,-0.5948536992073059,0.6830547451972961,0.6830547451972961,0.0,0.0,3.9497761726379395,0.30303511023521423,7.9432220458984375,0.39946919679641724,AVAILABLE,3.8970115780830383,661,1878
0.0013513565063476562,0.3140608072280884,0.0,0.0049285888671875,0.30778074264526367,0.09682951122522354,0.09993232041597366,0.0,0.0,-0.09682951122522354,-0.09993232041597366,0.006279945373535156,0.006279945373535156,-0.003102809190750122,0.0,0.003102809190750122,-0.0013513565063476562,0.3140608072280884,0.0,-0.0049285888671875,0.30778074264526367,,0.0,0.0,0.2,0,degree,degree_u_plus,9,7,2,6,2,1,50.010038057212356,0.9803960154101746,-0.6366554498672485,-0.6353040933609009,-0.6555263996124268,-0.9695872068405151,0.0,0.0,4.1043572425842285,4.109285831451416,2.820408344268799,2.512627601623535,AVAILABLE,0.3140608072280884,2446,2448
2.8623815774917603,0.0,0.0,0.019093036651611328,2.881474494934082,0.09993232041597366,0.09993232041597366,1.0,0.0,0.5932148694992065,-0.09993232041597366,0.019093036651611328,0.019093036651611328,0.0,1.0,0.6931471899151802,2.8623815774917603,0.0,0.0,0.019093036651611328,2.881474494934082,,0.0,0.0,0.2,0,cn,cn_plus,9,6,2,6,2,1,149.91748722565416,0.9933738626425394,2.2270774841308594,-0.6353040933609009,-0.9695872068405151,-0.9695872068405151,0.0,0.0,4.128378868103027,4.109285831451416,5.394102096557617,2.512627601623535,AVAILABLE,2.8623815774917603,2446,2448
0.07235130667686462,0.2905089259147644,0.0,0.9119593501091003,1.1301170587539673,0.4214250147342682,0.3618077337741852,0.0,0.0,-0.4214250147342682,-0.3618077337741852,0.984310656785965,0.984310656785965,0.05961728096008301,0.0,-0.05961728096008301,0.07235130667686462,-0.2905089259147644,0.0,-0.9119593501091003,-1.1301170587539673,,0.0,0.0,0.2,0,degree,degree_u_plus,10,4,9,3,9,1,0.2951394673628327,0.22788238239994082,-0.3382602334022522,-0.4106115400791168,-0.9056310057640076,-0.6151220798492432,0.0,0.0,-0.9651970267295837,-0.0532376766204834,-2.200855255126953,-1.0707381963729858,AVAILABLE,0.2905089259147644,1704,1912
3.4883112013339996,0.0,0.0,1.9182988405227661,5.406609892845154,0.3618077337741852,0.3618077337741852,1.0,0.0,0.33133944869041443,-0.3618077337741852,1.9182988405227661,1.9182988405227661,0.0,1.0,0.6931471824645996,3.4883112013339996,0.0,0.0,1.9182988405227661,5.406609892845154,,0.0,0.0,0.2,0,cn,cn_plus,10,3,9,3,9,1,1.8184399163787128,0.6451937846222192,3.077699661254883,-0.4106115400791168,-0.6151220798492432,-0.6151220798492432,0.0,0.0,1.8650611639022827,-0.0532376766204834,4.335871696472168,-1.0707381963729858,AVAILABLE,3.4883112013339996,1704,1912
0.016274690628051758,0.006139636039733887,0.0,0.08573031425476074,0.07559537887573242,0.36644619703292847,0.2639470398426056,2.0,2.0,0.7321661114692688,0.8346652984619141,0.1020050048828125,0.1020050048828125,0.10249915719032288,0.0,-0.10249918699264526,-0.016274690628051758,0.006139636039733887,0.0,0.08573031425476074,0.07559537887573242,,0.0,0.0,0.2,0,degree,degree_u_plus,11,5,5,4,5,1,0.06018955094303305,0.056772443087648575,3.1111812591552734,3.127455949783325,-1.2984267473220825,-1.3045663833618164,0.0,0.0,4.03789758682251,3.952167272567749,5.858885288238525,5.783289909362793,AVAILABLE,0.006139636039733887,4,1761
0.3841676712036133,0.0,0.0,0.20519423484802246,0.17897319793701172,0.2639470398426056,0.2639470398426056,3.0,2.0,1.122347354888916,0.8346652984619141,0.20519423484802246,0.20519423484802246,0.0,1.0,0.28768205642700195,-0.3841676712036133,0.0,0.0,0.20519423484802246,-0.17897319793701172,,0.0,0.0,0.2,0,cn,cn_plus,11,4,5,4,5,1,1.8722146495295122,0.6518366062356075,2.743288278579712,3.127455949783325,-1.3045663833618164,-1.3045663833618164,0.0,0.0,4.1573615074157715,3.952167272567749,5.604316711425781,5.783289909362793,AVAILABLE,0.3841676712036133,4,1761
0.0005552768707275391,0.16198337078094482,0.0,0.01690387725830078,0.14452409744262695,0.4317227602005005,0.4214250147342682,2.0,2.0,0.6668895483016968,0.6771873235702515,0.01745915412902832,0.01745915412902832,0.0102977454662323,0.0,-0.010297775268554688,-0.0005552768707275391,0.16198337078094482,0.0,-0.01690387725830078,0.14452409744262695,,0.0,0.0,0.2,0,degree,degree_u_plus,12,10,4,9,4,1,9.27784226002118,0.9027033131370573,2.851212501525879,2.8517677783966064,-0.7436476349830627,-0.9056310057640076,0.0,0.0,4.075713634490967,4.092617511749268,6.191511631011963,6.046987533569336,AVAILABLE,0.16198337078094482,236,2046
0.08744168281555176,0.0,0.0,0.061475276947021484,0.14891672134399414,0.4214250147342682,0.4214250147342682,3.0,2.0,0.9648693799972534,0.6771873235702515,0.061475276947021484,0.061475276947021484,0.0,1.0,0.28768205642700195,0.08744168281555176,0.0,0.0,0.061475276947021484,0.14891672134399414,,0.0,0.0,0.2,0,cn,cn_plus,12,9,4,9,4,1,1.4223875504787433,0.5871841399604423,2.939209461212158,2.8517677783966064,-0.9056310057640076,-0.9056310057640076,0.0,0.0,4.154092788696289,4.092617511749268,6.19590425491333,6.046987533569336,AVAILABLE,0.08744168281555176,236,2046
1.4722347259521484e-05,2.0702946186065674,0.0,3.9680755138397217,1.89776611328125,0.0024834738578647375,0.0025667769368737936,0.0,0.0,-0.0024834738578647375,-0.0025667769368737936,3.968090236186981,3.968090236186981,-8.330307900905609e-05,0.0,8.330307900905609e-05,-1.4722347259521484e-05,-2.0702946186065674,0.0,3.9680755138397217,1.89776611328125,,0.0,0.0,0.2,0,degree,degree_u_plus,13,1,1,0,1,1,0.521735769642829,0.3428556915405144,-0.6616378426551819,-0.6616231203079224,-1.0463823080062866,1.0239123106002808,0.0,0.0,1.106557846069336,-2.8615176677703857,-0.5932292938232422,-2.490995407104492,AVAILABLE,2.0702946186065674,1411,2218
,,,,,,,,,,,,,,,,,,,,,NO_CANDIDATE,,,,,cn,cn,13,,,,,,,,,,,,,,,,,,MISSING,,1411,2218
4.172325134277344e-05,0.34665822982788086,0.0,0.04295468330383301,0.3037452697753906,0.5779234170913696,0.6011019945144653,1.0,1.0,0.11522376537322998,0.09204518795013428,0.04299640655517578,0.04299640655517578,-0.023178577423095703,0.0,0.023178577423095703,-4.172325134277344e-05,-0.34665822982788086,0.0,0.04295468330383301,-0.3037452697753906,,0.0,0.0,0.2,0,degree,degree_u_plus,14,5,22,4,22,1,8.062491193493454,0.8896550651858327,3.2966952323913574,3.2967369556427,0.3031393885612488,0.6497976183891296,0.0,0.0,4.021344184875488,3.9783895015716553,7.629411697387695,7.933156967163086,AVAILABLE,0.34665822982788086,1359,1914
0.06023049354553223,0.0,0.0,0.06083321571350098,0.00060272216796875,0.6011019945144653,0.6011019945144653,2.0,1.0,0.49751031398773193,0.09204518795013428,0.06083321571350098,0.06083321571350098,0.0,1.0,0.40546512603759766,-0.06023049354553223,0.0,0.0,0.06083321571350098,0.00060272216796875,,0.0,0.0,0.2,0,cn,cn_plus,14,4,22,4,22,1,0.9900920564231236,0.4975106820951076,3.236506462097168,3.2967369556427,0.6497976183891296,0.6497976183891296,0.0,0.0,4.039222717285156,3.9783895015716553,7.933759689331055,7.933156967163086,AVAILABLE,0.06023049354553223,1359,1914
0.012952744960784912,0.017600536346435547,0.0,0.044312477111816406,0.07486629486083984,-0.020784789696335793,-0.10598558932542801,0.0,0.0,0.020784789696335793,0.10598558932542801,0.05726522207260132,0.05726522207260132,0.08520079962909222,0.0,-0.08520079962909222,0.012952744960784912,0.017600536346435547,0.0,0.044312477111816406,0.07486629486083984,,0.0,0.0,0.2,0,degree,degree_u_plus,15,30,1,29,1,1,0.3073511746904552,0.2350945795135936,-0.6656622290611267,-0.6786149740219116,2.753499984741211,2.7358994483947754,0.0,0.0,3.683610200881958,3.6392977237701416,5.779681205749512,5.704814910888672,AVAILABLE,0.017600536346435547,1013,1844
3.9641207456588745,0.0,0.0,0.31241345405578613,4.276534080505371,-0.10598558932542801,-0.10598558932542801,1.0,0.0,0.799132764339447,0.10598558932542801,0.31241345405578613,0.31241345405578613,0.0,1.0,0.693147175014019,3.9641207456588745,0.0,0.0,0.31241345405578613,4.276534080505371,,0.0,0.0,0.2,0,cn,cn_plus,15,29,1,29,1,1,12.688700077763041,0.9269470443271326,3.285505771636963,-0.6786149740219116,2.7358994483947754,2.7358994483947754,0.0,0.0,3.9517111778259277,3.6392977237701416,9.981348991394043,5.704814910888672,AVAILABLE,3.9641207456588745,1013,1844
0.0006203651428222656,0.16803884506225586,0.0,0.0007395744323730469,0.16667890548706055,0.002679459983482957,0.0025667769368737936,1.0,1.0,0.6904677152633667,0.690580427646637,0.0013599395751953125,0.0013599395751953125,0.00011268304660916328,0.0,-0.00011271238327026367,-0.0006203651428222656,0.16803884506225586,0.0,-0.0007395744323730469,0.16667890548706055,,0.0,0.0,0.2,0,degree,degree_u_plus,16,3,1,2,1,1,123.56255564705225,0.9919719052422664,3.284757614135742,3.2853779792785645,-1.2212196588516235,-1.3892585039138794,0.0,0.0,4.108383655548096,4.109123229980469,6.180154800415039,6.0134758949279785,AVAILABLE,0.16803884506225586,2263,2490
,,,,,,,,,,,,,,,,,,,,,NO_CANDIDATE,,,,,cn,cn,16,,,,,,,,,,,,,,,,,,MISSING,,2263,2490
0.00014543533325195312,0.048398494720458984,0.0,0.018821239471435547,0.029432296752929688,0.20157447457313538,0.20572997629642487,1.0,1.0,0.49157270789146423,0.48741722106933594,0.0189666748046875,0.0189666748046875,-0.00415550172328949,0.0,0.004155486822128296,-0.00014543533325195312,0.048398494720458984,0.0,-0.018821239471435547,0.029432296752929688,,0.0,0.0,0.2,0,degree,degree_u_plus,17,27,2,26,2,1,2.551763537953538,0.7184497252381329,2.8800277709960938,2.8801732063293457,2.1684370040893555,2.1200385093688965,0.0,0.0,3.970702886581421,3.9895241260528564,9.027400970458984,8.997968673706055,AVAILABLE,0.048398494720458984,1072,1802
0.10000419616699219,0.0,0.0,0.038764238357543945,0.13876819610595703,0.20572997629642487,0.20572997629642487,2.0,1.0,0.8928823471069336,0.48741722106933594,0.038764238357543945,0.038764238357543945,0.0,1.0,0.40546512603759766,-0.10000419616699219,0.0,0.0,-0.038764238357543945,-0.13876819610595703,,0.0,0.0,0.2,0,cn,cn_plus,17,26,2,26,2,1,2.57980485638722,0.7206551641451173,2.7801690101623535,2.8801732063293457,2.1200385093688965,2.1200385093688965,0.0,0.0,3.9507598876953125,3.9895241260528564,8.859200477600098,8.997968673706055,AVAILABLE,0.10000419616699219,1072,1802
0.02892172336578369,0.16599464416503906,0.0,0.25957632064819336,0.3966488838195801,0.09405221790075302,-0.027598705142736435,0.0,0.0,-0.09405221790075302,0.027598705142736435,0.28849804401397705,0.28849804401397705,0.12165092304348946,0.0,-0.12165092304348946,0.02892172336578369,-0.16599464416503906,0.0,-0.25957632064819336,-0.3966488838195801,,0.0,0.0,0.2,0,degree,degree_u_plus,18,2,55,1,55,1,0.5753752646005613,0.365230607290542,-0.6378636360168457,-0.6667853593826294,2.7483856678009033,2.9143803119659424,0.0,0.0,3.636519193649292,3.8960955142974854,5.755274295806885,6.151923179626465,AVAILABLE,0.16599464416503906,968,1986
3.6221004724502563,0.0,0.0,0.019690513610839844,3.641791343688965,-0.027598705142736435,-0.027598705142736435,1.0,0.0,0.720745861530304,0.027598705142736435,0.019690513610839844,0.019690513610839844,0.0,1.0,0.6931471563875675,3.6221004724502563,0.0,0.0,0.019690513610839844,3.641791343688965,,0.0,0.0,0.2,0,cn,cn_plus,18,1,55,1,55,1,183.95145522977617,0.9945931758214195,2.955315113067627,-0.6667853593826294,2.9143803119659424,2.9143803119659424,0.0,0.0,3.915786027908325,3.8960955142974854,9.79371452331543,6.151923179626465,AVAILABLE,3.6221004724502563,968,1986
0.00017273426055908203,0.1263217329978943,0.0,0.14852499961853027,0.27501940727233887,0.0015924838371574879,0.0025667769368737936,0.0,0.0,-0.0015924838371574879,-0.0025667769368737936,0.14869773387908936,0.14869773387908936,-0.0009742930997163057,0.0,0.0009742930997163057,-0.00017273426055908203,-0.1263217329978943,0.0,-0.14852499961853027,-0.27501940727233887,,0.0,0.0,0.2,0,degree,degree_u_plus,19,2,0,1,0,1,0.8495201722805581,0.45931922506855055,-0.6617958545684814,-0.6616231203079224,0.8975905776023865,1.0239123106002808,0.0,0.0,-3.1652679443359375,-3.0167429447174072,-2.9212400913238525,-2.6462206840515137,AVAILABLE,0.1263217329978943,968,1603
,,,,,,,,,,,,,,,,,,,,,NO_CANDIDATE,,,,,cn,cn,19,,,,,,,,,,,,,,,,,,MISSING,,968,1603
0.0013513565063476562,0.3140608072280884,0.0,0.08489561080932617,0.22781383991241455,0.09682951122522354,0.09993232041597366,0.0,0.0,-0.09682951122522354,-0.09993232041597366,0.08624696731567383,0.08624696731567383,-0.003102809190750122,0.0,0.003102809190750122,-0.0013513565063476562,0.3140608072280884,0.0,-0.08489561080932617,0.22781383991241455,,0.0,0.0,0.2,0,degree,degree_u_plus,20,7,2,6,2,1,3.641412337021271,0.7845483384392062,-0.6366554498672485,-0.6353040933609009,-0.6555263996124268,-0.9695872068405151,0.0,0.0,3.1881487369537354,3.2730443477630615,1.9041999578475952,1.6763861179351807,AVAILABLE,0.3140608072280884,650,1486
2.8161617517471313,0.0,0.0,0.39864492416381836,3.2148067951202393,0.09993232041597366,0.09993232041597366,1.0,0.0,0.5932148694992065,-0.09993232041597366,0.39864492416381836,0.39864492416381836,0.0,1.0,0.6931471899151802,2.8161617517471313,0.0,0.0,0.39864492416381836,3.2148067951202393,,0.0,0.0,0.2,0,cn,cn_plus,20,6,2,6,2,1,7.064335980223101,0.8759972299700323,2.1808576583862305,-0.6353040933609009,-0.9695872068405151,-0.9695872068405151,0.0,0.0,3.67168927192688,3.2730443477630615,4.89119291305542,1.6763861179351807,AVAILABLE,2.8161617517471313,650,1486
0.00010418891906738281,0.18117129802703857,0.0,0.005799770355224609,0.17526721954345703,0.00010257655230816454,0.0006908748182468116,0.0,0.0,-0.00010257655230816454,-0.0006908748182468116,0.005903959274291992,0.005903959274291992,-0.0005882982659386471,0.0,0.0005882982659386471,-0.00010418891906738281,0.18117129802703857,0.0,-0.005799770355224609,0.17526721954345703,,0.0,0.0,0.2,0,degree,degree_u_plus,21,12,1,11,1,1,30.686355163791863,0.9684406743902592,-0.6620597839355469,-0.6619555950164795,1.7538998126983643,1.5727285146713257,0.0,0.0,4.034035682678223,4.039835453033447,5.134108543395996,4.958841323852539,AVAILABLE,0.18117129802703857,73,1751
2.958735227584839,0.0,0.0,0.028357505798339844,2.987092971801758,0.0006908748182468116,0.0006908748182468116,1.0,0.0,0.6924563050270081,-0.0006908748182468116,0.028357505798339844,0.028357505798339844,0.0,1.0,0.6931471798452549,2.958735227584839,0.0,0.0,0.028357505798339844,2.987092971801758,,0.0,0.0,0.2,0,cn,cn_plus,21,11,1,11,1,1,104.336897795471,0.9905066503672658,2.2967796325683594,-0.6619555950164795,1.5727285146713257,1.5727285146713257,0.0,0.0,4.068192958831787,4.039835453033447,7.945934295654297,4.958841323852539,AVAILABLE,2.958735227584839,73,1751
5.984306335449219e-05,0.21867775917053223,0.0,0.0038814544677734375,0.22261905670166016,0.31403642892837524,0.3195182979106903,1.0,1.0,0.37911075353622437,0.3736288845539093,0.00394129753112793,0.00394129753112793,-0.0054818689823150635,0.0,0.0054818689823150635,5.984306335449219e-05,0.21867775917053223,0.0,0.0038814544677734375,0.22261905670166016,,0.0,0.0,0.2,0,degree,degree_u_plus,22,8,3,7,3,1,55.48355652114025,0.9822957323938034,3.2951347827911377,3.295074939727783,-0.8291604518890381,-1.0478382110595703,0.0,0.0,4.192580699920654,4.188699245452881,6.666788101196289,6.444169044494629,AVAILABLE,0.21867775917053223,1602,2074
0.0047588348388671875,0.0,0.0,0.0011897087097167969,0.0035691261291503906,0.3195182979106903,0.3195182979106903,2.0,1.0,0.7790939807891846,0.3736288845539093,0.0011897087097167969,0.0011897087097167969,0.0,1.0,0.40546509623527527,0.0047588348388671875,0.0,0.0,-0.0011897087097167969,0.0035691261291503906,,0.0,0.0,0.2,0,cn,cn_plus,22,7,3,7,3,1,3.9999663786072515,0.7999986551352468,3.2998337745666504,3.295074939727783,-1.0478382110595703,-1.0478382110595703,0.0,0.0,4.187509536743164,4.188699245452881,6.447738170623779,6.444169044494629,AVAILABLE,0.0047588348388671875,1602,2074
0.10885003209114075,0.06086134910583496,0.0,0.09514880180358887,0.07456254959106445,0.3678477704524994,0.2639470398426056,0.0,0.0,-0.3678477704524994,-0.2639470398426056,0.20399883389472961,0.20399883389472961,0.1039007306098938,0.0,-0.1039007306098938,0.10885003209114075,0.06086134910583496,0.0,-0.09514880180358887,0.07456254959106445,,0.0,0.0,0.2,0,degree,degree_u_plus,23,6,4,5,4,1,0.2983416373537955,0.22978669771529325,-0.40388670563697815,-0.5127367377281189,-1.2437050342559814,-1.3045663833618164,0.0,0.0,3.8473784923553467,3.9425272941589355,2.208019733428955,2.1334571838378906,AVAILABLE,0.06086134910583496,1599,2614
2.741644322872162,0.0,0.0,0.0808706283569336,2.8225150108337402,0.2639470398426056,0.2639470398426056,1.0,0.0,0.429200142621994,-0.2639470398426056,0.0808706283569336,0.0808706283569336,0.0,1.0,0.6931471824645996,2.741644322872162,0.0,0.0,0.0808706283569336,2.8225150108337402,,0.0,0.0,0.2,0,cn,cn_plus,23,5,4,5,4,1,33.90160358041865,0.971348021368249,2.228907585144043,-0.5127367377281189,-1.3045663833618164,-1.3045663833618164,0.0,0.0,4.023397922515869,3.9425272941589355,4.955972194671631,2.1334571838378906,AVAILABLE,2.741644322872162,1599,2614
1.996755599975586e-05,0.1473281979560852,0.0,0.04184389114379883,0.1891920566558838,0.0017051668837666512,0.0015924838371574879,0.0,0.0,-0.0017051668837666512,-0.0015924838371574879,0.041863858699798584,0.041863858699798584,0.00011268304660916328,0.0,-0.00011268304660916328,1.996755599975586e-05,0.1473281979560852,0.0,0.04184389114379883,0.1891920566558838,,0.0,0.0,0.2,0,degree,degree_u_plus,24,3,0,2,0,1,3.5192208109709178,0.7787229166646633,-0.6617758870124817,-0.6617958545684814,1.0449187755584717,0.8975905776023865,0.0,0.0,-2.7778923511505127,-2.8197362422943115,-2.3865163326263428,-2.5757083892822266,AVAILABLE,0.1473281979560852,1201,2533
,,,,,,,,,,,,,,,,,,,,,NO_CANDIDATE,,,,,cn,cn,24,,,,,,,,,,,,,,,,,,MISSING,,1201,2533
0.0005202293395996094,0.021786093711853027,0.0,0.005640506744384766,0.02690601348876953,0.42931193113327026,0.3678477704524994,1.0,1.0,0.26383525133132935,0.3252994120121002,0.006160736083984375,0.006160736083984375,0.061464160680770874,0.0,-0.061464160680770874,0.0005202293395996094,-0.021786093711853027,0.0,-0.005640506744384766,-0.02690601348876953,,0.0,0.0,0.2,0,degree,degree_u_plus,25,5,6,4,6,1,3.5362752197316953,0.7795548216187935,3.3068747520446777,3.306354522705078,-1.2654911279678345,-1.2437050342559814,0.0,0.0,4.112583160400391,4.118223667144775,6.162199974060059,6.189105987548828,AVAILABLE,0.021786093711853027,1409,1826
0.002281665802001953,0.0,0.0,0.011219501495361328,0.013501167297363281,0.3678477704524994,0.3678477704524994,2.0,1.0,0.7307645082473755,0.3252994120121002,0.011219501495361328,0.011219501495361328,0.0,1.0,0.40546509623527527,0.002281665802001953,0.0,0.0,0.011219501495361328,0.013501167297363281,,0.0,0.0,0.2,0,cn,cn_plus,25,4,6,4,6,1,0.20336587764496705,0.16899754382512644,3.30863618850708,3.306354522705078,-1.2437050342559814,-1.2437050342559814,0.0,0.0,4.129443168640137,4.118223667144775,6.202607154846191,6.189105987548828,AVAILABLE,0.002281665802001953,1409,1826
0.025779306888580322,0.11462092399597168,0.0,0.06607627868652344,0.15491771697998047,0.5149287581443787,0.5320507884025574,0.0,0.0,-0.5149287581443787,-0.5320507884025574,0.09185558557510376,0.09185558557510376,-0.01712203025817871,0.0,0.01712203025817871,-0.025779306888580322,0.11462092399597168,0.0,0.06607627868652344,0.15491771697998047,,0.0,0.0,0.2,0,degree,degree_u_plus,26,11,5,10,5,1,1.2478382321548864,0.5551281290196085,-0.2076161950826645,-0.18183688819408417,-0.8106419444084167,-0.9252628684043884,0.0,0.0,-3.668739080429077,-3.7348153591156006,-4.678764343261719,-4.833682060241699,AVAILABLE,0.11462092399597168,756,885
3.4806683510541916,0.0,0.0,0.5746579170227051,4.055326223373413,0.5320507884025574,0.5320507884025574,1.0,0.0,0.16109639406204224,-0.5320507884025574,0.5746579170227051,0.5746579170227051,0.0,1.0,0.6931471824645996,3.4806683510541916,0.0,0.0,0.5746579170227051,4.055326223373413,,0.0,0.0,0.2,0,cn,cn_plus,26,10,5,10,5,1,6.056939593764045,0.8582955136977986,3.2988314628601074,-0.18183688819408417,-0.9252628684043884,-0.9252628684043884,0.0,0.0,-3.1601574420928955,-3.7348153591156006,-0.7783558368682861,-4.833682060241699,AVAILABLE,3.4806683510541916,756,885
0.0028183460235595703,0.3306668996810913,0.0,0.01581287384033203,0.3436613082885742,0.09507910907268524,0.002536581363528967,1.0,1.0,0.5980680584907532,0.6906105875968933,0.0186312198638916,0.0186312198638916,0.09254252770915627,0.0,-0.09254252910614014,0.0028183460235595703,-0.3306668996810913,0.0,-0.01581287384033203,-0.3436613082885742,,0.0,0.0,0.2,0,degree,degree_u_plus,27,2,4,1,4,1,17.747990985927494,0.9466609515253868,3.294076681137085,3.2912583351135254,-1.314880132675171,-0.9842132329940796,0.0,0.0,4.212843418121338,4.22865629196167,6.200273036956787,6.543934345245361,AVAILABLE,0.3306668996810913,1153,1401
,,,,,,,,,,,,,,,,,,,,,NO_CANDIDATE,,,,,cn,cn,27,,,,,,,,,,,,,,,,,,MISSING,,1153,1401
0.003097057342529297,0.21867775917053223,0.0,0.011771202087402344,0.20380926132202148,0.31403642892837524,0.3195182979106903,2.0,2.0,0.784575879573822,0.7790939807891846,0.01486825942993164,0.01486825942993164,-0.0054818689823150635,0.0,0.005481898784637451,-0.003097057342529297,0.21867775917053223,0.0,-0.011771202087402344,0.20380926132202148,,0.0,0.0,0.2,0,degree,degree_u_plus,28,8,3,7,3,1,14.707680688803448,0.9363368774924992,2.809627056121826,2.8127241134643555,-0.8291604518890381,-1.0478382110595703,0.0,0.0,4.062794208526611,4.074565410614014,6.0514936447143555,5.847684383392334,AVAILABLE,0.21867775917053223,102,1251
0.022424697875976562,0.0,0.0,0.0013356208801269531,0.023760318756103516,0.3195182979106903,0.3195182979106903,3.0,2.0,1.0667760372161865,0.7790939807891846,0.0013356208801269531,0.0013356208801269531,0.0,1.0,0.28768205642700195,0.022424697875976562,0.0,0.0,0.0013356208801269531,0.023760318756103516,,0.0,0.0,0.2,0,cn,cn_plus,28,7,3,7,3,1,16.789592251599537,0.943787356907515,2.835148811340332,2.8127241134643555,-1.0478382110595703,-1.0478382110595703,0.0,0.0,4.075901031494141,4.074565410614014,5.8714447021484375,5.847684383392334,AVAILABLE,0.022424697875976562,102,1251
0.0022096633911132812,0.250774621963501,0.0,0.008209228515625,0.26119327545166016,0.09993232041597366,0.09507910907268524,1.0,1.0,0.5932148694992065,0.5980680584907532,0.010418891906738281,0.010418891906738281,0.004853211343288422,0.0,-0.004853188991546631,0.0022096633911132812,0.250774621963501,0.0,0.008209228515625,0.26119327545166016,,0.0,0.0,0.2,0,degree,degree_u_plus,29,6,2,5,2,1,24.069198866467488,0.9601104125693622,2.112887382507324,2.110677719116211,-0.9695872068405151,-1.2203618288040161,0.0,0.0,4.1046013832092285,4.0963921546936035,5.256134510040283,4.994941234588623,AVAILABLE,0.250774621963501,567,1513
0.018171072006225586,0.0,0.0,0.04505634307861328,0.06322717666625977,0.09507910907268524,0.09507910907268524,2.0,1.0,1.0035332441329956,0.5980680584907532,0.04505634307861328,0.04505634307861328,0.0,1.0,0.40546518564224243,0.018171072006225586,0.0,0.0,0.04505634307861328,0.06322717666625977,,0.0,0.0,0.2,0,cn,cn_plus,29,5,2,5,2,1,0.40329655563824973,0.28739225078110575,2.1288487911224365,2.110677719116211,-1.2203618288040161,-1.2203618288040161,0.0,0.0,4.141448497772217,4.0963921546936035,5.058168411254883,4.994941234588623,AVAILABLE,0.018171072006225586,567,1513
0.017928600311279297,0.034174561500549316,0.0,0.03735542297363281,0.08945894241333008,0.5301284193992615,0.4092811644077301,2.0,2.0,0.5684838891029358,0.6893311738967896,0.05528402328491211,0.05528402328491211,0.12084725499153137,0.0,-0.12084728479385376,-0.017928600311279297,-0.034174561500549316,0.0,-0.03735542297363281,-0.08945894241333008,,0.0,0.0,0.2,0,degree,degree_u_plus,30,5,7,4,7,1,0.6181633189537221,0.38201540704396664,2.6458964347839355,2.663825035095215,-1.1996101140975952,-1.165435552597046,0.0,0.0,4.054246425628662,4.091601848602295,5.508765697479248,5.598224639892578,AVAILABLE,0.034174561500549316,1282,1735
0.07068300247192383,0.0,0.0,0.0282135009765625,0.04246997833251953,0.4092811644077301,0.4092811644077301,3.0,2.0,0.9770132303237915,0.6893311738967896,0.0282135009765625,0.0282135009765625,0.0,1.0,0.28768205642700195,-0.07068300247192383,0.0,0.0,0.0282135009765625,-0.04246997833251953,,0.0,0.0,0.2,0,cn,cn_plus,30,4,7,4,7,1,2.5052891336580383,0.7147168288065233,2.593142032623291,2.663825035095215,-1.165435552597046,-1.165435552597046,0.0,0.0,4.119815349578857,4.091601848602295,5.555754661560059,5.598224639892578,AVAILABLE,0.07068300247192383,1282,1735
0.01165771484375,0.120819091796875,0.0,0.043924570083618164,0.17640209197998047,0.12368596345186234,0.020145317539572716,1.0,1.0,0.5694612264633179,0.6730018854141235,0.055582284927368164,0.055582284927368164,0.10354064591228962,0.0,-0.10354065895080566,-0.01165771484375,-0.120819091796875,0.0,-0.043924570083618164,-0.17640209197998047,,0.0,0.0,0.2,0,degree,degree_u_plus,31,2,65,1,65,1,2.1736974328741665,0.6849101021282993,3.240534782409668,3.252192497253418,2.8116583824157715,2.9324774742126465,0.0,0.0,3.8762080669403076,3.920132637023926,9.936634063720703,10.113036155700684,AVAILABLE,0.120819091796875,1440,1701
,,,,,,,,,,,,,,,,,,,,,NO_CANDIDATE,,,,,cn,cn,31,,,,,,,,,,,,,,,,,,MISSING,,1440,1701
0.0003757476806640625,0.09498429298400879,0.0,0.030806303024291992,0.12616634368896484,0.46372029185295105,0.47281092405319214,1.0,1.0,0.22942689061164856,0.22033625841140747,0.031182050704956055,0.031182050704956055,-0.009090632200241089,0.0,0.009090632200241089,0.0003757476806640625,0.09498429298400879,0.0,0.030806303024291992,0.12616634368896484,,0.0,0.0,0.2,0,degree,degree_u_plus,32,19,4,18,4,1,3.046119814939365,0.7528496323050716,3.2163901329040527,3.2160143852233887,0.3848244249820709,0.28984013199806213,0.0,0.0,3.7267906665802,3.695984363555908,7.336238384246826,7.210072040557861,AVAILABLE,0.09498429298400879,118,581
0.10579633712768555,0.0,0.0,0.03002452850341797,0.07577180862426758,0.47281092405319214,0.47281092405319214,2.0,1.0,0.6258013844490051,0.22033625841140747,0.03002452850341797,0.03002452850341797,0.0,1.0,0.40546512603759766,-0.10579633712768555,0.0,0.0,0.03002452850341797,-0.07577180862426758,,0.0,0.0,0.2,0,cn,cn_plus,32,18,4,18,4,1,3.523662390868781,0.7789401786440683,3.110218048095703,3.2160143852233887,0.28984013199806213,0.28984013199806213,0.0,0.0,3.726008892059326,3.695984363555908,7.134300231933594,7.210072040557861,AVAILABLE,0.10579633712768555,118,581
0.10445648431777954,0.223128080368042,0.0,0.06931257247924805,0.04935908317565918,0.40617433190345764,0.31403642892837524,0.0,0.0,-0.40617433190345764,-0.31403642892837524,0.1737690567970276,0.1737690567970276,0.0921379029750824,0.0,-0.0921379029750824,0.10445648431777954,-0.223128080368042,0.0,0.06931257247924805,-0.04935908317565918,,0.0,0.0,0.2,0,degree,degree_u_plus,33,4,8,3,8,1,1.284049482919009,0.562181114079016,-0.3581446409225464,-0.4626011252403259,-1.05228853225708,-0.8291604518890381,0.0,0.0,4.125778675079346,4.056466102600098,2.723578453063965,2.772937536239624,AVAILABLE,0.223128080368042,124,1367
3.3579434752464294,0.0,0.0,0.10696840286254883,3.464911699295044,0.31403642892837524,0.31403642892837524,1.0,0.0,0.37911075353622437,-0.31403642892837524,0.10696840286254883,0.10696840286254883,0.0,1.0,0.6931471824645996,3.3579434752464294,0.0,0.0,0.10696840286254883,3.464911699295044,,0.0,0.0,0.2,0,cn,cn_plus,33,3,8,3,8,1,31.391916411448353,0.9691281001315943,2.8953423500061035,-0.4626011252403259,-0.8291604518890381,-0.8291604518890381,0.0,0.0,4.1634345054626465,4.056466102600098,6.237849235534668,2.772937536239624,AVAILABLE,3.3579434752464294,124,1367
0.00026607513427734375,0.0652310848236084,0.0,0.0031189918518066406,0.06184577941894531,0.007153622340410948,0.0077001843601465225,1.0,1.0,0.6859935522079468,0.6854469776153564,0.0033850669860839844,0.0033850669860839844,-0.0005465620197355747,0.0,0.000546574592590332,-0.00026607513427734375,0.0652310848236084,0.0,-0.0031189918518066406,0.06184577941894531,,0.0,0.0,0.2,0,degree,degree_u_plus,34,18,1,17,1,1,19.27019240382795,0.9506664771563218,3.2924022674560547,3.292668342590332,2.364316463470459,2.2990853786468506,0.0,0.0,4.104156494140625,4.107275485992432,9.769108772277832,9.707262992858887,AVAILABLE,0.0652310848236084,1042,1517
,,,,,,,,,,,,,,,,,,,,,NO_CANDIDATE,,,,,cn,cn,34,,,,,,,,,,,,,,,,,,MISSING,,1042,1517
0.06849789619445801,0.09469866752624512,0.0,0.0010652542114257812,0.1642618179321289,0.2957470417022705,0.22552335262298584,0.0,0.0,-0.2957470417022705,-0.22552335262298584,0.06956315040588379,0.06956315040588379,0.07022368907928467,0.0,-0.07022368907928467,0.06849789619445801,0.09469866752624512,0.0,0.0010652542114257812,0.1642618179321289,,0.0,0.0,0.2,0,degree,degree_u_plus,35,6,3,5,3,1,1.3613335991881605,0.5765104937549673,-0.4813658595085144,-0.5498637557029724,-1.1990233659744263,-1.2937220335006714,0.0,0.0,4.186319828033447,4.1852545738220215,2.5141637325286865,2.3499019145965576,AVAILABLE,0.09469866752624512,492,1533
3.854179322719574,0.0,0.0,0.006378173828125,3.8605573177337646,0.22552335262298584,0.22552335262298584,1.0,0.0,0.46762382984161377,-0.22552335262298584,0.006378173828125,0.006378173828125,0.0,1.0,0.6931471824645996,3.854179322719574,0.0,0.0,0.006378173828125,3.8605573177337646,,0.0,0.0,0.2,0,cn,cn_plus,35,5,3,5,3,1,604.2753590331357,0.9983478593914721,3.3043155670166016,-0.5498637557029724,-1.2937220335006714,-1.2937220335006714,0.0,0.0,4.1916327476501465,4.1852545738220215,6.210459232330322,2.3499019145965576,AVAILABLE,3.854179322719574,492,1533
0.018537819385528564,0.031731247901916504,0.0,0.010708808898925781,0.03956007957458496,0.1860230416059494,0.15981024503707886,0.0,0.0,-0.1860230416059494,-0.15981024503707886,0.029246628284454346,0.029246628284454346,0.026212796568870544,0.0,-0.026212796568870544,0.018537819385528564,0.031731247901916504,0.0,-0.010708808898925781,0.03956007957458496,,0.0,0.0,0.2,0,degree,degree_u_plus,36,4,3,3,3,1,1.0849536823103125,0.5203730382672521,-0.5876129865646362,-0.6061508059501648,-1.3397183418273926,-1.371449589729309,0.0,0.0,4.204407691955566,4.215116500854492,2.285309314727783,2.2457492351531982,AVAILABLE,0.031731247901916504,972,1000
3.897460162639618,0.0,0.0,0.010675907135009766,3.9081361293792725,0.15981024503707886,0.15981024503707886,1.0,0.0,0.5333369374275208,-0.15981024503707886,0.010675907135009766,0.010675907135009766,0.0,1.0,0.6931471824645996,3.897460162639618,0.0,0.0,0.010675907135009766,3.9081361293792725,,0.0,0.0,0.2,0,cn,cn_plus,36,3,3,3,3,1,365.0702898263038,0.9972682841853282,3.291309356689453,-0.6061508059501648,-1.371449589729309,-1.371449589729309,0.0,0.0,4.225792407989502,4.215116500854492,6.153885364532471,2.2457492351531982,AVAILABLE,3.897460162639618,972,1000
1.4722347259521484e-05,0.3428761959075928,0.0,0.11640620231628418,0.2264552116394043,0.0025667769368737936,0.0024834738578647375,0.0,0.0,-0.0025667769368737936,-0.0024834738578647375,0.1164209246635437,0.1164209246635437,8.330307900905609e-05,0.0,-8.330307900905609e-05,1.4722347259521484e-05,-0.3428761959075928,0.0,0.11640620231628418,-0.2264552116394043,,0.0,0.0,0.2,0,degree,degree_u_plus,37,2,1,1,1,1,2.945142099215269,0.7465237056482932,-0.6616231203079224,-0.6616378426551819,-1.3892585039138794,-1.0463823080062866,0.0,0.0,3.782820463180542,3.666414260864258,1.7401719093322754,1.9666271209716797,AVAILABLE,0.3428761959075928,468,647
3.9534853100776672,0.0,0.0,0.45595502853393555,4.409440517425537,0.0024834738578647375,0.0024834738578647375,1.0,0.0,0.6906636953353882,-0.0024834738578647375,0.45595502853393555,0.45595502853393555,0.0,1.0,0.6931471691932529,3.9534853100776672,0.0,0.0,0.45595502853393555,4.409440517425537,,0.0,0.0,0.2,0,cn,cn_plus,37,1,1,1,1,1,8.670778861857933,0.8965957122704922,3.2918474674224854,-0.6616378426551819,-1.0463823080062866,-1.0463823080062866,0.0,0.0,4.122369289398193,3.666414260864258,6.376067638397217,1.9666271209716797,AVAILABLE,3.9534853100776672,468,647
0.0002453327178955078,0.36311352252960205,0.0,0.5259058475494385,0.16254687309265137,0.003920084796845913,0.002536581363528967,0.0,0.0,-0.003920084796845913,-0.002536581363528967,0.526151180267334,0.526151180267334,0.001383503433316946,0.0,-0.001383503433316946,0.0002453327178955078,0.36311352252960205,0.0,-0.5259058475494385,-0.16254687309265137,,0.0,0.0,0.2,0,degree,degree_u_plus,38,5,1,4,1,1,0.6901315234982295,0.40833007011773687,-0.6613830327987671,-0.6616283655166626,-0.6210997104644775,-0.9842132329940796,0.0,0.0,-1.3841196298599243,-0.8582137823104858,-2.658369302749634,-2.4958224296569824,AVAILABLE,0.36311352252960205,121,1910
3.8153475522994995,0.0,0.0,3.6452988386154175,7.460646629333496,0.002536581363528967,0.002536581363528967,1.0,0.0,0.6906105875968933,-0.002536581363528967,3.6452988386154175,3.6452988386154175,0.0,1.0,0.6931471689604223,3.8153475522994995,0.0,0.0,3.6452988386154175,7.460646629333496,,0.0,0.0,0.2,0,cn,cn_plus,38,4,1,4,1,1,1.0466487689339026,0.5113963787148007,3.153719186782837,-0.6616283655166626,-0.9842132329940796,-0.9842132329940796,0.0,0.0,2.7870850563049316,-0.8582137823104858,4.964824199676514,-2.4958224296569824,AVAILABLE,3.8153475522994995,121,1910
0.09518963098526001,0.5497341156005859,0.0,0.012271881103515625,0.4668159484863281,0.20572997629642487,-0.011027839966118336,0.0,0.0,-0.20572997629642487,0.011027839966118336,0.10746151208877563,0.10746151208877563,0.2167578162625432,0.0,-0.2167578162625432,0.09518963098526001,-0.5497341156005859,0.0,-0.012271881103515625,-0.4668159484863281,,0.0,0.0,0.2,0,degree,degree_u_plus,39,2,26,1,26,1,5.115636787151051,0.8364847300773323,-0.5688363909721375,-0.6640260219573975,2.1200385093688965,2.6697726249694824,0.0,0.0,4.074771404266357,4.087043285369873,5.634206771850586,6.101022720336914,AVAILABLE,0.5497341156005859,547,598
3.436110496520996,0.0,0.0,0.01384115219116211,3.422269821166992,-0.011027839966118336,-0.011027839966118336,1.0,0.0,0.7041749954223633,0.011027839966118336,0.01384115219116211,0.01384115219116211,0.0,1.0,0.693147155456245,3.436110496520996,0.0,0.0,-0.01384115219116211,3.422269821166992,,0.0,0.0,0.2,0,cn,cn_plus,39,1,26,1,26,1,248.2530331676215,0.9959880127142625,2.7720844745635986,-0.6640260219573975,2.6697726249694824,2.6697726249694824,0.0,0.0,4.073202133178711,4.087043285369873,9.523292541503906,6.101022720336914,AVAILABLE,3.436110496520996,547,598
1.996755599975586e-05,0.16803884506225586,0.0,0.11695146560668945,0.05110740661621094,0.002679459983482957,0.0025667769368737936,0.0,0.0,-0.002679459983482957,-0.0025667769368737936,0.11697143316268921,0.11697143316268921,0.00011268304660916328,0.0,-0.00011268304660916328,1.996755599975586e-05,0.16803884506225586,0.0,-0.11695146560668945,0.05110740661621094,,0.0,0.0,0.2,0,degree,degree_u_plus,40,3,1,2,1,1,1.4365800790244145,0.5895886990915598,-0.6616031527519226,-0.6616231203079224,-1.2212196588516235,-1.3892585039138794,0.0,0.0,3.8171684741973877,3.934119939804077,1.9425787925720215,1.8914713859558105,AVAILABLE,0.16803884506225586,452,1258
3.5375815629959106,0.0,0.0,0.18532061576843262,3.722902297973633,0.0025667769368737936,0.0025667769368737936,1.0,0.0,0.690580427646637,-0.0025667769368737936,0.18532061576843262,0.18532061576843262,0.0,1.0,0.6931472045835108,3.5375815629959106,0.0,0.0,0.18532061576843262,3.722902297973633,,0.0,0.0,0.2,0,cn,cn_plus,40,2,1,2,1,1,19.088979158835215,0.9502214626192095,2.8759584426879883,-0.6616231203079224,-1.3892585039138794,-1.3892585039138794,0.0,0.0,4.11944055557251,3.934119939804077,5.614373683929443,1.8914713859558105,AVAILABLE,3.5375815629959106,452,1258
0.00021886825561523438,0.376188226044178,0.0,0.002238750457763672,0.3782081604003906,0.3893049359321594,0.32077300548553467,3.0,3.0,0.9969894289970398,1.0655213594436646,0.0024576187133789062,0.0024576187133789062,0.06853193044662476,0.0,-0.06853193044662476,0.00021886825561523438,-0.376188226044178,0.0,-0.002238750457763672,-0.3782081604003906,,0.0,0.0,0.2,0,degree,degree_u_plus,41,4,12,3,12,1,153.06959265094613,0.9935094265987607,3.302583694458008,3.3023648262023926,-0.4292454123497009,-0.05305718630552292,0.0,0.0,4.198075771331787,4.200314521789551,7.079647064208984,7.457855224609375,AVAILABLE,0.376188226044178,1109,2671
,,,,,,,,,,,,,,,,,,,,,NO_CANDIDATE,,,,,cn,cn,41,,,,,,,,,,,,,,,,,,MISSING,,1109,2671
0.0030639171600341797,0.2905089259147644,0.0,0.0020589828491210938,0.2895040512084961,0.4214250147342682,0.3618077337741852,1.0,1.0,0.2717221677303314,0.33133944869041443,0.0051229000091552734,0.0051229000091552734,0.05961728096008301,0.0,-0.05961728096008301,0.0030639171600341797,-0.2905089259147644,0.0,-0.0020589828491210938,-0.2895040512084961,,0.0,0.0,0.2,0,degree,degree_u_plus,42,4,9,3,9,1,56.70779408492225,0.9826713182186724,3.2510104179382324,3.2479465007781982,-0.9056310057640076,-0.6151220798492432,0.0,0.0,3.786254644393921,3.788313627243042,6.139866828918457,6.429370880126953,AVAILABLE,0.2905089259147644,1365,1702
0.018809080123901367,0.0,0.0,0.3705899715423584,0.38939952850341797,0.3618077337741852,0.3618077337741852,2.0,1.0,0.7368046045303345,0.33133944869041443,0.3705899715423584,0.3705899715423584,0.0,1.0,0.40546515583992004,0.018809080123901367,0.0,0.0,0.3705899715423584,0.38939952850341797,,0.0,0.0,0.2,0,cn,cn_plus,42,3,9,3,9,1,0.05075442149196764,0.048302838849729864,3.2667555809020996,3.2479465007781982,-0.6151220798492432,-0.6151220798492432,0.0,0.0,4.1589035987854,3.788313627243042,6.818770408630371,6.429370880126953,AVAILABLE,0.018809080123901367,1365,1702
0.049775123596191406,0.10680627822875977,0.0,0.0942378044128418,0.062343597412109375,0.5962537527084351,0.3024114668369293,1.0,1.0,0.09689342975616455,0.3907357156276703,0.1440129280090332,0.1440129280090332,0.29384228587150574,0.0,-0.29384228587150574,-0.049775123596191406,-0.10680627822875977,0.0,0.0942378044128418,-0.062343597412109375,,0.0,0.0,0.2,0,degree,degree_u_plus,43,3,139,2,139,1,0.7416436308108675,0.425829726409401,2.2658438682556152,2.3156189918518066,2.860663414001465,2.9674696922302246,0.0,0.0,3.8712241649627686,3.7769863605499268,9.005964279174805,9.068307876586914,AVAILABLE,0.10680627822875977,326,1358
0.05307602882385254,0.0,0.0,0.0998678207397461,0.046792030334472656,0.3024114668369293,0.3024114668369293,2.0,1.0,0.7962008714675903,0.3907357156276703,0.0998678207397461,0.0998678207397461,0.0,1.0,0.40546515583992004,-0.05307602882385254,0.0,0.0,0.0998678207397461,0.046792030334472656,,0.0,0.0,0.2,0,cn,cn_plus,43,2,139,2,139,1,0.5314627185822008,0.34702948503651393,2.262542963027954,2.3156189918518066,2.9674696922302246,2.9674696922302246,0.0,0.0,3.876854181289673,3.7769863605499268,9.115099906921387,9.068307876586914,AVAILABLE,0.05307602882385254,326,1358
0.03968966007232666,0.01827418804168701,0.0,0.03448987007141113,0.02347397804260254,0.15981024503707886,0.07427151501178741,0.0,0.0,-0.15981024503707886,-0.07427151501178741,0.07417953014373779,0.07417953014373779,0.08553873002529144,0.0,-0.08553873002529144,0.03968966007232666,0.01827418804168701,0.0,-0.03448987007141113,0.02347397804260254,,0.0,0.0,0.2,0,degree,degree_u_plus,44,3,3,2,3,1,0.24635078629871654,0.19765766508665156,-0.6061508059501648,-0.6458404660224915,-1.371449589729309,-1.389723777770996,0.0,0.0,3.8394529819488525,3.8739428520202637,1.8700857162475586,1.846611738204956,AVAILABLE,0.01827418804168701,718,2059
3.859438717365265,0.0,0.0,0.13381385803222656,3.9932525157928467,0.07427151501178741,0.07427151501178741,1.0,0.0,0.6188756823539734,-0.07427151501178741,0.13381385803222656,0.13381385803222656,0.0,1.0,0.6931471973657608,3.859438717365265,0.0,0.0,0.13381385803222656,3.9932525157928467,,0.0,0.0,0.2,0,cn,cn_plus,44,2,3,2,3,1,28.841844078790036,0.966490006537138,3.2135982513427734,-0.6458404660224915,-1.389723777770996,-1.389723777770996,0.0,0.0,4.00775671005249,3.8739428520202637,5.839864253997803,1.846611738204956,AVAILABLE,3.859438717365265,718,2059
0.004236459732055664,0.01084434986114502,0.0,0.02401113510131836,0.030619144439697266,0.2639470398426056,0.22552335262298584,3.0,3.0,1.122347354888916,1.1607710123062134,0.028247594833374023,0.028247594833374023,0.03842368721961975,0.0,-0.03842365741729736,0.004236459732055664,-0.01084434986114502,0.0,-0.02401113510131836,-0.030619144439697266,,0.0,0.0,0.2,0,degree,degree_u_plus,45,4,5,3,5,1,0.3839033406589085,0.2774061810387156,3.2984399795532227,3.294203519821167,-1.3045663833618164,-1.2937220335006714,0.0,0.0,4.136841773986816,4.160852909088135,6.138948440551758,6.169567584991455,AVAILABLE,0.01084434986114502,1085,1421
,,,,,,,,,,,,,,,,,,,,,NO_CANDIDATE,,,,,cn,cn,45,,,,,,,,,,,,,,,,,,MISSING,,1085,1421
0.00017273426055908203,0.1263217329978943,0.0,2.1944084763526917,2.067913990467787,0.0015924838371574879,0.0025667769368737936,0.0,0.0,-0.0015924838371574879,-0.0025667769368737936,2.1945812106132507,2.1945812106132507,-0.0009742930997163057,0.0,0.0009742930997163057,-0.00017273426055908203,-0.1263217329978943,0.0,2.1944084763526917,2.067913990467787,,0.0,0.0,0.2,0,degree,degree_u_plus,46,2,0,1,0,1,0.057560746356243364,0.05442783930338296,-0.6617958545684814,-0.6616231203079224,0.8975905776023865,1.0239123106002808,0.0,0.0,-0.2576555609703064,-2.452064037322998,-0.013627786189317703,-2.0815417766571045,AVAILABLE,0.1263217329978943,166,2617
,,,,,,,,,,,,,,,,,,,,,NO_CANDIDATE,,,,,cn,cn,46,,,,,,,,,,,,,,,,,,MISSING,,166,2617
7.843971252441406e-05,0.37947529554367065,0.0,2.7179718017578125e-05,0.3795814514160156,0.6586901545524597,0.568725049495697,1.0,1.0,0.03445702791213989,0.12442213296890259,0.00010561943054199219,0.00010561943054199219,0.0899651050567627,0.0,-0.0899651050567627,-7.843971252441406e-05,-0.37947529554367065,0.0,-2.7179718017578125e-05,-0.3795814514160156,,0.0,0.0,0.2,0,degree,degree_u_plus,47,5,27,4,27,1,3592.5148284578995,0.9997217209201196,2.8745827674865723,2.8746612071990967,0.6303738951683044,1.009849190711975,0.0,0.0,4.1422810554504395,4.142308235168457,7.655470848083496,8.035052299499512,AVAILABLE,0.37947529554367065,1856,2045
0.08278775215148926,0.0,0.0,0.007519721984863281,0.09030723571777344,0.568725049495697,0.568725049495697,2.0,1.0,0.5298872590065002,0.12442213296890259,0.007519721984863281,0.007519721984863281,0.0,1.0,0.40546512603759766,0.08278775215148926,0.0,0.0,0.007519721984863281,0.09030723571777344,,0.0,0.0,0.2,0,cn,cn_plus,47,4,27,4,27,1,11.00940197312025,0.9167319070309892,2.957448959350586,2.8746612071990967,1.009849190711975,1.009849190711975,0.0,0.0,4.14982795715332,4.142308235168457,8.125359535217285,8.035052299499512,AVAILABLE,0.08278775215148926,1856,2045
1.4722347259521484e-05,2.4285978078842163,0.0,7.343322515487671,9.771905660629272,0.0025667769368737936,0.0024834738578647375,0.0,0.0,-0.0025667769368737936,-0.0024834738578647375,7.34333723783493,7.34333723783493,8.330307900905609e-05,0.0,-8.330307900905609e-05,1.4722347259521484e-05,-2.4285978078842163,0.0,-7.343322515487671,-9.771905660629272,,0.0,0.0,0.2,0,degree,degree_u_plus,48,1,0,0,0,1,0.3307212682626351,0.24852782934356987,-0.6616231203079224,-0.6616378426551819,1.0239123106002808,3.452510118484497,0.0,0.0,-3.749495506286621,3.59382700920105,-3.3789732456207275,6.392932415008545,AVAILABLE,2.4285978078842163,307,991
,,,,,,,,,,,,,,,,,,,,,NO_CANDIDATE,,,,,cn,cn,48,,,,,,,,,,,,,,,,,,MISSING,,307,991
0.023097991943359375,0.07336020469665527,0.0,4.196080729365349,4.246343016624451,0.22552335262298584,0.09507910907268524,1.0,1.0,0.46762382984161377,0.5980680584907532,4.219178721308708,4.219178721308708,0.1304442435503006,0.0,-0.1304442286491394,0.023097991943359375,-0.07336020469665527,0.0,-4.196080729365349,-4.246343016624451,,0.0,0.0,0.2,0,degree,degree_u_plus,49,3,5,2,5,1,0.017387318568014384,0.01709016640042974,2.648033618927002,2.6249356269836426,-1.2937220335006714,-1.2203618288040161,0.0,0.0,-0.1210208386182785,4.07505989074707,1.2415238618850708,5.4878668785095215,AVAILABLE,0.07336020469665527,958,1798
0.1791079044342041,0.0,0.0,0.07714986801147461,0.2562575340270996,0.09507910907268524,0.09507910907268524,2.0,1.0,1.0035332441329956,0.5980680584907532,0.07714986801147461,0.07714986801147461,0.0,1.0,0.40546518564224243,0.1791079044342041,0.0,0.0,0.07714986801147461,0.2562575340270996,,0.0,0.0,0.2,0,cn,cn_plus,49,2,5,2,5,1,2.3215578436503184,0.6989364487775946,2.8040435314178467,2.6249356269836426,-1.2203618288040161,-1.2203618288040161,0.0,0.0,4.152209758758545,4.07505989074707,5.744124412536621,5.4878668785095215,AVAILABLE,0.1791079044342041,958,1798
2.288818359375e-05,0.0008635520935058594,0.0,0.0011594295501708984,0.0003185272216796875,0.3149155080318451,0.3024114668369293,1.0,1.0,0.3782316744327545,0.3907357156276703,0.0011823177337646484,0.0011823177337646484,0.012504041194915771,0.0,-0.012504041194915771,-2.288818359375e-05,0.0008635520935058594,0.0,-0.0011594295501708984,-0.0003185272216796875,,0.0,0.0,0.2,0,degree,degree_u_plus,50,140,2,139,2,1,0.7303830138165026,0.4220932637367854,2.2078018188476562,2.20782470703125,2.9683332443237305,2.9674696922302246,0.0,0.0,3.8660836219787598,3.8672430515289307,9.05045223236084,9.05077075958252,AVAILABLE,0.0008635520935058594,1358,1568
0.0015316009521484375,0.0,0.0,0.023088693618774414,0.021556854248046875,0.3024114668369293,0.3024114668369293,2.0,1.0,0.7962008714675903,0.3907357156276703,0.023088693618774414,0.023088693618774414,0.0,1.0,0.40546515583992004,-0.0015316009521484375,0.0,0.0,0.023088693618774414,0.021556854248046875,,0.0,0.0,0.2,0,cn,cn_plus,50,139,2,139,2,1,0.0663355109683606,0.062208854798542726,2.2062931060791016,2.20782470703125,2.9674696922302246,2.9674696922302246,0.0,0.0,3.890331745147705,3.8672430515289307,9.072327613830566,9.05077075958252,AVAILABLE,0.0015316009521484375,1358,1568
0.0006291866302490234,0.15118515491485596,0.0,0.009096145629882812,0.16091060638427734,0.3195182979106903,0.2957470417022705,1.0,1.0,0.3736288845539093,0.3974001407623291,0.009725332260131836,0.009725332260131836,0.0237712562084198,0.0,-0.0237712562084198,0.0006291866302490234,0.15118515491485596,0.0,0.009096145629882812,0.16091060638427734,,0.0,0.0,0.2,0,degree,degree_u_plus,51,7,3,6,3,1,15.545484248366854,0.9395605480632151,3.2613165378570557,3.2606873512268066,-1.0478382110595703,-1.1990233659744263,0.0,0.0,4.068420886993408,4.059324741363525,6.290132522583008,6.1292219161987305,AVAILABLE,0.15118515491485596,1501,2228
0.027569293975830078,0.0,0.0,0.06425666809082031,0.09182596206665039,0.2957470417022705,0.2957470417022705,2.0,1.0,0.8028652667999268,0.3974001407623291,0.06425666809082031,0.06425666809082031,0.0,1.0,0.40546512603759766,0.027569293975830078,0.0,0.0,0.06425666809082031,0.09182596206665039,,0.0,0.0,0.2,0,cn,cn_plus,51,6,3,6,3,1,0.42904947462213455,0.3002341642059542,3.2882566452026367,3.2606873512268066,-1.1990233659744263,-1.1990233659744263,0.0,0.0,4.123581409454346,4.059324741363525,6.221047878265381,6.1292219161987305,AVAILABLE,0.027569293975830078,1501,2228
0.0006995201110839844,0.04599630832672119,0.0,0.005808830261230469,0.03948783874511719,0.22552335262298584,0.1860230416059494,1.0,1.0,0.46762382984161377,0.507124125957489,0.006508350372314453,0.006508350372314453,0.03950031101703644,0.0,-0.039500296115875244,-0.0006995201110839844,0.04599630832672119,0.0,-0.005808830261230469,0.03948783874511719,,0.0,0.0,0.2,0,degree,degree_u_plus,52,5,3,4,3,1,7.067265132149457,0.8760422542684477,2.9639315605163574,2.9646310806274414,-1.2937220335006714,-1.3397183418273926,0.0,0.0,4.154087543487549,4.159896373748779,5.8325300216674805,5.793042182922363,AVAILABLE,0.04599630832672119,14,2668
0.13239026069641113,0.0,0.0,0.012744903564453125,0.14513492584228516,0.1860230416059494,0.1860230416059494,2.0,1.0,0.9125892519950867,0.507124125957489,0.012744903564453125,0.012744903564453125,0.0,1.0,0.40546512603759766,0.13239026069641113,0.0,0.0,0.012744903564453125,0.14513492584228516,,0.0,0.0,0.2,0,cn,cn_plus,52,4,3,4,3,1,10.387693884849968,0.9121859078658248,3.0970213413238525,2.9646310806274414,-1.3397183418273926,-1.3397183418273926,0.0,0.0,4.172641277313232,4.159896373748779,5.938177108764648,5.793042182922363,AVAILABLE,0.13239026069641113,14,2668
0.04851614683866501,0.18227362632751465,0.0,0.5273094177246094,0.661067008972168,0.6280149817466736,0.5962537527084351,0.0,0.0,-0.6280149817466736,-0.5962537527084351,0.5758255645632744,0.5758255645632744,0.031761229038238525,0.0,-0.031761229038238525,0.04851614683866501,-0.18227362632751465,0.0,-0.5273094177246094,-0.661067008972168,,0.0,0.0,0.2,0,degree,degree_u_plus,53,4,139,3,139,1,0.3165431241322637,0.2404350593079873,-0.03871994465589523,-0.08723609149456024,2.67838978767395,2.860663414001465,0.0,0.0,3.336271047592163,3.8635804653167725,5.984173774719238,6.645240783691406,AVAILABLE,0.18227362632751465,1038,1358
2.4044336527585983,0.0,0.0,0.0002675056457519531,2.4047012329101562,0.5962537527084351,0.5962537527084351,1.0,0.0,0.09689342975616455,-0.5962537527084351,0.0002675056457519531,0.0002675056457519531,0.0,1.0,0.6931471824645996,2.4044336527585983,0.0,0.0,0.0002675056457519531,2.4047012329101562,,0.0,0.0,0.2,0,cn,cn_plus,53,3,139,3,139,1,8988.011321730492,0.9998887530603524,2.317197561264038,-0.08723609149456024,2.860663414001465,2.860663414001465,0.0,0.0,3.8638479709625244,3.8635804653167725,9.049942016601562,6.645240783691406,AVAILABLE,2.4044336527585983,1038,1358
0.08755332231521606,0.07336020469665527,0.0,0.08688521385192871,0.07269203662872314,0.22552335262298584,0.09507910907268524,0.0,0.0,-0.22552335262298584,-0.09507910907268524,0.17443853616714478,0.17443853616714478,0.1304442435503006,0.0,-0.1304442435503006,0.08755332231521606,-0.07336020469665527,0.0,-0.08688521385192871,-0.07269203662872314,,0.0,0.0,0.2,0,degree,degree_u_plus,54,3,5,2,5,1,0.4205504248261876,0.29604751614335995,-0.5498637557029724,-0.6374170780181885,-1.2937220335006714,-1.2203618288040161,0.0,0.0,3.7506120204925537,3.8374972343444824,1.9152593612670898,1.987951397895813,AVAILABLE,0.07336020469665527,1385,2335
3.8258755207061768,0.0,0.0,0.2132587432861328,4.039134383201599,0.09507910907268524,0.09507910907268524,1.0,0.0,0.5980680584907532,-0.09507910907268524,0.2132587432861328,0.2132587432861328,0.0,1.0,0.6931471675634384,3.8258755207061768,0.0,0.0,0.2132587432861328,4.039134383201599,,0.0,0.0,0.2,0,cn,cn_plus,54,2,5,2,5,1,17.940063241263235,0.9472018658405861,3.1884584426879883,-0.6374170780181885,-1.2203618288040161,-1.2203618288040161,0.0,0.0,4.050755977630615,3.8374972343444824,6.027085781097412,1.987951397895813,AVAILABLE,3.8258755207061768,1385,2335
0.025638341903686523,0.8515889048576355,0.0,0.04254913330078125,0.868499755859375,0.09993232041597366,0.006401163060218096,0.0,0.0,-0.09993232041597366,-0.006401163060218096,0.06818747520446777,0.06818747520446777,0.09353115735575557,0.0,-0.09353115735575557,0.025638341903686523,-0.8515889048576355,0.0,-0.04254913330078125,-0.868499755859375,,0.0,0.0,0.2,0,degree,degree_u_plus,55,2,6,1,6,1,12.488932570310393,0.9258651494632693,-0.6353040933609009,-0.6609424352645874,-0.9695872068405151,-0.11799830198287964,0.0,0.0,4.078789710998535,4.121338844299316,2.4821314811706543,3.3506312370300293,AVAILABLE,0.8515889048576355,647,904
3.956647753715515,0.0,0.0,0.011927127838134766,3.9685750007629395,0.006401163060218096,0.006401163060218096,1.0,0.0,0.6867460012435913,-0.006401163060218096,0.011927127838134766,0.011927127838134766,0.0,1.0,0.6931471643038094,3.956647753715515,0.0,0.0,0.011927127838134766,3.9685750007629395,,0.0,0.0,0.2,0,cn,cn_plus,55,1,6,1,6,1,331.7348895780246,0.9969946043191678,3.2957053184509277,-0.6609424352645874,-0.11799830198287964,-0.11799830198287964,0.0,0.0,4.133265972137451,4.121338844299316,7.319206237792969,3.3506312370300293,AVAILABLE,3.956647753715515,647,904
0.2454225718975067,0.252854909747839,0.0,0.002620697021484375,0.004811763763427734,0.7318286299705505,0.5779234170913696,0.0,0.0,-0.7318286299705505,-0.5779234170913696,0.2480432689189911,0.2480432689189911,0.1539052128791809,0.0,-0.1539052128791809,0.2454225718975067,-0.252854909747839,0.0,0.002620697021484375,-0.004811763763427734,,0.0,0.0,0.2,0,degree,degree_u_plus,56,6,22,5,22,1,1.0193983519723562,0.5048030028234423,0.1302436739206314,-0.1151788979768753,0.050284478813409805,0.3031393885612488,0.0,0.0,4.064231872558594,4.061611175537109,4.252993106842041,4.257804870605469,AVAILABLE,0.252854909747839,1849,1914
3.4193685799837112,0.0,0.0,0.004490375518798828,3.423858642578125,0.5779234170913696,0.5779234170913696,1.0,0.0,0.11522376537322998,-0.5779234170913696,0.004490375518798828,0.004490375518798828,0.0,1.0,0.6931471824645996,3.4193685799837112,0.0,0.0,0.004490375518798828,3.423858642578125,,0.0,0.0,0.2,0,cn,cn_plus,56,5,22,5,22,1,761.4866397703838,0.9986885016105972,3.304189682006836,-0.1151788979768753,0.3031393885612488,0.3031393885612488,0.0,0.0,4.066101551055908,4.061611175537109,7.681663513183594,4.257804870605469,AVAILABLE,3.4193685799837112,1849,1914
0.0,0.09451830387115479,0.0,0.01875925064086914,0.11327743530273438,0.09507910907268524,0.09507910907268524,0.0,0.0,-0.09507910907268524,-0.09507910907268524,0.01875925064086914,0.01875925064086914,0.0,0.0,0.0,0.0,0.09451830387115479,0.0,0.01875925064086914,0.11327743530273438,,0.0,0.0,0.2,0,degree,degree_u_plus,57,5,2,4,2,1,5.038487693125608,0.8343956217484009,-0.6374170780181885,-0.6374170780181885,-1.2203618288040161,-1.314880132675171,0.0,0.0,4.096980094909668,4.078220844268799,2.247434139251709,2.1341567039489746,AVAILABLE,0.09451830387115479,1773,1780
3.7211921215057373,0.0,0.0,0.03583240509033203,3.7570242881774902,0.09507910907268524,0.09507910907268524,1.0,0.0,0.5980680584907532,-0.09507910907268524,0.03583240509033203,0.03583240509033203,0.0,1.0,0.6931471675634384,3.7211921215057373,0.0,0.0,0.03583240509033203,3.7570242881774902,,0.0,0.0,0.2,0,cn,cn_plus,57,4,2,4,2,1,103.84988318886032,0.9904625549443984,3.083775043487549,-0.6374170780181885,-1.314880132675171,-1.314880132675171,0.0,0.0,4.114053249359131,4.078220844268799,5.891180992126465,2.1341567039489746,AVAILABLE,3.7211921215057373,1773,1780
0.0010879039764404297,0.005169391632080078,0.0,0.0005817413330078125,0.0056743621826171875,0.12368596345186234,0.2202700674533844,2.0,2.0,0.9749263525009155,0.8783422708511353,0.0016696453094482422,0.0016696453094482422,-0.09658410400152206,0.0,0.09658408164978027,0.0010879039764404297,0.005169391632080078,0.0,-0.0005817413330078125,0.0056743621826171875,,0.0,0.0,0.2,0,degree,degree_u_plus,58,65,2,64,2,1,3.096083127354212,0.7558643296758649,3.0525662899017334,3.051478385925293,2.8116583824157715,2.8064889907836914,0.0,0.0,4.170348644256592,4.1709303855896,10.042805671691895,10.037131309509277,AVAILABLE,0.005169391632080078,306,656
,,,,,,,,,,,,,,,,,,,,,NO_CANDIDATE,,,,,cn,cn,58,,,,,,,,,,,,,,,,,,MISSING,,306,656
0.008555501699447632,0.09674942493438721,0.0,0.012428760528564453,0.07576513290405273,0.47940754890441895,0.48554709553718567,0.0,0.0,-0.47940754890441895,-0.48554709553718567,0.020984262228012085,0.020984262228012085,-0.006139546632766724,0.0,0.006139546632766724,-0.008555501699447632,0.09674942493438721,0.0,-0.012428760528564453,0.07576513290405273,,0.0,0.0,0.2,0,degree,degree_u_plus,59,9,5,8,5,1,4.6105685192758585,0.8217649429706873,-0.25874102115631104,-0.2501855194568634,-1.0373656749725342,-1.1341150999069214,0.0,0.0,4.0180583000183105,4.030487060546875,2.730184555053711,2.654419422149658,AVAILABLE,0.09674942493438721,1351,1535
3.5381632149219513,0.0,0.0,0.03819894790649414,3.576362133026123,0.48554709553718567,0.48554709553718567,1.0,0.0,0.20760008692741394,-0.48554709553718567,0.03819894790649414,0.03819894790649414,0.0,1.0,0.6931471824645996,3.5381632149219513,0.0,0.0,0.03819894790649414,3.576362133026123,,0.0,0.0,0.2,0,cn,cn_plus,59,8,5,8,5,1,92.62460048210986,0.9893190465449186,3.287977695465088,-0.2501855194568634,-1.1341150999069214,-1.1341150999069214,0.0,0.0,4.068686008453369,4.030487060546875,6.230781555175781,2.654419422149658,AVAILABLE,3.5381632149219513,1351,1535
0.0011088848114013672,0.23700642585754395,0.0,0.01847696304321289,0.21963834762573242,0.002536581363528967,0.002679459983482957,1.0,1.0,0.6906105875968933,0.6904677152633667,0.019585847854614258,0.019585847854614258,-0.00014287861995398998,0.0,0.00014287233352661133,0.0011088848114013672,0.23700642585754395,0.0,-0.01847696304321289,0.21963834762573242,,0.0,0.0,0.2,0,degree,degree_u_plus,60,4,1,3,1,1,12.100895841113607,0.9236693419955473,3.2921464443206787,3.2910375595092773,-0.9842132329940796,-1.2212196588516235,0.0,0.0,4.120778560638428,4.139255523681641,6.436944961547852,6.217306613922119,AVAILABLE,0.23700642585754395,2457,2458
,,,,,,,,,,,,,,,,,,,,,NO_CANDIDATE,,,,,cn,cn,60,,,,,,,,,,,,,,,,,,MISSING,,2457,2458
0.10423475503921509,0.05439746379852295,0.0,0.0002579689025878906,0.049579620361328125,0.10534340888261795,0.24746403098106384,0.0,0.0,-0.10534340888261795,-0.24746403098106384,0.10449272394180298,0.10449272394180298,-0.1421206220984459,0.0,0.1421206220984459,-0.10423475503921509,0.05439746379852295,0.0,0.0002579689025878906,-0.049579620361328125,,0.0,0.0,0.2,0,degree,degree_u_plus,61,29,3,28,3,1,0.5205860900224843,0.3423588400803973,-0.6329438090324402,-0.5287090539932251,1.6447539329528809,1.590356469154358,0.0,0.0,4.159789562225342,4.159531593322754,5.179832458496094,5.229412078857422,AVAILABLE,0.05439746379852295,109,1805
3.20986807346344,0.0,0.0,0.0012698173522949219,3.2085981369018555,0.24746403098106384,0.24746403098106384,1.0,0.0,0.44568315148353577,-0.24746403098106384,0.0012698173522949219,0.0012698173522949219,0.0,1.0,0.6931471824645996,3.20986807346344,0.0,0.0,-0.0012698173522949219,3.2085981369018555,,0.0,0.0,0.2,0,cn,cn_plus,61,28,3,28,3,1,2527.798812698702,0.999604555334739,2.681159019470215,-0.5287090539932251,1.590356469154358,1.590356469154358,0.0,0.0,4.158261775970459,4.159531593322754,8.438010215759277,5.229412078857422,AVAILABLE,3.20986807346344,109,1805
8.803606033325195e-05,0.7816364169120789,0.0,0.3045865297317505,1.086134910583496,0.002709528198465705,0.002212853403761983,0.0,0.0,-0.002709528198465705,-0.002212853403761983,0.30467456579208374,0.30467456579208374,0.000496674794703722,0.0,-0.000496674794703722,8.803606033325195e-05,-0.7816364169120789,0.0,-0.3045865297317505,-1.086134910583496,,0.0,0.0,0.2,0,degree,degree_u_plus,62,1,8,0,8,1,2.565479626516273,0.7195328245425788,-0.6615977883338928,-0.6616858243942261,0.7373049855232239,1.5189414024353027,0.0,0.0,-2.1003801822662354,-1.7957936525344849,-2.016439914703369,-0.930305004119873,AVAILABLE,0.7816364169120789,907,1351
,,,,,,,,,,,,,,,,,,,,,NO_CANDIDATE,,,,,cn,cn,62,,,,,,,,,,,,,,,,,,MISSING,,907,1351
0.00035762786865234375,0.032456159591674805,0.0,0.30645763874053955,0.27435922622680664,-0.000550437078345567,0.0014682164182886481,0.0,0.0,0.000550437078345567,-0.0014682164182886481,0.3068152666091919,0.3068152666091919,-0.002018653496634215,0.0,0.002018653496634215,-0.00035762786865234375,0.032456159591674805,0.0,-0.30645763874053955,-0.27435922622680664,,0.0,0.0,0.2,0,degree,degree_u_plus,63,11,0,10,0,1,0.10578404032018283,0.09566428566788934,-0.6621754765510559,-0.6618178486824036,1.6364684104919434,1.6040122509002686,0.0,0.0,1.925460696220398,2.2319183349609375,2.907986640930176,3.1823458671569824,AVAILABLE,0.032456159591674805,748,1617
,,,,,,,,,,,,,,,,,,,,,NO_CANDIDATE,,,,,cn,cn,63,,,,,,,,,,,,,,,,,,MISSING,,748,1617
1.4722347259521484e-05,0.3428761959075928,0.0,0.18191933631896973,0.5247807502746582,0.0025667769368737936,0.0024834738578647375,0.0,0.0,-0.0025667769368737936,-0.0024834738578647375,0.18193405866622925,0.18193405866622925,8.330307900905609e-05,0.0,-8.330307900905609e-05,1.4722347259521484e-05,-0.3428761959075928,0.0,-0.18191933631896973,-0.5247807502746582,,0.0,0.0,0.2,0,degree,degree_u_plus,64,2,1,1,1,1,1.884617864159478,0.6533336313191762,-0.6616231203079224,-0.6616378426551819,-1.3892585039138794,-1.0463823080062866,0.0,0.0,2.59269380569458,2.77461314201355,0.5500452518463135,1.0748260021209717,AVAILABLE,0.3428761959075928,1357,2170
3.8261061310768127,0.0,0.0,1.1768898963928223,5.002995729446411,0.0024834738578647375,0.0024834738578647375,1.0,0.0,0.6906636953353882,-0.0024834738578647375,1.1768898963928223,1.1768898963928223,0.0,1.0,0.6931471691932529,3.8261061310768127,0.0,0.0,1.1768898963928223,5.002995729446411,,0.0,0.0,0.2,0,cn,cn_plus,64,1,1,1,1,1,3.251031477365509,0.7647629745099583,3.164468288421631,-0.6616378426551819,-1.0463823080062866,-1.0463823080062866,0.0,0.0,3.951503038406372,2.77461314201355,6.077821731567383,1.0748260021209717,AVAILABLE,3.8261061310768127,1357,2170
0.0033322572708129883,0.20868462324142456,0.0,0.2367110252380371,0.03135871887207031,0.17653506994247437,0.18117393553256989,0.0,0.0,-0.17653506994247437,-0.18117393553256989,0.2400432825088501,0.2400432825088501,-0.00463886559009552,0.0,0.00463886559009552,-0.0033322572708129883,0.20868462324142456,0.0,-0.2367110252380371,-0.03135871887207031,,0.0,0.0,0.2,0,degree,degree_u_plus,65,12,2,11,2,1,0.8693624431673325,0.4650582589507567,-0.5948536992073059,-0.5915214419364929,0.6830547451972961,0.4743701219558716,0.0,0.0,2.9155561923980713,3.1522672176361084,3.0119903087615967,3.043349027633667,AVAILABLE,0.20868462324142456,645,1495
3.7578646540641785,0.0,0.0,0.3679206371307373,4.1257851123809814,0.18117393553256989,0.18117393553256989,1.0,0.0,0.5119732618331909,-0.18117393553256989,0.3679206371307373,0.3679206371307373,0.0,1.0,0.6931471973657608,3.7578646540641785,0.0,0.0,0.3679206371307373,4.1257851123809814,,0.0,0.0,0.2,0,cn,cn_plus,65,11,2,11,2,1,10.21379116222541,0.9108240928038162,3.1663432121276855,-0.5915214419364929,0.4743701219558716,0.4743701219558716,0.0,0.0,3.5201878547668457,3.1522672176361084,7.169134140014648,3.043349027633667,AVAILABLE,3.7578646540641785,645,1495
0.0067768096923828125,0.07336020469665527,0.0,0.016742706298828125,0.08332633972167969,0.22552335262298584,0.09507910907268524,2.0,2.0,0.8730889558792114,1.0035332441329956,0.023519515991210938,0.023519515991210938,0.1304442435503006,0.0,-0.13044428825378418,0.0067768096923828125,-0.07336020469665527,0.0,-0.016742706298828125,-0.08332633972167969,,0.0,0.0,0.2,0,degree,degree_u_plus,66,3,5,2,5,1,3.119119183102134,0.757229651401615,3.255321502685547,3.248544692993164,-1.2937220335006714,-1.2203618288040161,0.0,0.0,4.087459564208984,4.1042022705078125,6.0572919845581055,6.140618324279785,AVAILABLE,0.07336020469665527,56,1849
,,,,,,,,,,,,,,,,,,,,,NO_CANDIDATE,,,,,cn,cn,66,,,,,,,,,,,,,,,,,,MISSING,,56,1849
0.0004405975341796875,0.5031014084815979,0.0,0.9777849912643433,0.4742429852485657,0.006401163060218096,0.003920084796845913,0.0,0.0,-0.006401163060218096,-0.003920084796845913,0.978225588798523,0.978225588798523,0.002481078263372183,0.0,-0.002481078263372183,0.0004405975341796875,0.5031014084815979,0.0,-0.9777849912643433,-0.4742429852485657,,0.0,0.0,0.2,0,degree,degree_u_plus,67,6,1,5,1,1,0.5142999826415476,0.33962886385589325,-0.6609424352645874,-0.6613830327987671,-0.11799830198287964,-0.6210997104644775,0.0,0.0,1.494710087776184,2.4724950790405273,0.7240024209022522,1.1982454061508179,AVAILABLE,0.5031014084815979,743,1570
3.8390642404556274,0.0,0.0,1.4350526332855225,5.274117112159729,0.003920084796845913,0.003920084796845913,1.0,0.0,0.6892271041870117,-0.003920084796845913,1.4350526332855225,1.4350526332855225,0.0,1.0,0.6931471889838576,3.8390642404556274,0.0,0.0,1.4350526332855225,5.274117112159729,,0.0,0.0,0.2,0,cn,cn_plus,67,5,1,5,1,1,2.6752079503272936,0.7279065529037764,3.1776812076568604,-0.6613830327987671,-0.6210997104644775,-0.6210997104644775,0.0,0.0,3.90754771232605,2.4724950790405273,6.472362518310547,1.1982454061508179,AVAILABLE,3.8390642404556274,743,1570
0.023965954780578613,0.5992621183395386,0.0,0.007071018218994141,0.5823674201965332,0.09507910907268524,0.003920084796845913,0.0,0.0,-0.09507910907268524,-0.003920084796845913,0.031036972999572754,0.031036972999572754,0.09115902427583933,0.0,-0.09115902427583933,0.023965954780578613,-0.5992621183395386,0.0,-0.007071018218994141,-0.5823674201965332,,0.0,0.0,0.2,0,degree,degree_u_plus,68,2,5,1,5,1,19.308001629790752,0.9507583257954315,-0.6374170780181885,-0.6613830327987671,-1.2203618288040161,-0.6210997104644775,0.0,0.0,4.140560150146484,4.1476311683654785,2.2910141944885254,2.8733816146850586,AVAILABLE,0.5992621183395386,8,281
3.9405258893966675,0.0,0.0,0.046790122985839844,3.987316131591797,0.003920084796845913,0.003920084796845913,1.0,0.0,0.6892271041870117,-0.003920084796845913,0.046790122985839844,0.046790122985839844,0.0,1.0,0.6931471889838576,3.9405258893966675,0.0,0.0,0.046790122985839844,3.987316131591797,,0.0,0.0,0.2,0,cn,cn_plus,68,1,5,1,5,1,84.21702692294535,0.9882652559458075,3.2791428565979004,-0.6613830327987671,-0.6210997104644775,-0.6210997104644775,0.0,0.0,4.194421291351318,4.1476311683654785,6.8606977462768555,2.8733816146850586,AVAILABLE,3.9405258893966675,8,281
0.08299240469932556,0.06673198938369751,0.0,0.0323636531829834,0.11736083030700684,0.568725049495697,0.5121098756790161,0.0,0.0,-0.568725049495697,-0.5121098756790161,0.11535605788230896,0.11535605788230896,0.05661517381668091,0.0,-0.05661517381668091,0.08299240469932556,0.06673198938369751,0.0,-0.0323636531829834,0.11736083030700684,,0.0,0.0,0.2,0,degree,degree_u_plus,69,27,4,26,4,1,0.5784870324444507,0.3664819669431199,-0.12887254357337952,-0.21186494827270508,1.009849190711975,0.9431172013282776,0.0,0.0,2.3925676345825195,2.424931287765503,3.2817773818969727,3.164416551589966,AVAILABLE,0.06673198938369751,598,1301
3.467294454574585,0.0,0.0,0.6242392063140869,4.091533899307251,0.5121098756790161,0.5121098756790161,1.0,0.0,0.1810373067855835,-0.5121098756790161,0.6242392063140869,0.6242392063140869,0.0,1.0,0.6931471824645996,3.467294454574585,0.0,0.0,0.6242392063140869,4.091533899307251,,0.0,0.0,0.2,0,cn,cn_plus,69,26,4,26,4,1,5.554432281662372,0.8474314849818886,3.25542950630188,-0.21186494827270508,0.9431172013282776,0.9431172013282776,0.0,0.0,3.04917049407959,2.424931287765503,7.255950450897217,3.164416551589966,AVAILABLE,3.467294454574585,598,1301
3.9577484130859375e-05,0.02485346794128418,0.0,0.004317283630371094,0.020496368408203125,0.2639470398426056,0.2842516303062439,1.0,1.0,0.429200142621994,0.4088955521583557,0.004356861114501953,0.004356861114501953,-0.020304590463638306,0.0,0.020304590463638306,-3.9577484130859375e-05,0.02485346794128418,0.0,-0.004317283630371094,0.020496368408203125,,0.0,0.0,0.2,0,degree,degree_u_plus,70,5,4,4,4,1,5.704430378617077,0.8508448975487355,3.2939276695251465,3.2939672470092773,-1.3045663833618164,-1.3294198513031006,0.0,0.0,4.196314334869385,4.200631618499756,6.19390869140625,6.173412322998047,AVAILABLE,0.02485346794128418,1388,2181
0.00440216064453125,0.0,0.0,0.001373291015625,0.00577545166015625,0.2842516303062439,0.2842516303062439,2.0,1.0,0.8143606781959534,0.4088955521583557,0.001373291015625,0.001373291015625,0.0,1.0,0.40546512603759766,0.00440216064453125,0.0,0.0,0.001373291015625,0.00577545166015625,,0.0,0.0,0.2,0,cn,cn_plus,70,4,4,4,4,1,3.205532213582317,0.762217966903126,3.2983694076538086,3.2939672470092773,-1.3294198513031006,-1.3294198513031006,0.0,0.0,4.202004909515381,4.200631618499756,6.179187774658203,6.173412322998047,AVAILABLE,0.00440216064453125,1388,2181
0.00038242340087890625,0.010298490524291992,0.0,0.012099742889404297,0.0021834373474121094,0.2842516303062439,0.1860230416059494,1.0,1.0,0.4088955521583557,0.507124125957489,0.012482166290283203,0.012482166290283203,0.0982285887002945,0.0,-0.0982285737991333,-0.00038242340087890625,0.010298490524291992,0.0,-0.012099742889404297,-0.0021834373474121094,,0.0,0.0,0.2,0,degree,degree_u_plus,71,4,4,3,4,1,0.8250556861874232,0.4520715134511761,3.292349100112915,3.292731523513794,-1.3294198513031006,-1.3397183418273926,0.0,0.0,4.113899230957031,4.1259989738464355,6.085061550140381,6.087244987487793,AVAILABLE,0.010298490524291992,1818,2305
0.003892183303833008,0.0,0.0,0.009103775024414062,0.012996196746826172,0.1860230416059494,0.1860230416059494,2.0,1.0,0.9125892519950867,0.507124125957489,0.009103775024414062,0.009103775024414062,0.0,1.0,0.40546512603759766,0.003892183303833008,0.0,0.0,0.009103775024414062,0.012996196746826172,,0.0,0.0,0.2,0,cn,cn_plus,71,3,4,3,4,1,0.42753462360931754,0.29949159658793933,3.296623706817627,3.292731523513794,-1.3397183418273926,-1.3397183418273926,0.0,0.0,4.13510274887085,4.1259989738464355,6.100241184234619,6.087244987487793,AVAILABLE,0.003892183303833008,1818,2305
0.008599281311035156,0.42277608811855316,0.0,0.04185152053833008,0.45602846145629883,0.45641225576400757,0.35121163725852966,1.0,1.0,0.23673492670059204,0.34193554520606995,0.050450801849365234,0.050450801849365234,0.1052006185054779,0.0,-0.1052006185054779,0.008599281311035156,-0.42277608811855316,0.0,-0.04185152053833008,-0.45602846145629883,,0.0,0.0,0.2,0,degree,degree_u_plus,72,4,14,3,14,1,8.379966002942973,0.8933898054975626,3.2691195011138916,3.2605202198028564,-0.15636621415615082,0.26640987396240234,0.0,0.0,4.069279670715332,4.111131191253662,7.190266132354736,7.646294593811035,AVAILABLE,0.42277608811855316,2228,2394
0.04340195655822754,0.0,0.0,0.01568317413330078,0.02771902084350586,0.35121163725852966,0.35121163725852966,2.0,1.0,0.7474006414413452,0.34193554520606995,0.01568317413330078,0.01568317413330078,0.0,1.0,0.40546509623527527,-0.04340195655822754,0.0,0.0,0.01568317413330078,-0.02771902084350586,,0.0,0.0,0.2,0,cn,cn_plus,72,3,14,3,14,1,2.7674199441470746,0.7345663571289516,3.217118263244629,3.2605202198028564,0.26640987396240234,0.26640987396240234,0.0,0.0,4.126814365386963,4.111131191253662,7.618575572967529,7.646294593811035,AVAILABLE,0.04340195655822754,2228,2394
1.996755599975586e-05,0.16803884506225586,0.0,0.6251096874475479,0.45705080032348633,0.002679459983482957,0.0025667769368737936,0.0,0.0,-0.002679459983482957,-0.0025667769368737936,0.6251296550035477,0.6251296550035477,0.00011268304660916328,0.0,-0.00011268304660916328,1.996755599975586e-05,0.16803884506225586,0.0,-0.6251096874475479,-0.45705080032348633,,0.0,0.0,0.2,0,degree,degree_u_plus,73,3,1,2,1,1,0.26880638445033994,0.21185768588860754,-0.6616031527519226,-0.6616231203079224,-1.2212196588516235,-1.3892585039138794,0.0,0.0,-0.24110199511051178,0.38400769233703613,-2.115691661834717,-1.6586408615112305,AVAILABLE,0.16803884506225586,2303,2541
3.8402334451675415,0.0,0.0,3.666076898574829,7.50631046295166,0.0025667769368737936,0.0025667769368737936,1.0,0.0,0.690580427646637,-0.0025667769368737936,3.666076898574829,3.666076898574829,0.0,1.0,0.6931472045835108,3.8402334451675415,0.0,0.0,3.666076898574829,7.50631046295166,,0.0,0.0,0.2,0,cn,cn_plus,73,2,1,2,1,1,1.0475048780851723,0.5116006751909667,3.178610324859619,-0.6616231203079224,-1.3892585039138794,-1.3892585039138794,0.0,0.0,4.050084590911865,0.38400769233703613,5.84766960144043,-1.6586408615112305,AVAILABLE,3.8402334451675415,2303,2541
0.0,0.1628611460328102,0.0,0.13763868808746338,0.3004997968673706,0.32077300548553467,0.32077300548553467,0.0,0.0,-0.32077300548553467,-0.32077300548553467,0.13763868808746338,0.13763868808746338,0.0,0.0,0.0,0.0,0.1628611460328102,0.0,0.13763868808746338,0.3004997968673706,,0.0,0.0,0.2,0,degree,degree_u_plus,74,13,3,12,3,1,1.1832511371861356,0.5419674892331253,-0.4556737542152405,-0.4556737542152405,0.10980395972728729,-0.05305718630552292,0.0,0.0,1.7857786417007446,1.6481399536132812,1.4481419324874878,1.1476421356201172,AVAILABLE,0.1628611460328102,661,1879
3.605523407459259,0.0,0.0,0.43857336044311523,4.044096946716309,0.32077300548553467,0.32077300548553467,1.0,0.0,0.37237417697906494,-0.32077300548553467,0.43857336044311523,0.43857336044311523,0.0,1.0,0.6931471824645996,3.605523407459259,0.0,0.0,0.43857336044311523,4.044096946716309,,0.0,0.0,0.2,0,cn,cn_plus,74,12,3,12,3,1,8.221026743635614,0.8915522069502506,3.1498496532440186,-0.4556737542152405,-0.05305718630552292,-0.05305718630552292,0.0,0.0,2.0867133140563965,1.6481399536132812,5.191739082336426,1.1476421356201172,AVAILABLE,3.605523407459259,661,1879
0.0,0.09451830387115479,0.0,0.16593027114868164,0.2604485750198364,0.09507910907268524,0.09507910907268524,0.0,0.0,-0.09507910907268524,-0.09507910907268524,0.16593027114868164,0.16593027114868164,0.0,0.0,0.0,0.0,0.09451830387115479,0.0,0.16593027114868164,0.2604485750198364,,0.0,0.0,0.2,0,degree,degree_u_plus,75,5,2,4,2,1,0.5696266119531357,0.3629058067793151,-0.6374170780181885,-0.6374170780181885,-1.2203618288040161,-1.314880132675171,0.0,0.0,3.207988977432251,3.0420587062835693,1.3584431409835815,1.0979945659637451,AVAILABLE,0.09451830387115479,1395,2072
3.9315686225891113,0.0,0.0,0.9185299873352051,4.8500988483428955,0.09507910907268524,0.09507910907268524,1.0,0.0,0.5980680584907532,-0.09507910907268524,0.9185299873352051,0.9185299873352051,0.0,1.0,0.6931471675634384,3.9315686225891113,0.0,0.0,0.9185299873352051,4.8500988483428955,,0.0,0.0,0.2,0,cn,cn_plus,75,4,2,4,2,1,4.280283315727509,0.8106162226141418,3.294151544570923,-0.6374170780181885,-1.314880132675171,-1.314880132675171,0.0,0.0,3.9605886936187744,3.0420587062835693,5.948093414306641,1.0979945659637451,AVAILABLE,3.9315686225891113,1395,2072
0.012696266174316406,0.22943615913391113,0.0,0.0103759765625,0.22711563110351562,0.2957470417022705,0.09993232041597366,2.0,2.0,0.8028652667999268,0.9986799955368042,0.023072242736816406,0.023072242736816406,0.19581472128629684,0.0,-0.19581472873687744,0.012696266174316406,-0.22943615913391113,0.0,-0.0103759765625,-0.22711563110351562,,0.0,0.0,0.2,0,degree,degree_u_plus,76,3,6,2,6,1,9.944246092961686,0.9086277856413421,3.2181835174560547,3.2054872512817383,-1.1990233659744263,-0.9695872068405151,0.0,0.0,4.218461513519287,4.228837490081787,6.24585485458374,6.472970485687256,AVAILABLE,0.22943615913391113,1091,2176
,,,,,,,,,,,,,,,,,,,,,NO_CANDIDATE,,,,,cn,cn,76,,,,,,,,,,,,,,,,,,MISSING,,1091,2176
1.996755599975586e-05,0.1473281979560852,0.0,0.21130084991455078,0.06395268440246582,0.0017051668837666512,0.0015924838371574879,0.0,0.0,-0.0017051668837666512,-0.0015924838371574879,0.21132081747055054,0.21132081747055054,0.00011268304660916328,0.0,-0.00011268304660916328,1.996755599975586e-05,0.1473281979560852,0.0,-0.21130084991455078,-0.06395268440246582,,0.0,0.0,0.2,0,degree,degree_u_plus,77,3,0,2,0,1,0.697177839589033,0.41078655596743635,-0.6617758870124817,-0.6617958545684814,1.0449187755584717,0.8975905776023865,0.0,0.0,-3.9416821002960205,-3.7303812503814697,-3.5503060817718506,-3.4863533973693848,AVAILABLE,0.1473281979560852,387,2191
,,,,,,,,,,,,,,,,,,,,,NO_CANDIDATE,,,,,cn,cn,77,,,,,,,,,,,,,,,,,,MISSING,,387,2191
0.0007662773132324219,0.3140608072280884,0.0,0.000522613525390625,0.31381702423095703,0.09682951122522354,0.09993232041597366,1.0,1.0,0.5963176488876343,0.5932148694992065,0.0012888908386230469,0.0012888908386230469,-0.003102809190750122,0.0,0.0031027793884277344,-0.0007662773132324219,0.3140608072280884,0.0,0.000522613525390625,0.31381702423095703,,0.0,0.0,0.2,0,degree,degree_u_plus,78,7,2,6,2,1,243.66560856892957,0.9959127888637513,3.266735553741455,3.2675018310546875,-0.6555263996124268,-0.9695872068405151,0.0,0.0,4.193820953369141,4.19329833984375,6.813262939453125,6.499445915222168,AVAILABLE,0.3140608072280884,1300,2508
0.0038809776306152344,0.0,0.0,0.0008702278137207031,0.0030107498168945312,0.09993232041597366,0.09993232041597366,2.0,1.0,0.9986799955368042,0.5932148694992065,0.0008702278137207031,0.0008702278137207031,0.0,1.0,0.40546512603759766,0.0038809776306152344,0.0,0.0,-0.0008702278137207031,0.0030107498168945312,,0.0,0.0,0.2,0,cn,cn_plus,78,6,2,6,2,1,4.459674780186933,0.8168389070299603,3.2713828086853027,3.2675018310546875,-0.9695872068405151,-0.9695872068405151,0.0,0.0,4.192428112030029,4.19329833984375,6.5024566650390625,6.499445915222168,AVAILABLE,0.0038809776306152344,1300,2508
0.00017273426055908203,2.266138434410095,0.0,0.7602203786373138,3.026185929775238,0.002679459983482957,0.0017051668837666512,0.0,0.0,-0.002679459983482957,-0.0017051668837666512,0.7603931128978729,0.7603931128978729,0.0009742930997163057,0.0,-0.0009742930997163057,0.00017273426055908203,-2.266138434410095,0.0,-0.7602203786373138,-3.026185929775238,,0.0,0.0,0.2,0,degree,degree_u_plus,79,1,3,0,3,1,2.980219528779794,0.7487575766187532,-0.6616031527519226,-0.6617758870124817,-1.2212196588516235,1.0449187755584717,0.0,0.0,-0.8053351044654846,-0.045114725828170776,-2.679924726486206,0.346261203289032,AVAILABLE,2.266138434410095,926,1862
,,,,,,,,,,,,,,,,,,,,,NO_CANDIDATE,,,,,cn,cn,79,,,,,,,,,,,,,,,,,,MISSING,,926,1862
0.012632489204406738,0.010608792304992676,0.0,3.5746887028217316,3.5514473915100098,0.06396091729402542,0.0025667769368737936,0.0,0.0,-0.06396091729402542,-0.0025667769368737936,3.5873211920261383,3.5873211920261383,0.06139414035715163,0.0,-0.06139414035715163,0.012632489204406738,0.010608792304992676,0.0,-3.5746887028217316,-3.5514473915100098,,0.0,0.0,0.2,0,degree,degree_u_plus,80,2,2,1,2,1,0.002957302038914378,0.002948582190789649,-0.6489906311035156,-0.6616231203079224,-1.3786497116088867,-1.3892585039138794,0.0,0.0,0.18160125613212585,3.7562899589538574,-1.837805986404419,1.7136414051055908,AVAILABLE,0.010608792304992676,1125,2332
3.9565407037734985,0.0,0.0,0.3831758499145508,4.339716672897339,0.0025667769368737936,0.0025667769368737936,1.0,0.0,0.690580427646637,-0.0025667769368737936,0.3831758499145508,0.3831758499145508,0.0,1.0,0.6931472045835108,3.9565407037734985,0.0,0.0,0.3831758499145508,4.339716672897339,,0.0,0.0,0.2,0,cn,cn_plus,80,1,2,1,2,1,10.325652311854451,0.9117048649857183,3.294917583465576,-0.6616231203079224,-1.3892585039138794,-1.3892585039138794,0.0,0.0,4.139465808868408,3.7562899589538574,6.05335807800293,1.7136414051055908,AVAILABLE,3.9565407037734985,1125,2332
0.00010371208190917969,0.11314702033996582,0.0,0.0018572807312011719,0.11118602752685547,0.40617433190345764,0.4092811644077301,2.0,2.0,0.692438006401062,0.6893311738967896,0.0019609928131103516,0.0019609928131103516,-0.003106832504272461,0.0,0.003106832504272461,-0.00010371208190917969,0.11314702033996582,0.0,-0.0018572807312011719,0.11118602752685547,,0.0,0.0,0.2,0,degree,degree_u_plus,81,8,4,7,4,1,57.69855075348059,0.9829638042649511,3.293388843536377,3.293492555618286,-1.05228853225708,-1.165435552597046,0.0,0.0,4.173565864562988,4.1754231452941895,6.42289924621582,6.311713218688965,AVAILABLE,0.11314702033996582,577,2351
0.0030663013458251953,0.0,0.0,0.006015777587890625,0.009081840515136719,0.4092811644077301,0.4092811644077301,3.0,2.0,0.9770132303237915,0.6893311738967896,0.006015777587890625,0.006015777587890625,0.0,1.0,0.28768205642700195,0.0030663013458251953,0.0,0.0,0.006015777587890625,0.009081840515136719,,0.0,0.0,0.2,0,cn,cn_plus,81,7,4,7,4,1,0.5097090449133299,0.3376207134948917,3.2965588569641113,3.293492555618286,-1.165435552597046,-1.165435552597046,0.0,0.0,4.18143892288208,4.1754231452941895,6.320795059204102,6.311713218688965,AVAILABLE,0.0030663013458251953,577,2351
0.01465463638305664,0.03293561935424805,0.0,0.011172771453857422,0.029453754425048828,0.42931193113327026,0.36644619703292847,1.0,1.0,0.26383525133132935,0.32670098543167114,0.025827407836914062,0.025827407836914062,0.0628657341003418,0.0,-0.0628657341003418,-0.01465463638305664,0.03293561935424805,0.0,0.011172771453857422,0.029453754425048828,,0.0,0.0,0.2,0,degree,degree_u_plus,82,6,5,5,5,1,1.2752192093773511,0.5604819105436151,3.0795986652374268,3.0942533016204834,-1.2654911279678345,-1.2984267473220825,0.0,0.0,4.122906684875488,4.111733913421631,5.945247173309326,5.915793418884277,AVAILABLE,0.03293561935424805,45,2667
0.06709074974060059,0.0,0.0,0.020531654357910156,0.08762264251708984,0.36644619703292847,0.36644619703292847,2.0,1.0,0.7321661114692688,0.32670098543167114,0.020531654357910156,0.020531654357910156,0.0,1.0,0.40546512603759766,0.06709074974060059,0.0,0.0,0.020531654357910156,0.08762264251708984,,0.0,0.0,0.2,0,cn,cn_plus,82,5,5,5,5,1,3.267672243762975,0.7656802249841332,3.161344051361084,3.0942533016204834,-1.2984267473220825,-1.2984267473220825,0.0,0.0,4.132265567779541,4.111733913421631,6.003416061401367,5.915793418884277,AVAILABLE,0.06709074974060059,45,2667
0.0003800392150878906,0.21867775917053223,0.0,0.004465579986572266,0.21459245681762695,0.31403642892837524,0.3195182979106903,3.0,3.0,1.0722579956054688,1.0667760372161865,0.004845619201660156,0.004845619201660156,-0.0054818689823150635,0.0,0.0054819583892822266,0.0003800392150878906,0.21867775917053223,0.0,-0.004465579986572266,0.21459245681762695,,0.0,0.0,0.2,0,degree,degree_u_plus,83,8,3,7,3,1,45.12886770114628,0.9783216009879395,3.3055577278137207,3.305177688598633,-0.8291604518890381,-1.0478382110595703,0.0,0.0,4.152412414550781,4.1568779945373535,6.637042999267578,6.422450542449951,AVAILABLE,0.21867775917053223,1273,2125
,,,,,,,,,,,,,,,,,,,,,NO_CANDIDATE,,,,,cn,cn,83,,,,,,,,,,,,,,,,,,MISSING,,1273,2125
0.016601264476776123,0.022144794464111328,0.0,0.010933995246887207,0.016477346420288086,-0.021672556176781654,0.06306873261928558,0.0,0.0,0.021672556176781654,-0.06306873261928558,0.02753525972366333,0.02753525972366333,-0.08474128879606724,0.0,0.08474128879606724,-0.016601264476776123,0.022144794464111328,0.0,0.010933995246887207,0.016477346420288086,,0.0,0.0,0.2,0,degree,degree_u_plus,84,28,1,27,1,1,0.8042337949237692,0.44574810492215006,-0.665808916091919,-0.6492076516151428,2.715972900390625,2.6938281059265137,0.0,0.0,0.8770626783370972,0.86612868309021,2.935459613800049,2.9189822673797607,AVAILABLE,0.022144794464111328,2045,2047
3.7331019043922424,0.0,0.0,3.078343152999878,6.811445474624634,0.06306873261928558,0.06306873261928558,1.0,0.0,0.6300784349441528,-0.06306873261928558,3.078343152999878,3.078343152999878,0.0,1.0,0.6931471675634384,3.7331019043922424,0.0,0.0,3.078343152999878,6.811445474624634,,0.0,0.0,0.2,0,cn,cn_plus,84,27,1,27,1,1,1.212698424679299,0.5480631301371598,3.0838942527770996,-0.6492076516151428,2.6938281059265137,2.6938281059265137,0.0,0.0,3.944471836090088,0.86612868309021,9.730427742004395,2.9189822673797607,AVAILABLE,3.7331019043922424,2045,2047
0.32809126377105713,0.5228091478347778,0.0,0.8382980823516846,0.6435801833868027,0.568725049495697,0.31951904296875,0.0,0.0,-0.568725049495697,-0.31951904296875,1.1663893461227417,1.1663893461227417,0.24920600652694702,0.0,-0.24920600652694702,0.32809126377105713,-0.5228091478347778,0.0,0.8382980823516846,0.6435801833868027,,0.0,0.0,0.2,0,degree,degree_u_plus,85,4,27,3,27,1,0.4482286683176501,0.3095013088218586,-0.12887254357337952,-0.45696380734443665,1.009849190711975,1.532658338546753,0.0,0.0,-1.0643497705459595,-1.902647852897644,-0.17514003813266754,-0.8187202215194702,AVAILABLE,0.5228091478347778,341,2045
3.3169234097003937,0.0,0.0,4.482426047325134,7.799349665641785,0.31951904296875,0.31951904296875,1.0,0.0,0.3736281394958496,-0.31951904296875,4.482426047325134,4.482426047325134,0.0,1.0,0.6931471824645996,3.3169234097003937,0.0,0.0,4.482426047325134,7.799349665641785,,0.0,0.0,0.2,0,cn,cn_plus,85,3,27,3,27,1,0.7399839656651808,0.42528206021846376,2.859959602355957,-0.45696380734443665,1.532658338546753,1.532658338546753,0.0,0.0,2.5797781944274902,-1.902647852897644,6.9806294441223145,-0.8187202215194702,AVAILABLE,3.3169234097003937,341,2045
0.12376260757446289,0.7459937930107117,0.0,0.0103912353515625,0.6326227188110352,0.37532222270965576,0.2571335434913635,0.0,0.0,-0.37532222270965576,-0.2571335434913635,0.1341538429260254,0.1341538429260254,0.11818867921829224,0.0,-0.11818867921829224,0.12376260757446289,-0.7459937930107117,0.0,-0.0103912353515625,-0.6326227188110352,,0.0,0.0,0.2,0,degree,degree_u_plus,86,3,17,2,17,1,5.560733268108705,0.8475780131375048,-0.39558446407318115,-0.519347071647644,0.6813011765480042,1.4272949695587158,0.0,0.0,4.1242241859436035,4.134615421295166,4.418173789978027,5.0507965087890625,AVAILABLE,0.7459937930107117,6,1042
3.8127249479293823,0.0,0.0,0.0013442039489746094,3.8140687942504883,0.2571335434913635,0.2571335434913635,1.0,0.0,0.4360136389732361,-0.2571335434913635,0.0013442039489746094,0.0013442039489746094,0.0,1.0,0.6931471824645996,3.8127249479293823,0.0,0.0,0.0013442039489746094,3.8140687942504883,,0.0,0.0,0.2,0,cn,cn_plus,86,2,17,2,17,1,2836.397398522607,0.9996475643487512,3.2933778762817383,-0.519347071647644,1.4272949695587158,1.4272949695587158,0.0,0.0,4.135959625244141,4.134615421295166,8.86486530303955,5.0507965087890625,AVAILABLE,3.8127249479293823,6,1042
0.0028676986694335938,0.044681668281555176,0.0,0.3161654472351074,0.26861572265625,0.3678477704524994,0.2957470417022705,1.0,1.0,0.3252994120121002,0.3974001407623291,0.319033145904541,0.319033145904541,0.07210072875022888,0.0,-0.07210072875022888,-0.0028676986694335938,-0.044681668281555176,0.0,0.3161654472351074,0.26861572265625,,0.0,0.0,0.2,0,degree,degree_u_plus,87,4,6,3,6,1,0.1400533689198264,0.12284808127230365,3.2628870010375977,3.2657546997070312,-1.2437050342559814,-1.1990233659744263,0.0,0.0,3.953744411468506,3.6375789642333984,5.981159210205078,5.712543487548828,AVAILABLE,0.044681668281555176,1920,1926
0.009685516357421875,0.0,0.0,0.34627652168273926,0.35596179962158203,0.2957470417022705,0.2957470417022705,2.0,1.0,0.8028652667999268,0.3974001407623291,0.34627652168273926,0.34627652168273926,0.0,1.0,0.40546512603759766,0.009685516357421875,0.0,0.0,0.34627652168273926,0.35596179962158203,,0.0,0.0,0.2,0,cn,cn_plus,87,3,6,3,6,1,0.027970467159165745,0.027209407325157076,3.275440216064453,3.2657546997070312,-1.1990233659744263,-1.1990233659744263,0.0,0.0,3.9838554859161377,3.6375789642333984,6.06850528717041,5.712543487548828,AVAILABLE,0.009685516357421875,1920,1926
0.049804091453552246,0.02483820915222168,0.0,1.1688761711120605,1.14391028881073,0.1860230416059494,0.09507910907268524,0.0,0.0,-0.1860230416059494,-0.09507910907268524,1.2186802625656128,1.2186802625656128,0.09094393253326416,0.0,-0.09094393253326416,0.049804091453552246,-0.02483820915222168,0.0,-1.1688761711120605,-1.14391028881073,,0.0,0.0,0.2,0,degree,degree_u_plus,88,3,4,2,4,1,0.02038123510437346,0.01997413751173961,-0.5876129865646362,-0.6374170780181885,-1.3397183418273926,-1.314880132675171,0.0,0.0,2.736086130142212,3.9049623012542725,0.8169878721237183,1.9608981609344482,AVAILABLE,0.02483820915222168,1568,1729
2.799605131149292,0.0,0.0,0.030693531036376953,2.830298662185669,0.09507910907268524,0.09507910907268524,1.0,0.0,0.5980680584907532,-0.09507910907268524,0.030693531036376953,0.030693531036376953,0.0,1.0,0.6931471675634384,2.799605131149292,0.0,0.0,0.030693531036376953,2.830298662185669,,0.0,0.0,0.2,0,cn,cn_plus,88,2,4,2,4,1,91.21153951677631,0.9891553703013704,2.1621880531311035,-0.6374170780181885,-1.314880132675171,-1.314880132675171,0.0,0.0,3.9356558322906494,3.9049623012542725,4.791196823120117,1.9608981609344482,AVAILABLE,2.799605131149292,1568,1729
0.025638341903686523,0.8515889048576355,0.0,0.025081634521484375,0.8510322570800781,0.09993232041597366,0.006401163060218096,0.0,0.0,-0.09993232041597366,-0.006401163060218096,0.0507199764251709,0.0507199764251709,0.09353115735575557,0.0,-0.09353115735575557,0.025638341903686523,-0.8515889048576355,0.0,-0.025081634521484375,-0.8510322570800781,,0.0,0.0,0.2,0,degree,degree_u_plus,89,2,6,1,6,1,16.79000656110223,0.9437886660375665,-0.6353040933609009,-0.6609424352645874,-0.9695872068405151,-0.11799830198287964,0.0,0.0,4.065639495849609,4.090721130371094,2.4689812660217285,3.3200135231018066,AVAILABLE,0.8515889048576355,360,1824
3.966729998588562,0.0,0.0,0.025990009307861328,3.992720127105713,0.006401163060218096,0.006401163060218096,1.0,0.0,0.6867460012435913,-0.006401163060218096,0.025990009307861328,0.025990009307861328,0.0,1.0,0.6931471643038094,3.966729998588562,0.0,0.0,0.025990009307861328,3.992720127105713,,0.0,0.0,0.2,0,cn,cn_plus,89,1,6,1,6,1,152.62512703823677,0.9934906481818492,3.3057875633239746,-0.6609424352645874,-0.11799830198287964,-0.11799830198287964,0.0,0.0,4.116711139678955,4.090721130371094,7.3127336502075195,3.3200135231018066,AVAILABLE,3.966729998588562,360,1824
0.024401307106018066,0.15118515491485596,0.0,0.053436994552612305,0.12214946746826172,0.3195182979106903,0.2957470417022705,0.0,0.0,-0.3195182979106903,-0.2957470417022705,0.07783830165863037,0.07783830165863037,0.0237712562084198,0.0,-0.0237712562084198,0.024401307106018066,0.15118515491485596,0.0,-0.053436994552612305,0.12214946746826172,,0.0,0.0,0.2,0,degree,degree_u_plus,90,7,3,6,3,1,1.9422974585818014,0.6601295368409135,-0.45696455240249634,-0.4813658595085144,-1.0478382110595703,-1.1990233659744263,0.0,0.0,3.914492607116699,3.9679296016693115,2.4179229736328125,2.295773506164551,AVAILABLE,0.15118515491485596,482,2308
3.1815049052238464,0.0,0.0,0.12030339241027832,3.3018083572387695,0.2957470417022705,0.2957470417022705,1.0,0.0,0.3974001407623291,-0.2957470417022705,0.12030339241027832,0.12030339241027832,0.0,1.0,0.6931471824645996,3.1815049052238464,0.0,0.0,0.12030339241027832,3.3018083572387695,,0.0,0.0,0.2,0,cn,cn_plus,90,6,3,6,3,1,26.445676859360624,0.9635643892069312,2.700139045715332,-0.4813658595085144,-1.1990233659744263,-1.1990233659744263,0.0,0.0,4.08823299407959,3.9679296016693115,5.59758186340332,2.295773506164551,AVAILABLE,3.1815049052238464,482,2308
0.03968966007232666,0.01827418804168701,0.0,0.17868399620056152,0.12072014808654785,0.15981024503707886,0.07427151501178741,0.0,0.0,-0.15981024503707886,-0.07427151501178741,0.21837365627288818,0.21837365627288818,0.08553873002529144,0.0,-0.08553873002529144,0.03968966007232666,0.01827418804168701,0.0,-0.17868399620056152,-0.12072014808654785,,0.0,0.0,0.2,0,degree,degree_u_plus,91,3,3,2,3,1,0.08368311231653215,0.07722101725627817,-0.6061508059501648,-0.6458404660224915,-1.371449589729309,-1.389723777770996,0.0,0.0,3.2997612953186035,3.478445291519165,1.3303940296173096,1.4511141777038574,AVAILABLE,0.01827418804168701,1522,1697
3.9483216404914856,0.0,0.0,0.5432322025299072,4.491553783416748,0.07427151501178741,0.07427151501178741,1.0,0.0,0.6188756823539734,-0.07427151501178741,0.5432322025299072,0.5432322025299072,0.0,1.0,0.6931471973657608,3.9483216404914856,0.0,0.0,0.5432322025299072,4.491553783416748,,0.0,0.0,0.2,0,cn,cn_plus,91,2,3,2,3,1,7.268202344083403,0.8790547257572157,3.302481174468994,-0.6458404660224915,-1.389723777770996,-1.389723777770996,0.0,0.0,4.021677494049072,3.478445291519165,5.9426679611206055,1.4511141777038574,AVAILABLE,3.9483216404914856,1522,1697
2.5212764739990234e-05,0.23700642585754395,0.0,0.026086807250976562,0.21089434623718262,0.002536581363528967,0.002679459983482957,0.0,0.0,-0.002536581363528967,-0.002679459983482957,0.026112020015716553,0.026112020015716553,-0.00014287861995398998,0.0,0.00014287861995398998,-2.5212764739990234e-05,0.23700642585754395,0.0,-0.026086807250976562,0.21089434623718262,,0.0,0.0,0.2,0,degree,degree_u_plus,92,4,1,3,1,1,9.076522419547324,0.9007594129835793,-0.6616283655166626,-0.6616031527519226,-0.9842132329940796,-1.2212196588516235,0.0,0.0,4.045522212982178,4.071609020233154,2.4079136848449707,2.197019338607788,AVAILABLE,0.23700642585754395,741,1088
3.7612707018852234,0.0,0.0,0.09709453582763672,3.858365297317505,0.002679459983482957,0.002679459983482957,1.0,0.0,0.6904677152633667,-0.002679459983482957,0.09709453582763672,0.09709453582763672,0.0,1.0,0.6931471752468497,3.7612707018852234,0.0,0.0,0.09709453582763672,3.858365297317505,,0.0,0.0,0.2,0,cn,cn_plus,92,3,1,3,1,1,38.73822849495863,0.9748353150637588,3.099667549133301,-0.6616031527519226,-1.2212196588516235,-1.2212196588516235,0.0,0.0,4.168703556060791,4.071609020233154,6.055384635925293,2.197019338607788,AVAILABLE,3.7612707018852234,741,1088
0.02351236343383789,0.39231181144714355,0.0,0.01001596450805664,0.3587837219238281,0.3195182979106903,0.09682951122522354,1.0,1.0,0.3736288845539093,0.5963176488876343,0.03352832794189453,0.03352832794189453,0.22268878668546677,0.0,-0.22268876433372498,0.02351236343383789,-0.39231181144714355,0.0,0.01001596450805664,-0.3587837219238281,,0.0,0.0,0.2,0,degree,degree_u_plus,93,3,7,2,7,1,11.700902446373272,0.9212654373008314,2.567430019378662,2.543917655944824,-1.0478382110595703,-0.6555263996124268,0.0,0.0,4.032484531402588,4.022468566894531,5.560309410095215,5.919093132019043,AVAILABLE,0.39231181144714355,1191,1558
0.22649359703063965,0.0,0.0,0.0721287727355957,0.29862213134765625,0.09682951122522354,0.09682951122522354,2.0,1.0,1.001782774925232,0.5963176488876343,0.0721287727355957,0.0721287727355957,0.0,1.0,0.40546512603759766,0.22649359703063965,0.0,0.0,0.0721287727355957,0.29862213134765625,,0.0,0.0,0.2,0,cn,cn_plus,93,2,7,2,7,1,3.140127816393394,0.7584615634231472,2.770411252975464,2.543917655944824,-0.6555263996124268,-0.6555263996124268,0.0,0.0,4.094597339630127,4.022468566894531,6.217715263366699,5.919093132019043,AVAILABLE,0.22649359703063965,1191,1558
0.0013914108276367188,0.005169391632080078,0.0,0.02940821647644043,0.02284717559814453,0.12368596345186234,0.2202700674533844,1.0,1.0,0.5694612264633179,0.4728771150112152,0.03079962730407715,0.03079962730407715,-0.09658410400152206,0.0,0.09658411145210266,0.0013914108276367188,0.005169391632080078,0.0,-0.02940821647644043,-0.02284717559814453,,0.0,0.0,0.2,0,degree,degree_u_plus,94,65,2,64,2,1,0.16783936710176037,0.14371785352491512,3.0480613708496094,3.0466699600219727,2.8116583824157715,2.8064889907836914,0.0,0.0,3.6238300800323486,3.653238296508789,9.491783142089844,9.514630317687988,AVAILABLE,0.005169391632080078,306,2078
0.006990909576416016,0.0,0.0,0.1456925868988037,0.1387014389038086,0.2202700674533844,0.2202700674533844,2.0,1.0,0.8783422708511353,0.4728771150112152,0.1456925868988037,0.1456925868988037,0.0,1.0,0.40546515583992004,0.006990909576416016,0.0,0.0,-0.1456925868988037,-0.1387014389038086,,0.0,0.0,0.2,0,cn,cn_plus,94,64,2,64,2,1,0.04798397259177016,0.04578693362370891,3.0536608695983887,3.0466699600219727,2.8064889907836914,2.8064889907836914,0.0,0.0,3.5075457096099854,3.653238296508789,9.37592887878418,9.514630317687988,AVAILABLE,0.006990909576416016,306,2078
0.03968966007232666,0.01827418804168701,0.0,0.9462134838104248,0.888249397277832,0.15981024503707886,0.07427151501178741,0.0,0.0,-0.15981024503707886,-0.07427151501178741,0.9859031438827515,0.9859031438827515,0.08553873002529144,0.0,-0.08553873002529144,0.03968966007232666,0.01827418804168701,0.0,-0.9462134838104248,-0.888249397277832,,0.0,0.0,0.2,0,degree,degree_u_plus,95,3,3,2,3,1,0.01853547984882526,0.018198168071254982,-0.6061508059501648,-0.6458404660224915,-1.371449589729309,-1.389723777770996,0.0,0.0,-3.374119758605957,-2.4279062747955322,-5.343486785888672,-4.45523738861084,AVAILABLE,0.01827418804168701,86,2295
3.4874799847602844,0.0,0.0,0.32259511947631836,3.810075044631958,0.07427151501178741,0.07427151501178741,1.0,0.0,0.6188756823539734,-0.07427151501178741,0.32259511947631836,0.32259511947631836,0.0,1.0,0.6931471973657608,3.4874799847602844,0.0,0.0,0.32259511947631836,3.810075044631958,,0.0,0.0,0.2,0,cn,cn_plus,95,2,3,2,3,1,10.810702537331084,0.9153310315928104,2.841639518737793,-0.6458404660224915,-1.389723777770996,-1.389723777770996,0.0,0.0,-2.105311155319214,-2.4279062747955322,-0.6451623439788818,-4.45523738861084,AVAILABLE,3.4874799847602844,86,2295
0.004143476486206055,0.26627344638109207,0.0,0.0005931854248046875,0.2615365982055664,0.13784030079841614,0.12967205047607422,1.0,1.0,0.5553069114685059,0.5634751319885254,0.004736661911010742,0.004736661911010742,0.008168250322341919,0.0,-0.008168220520019531,-0.004143476486206055,0.26627344638109207,0.0,-0.0005931854248046875,0.2615365982055664,,0.0,0.0,0.2,0,degree,degree_u_plus,96,10,2,9,2,1,56.21530293498265,0.982522158431349,2.3010284900665283,2.3051719665527344,0.24084243178367615,-0.025431014597415924,0.0,0.0,4.10398006439209,4.1045732498168945,6.654084205627441,6.392547607421875,AVAILABLE,0.26627344638109207,364,1632
0.020646095275878906,0.0,0.0,0.010852813720703125,0.009793281555175781,0.12967205047607422,0.12967205047607422,2.0,1.0,0.968940258026123,0.5634751319885254,0.010852813720703125,0.010852813720703125,0.0,1.0,0.40546512603759766,-0.020646095275878906,0.0,0.0,0.010852813720703125,-0.009793281555175781,,0.0,0.0,0.2,0,cn,cn_plus,96,9,2,9,2,1,1.9023708305971916,0.6554540896504806,2.2845258712768555,2.3051719665527344,-0.025431014597415924,-0.025431014597415924,0.0,0.0,4.115426063537598,4.1045732498168945,6.382754325866699,6.392547607421875,AVAILABLE,0.020646095275878906,364,1632
0.00012159347534179688,0.006971836090087891,0.0,0.0020203590393066406,0.009113788604736328,1.7205932140350342,1.7205932140350342,2.0,2.0,-0.6219809055328369,-0.6219809055328369,0.0021419525146484375,0.0021419525146484375,0.0,0.0,0.0,0.00012159347534179688,0.006971836090087891,0.0,0.0020203590393066406,0.009113788604736328,,0.0,0.0,0.2,0,degree,degree_u_plus,97,140,12,139,12,1,3.254882399859451,0.7649758780564576,2.1565654277801514,2.1564438343048096,1.411362648010254,1.404390811920166,0.0,0.0,3.9545738697052,3.9525535106658936,7.530735015869141,7.521621227264404,AVAILABLE,0.006971836090087891,1358,1742
0.012213468551635742,0.0,0.0,0.011134624481201172,0.023348331451416016,1.7205932140350342,1.7205932140350342,3.0,2.0,-0.33429884910583496,-0.6219809055328369,0.011134624481201172,0.011134624481201172,0.0,1.0,0.28768205642700195,0.012213468551635742,0.0,0.0,0.011134624481201172,0.023348331451416016,,0.0,0.0,0.2,0,cn,cn_plus,97,139,12,139,12,1,1.0968899403259251,0.5231032488788766,2.1686573028564453,2.1564438343048096,1.404390811920166,1.404390811920166,0.0,0.0,3.9636881351470947,3.9525535106658936,7.54496955871582,7.521621227264404,AVAILABLE,0.012213468551635742,1358,1742
0.02182328701019287,0.0399625301361084,0.0,0.04739467799663544,0.06553375720977783,0.015324816107749939,0.09482063353061676,0.0,0.0,-0.015324816107749939,-0.09482063353061676,0.06921796500682831,0.06921796500682831,-0.07949581742286682,0.0,0.07949581742286682,-0.02182328701019287,0.0399625301361084,0.0,0.04739467799663544,0.06553375720977783,,0.0,0.0,0.2,0,degree,degree_u_plus,98,29,2,28,2,1,0.5773432425922042,0.3660225796152009,-0.659352719783783,-0.6375294327735901,2.2515010833740234,2.211538553237915,0.0,0.0,-0.06751878559589386,-0.1149134635925293,1.5328625440597534,1.4673287868499756,AVAILABLE,0.0399625301361084,109,176
3.8689542412757874,0.0,0.0,0.48433947563171387,4.3532936573028564,0.09482063353061676,0.09482063353061676,1.0,0.0,0.598326563835144,-0.09482063353061676,0.48433947563171387,0.48433947563171387,0.0,1.0,0.6931471973657608,3.8689542412757874,0.0,0.0,0.48433947563171387,4.3532936573028564,,0.0,0.0,0.2,0,cn,cn_plus,98,28,2,28,2,1,7.988104121285076,0.8887418318139126,3.2314248085021973,-0.6375294327735901,2.211538553237915,2.211538553237915,0.0,0.0,0.36942601203918457,-0.1149134635925293,5.820622444152832,1.4673287868499756,AVAILABLE,3.8689542412757874,109,176
0.0002453327178955078,0.36311352252960205,0.0,0.04295635223388672,0.40631532669067383,0.003920084796845913,0.002536581363528967,0.0,0.0,-0.003920084796845913,-0.002536581363528967,0.04320168495178223,0.04320168495178223,0.001383503433316946,0.0,-0.001383503433316946,0.0002453327178955078,0.36311352252960205,0.0,0.04295635223388672,0.40631532669067383,,0.0,0.0,0.2,0,degree,degree_u_plus,99,5,1,4,1,1,8.405075841002907,0.8936744352830902,-0.6613830327987671,-0.6616283655166626,-0.6210997104644775,-0.9842132329940796,0.0,0.0,4.195546627044678,4.152590274810791,2.921297073364258,2.514981746673584,AVAILABLE,0.36311352252960205,52,2053
3.9520360231399536,0.0,0.0,0.044025421142578125,3.996061325073242,0.002536581363528967,0.002536581363528967,1.0,0.0,0.6906105875968933,-0.002536581363528967,0.044025421142578125,0.044025421142578125,0.0,1.0,0.6931471689604223,3.9520360231399536,0.0,0.0,0.044025421142578125,3.996061325073242,,0.0,0.0,0.2,0,cn,cn_plus,99,4,1,4,1,1,89.76711688162976,0.9889827942722461,3.290407657623291,-0.6616283655166626,-0.9842132329940796,-0.9842132329940796,0.0,0.0,4.196615695953369,4.152590274810791,6.511043071746826,2.514981746673584,AVAILABLE,3.9520360231399536,52,2053
