abs_delta_score_cn,abs_delta_score_degree,abs_delta_score_interaction,abs_delta_score_residual,abs_delta_score_total,cn_expected_after,cn_expected_before,cn_raw_after,cn_raw_before,cn_residual_feature_after,cn_residual_feature_before,cross_response,cross_sensitivity,delta_cn_expected,delta_cn_raw,delta_cn_residual_feature,delta_score_cn,delta_score_degree,delta_score_interaction,delta_score_residual,delta_score_total,failure_code,interaction_share_after,interaction_share_before,interaction_share_cap,interaction_share_cap_violation_before,intervention_kind,intervention_type,pair_id,post_degree_u,post_degree_v,pre_degree_u,pre_degree_v,requested_delta,routing_ratio,routing_selectivity,score_cn_after,score_cn_before,score_degree_after,score_degree_before,score_interaction_after,score_interaction_before,score_residual_after,score_residual_before,score_total_after,score_total_before,status,target_response,u,v
2.288818359375e-05,0.05240809917449951,0.0016724318265914917,0.00036907196044921875,0.05373382568359375,0.2731207013130188,0.2834964394569397,1.0,1.0,0.4200264811515808,0.4096507430076599,0.0020643919706344604,0.0020643919706344604,-0.010375738143920898,0.0,0.010375738143920898,2.288818359375e-05,0.05240809917449951,0.0016724318265914917,-0.00036907196044921875,0.05373382568359375,,0.010362408123910427,0.01024562120437622,0.2,0,degree,degree_u_plus,0,26,3,25,3,1,25.386576800443926,0.9621019426823423,3.4735805988311768,3.473557710647583,1.7539451122283936,1.701537013053894,0.09954524040222168,0.09787280857563019,4.279310703277588,4.279679775238037,9.614505767822266,9.560771942138672,AVAILABLE,0.05240809917449951,733,1062
0.00706791877746582,0.0,0.004391290247440338,0.03791236877441406,0.026452064514160156,0.2834964394569397,0.2834964394569397,2.0,1.0,0.8151158690452576,0.4096507430076599,0.0423036590218544,0.0423036590218544,0.0,1.0,0.40546512603759766,-0.00706791877746582,0.0,-0.004391290247440338,0.03791236877441406,0.026452064514160156,,0.009758904576301575,0.01024562120437622,0.2,0,cn,cn_plus,0,25,3,25,3,1,0.16707578658991679,0.1431576153919671,3.466489791870117,3.473557710647583,1.701537013053894,1.701537013053894,0.09348151832818985,0.09787280857563019,4.317592144012451,4.279679775238037,9.587224006652832,9.560771942138672,AVAILABLE,0.00706791877746582,733,1062
0.0,0.09627652168273926,0.007440522313117981,0.010717391967773438,0.09299993515014648,0.2214059978723526,0.2571335434913635,0.0,0.0,-0.2214059978723526,-0.2571335434913635,0.01815791428089142,0.01815791428089142,-0.035727545619010925,0.0,0.035727545619010925,0.0,0.09627652168273926,0.007440522313117981,-0.010717391967773438,0.09299993515014648,,0.029063120484352112,0.028340749442577362,0.2,0,degree,degree_u_plus,1,18,2,17,2,1,5.3021766251143765,0.8413246629720013,-0.7193391919136047,-0.7193391919136047,1.6473205089569092,1.55104398727417,0.19331282377243042,0.18587230145931244,4.091509819030762,4.102227210998535,5.22092866897583,5.127928733825684,AVAILABLE,0.09627652168273926,1416,1468
4.042263090610504,0.0,0.10784041881561279,0.022266387939453125,3.95668888092041,0.2571335434913635,0.2571335434913635,1.0,0.0,0.4360136389732361,-0.2571335434913635,0.13010680675506592,0.13010680675506592,0.0,1.0,0.6931471824645996,4.042263090610504,0.0,-0.10784041881561279,0.022266387939453125,3.95668888092041,,0.008597140200436115,0.028340749442577362,0.2,0,cn,cn_plus,1,17,2,17,2,1,31.06880324510831,0.9688170465122506,3.3229238986968994,-0.7193391919136047,1.55104398727417,1.55104398727417,0.07803188264369965,0.18587230145931244,4.124493598937988,4.102227210998535,9.084617614746094,5.127928733825684,AVAILABLE,4.042263090610504,1416,1468
0.0006883144378662109,0.12019824981689453,0.004776905756443739,0.0009264945983886719,0.12336015701293945,0.7646799087524414,0.7193156480789185,1.0,1.0,-0.0715327262878418,-0.026168465614318848,0.006391714792698622,0.006391714792698622,0.04536426067352295,0.0,-0.04536426067352295,-0.0006883144378662109,0.12019824981689453,0.004776905756443739,-0.0009264945983886719,0.12336015701293945,,0.0013352548703551292,0.0006405074382200837,0.2,0,degree,degree_u_plus,2,14,6,13,6,1,18.805291797637953,0.9495084439947882,2.5407958030700684,2.5414841175079346,-0.1492791473865509,-0.26947739720344543,0.009324943646788597,0.004548037890344858,4.284243106842041,4.28516960144043,6.693209648132324,6.569849491119385,AVAILABLE,0.12019824981689453,350,1778
0.4436652660369873,0.0,0.005453258287161589,0.008770465850830078,0.4578886032104492,0.7193156480789185,0.7193156480789185,2.0,1.0,0.3792966604232788,-0.026168465614318848,0.014223724137991667,0.014223724137991667,0.0,1.0,0.40546512603759766,0.4436652660369873,0.0,0.005453258287161589,0.008770465850830078,0.4578886032104492,,0.0013231734046712518,0.0006405074382200837,0.2,0,cn,cn_plus,2,13,6,13,6,1,31.191898114290193,0.9689362833949796,2.985149383544922,2.5414841175079346,-0.26947739720344543,-0.26947739720344543,0.010001296177506447,0.004548037890344858,4.29394006729126,4.28516960144043,7.027738094329834,6.569849491119385,AVAILABLE,0.4436652660369873,350,1778
0.0,0.03533661365509033,0.002198483794927597,0.0022878646850585938,0.039823055267333984,0.3107035160064697,0.6196499466896057,0.0,0.0,-0.3107035160064697,-0.6196499466896057,0.004486348479986191,0.004486348479986191,-0.308946430683136,0.0,0.308946430683136,0.0,-0.03533661365509033,-0.002198483794927597,-0.0022878646850585938,-0.039823055267333984,,0.007606802508234978,0.008045821450650692,0.2,0,degree,degree_u_plus,3,11,12,10,12,1,7.876457891790916,0.8873424498611303,-0.7193391919136047,-0.7193391919136047,-0.7247053384780884,-0.689368724822998,0.04239362105727196,0.044592104852199554,4.086681365966797,4.0889692306518555,2.693155288696289,2.732978343963623,AVAILABLE,0.03533661365509033,657,1740
4.071233808994293,0.0,0.027039794251322746,0.01248025894165039,4.056674003601074,0.6196499466896057,0.6196499466896057,1.0,0.0,0.0734972357749939,-0.6196499466896057,0.03952005319297314,0.03952005319297314,0.0,1.0,0.6931471824645996,4.071233808994293,0.0,-0.027039794251322746,0.01248025894165039,4.056674003601074,,0.002150948392227292,0.008045821450650692,0.2,0,cn,cn_plus,3,10,12,10,12,1,103.01688509744535,0.9903861762533729,3.3518946170806885,-0.7193391919136047,-0.689368724822998,-0.689368724822998,0.017552310600876808,0.044592104852199554,4.101449489593506,4.0889692306518555,6.789652347564697,2.732978343963623,AVAILABLE,4.071233808994293,657,1740
0.0,0.3160477876663208,0.02061111107468605,0.006430149078369141,0.3302288055419922,0.12967205047607422,0.09682951122522354,0.0,0.0,-0.12967205047607422,-0.09682951122522354,0.02704126015305519,0.02704126015305519,0.03284253925085068,0.0,-0.03284253925085068,0.0,0.3160477876663208,0.02061111107468605,-0.006430149078369141,0.3302288055419922,,0.010307421907782555,0.00594000518321991,0.2,0,degree,degree_u_plus,4,8,2,7,2,1,11.68760882449203,0.9211829420473927,-0.7193391919136047,-0.7193391919136047,-0.12844547629356384,-0.44449326395988464,0.05287555232644081,0.03226444125175476,4.22919225692749,4.235622406005859,3.4424080848693848,3.1121792793273926,AVAILABLE,0.3160477876663208,1602,2073
4.2552953362464905,0.0,0.012786207720637321,0.0027904510498046875,4.245299816131592,0.09682951122522354,0.09682951122522354,1.0,0.0,0.5963176488876343,-0.09682951122522354,0.015576658770442009,0.015576658770442009,0.0,1.0,0.6931471601128578,4.2552953362464905,0.0,-0.012786207720637321,0.0027904510498046875,4.245299816131592,,0.002364339539781213,0.00594000518321991,0.2,0,cn,cn_plus,4,7,2,7,2,1,273.1839136440558,0.9963528130198834,3.5359561443328857,-0.7193391919136047,-0.44449326395988464,-0.44449326395988464,0.01947823353111744,0.03226444125175476,4.238412857055664,4.235622406005859,7.357479095458984,3.1121792793273926,AVAILABLE,4.2552953362464905,1602,2073
0.00026726722717285156,0.105165496468544,0.0035183876752853394,0.0008268356323242188,0.108123779296875,0.7218243479728699,0.7613044381141663,5.0,5.0,1.0699350833892822,1.0304551124572754,0.00461249053478241,0.00461249053478241,-0.03948009014129639,0.0,0.039479970932006836,0.00026726722717285156,0.105165496468544,0.0035183876752853394,-0.0008268356323242188,0.108123779296875,,0.006438420154154301,0.006086084060370922,0.2,0,degree,degree_u_plus,5,17,6,16,6,1,22.800104991967245,0.9579833786305771,3.5128581523895264,3.5125908851623535,0.18887123465538025,0.08370573818683624,0.052268415689468384,0.048750028014183044,4.364207744598389,4.365034580230713,8.12632942199707,8.018205642700195,AVAILABLE,0.105165496468544,507,1300
0.005465269088745117,0.0,0.0001713670790195465,0.0003113746643066406,0.005948066711425781,0.7613044381141663,0.7613044381141663,6.0,5.0,1.184605598449707,1.0304551124572754,0.00048274174332618713,0.00048274174332618713,0.0,1.0,0.15415048599243164,-0.005465269088745117,0.0,-0.0001713670790195465,-0.0003113746643066406,-0.005948066711425781,,0.006069196853786707,0.006086084060370922,0.2,0,cn,cn_plus,5,16,6,16,6,1,11.321075820646655,0.9188382561266053,3.5071256160736084,3.5125908851623535,0.08370573818683624,0.08370573818683624,0.0485786609351635,0.048750028014183044,4.364723205566406,4.365034580230713,8.01225757598877,8.018205642700195,AVAILABLE,0.005465269088745117,507,1300
0.0,0.1701464056968689,0.011609815061092377,0.04873919486999512,0.13301695883274078,0.4214250147342682,0.40617433190345764,0.0,0.0,-0.4214250147342682,-0.40617433190345764,0.060349009931087494,0.060349009931087494,0.015250682830810547,0.0,-0.015250682830810547,0.0,0.1701464056968689,0.011609815061092377,-0.04873919486999512,0.13301695883274078,,0.01912514679133892,0.01312699168920517,0.2,0,degree,degree_u_plus,6,9,4,8,4,1,2.8193731379757114,0.7381769301205262,-0.7193391919136047,-0.7193391919136047,-0.5336426496505737,-0.7037890553474426,0.04569356516003609,0.03408375009894371,1.0905120372772217,1.1392512321472168,-0.1086515337228775,-0.2416684925556183,AVAILABLE,0.1701464056968689,1682,2189
4.033443987369537,0.0,0.02481519617140293,2.8075222969055176,6.816151410341263,0.40617433190345764,0.40617433190345764,1.0,0.0,0.28697285056114197,-0.40617433190345764,2.8323374930769205,2.8323374930769205,0.0,1.0,0.6931471824645996,4.033443987369537,0.0,-0.02481519617140293,2.8075222969055176,6.816151410341263,,0.0011623562313616276,0.01312699168920517,0.2,0,cn,cn_plus,6,8,4,8,4,1,1.42406898294705,0.587470485768002,3.3141047954559326,-0.7193391919136047,-0.7037890553474426,-0.7037890553474426,0.009268553927540779,0.03408375009894371,3.9467735290527344,1.1392512321472168,6.5744829177856445,-0.2416684925556183,AVAILABLE,4.033443987369537,1682,2189
0.0017910003662109375,0.012903690338134766,0.0004933774471282959,0.0008540153503417969,0.014334678649902344,0.5287222266197205,0.719527006149292,5.0,5.0,1.2630372047424316,1.0722324848175049,0.0031383931636810303,0.0031383931636810303,-0.19080477952957153,0.0,0.19080471992492676,0.0017910003662109375,0.012903690338134766,0.0004933774471282959,-0.0008540153503417969,0.014334678649902344,,0.009982572868466377,0.009944211691617966,0.2,0,degree,degree_u_plus,7,65,5,64,5,1,4.111546434652468,0.8043644887541768,2.6579391956329346,2.6561481952667236,2.1397242546081543,2.1268205642700195,0.09129603952169418,0.09080266207456589,4.256582260131836,4.257436275482178,9.153666496276855,9.139331817626953,AVAILABLE,0.012903690338134766,306,1798
,,,,,,,,,,,,,,,,,,,,,NO_CANDIDATE,,,,,cn,cn,7,,,,,,,,,,,,,,,,,,MISSING,,306,1798
0.0,0.17490100860595703,0.01383979618549347,0.11223527789115906,0.30097608268260956,0.13503438234329224,0.17653506994247437,0.0,0.0,-0.13503438234329224,-0.17653506994247437,0.12607507407665253,0.12607507407665253,-0.04150068759918213,0.0,0.04150068759918213,0.0,0.17490100860595703,0.01383979618549347,0.11223527789115906,0.30097608268260956,,0.06771998107433319,0.06354127824306488,0.2,0,degree,degree_u_plus,8,13,2,12,2,1,1.3872765573538606,0.5811126294020855,-0.7193391919136047,-0.7193391919136047,1.0389330387115479,0.8640320301055908,0.1455058604478836,0.13166606426239014,-0.24486175179481506,-0.3570970296859741,0.22836272418498993,-0.07261335849761963,AVAILABLE,0.17490100860595703,661,1878
4.276779472827911,0.0,0.06869762390851974,4.100718379020691,8.308800339698792,0.17653506994247437,0.17653506994247437,1.0,0.0,0.5166121125221252,-0.17653506994247437,4.169416002929211,4.169416002929211,0.0,1.0,0.6931471824645996,4.276779472827911,0.0,-0.06869762390851974,4.100718379020691,8.308800339698792,,0.007652887608855963,0.06354127824306488,0.2,0,cn,cn_plus,8,12,2,12,2,1,1.025750239257913,0.5063557290427239,3.5574402809143066,-0.7193391919136047,0.8640320301055908,0.8640320301055908,0.06296844035387039,0.13166606426239014,3.743621349334717,-0.3570970296859741,8.236186981201172,-0.07261335849761963,AVAILABLE,4.276779472827911,661,1878
0.0,0.33314719796180725,0.01903229672461748,0.012806892395019531,0.3649864196777344,0.09682951122522354,0.09993232041597366,0.0,0.0,-0.09682951122522354,-0.09993232041597366,0.03183918911963701,0.03183918911963701,-0.003102809190750122,0.0,0.003102809190750122,0.0,0.33314719796180725,0.01903229672461748,0.012806892395019531,0.3649864196777344,,0.006038788706064224,0.0023443896789103746,0.2,0,degree,degree_u_plus,9,7,2,6,2,1,10.463428954666663,0.9127660664226555,-0.7193391919136047,-0.7193391919136047,-0.44449326395988464,-0.7776404619216919,0.03226444125175476,0.01323214452713728,4.1467695236206055,4.133962631225586,3.0233263969421387,2.6583399772644043,AVAILABLE,0.33314719796180725,2446,2448
3.659192383289337,0.0,0.031134177930653095,0.012364387512207031,3.640422821044922,0.09993232041597366,0.09993232041597366,1.0,0.0,0.5932148694992065,-0.09993232041597366,0.043498565442860126,0.043498565442860126,0.0,1.0,0.6931471899151802,3.659192383289337,0.0,-0.031134177930653095,0.012364387512207031,3.640422821044922,,0.002271335106343031,0.0023443896789103746,0.2,0,cn,cn_plus,9,6,2,6,2,1,84.1221200012875,0.9882521722909994,2.9398531913757324,-0.7193391919136047,-0.7776404619216919,-0.7776404619216919,-0.017902033403515816,0.01323214452713728,4.146327018737793,4.133962631225586,6.298762798309326,2.6583399772644043,AVAILABLE,3.659192383289337,2446,2448
0.0,0.28051456809043884,0.012408558279275894,0.11764788627624512,0.41057103872299194,0.4214250147342682,0.3618077337741852,0.0,0.0,-0.4214250147342682,-0.3618077337741852,0.130056444555521,0.130056444555521,0.05961728096008301,0.0,-0.05961728096008301,0.0,-0.28051456809043884,-0.012408558279275894,-0.11764788627624512,-0.41057103872299194,,0.01524953730404377,0.02041584998369217,0.2,0,degree,degree_u_plus,10,4,9,3,9,1,2.156867716017027,0.6832303124624793,-0.7193391919136047,-0.7193391919136047,-0.5336426496505737,-0.2531280815601349,0.04569356516003609,0.05810212343931198,1.6977148056030273,1.8153626918792725,0.49855124950408936,0.9091222882270813,AVAILABLE,0.28051456809043884,1704,1912
4.056685984134674,0.0,0.031366562470793724,1.0258026123046875,5.05112236738205,0.3618077337741852,0.3618077337741852,1.0,0.0,0.33133944869041443,-0.3618077337741852,1.0571691747754812,1.0571691747754812,0.0,1.0,0.6931471824645996,4.056685984134674,0.0,-0.031366562470793724,1.0258026123046875,5.05112236738205,,0.004139672499150038,0.02041584998369217,0.2,0,cn,cn_plus,10,3,9,3,9,1,3.837310094312125,0.7932735382881833,3.3373467922210693,-0.7193391919136047,-0.2531280815601349,-0.2531280815601349,0.026735560968518257,0.05810212343931198,2.84116530418396,1.8153626918792725,5.960244655609131,0.9091222882270813,AVAILABLE,4.056685984134674,1704,1912
0.0030248165130615234,0.009728431701660156,0.0013860948092769831,0.05826711654663086,0.06963396072387695,0.36644619703292847,0.2639470398426056,2.0,2.0,0.7321661114692688,0.8346652984619141,0.06267802786896937,0.06267802786896937,0.10249915719032288,0.0,-0.10249918699264526,-0.0030248165130615234,-0.009728431701660156,0.0013860948092769831,-0.05826711654663086,-0.06963396072387695,,5.533502553589642e-05,0.00010270671918988228,0.2,0,degree,degree_u_plus,11,5,5,4,5,1,0.15521276722155508,0.13435859750309292,3.544037342071533,3.5470621585845947,-1.142774224281311,-1.1330457925796509,0.0004834429419133812,-0.0009026518673636019,4.049358367919922,4.107625484466553,6.459229946136475,6.528863906860352,AVAILABLE,0.009728431701660156,4,1761
0.36602020263671875,0.0,0.01516223413636908,0.09187555313110352,0.2893071174621582,0.2639470398426056,0.2639470398426056,3.0,2.0,1.122347354888916,0.8346652984619141,0.1070377872674726,0.1070377872674726,0.0,1.0,0.28768205642700195,-0.36602020263671875,0.0,-0.01516223413636908,0.09187555313110352,-0.2893071174621582,,0.0018834159709513187,0.00010270671918988228,0.2,0,cn,cn_plus,11,4,5,4,5,1,3.4195416196961257,0.7737321907902392,3.181041955947876,3.5470621585845947,-1.1330457925796509,-1.1330457925796509,-0.01606488600373268,-0.0009026518673636019,4.199501037597656,4.107625484466553,6.239556789398193,6.528863906860352,AVAILABLE,0.36602020263671875,4,1761
0.003897428512573242,0.1945277750492096,0.006892786826938391,0.018238544464111328,0.17928457260131836,0.4317227602005005,0.4214250147342682,2.0,2.0,0.6668895483016968,0.6771873235702515,0.02902875980362296,0.02902875980362296,0.0102977454662323,0.0,-0.010297775268554688,-0.003897428512573242,0.1945277750492096,0.006892786826938391,-0.018238544464111328,0.17928457260131836,,0.0010834946297109127,0.002011534757912159,0.2,0,degree,degree_u_plus,12,10,4,9,4,1,6.701206298619357,0.8701502126778143,2.444305896759033,2.4482033252716064,-0.33911487460136414,-0.5336426496505737,-0.007522368337959051,-0.014415155164897442,4.151747703552246,4.169986248016357,6.257541179656982,6.078256607055664,AVAILABLE,0.1945277750492096,236,2046
0.5110416412353516,0.0,0.009568352717906237,0.08016347885131836,0.600773811340332,0.4214250147342682,0.4214250147342682,3.0,2.0,0.9648693799972534,0.6771873235702515,0.0897318315692246,0.0897318315692246,0.0,1.0,0.28768205642700195,0.5110416412353516,0.0,0.009568352717906237,0.08016347885131836,0.600773811340332,,0.0006255646585486829,0.002011534757912159,0.2,0,cn,cn_plus,12,9,4,9,4,1,5.695209552130979,0.8506394770449394,2.959244966506958,2.4482033252716064,-0.5336426496505737,-0.5336426496505737,-0.004846802446991205,-0.014415155164897442,4.250149726867676,4.169986248016357,6.679030418395996,6.078256607055664,AVAILABLE,0.5110416412353516,236,2046
0.0,1.8523110151290894,0.00934286043047905,3.7027568221092224,1.8597886264324188,0.0024834738578647375,0.0025667769368737936,0.0,0.0,-0.0024834738578647375,-0.0025667769368737936,3.7120996825397015,3.7120996825397015,-8.330307900905609e-05,0.0,8.330307900905609e-05,0.0,-1.8523110151290894,0.00934286043047905,3.7027568221092224,1.8597886264324188,,0.007598926313221455,0.01390552707016468,0.2,0,degree,degree_u_plus,13,1,1,0,1,1,0.49899279883342695,0.3328853875894281,-0.7193391919136047,-0.7193391919136047,-0.9211475849151611,0.9311634302139282,0.037994302809238434,0.028651442378759384,3.3214755058288574,-0.381281316280365,1.7271077632904053,-0.13268086314201355,AVAILABLE,1.8523110151290894,1411,2218
,,,,,,,,,,,,,,,,,,,,,NO_CANDIDATE,,,,,cn,cn,13,,,,,,,,,,,,,,,,,,MISSING,,1411,2218
0.005300998687744141,0.2809804677963257,0.006191536784172058,0.19419121742248535,0.0982818603515625,0.5779234170913696,0.6011019945144653,1.0,1.0,0.11522376537322998,0.09204518795013428,0.20568375289440155,0.20568375289440155,-0.023178577423095703,0.0,0.023178577423095703,-0.005300998687744141,-0.2809804677963257,-0.006191536784172058,0.19419121742248535,-0.0982818603515625,,0.00893960427492857,0.009576147422194481,0.2,0,degree,degree_u_plus,14,5,22,4,22,1,1.366079965877431,0.5773600155440383,3.508375406265259,3.513676404953003,0.8567514419555664,1.137731909751892,0.07373621314764023,0.07992774993181229,3.809400796890259,3.6152095794677734,8.256387710571289,8.354669570922852,AVAILABLE,0.2809804677963257,1359,1914
0.1366100311279297,0.0,0.011647559702396393,0.1699519157409668,0.021694183349609375,0.6011019945144653,0.6011019945144653,2.0,1.0,0.49751031398773193,0.09204518795013428,0.1815994754433632,0.1815994754433632,0.0,1.0,0.40546512603759766,-0.1366100311279297,0.0,-0.011647559702396393,0.1699519157409668,0.021694183349609375,,0.00815944466739893,0.009576147422194481,0.2,0,cn,cn_plus,14,4,22,4,22,1,0.7522600121603059,0.42930843992317574,3.3770663738250732,3.513676404953003,1.137731909751892,1.137731909751892,0.0682801902294159,0.07992774993181229,3.7851614952087402,3.6152095794677734,8.376363754272461,8.354669570922852,AVAILABLE,0.1366100311279297,1359,1914
0.0,0.018028736114501953,0.0021865665912628174,0.020916461944580078,0.04113149642944336,-0.020784789696335793,-0.10598558932542801,0.0,0.0,0.020784789696335793,0.10598558932542801,0.023103028535842896,0.023103028535842896,0.08520079962909222,0.0,-0.08520079962909222,0.0,0.018028736114501953,0.0021865665912628174,0.020916461944580078,0.04113149642944336,,0.03718535602092743,0.03709486499428749,0.2,0,degree,degree_u_plus,15,30,1,29,1,1,0.7803621193174012,0.4383165148540655,-0.7193391919136047,-0.7193391919136047,2.607954263687134,2.589925527572632,0.27153414487838745,0.26934757828712463,3.7033519744873047,3.6824355125427246,5.871625900268555,5.830494403839111,AVAILABLE,0.018028736114501953,1013,1844
3.744277060031891,0.0,0.1667703241109848,0.3136892318725586,3.891195774078369,-0.10598558932542801,-0.10598558932542801,1.0,0.0,0.799132764339447,0.10598558932542801,0.4804595559835434,0.4804595559835434,0.0,1.0,0.693147175014019,3.744277060031891,0.0,-0.1667703241109848,0.3136892318725586,3.891195774078369,,0.010560206137597561,0.03709486499428749,0.2,0,cn,cn_plus,15,29,1,29,1,1,7.793115852250799,0.8862746702303453,3.024937868118286,-0.7193391919136047,2.589925527572632,2.589925527572632,0.10257725417613983,0.26934757828712463,3.996124744415283,3.6824355125427246,9.72169017791748,5.830494403839111,AVAILABLE,3.744277060031891,1013,1844
0.004708528518676758,0.13945257663726807,0.009398797526955605,0.0029859542846679688,0.14712858200073242,0.002679459983482957,0.0025667769368737936,1.0,1.0,0.6904677152633667,0.690580427646637,0.01709328033030033,0.01709328033030033,0.00011268304660916328,0.0,-0.00011271238327026367,-0.004708528518676758,0.13945257663726807,0.009398797526955605,0.0029859542846679688,0.14712858200073242,,0.0019254701910540462,0.002936243312433362,0.2,0,degree,degree_u_plus,16,3,1,2,1,1,8.158322589891789,0.8908096990267936,3.4027061462402344,3.407414674758911,-1.1565622091293335,-1.2960147857666016,-0.017062008380889893,-0.026460805907845497,4.284885406494141,4.281899452209473,6.522091865539551,6.374963283538818,AVAILABLE,0.13945257663726807,2263,2490
,,,,,,,,,,,,,,,,,,,,,NO_CANDIDATE,,,,,cn,cn,16,,,,,,,,,,,,,,,,,,MISSING,,2263,2490
0.00020503997802734375,0.040682315826416016,0.0016048923134803772,0.05221915245056152,0.010136604309082031,0.20157447457313538,0.20572997629642487,1.0,1.0,0.49157270789146423,0.48741722106933594,0.054029084742069244,0.054029084742069244,-0.00415550172328949,0.0,0.004155486822128296,-0.00020503997802734375,0.040682315826416016,0.0016048923134803772,-0.05221915245056152,-0.010136604309082031,,0.010330535471439362,0.010132609866559505,0.2,0,degree,degree_u_plus,17,27,2,26,2,1,0.7529705248742418,0.4295397522033407,2.4213674068450928,2.42157244682312,2.199415445327759,2.1587331295013428,0.0891263484954834,0.08752145618200302,3.9175565242767334,3.969775676727295,8.635590553283691,8.645727157592773,AVAILABLE,0.040682315826416016,1072,1802
0.25741100311279297,0.0,0.0027215033769607544,0.07730340957641602,0.1773853302001953,0.20572997629642487,0.20572997629642487,2.0,1.0,0.8928823471069336,0.48741722106933594,0.08002491295337677,0.08002491295337677,0.0,1.0,0.40546512603759766,-0.25741100311279297,0.0,0.0027215033769607544,0.07730340957641602,-0.1773853302001953,,0.010666741989552975,0.010132609866559505,0.2,0,cn,cn_plus,17,26,2,26,2,1,3.2166354382217013,0.7628440934363219,2.164161443710327,2.42157244682312,2.1587331295013428,2.1587331295013428,0.09024295955896378,0.08752145618200302,4.047079086303711,3.969775676727295,8.468341827392578,8.645727157592773,AVAILABLE,0.25741100311279297,1072,1802
0.0,0.12915730476379395,0.023529738187789917,0.846930980682373,0.9996185302734375,0.09405221790075302,-0.027598705142736435,0.0,0.0,-0.09405221790075302,0.027598705142736435,0.870460718870163,0.870460718870163,0.12165092304348946,0.0,-0.12165092304348946,0.0,-0.12915730476379395,-0.023529738187789917,-0.846930980682373,-0.9996185302734375,,0.0400928258895874,0.038002390414476395,0.2,0,degree,degree_u_plus,18,2,55,1,55,1,0.14837809504793745,0.12920665736117476,-0.7193391919136047,-0.7193391919136047,2.6976232528686523,2.8267805576324463,0.2772952616214752,0.30082499980926514,3.222073554992676,4.069004535675049,5.485777378082275,6.485395908355713,AVAILABLE,0.12915730476379395,968,1986
1.6780543327331543,0.0,0.1447155922651291,0.012093067169189453,1.5454316139221191,-0.027598705142736435,-0.027598705142736435,1.0,0.0,0.720745861530304,0.027598705142736435,0.15680865943431854,0.15680865943431854,0.0,1.0,0.6931471563875675,1.6780543327331543,0.0,-0.1447155922651291,0.012093067169189453,1.5454316139221191,,0.019458454102277756,0.038002390414476395,0.2,0,cn,cn_plus,18,1,55,1,55,1,10.701285450521793,0.914539303888582,0.9587151408195496,-0.7193391919136047,2.8267805576324463,2.8267805576324463,0.15610940754413605,0.30082499980926514,4.081097602844238,4.069004535675049,8.030827522277832,6.485395908355713,AVAILABLE,1.6780543327331543,968,1986
0.0,0.22094643115997314,0.019386697560548782,0.7735269069671631,0.5331937074661255,0.0015924838371574879,0.0025667769368737936,0.0,0.0,-0.0015924838371574879,-0.0025667769368737936,0.7929136045277119,0.7929136045277119,-0.0009742930997163057,0.0,0.0009742930997163057,0.0,-0.22094643115997314,-0.019386697560548782,0.7735269069671631,0.5331937074661255,,0.002710613887757063,0.006464952137321234,0.2,0,degree,degree_u_plus,19,2,0,1,0,1,0.27865132734740194,0.21792596729670785,-0.7193391919136047,-0.7193391919136047,0.7102169990539551,0.9311634302139282,0.009264744818210602,0.028651442378759384,-1.9791297912597656,-2.7526566982269287,-1.9708625078201294,-2.504056215286255,AVAILABLE,0.22094643115997314,968,1603
,,,,,,,,,,,,,,,,,,,,,NO_CANDIDATE,,,,,cn,cn,19,,,,,,,,,,,,,,,,,,MISSING,,968,1603
0.0,0.33314719796180725,0.01903229672461748,0.03225374221801758,0.384433388710022,0.09682951122522354,0.09993232041597366,0.0,0.0,-0.09682951122522354,-0.09993232041597366,0.05128603894263506,0.05128603894263506,-0.003102809190750122,0.0,0.003102809190750122,0.0,0.33314719796180725,0.01903229672461748,0.03225374221801758,0.384433388710022,,0.007784078363329172,0.0029891065787523985,0.2,0,degree,degree_u_plus,20,7,2,6,2,1,6.495863979197191,0.8665930968364369,-0.7193391919136047,-0.7193391919136047,-0.44449326395988464,-0.7776404619216919,0.03226444125175476,0.01323214452713728,2.948831081390381,2.9165773391723633,1.8253878355026245,1.4409544467926025,AVAILABLE,0.33314719796180725,650,1486
4.089917480945587,0.0,0.013150954677257687,0.3303093910217285,4.407076120376587,0.09993232041597366,0.09993232041597366,1.0,0.0,0.5932148694992065,-0.09993232041597366,0.3434603456989862,0.3434603456989862,0.0,1.0,0.6931471899151802,4.089917480945587,0.0,-0.013150954677257687,0.3303093910217285,4.407076120376587,,1.0978742466249969e-05,0.0029891065787523985,0.2,0,cn,cn_plus,20,6,2,6,2,1,11.907975441946062,0.9225285170011731,3.3705782890319824,-0.7193391919136047,-0.7776404619216919,-0.7776404619216919,8.118984987959266e-05,0.01323214452713728,3.246886730194092,2.9165773391723633,5.8480305671691895,1.4409544467926025,AVAILABLE,4.089917480945587,650,1486
0.0,0.18597817420959473,0.01680082082748413,0.02877187728881836,0.2315511703491211,0.00010257655230816454,0.0006908748182468116,0.0,0.0,-0.00010257655230816454,-0.0006908748182468116,0.04557269811630249,0.04557269811630249,-0.0005882982659386471,0.0,0.0005882982659386471,0.0,0.18597817420959473,0.01680082082748413,0.02877187728881836,0.2315511703491211,,0.026195095852017403,0.024457501247525215,0.2,0,degree,degree_u_plus,21,12,1,11,1,1,4.080911183398945,0.8031849083945144,-0.7193391919136047,-0.7193391919136047,1.495544195175171,1.3095660209655762,0.16790597140789032,0.1511051505804062,4.027035713195801,3.9982638359069824,4.979271411895752,4.747720241546631,AVAILABLE,0.18597817420959473,73,1751
4.264479458332062,0.0,0.0941009484231472,0.05619335174560547,4.226571559906006,0.0006908748182468116,0.0006908748182468116,1.0,0.0,0.6924563050270081,-0.0006908748182468116,0.15029430016875267,0.15029430016875267,0.0,1.0,0.6931471798452549,4.264479458332062,0.0,-0.0941009484231472,0.05619335174560547,4.226571559906006,,0.006357700098305941,0.024457501247525215,0.2,0,cn,cn_plus,21,11,1,11,1,1,28.37419096933105,0.9659565092007444,3.545140266418457,-0.7193391919136047,1.3095660209655762,1.3095660209655762,0.05700420215725899,0.1511051505804062,4.054457187652588,3.9982638359069824,8.974291801452637,4.747720241546631,AVAILABLE,4.264479458332062,73,1751
7.700920104980469e-05,0.2485560178756714,0.008923486806452274,0.010623931884765625,0.26818037033081055,0.31403642892837524,0.3195182979106903,1.0,1.0,0.37911075353622437,0.3736288845539093,0.019624427892267704,0.019624427892267704,-0.0054818689823150635,0.0,0.0054818689823150635,7.700920104980469e-05,0.2485560178756714,0.008923486806452274,0.010623931884765625,0.26818037033081055,,0.0026218490675091743,0.0015027016634121537,0.2,0,degree,degree_u_plus,22,8,3,7,3,1,12.665637570878186,0.9268237581442212,3.513983726501465,3.513906717300415,-0.49998706579208374,-0.7485430836677551,0.021711166948080063,0.012787680141627789,4.245179176330566,4.234555244445801,7.2890119552612305,7.02083158493042,AVAILABLE,0.2485560178756714,1602,2074
0.011206388473510742,0.0,0.00048712175339460373,0.01986217498779297,0.0315556526184082,0.3195182979106903,0.3195182979106903,2.0,1.0,0.7790939807891846,0.3736288845539093,0.020349296741187572,0.020349296741187572,0.0,1.0,0.40546509623527527,0.011206388473510742,0.0,0.00048712175339460373,0.01986217498779297,0.0315556526184082,,0.0015541808679699898,0.0015027016634121537,0.2,0,cn,cn_plus,22,7,3,7,3,1,0.5507012408844717,0.3551304573473926,3.525113105773926,3.513906717300415,-0.7485430836677551,-0.7485430836677551,0.013274801895022392,0.012787680141627789,4.254417419433594,4.234555244445801,7.052387237548828,7.02083158493042,AVAILABLE,0.011206388473510742,1602,2074
0.0,0.10680496692657471,0.004118773154914379,0.04177403450012207,0.06914973258972168,0.3678477704524994,0.2639470398426056,0.0,0.0,-0.3678477704524994,-0.2639470398426056,0.04589280765503645,0.04589280765503645,0.1039007306098938,0.0,-0.1039007306098938,0.0,0.10680496692657471,0.004118773154914379,-0.04177403450012207,0.06914973258972168,,0.0026700161397457123,0.0018614846048876643,0.2,0,degree,degree_u_plus,23,6,4,5,4,1,2.3272697642885634,0.6994532842714003,-0.7193391919136047,-0.7193391919136047,-1.0262408256530762,-1.1330457925796509,0.014489458873867989,0.01037068571895361,3.666661024093628,3.70843505859375,1.9436951875686646,1.8745454549789429,AVAILABLE,0.10680496692657471,1599,2614
4.188912451267242,0.0,0.017016603145748377,0.17907285690307617,4.350968956947327,0.2639470398426056,0.2639470398426056,1.0,0.0,0.429200142621994,-0.2639470398426056,0.19608946004882455,0.19608946004882455,0.0,1.0,0.6931471824645996,4.188912451267242,0.0,-0.017016603145748377,0.17907285690307617,4.350968956947327,,0.0007821695180609822,0.0018614846048876643,0.2,0,cn,cn_plus,23,5,4,5,4,1,21.36225086550665,0.9552817824102635,3.4695732593536377,-0.7193391919136047,-1.1330457925796509,-1.1330457925796509,-0.006645917426794767,0.01037068571895361,3.887507915496826,3.70843505859375,6.2255144119262695,1.8745454549789429,AVAILABLE,4.188912451267242,1599,2614
0.0,0.06665921211242676,0.00817999430000782,0.41901588439941406,0.3441765308380127,0.0017051668837666512,0.0015924838371574879,0.0,0.0,-0.0017051668837666512,-0.0015924838371574879,0.4271958786994219,0.4271958786994219,0.00011268304660916328,0.0,-0.00011268304660916328,0.0,0.06665921211242676,0.00817999430000782,-0.41901588439941406,-0.3441765308380127,,0.003922106698155403,0.00234316592104733,0.2,0,degree,degree_u_plus,24,3,0,2,0,1,0.15603898322937435,0.13497726762940312,-0.7193391919136047,-0.7193391919136047,0.7768762111663818,0.7102169990539551,0.017444739118218422,0.009264744818210602,-2.934138298034668,-2.515122413635254,-2.851031541824341,-2.506855010986328,AVAILABLE,0.06665921211242676,1201,2533
,,,,,,,,,,,,,,,,,,,,,NO_CANDIDATE,,,,,cn,cn,24,,,,,,,,,,,,,,,,,,MISSING,,1201,2533
8.535385131835938e-05,0.04135012626647949,0.0004344247281551361,0.020537853240966797,0.06223726272583008,0.42931193113327026,0.3678477704524994,1.0,1.0,0.26383525133132935,0.3252994120121002,0.021057631820440292,0.021057631820440292,0.061464160680770874,0.0,-0.061464160680770874,8.535385131835938e-05,-0.04135012626647949,-0.0004344247281551361,-0.020537853240966797,-0.06223726272583008,,0.0007848442764952779,0.0008357850601896644,0.2,0,degree,degree_u_plus,25,5,6,4,6,1,1.9636636722703502,0.6625797962985666,3.5606820583343506,3.5605967044830322,-1.0675909519195557,-1.0262408256530762,0.006956691388040781,0.007391116116195917,4.228555202484131,4.249093055725098,6.736727714538574,6.798964977264404,AVAILABLE,0.04135012626647949,1409,1826
0.004029035568237305,0.0,0.00057994294911623,0.015473365783691406,0.01892232894897461,0.3678477704524994,0.3678477704524994,2.0,1.0,0.7307645082473755,0.3252994120121002,0.016053308732807636,0.016053308732807636,0.0,1.0,0.40546509623527527,0.004029035568237305,0.0,-0.00057994294911623,0.015473365783691406,0.01892232894897461,,0.0007685607997700572,0.0008357850601896644,0.2,0,cn,cn_plus,25,4,6,4,6,1,0.25097835751577635,0.20062565911545852,3.5646257400512695,3.5605967044830322,-1.0262408256530762,-1.0262408256530762,0.006811173167079687,0.007391116116195917,4.264566421508789,4.249093055725098,6.817887306213379,6.798964977264404,AVAILABLE,0.004029035568237305,1409,1826
0.0,0.15220269560813904,0.009688705205917358,0.35097527503967285,0.5128669738769531,0.5149287581443787,0.5320507884025574,0.0,0.0,-0.5149287581443787,-0.5320507884025574,0.3606639802455902,0.3606639802455902,-0.01712203025817871,0.0,0.01712203025817871,0.0,0.15220269560813904,0.009688705205917358,0.35097527503967285,0.5128669738769531,,0.015304027125239372,0.011346817947924137,0.2,0,degree,degree_u_plus,26,11,5,10,5,1,0.42200690871439167,0.2967685361640892,-0.7193391919136047,-0.7193391919136047,-0.3786294758319855,-0.5308321714401245,0.059125397354364395,0.04943669214844704,-2.706294059753418,-3.057269334793091,-3.7370123863220215,-4.249879360198975,AVAILABLE,0.15220269560813904,756,885
4.039560616016388,0.0,0.027771329507231712,1.255419135093689,5.2672083377838135,0.5320507884025574,0.5320507884025574,1.0,0.0,0.16109639406204224,-0.5320507884025574,1.2831904646009207,1.2831904646009207,0.0,1.0,0.6931471824645996,4.039560616016388,0.0,-0.027771329507231712,1.255419135093689,5.2672083377838135,,0.003817974589765072,0.011346817947924137,0.2,0,cn,cn_plus,26,10,5,10,5,1,3.1480600082171852,0.7589234490294188,3.320221424102783,-0.7193391919136047,-0.5308321714401245,-0.5308321714401245,0.021665362641215324,0.04943669214844704,-1.8018501996994019,-3.057269334793091,1.0173289775848389,-4.249879360198975,AVAILABLE,4.039560616016388,756,885
0.003300905227661133,0.2615574598312378,0.006567161995917559,0.0719151496887207,0.33673906326293945,0.09507910907268524,0.002536581363528967,1.0,1.0,0.5980680584907532,0.6906105875968933,0.0817832169122994,0.0817832169122994,0.09254252770915627,0.0,-0.09254252910614014,0.003300905227661133,-0.2615574598312378,-0.006567161995917559,-0.0719151496887207,-0.33673906326293945,,0.001575096626766026,0.0008617876446805894,0.2,0,degree,degree_u_plus,27,2,4,1,4,1,3.198179745483999,0.761801528132352,3.515500783920288,3.512199878692627,-1.1696234941482544,-0.9080660343170166,-0.014121649786829948,-0.00755448779091239,4.266330718994141,4.338245868682861,6.606211185455322,6.942950248718262,AVAILABLE,0.2615574598312378,1153,1401
,,,,,,,,,,,,,,,,,,,,,NO_CANDIDATE,,,,,cn,cn,27,,,,,,,,,,,,,,,,,,MISSING,,1153,1401
0.016868114471435547,0.2485560178756714,0.009291181340813637,0.004352092742919922,0.23662662506103516,0.31403642892837524,0.3195182979106903,2.0,2.0,0.784575879573822,0.7790939807891846,0.030511388555169106,0.030511388555169106,-0.0054818689823150635,0.0,0.005481898784637451,-0.016868114471435547,0.2485560178756714,0.009291181340813637,-0.004352092742919922,0.23662662506103516,,0.002587496070191264,0.0037521449849009514,0.2,0,degree,degree_u_plus,28,8,3,7,3,1,8.146333162219538,0.8906665674359352,2.3095874786376953,2.326455593109131,-0.49998706579208374,-0.7485430836677551,-0.018315844237804413,-0.02760702557861805,4.250707626342773,4.255059719085693,6.050117015838623,5.813490390777588,AVAILABLE,0.2485560178756714,102,1251
0.1617739200592041,0.0,0.0008128322660923004,0.00018072128295898438,0.16240596771240234,0.3195182979106903,0.3195182979106903,3.0,2.0,1.0667760372161865,0.7790939807891846,0.0009935535490512848,0.0009935535490512848,0.0,1.0,0.28768205642700195,0.1617739200592041,0.0,0.0008128322660923004,-0.00018072128295898438,0.16240596771240234,,0.003563794307410717,0.0037521449849009514,0.2,0,cn,cn_plus,28,7,3,7,3,1,162.8219153306054,0.9938958105941936,2.488229513168335,2.326455593109131,-0.7485430836677551,-0.7485430836677551,-0.02679419331252575,-0.02760702557861805,4.254878997802734,4.255059719085693,5.97589635848999,5.813490390777588,AVAILABLE,0.1617739200592041,102,1251
0.0064465999603271484,0.2365819215774536,0.009633544832468033,0.0012221336364746094,0.25388431549072266,0.09993232041597366,0.09507910907268524,1.0,1.0,0.5932148694992065,0.5980680584907532,0.01730227842926979,0.01730227842926979,0.004853211343288422,0.0,-0.004853188991546631,0.0064465999603271484,0.2365819215774536,0.009633544832468033,0.0012221336364746094,0.25388431549072266,,0.006226846482604742,0.007459770422428846,0.2,0,degree,degree_u_plus,29,6,2,5,2,1,13.67344687060208,0.9318496867969395,1.367248773574829,1.360802173614502,-0.7776404619216919,-1.0142223834991455,-0.03966660052537918,-0.049300145357847214,4.185698986053467,4.184476852416992,4.743765354156494,4.4898810386657715,AVAILABLE,0.2365819215774536,567,1513
0.34477484226226807,0.0,0.003050524741411209,0.0060577392578125,0.34778261184692383,0.09507910907268524,0.09507910907268524,2.0,1.0,1.0035332441329956,0.5980680584907532,0.009108263999223709,0.009108263999223709,0.0,1.0,0.40546518564224243,0.34477484226226807,0.0,-0.003050524741411209,0.0060577392578125,0.34778261184692383,,0.0075187478214502335,0.007459770422428846,0.2,0,cn,cn_plus,29,5,2,5,2,1,37.85292825969585,0.9742619142290659,1.70557701587677,1.360802173614502,-1.0142223834991455,-1.0142223834991455,-0.05235067009925842,-0.049300145357847214,4.190534591674805,4.184476852416992,4.837663650512695,4.4898810386657715,AVAILABLE,0.34477484226226807,567,1513
0.006025552749633789,0.0728725790977478,0.0016398783773183823,0.03471803665161133,0.11525583267211914,0.5301284193992615,0.4092811644077301,2.0,2.0,0.5684838891029358,0.6893311738967896,0.0423834677785635,0.0423834677785635,0.12084725499153137,0.0,-0.12084728479385376,-0.006025552749633789,-0.0728725790977478,-0.0016398783773183823,-0.03471803665161133,-0.11525583267211914,,0.0009792022174224257,0.0011731586419045925,0.2,0,degree,degree_u_plus,30,5,7,4,7,1,1.719362896043536,0.632266807252933,3.515817165374756,3.5218427181243896,-0.9378219842910767,-0.8649494051933289,0.008459615521132946,0.010099493898451328,4.177194595336914,4.211912631988525,6.7717742919921875,6.887030124664307,AVAILABLE,0.0728725790977478,1282,1735
0.00015211105346679688,0.0,0.00025240425020456314,0.03368234634399414,0.033782958984375,0.4092811644077301,0.4092811644077301,3.0,2.0,0.9770132303237915,0.6893311738967896,0.033934750594198704,0.033934750594198704,0.0,1.0,0.28768205642700195,-0.00015211105346679688,0.0,0.00025240425020456314,0.03368234634399414,0.033782958984375,,0.0011977778049185872,0.0011731586419045925,0.2,0,cn,cn_plus,30,4,7,4,7,1,0.004482455476429703,0.004462452730748451,3.521690607070923,3.5218427181243896,-0.8649494051933289,-0.8649494051933289,0.010351898148655891,0.010099493898451328,4.2455949783325195,4.211912631988525,6.920813083648682,6.887030124664307,AVAILABLE,0.00015211105346679688,1282,1735
0.018950700759887695,0.09592127799987793,0.014135345816612244,0.24515676498413086,0.1161489486694336,0.12368596345186234,0.020145317539572716,1.0,1.0,0.5694612264633179,0.6730018854141235,0.2782428115606308,0.2782428115606308,0.10354064591228962,0.0,-0.10354065895080566,-0.018950700759887695,-0.09592127799987793,-0.014135345816612244,0.24515676498413086,0.1161489486694336,,0.011237919330596924,0.012761753983795643,0.2,0,degree,degree_u_plus,31,2,65,1,65,1,0.34473945261864053,0.2563615218898515,3.4988865852355957,3.5178372859954834,2.7668495178222656,2.8627707958221436,0.11517614126205444,0.1293114870786667,3.8679730892181396,3.622816324234009,10.257009506225586,10.140860557556152,AVAILABLE,0.09592127799987793,1440,1701
,,,,,,,,,,,,,,,,,,,,,NO_CANDIDATE,,,,,cn,cn,31,,,,,,,,,,,,,,,,,,MISSING,,1440,1701
0.0014863014221191406,0.09357595443725586,0.0027802176773548126,0.015735864639282227,0.11357879638671875,0.46372029185295105,0.47281092405319214,1.0,1.0,0.22942689061164856,0.22033625841140747,0.02000238373875618,0.02000238373875618,-0.009090632200241089,0.0,0.009090632200241089,0.0014863014221191406,0.09357595443725586,0.0027802176773548126,0.015735864639282227,0.11357879638671875,,0.007784942165017128,0.007537325378507376,0.2,0,degree,degree_u_plus,32,19,4,18,4,1,4.6782377979064185,0.8238890240967537,3.296248197555542,3.294761896133423,0.8979103565216064,0.8043344020843506,0.060493845492601395,0.05771362781524658,3.515969753265381,3.5002338886260986,7.778747081756592,7.665168285369873,AVAILABLE,0.09357595443725586,118,581
0.3736405372619629,0.0,0.018492791801691055,0.046182870864868164,0.3459501266479492,0.47281092405319214,0.47281092405319214,2.0,1.0,0.6258013844490051,0.22033625841140747,0.06467566266655922,0.06467566266655922,0.0,1.0,0.40546512603759766,-0.3736405372619629,0.0,-0.018492791801691055,0.046182870864868164,-0.3459501266479492,,0.0053645651787519455,0.007537325378507376,0.2,0,cn,cn_plus,32,18,4,18,4,1,5.777141881280426,0.8524451726822831,2.92112135887146,3.294761896133423,0.8043344020843506,0.8043344020843506,0.03922083601355553,0.05771362781524658,3.546416759490967,3.5002338886260986,7.319218158721924,7.665168285369873,AVAILABLE,0.3736405372619629,118,581
0.0,0.2038019895553589,0.00788789615035057,0.01012277603149414,0.2015669345855713,0.40617433190345764,0.31403642892837524,0.0,0.0,-0.40617433190345764,-0.31403642892837524,0.01801067218184471,0.01801067218184471,0.0921379029750824,0.0,-0.0921379029750824,0.0,-0.2038019895553589,-0.00788789615035057,0.01012277603149414,-0.2015669345855713,,0.006019969470798969,0.007693110965192318,0.2,0,degree,degree_u_plus,33,4,8,3,8,1,11.315617448449409,0.9188022846450217,-0.7193391919136047,-0.7193391919136047,-0.7037890553474426,-0.49998706579208374,0.03408375009894371,0.04197164624929428,4.204569339752197,4.194446563720703,2.8236498832702637,3.025216817855835,AVAILABLE,0.2038019895553589,124,1367
3.5506492257118225,0.0,0.05018360260874033,0.06621074676513672,3.566675901412964,0.31403642892837524,0.31403642892837524,1.0,0.0,0.37911075353622437,-0.31403642892837524,0.11639434937387705,0.11639434937387705,0.0,1.0,0.6931471824645996,3.5506492257118225,0.0,-0.05018360260874033,0.06621074676513672,3.566675901412964,,0.0010804969351738691,0.007693110965192318,0.2,0,cn,cn_plus,33,3,8,3,8,1,30.5053375851881,0.9682593466171859,2.8313100337982178,-0.7193391919136047,-0.49998706579208374,-0.49998706579208374,-0.008211956359446049,0.04197164624929428,4.26065731048584,4.194446563720703,6.591892719268799,3.025216817855835,AVAILABLE,3.5506492257118225,124,1367
0.002065896987915039,0.0749666690826416,0.0025127455592155457,0.025712966918945312,0.04970073699951172,0.007153622340410948,0.0077001843601465225,1.0,1.0,0.6859935522079468,0.6854469776153564,0.030291609466075897,0.030291609466075897,-0.0005465620197355747,0.0,0.000546574592590332,-0.002065896987915039,0.0749666690826416,0.0025127455592155457,-0.025712966918945312,0.04970073699951172,,0.009589641354978085,0.009380267933011055,0.2,0,degree,degree_u_plus,34,18,1,17,1,1,2.474831996572453,0.7122163025474636,3.3967788219451904,3.3988447189331055,2.1791903972625732,2.1042237281799316,0.09373459964990616,0.09122185409069061,4.10486364364624,4.1305766105651855,9.782691955566406,9.732991218566895,AVAILABLE,0.0749666690826416,1042,1517
,,,,,,,,,,,,,,,,,,,,,NO_CANDIDATE,,,,,cn,cn,34,,,,,,,,,,,,,,,,,,MISSING,,1042,1517
0.0,0.16271358728408813,0.007642940618097782,0.0002999305725097656,0.17065644264221191,0.2957470417022705,0.22552335262298584,0.0,0.0,-0.2957470417022705,-0.22552335262298584,0.007942871190607548,0.007942871190607548,0.07022368907928467,0.0,-0.07022368907928467,0.0,0.16271358728408813,0.007642940618097782,0.0002999305725097656,0.17065644264221191,,0.0025942185893654823,0.0012872943188995123,0.2,0,degree,degree_u_plus,35,6,3,5,3,1,20.485461557261722,0.9534568993393574,-0.7193391919136047,-0.7193391919136047,-0.9425831437110901,-1.1052967309951782,0.015566564165055752,0.00792362354695797,4.322994232177734,4.322694301605225,2.684763193130493,2.5141067504882812,AVAILABLE,0.16271358728408813,492,1533
4.264963686466217,0.0,0.010288301389664412,0.013477802276611328,4.268153190612793,0.22552335262298584,0.22552335262298584,1.0,0.0,0.46762382984161377,-0.22552335262298584,0.02376610366627574,0.02376610366627574,0.0,1.0,0.6931471824645996,4.264963686466217,0.0,-0.010288301389664412,0.013477802276611328,4.268153190612793,,0.0002630501112435013,0.0012872943188995123,0.2,0,cn,cn_plus,35,5,3,5,3,1,179.45566306527542,0.9944584726075442,3.5456244945526123,-0.7193391919136047,-1.1052967309951782,-1.1052967309951782,-0.002364677842706442,0.00792362354695797,4.336172103881836,4.322694301605225,6.782259941101074,2.5141067504882812,AVAILABLE,4.264963686466217,492,1533
0.0,0.06316018104553223,1.237494871020317e-05,0.0016818046569824219,0.061490774154663086,0.1860230416059494,0.15981024503707886,0.0,0.0,-0.1860230416059494,-0.15981024503707886,0.001694179605692625,0.001694179605692625,0.026212796568870544,0.0,-0.026212796568870544,0.0,0.06316018104553223,1.237494871020317e-05,-0.0016818046569824219,0.061490774154663086,,0.001074087806046009,0.001061017857864499,0.2,0,degree,degree_u_plus,36,4,3,3,3,1,37.280467802014904,0.9738770172514098,-0.7193391919136047,-0.7193391919136047,-1.1964848041534424,-1.2596449851989746,0.006669705267995596,0.006657330319285393,4.2871527671813965,4.288834571838379,2.3861234188079834,2.3246326446533203,AVAILABLE,0.06316018104553223,972,1000
4.2701535820961,0.0,0.015863964334130287,0.018749237060546875,4.273038387298584,0.15981024503707886,0.15981024503707886,1.0,0.0,0.5333369374275208,-0.15981024503707886,0.03461320139467716,0.03461320139467716,0.0,1.0,0.6931471824645996,4.2701535820961,0.0,-0.015863964334130287,0.018749237060546875,4.273038387298584,,0.0010086975526064634,0.001061017857864499,0.2,0,cn,cn_plus,36,3,3,3,3,1,123.36773763652471,0.991959329493292,3.550814390182495,-0.7193391919136047,-1.2596449851989746,-1.2596449851989746,-0.009206634014844894,0.006657330319285393,4.307583808898926,4.288834571838379,6.597671031951904,2.3246326446533203,AVAILABLE,4.2701535820961,972,1000
0.0,0.37486720085144043,0.04261050978675485,0.11579489707946777,0.30168306827545166,0.0025667769368737936,0.0024834738578647375,0.0,0.0,-0.0025667769368737936,-0.0024834738578647375,0.15840540686622262,0.15840540686622262,8.330307900905609e-05,0.0,-8.330307900905609e-05,0.0,-0.37486720085144043,-0.04261050978675485,0.11579489707946777,-0.30168306827545166,,0.0007804287015460432,0.006961623206734657,0.2,0,degree,degree_u_plus,37,2,1,1,1,1,2.3665049356741714,0.7029560273614327,-0.7193391919136047,-0.7193391919136047,-1.2960147857666016,-0.9211475849151611,-0.004616206977516413,0.037994302809238434,3.8949928283691406,3.779197931289673,1.8831473588943481,2.1848304271698,AVAILABLE,0.37486720085144043,468,647
4.275971710681915,0.0,0.05761084891855717,0.40796351432800293,4.626323938369751,0.0024834738578647375,0.0024834738578647375,1.0,0.0,0.6906636953353882,-0.0024834738578647375,0.4655743632465601,0.4655743632465601,0.0,1.0,0.6931471691932529,4.275971710681915,0.0,-0.05761084891855717,0.40796351432800293,4.626323938369751,,0.0022587846033275127,0.006961623206734657,0.2,0,cn,cn_plus,37,1,1,1,1,1,9.184293544476159,0.9018095859439963,3.5566325187683105,-0.7193391919136047,-0.9211475849151611,-0.9211475849151611,-0.019616546109318733,0.037994302809238434,4.187161445617676,3.779197931289673,6.811154365539551,2.1848304271698,AVAILABLE,4.275971710681915,468,647
0.0,0.25934600830078125,0.006413938943296671,0.15231764316558838,0.4180774688720703,0.003920084796845913,0.002536581363528967,0.0,0.0,-0.003920084796845913,-0.002536581363528967,0.15873158210888505,0.15873158210888505,0.001383503433316946,0.0,-0.001383503433316946,0.0,0.25934600830078125,0.006413938943296671,0.15231764316558838,0.4180774688720703,,0.001411484437994659,0.0010946305701509118,0.2,0,degree,degree_u_plus,38,5,1,4,1,1,1.633865098025841,0.6203298336161828,-0.7193391919136047,-0.7193391919136047,-0.6487200260162354,-0.9080660343170166,0.003358825109899044,-0.003055113833397627,-1.008221983909607,-1.1605396270751953,-2.364797592163086,-2.7828750610351562,AVAILABLE,0.25934600830078125,121,1910
4.179063856601715,0.0,0.007068734150379896,3.096879720687866,7.2688751220703125,0.002536581363528967,0.002536581363528967,1.0,0.0,0.6906105875968933,-0.002536581363528967,3.103948454838246,3.103948454838246,0.0,1.0,0.6931471689604223,4.179063856601715,0.0,-0.007068734150379896,3.096879720687866,7.2688751220703125,,0.0016033323481678963,0.0010946305701509118,0.2,0,cn,cn_plus,38,4,1,4,1,1,1.3463702454929438,0.5738098017902915,3.4597246646881104,-0.7193391919136047,-0.9080660343170166,-0.9080660343170166,-0.010123847983777523,-0.003055113833397627,1.936340093612671,-1.1605396270751953,4.486000061035156,-2.7828750610351562,AVAILABLE,4.179063856601715,121,1910
0.0,0.36463260650634766,0.03023269772529602,0.9407780170440674,1.3356437683105469,0.20572997629642487,-0.011027839966118336,0.0,0.0,-0.20572997629642487,0.011027839966118336,0.9710107147693634,0.9710107147693634,0.2167578162625432,0.0,-0.2167578162625432,0.0,-0.36463260650634766,-0.03023269772529602,-0.9407780170440674,-1.3356437683105469,,0.040735989809036255,0.03729419782757759,0.2,0,degree,degree_u_plus,39,2,26,1,26,1,0.3755186191099547,0.27300148023655135,-0.7193391919136047,-0.7193391919136047,2.1587331295013428,2.5233657360076904,0.23173147439956665,0.26196417212486267,2.5788137912750244,3.519591808319092,4.258063793182373,5.59370756149292,AVAILABLE,0.36463260650634766,547,598
1.5406676530838013,0.0,0.12681300938129425,0.01887059211730957,1.3949837684631348,-0.011027839966118336,-0.011027839966118336,1.0,0.0,0.7041749954223633,0.011027839966118336,0.14568360149860382,0.14568360149860382,0.0,1.0,0.693147155456245,1.5406676530838013,0.0,-0.12681300938129425,-0.01887059211730957,1.3949837684631348,,0.019361060112714767,0.03729419782757759,0.2,0,cn,cn_plus,39,1,26,1,26,1,10.575435611702739,0.9136101626284369,0.8213284611701965,-0.7193391919136047,2.5233657360076904,2.5233657360076904,0.13515116274356842,0.26196417212486267,3.5007212162017822,3.519591808319092,6.988691329956055,5.59370756149292,AVAILABLE,1.5406676530838013,547,598
0.0,0.13945257663726807,0.00026828236877918243,0.0592653751373291,0.1984497308731079,0.002679459983482957,0.0025667769368737936,0.0,0.0,-0.002679459983482957,-0.0025667769368737936,0.059533657506108284,0.059533657506108284,0.00011268304660916328,0.0,-0.00011268304660916328,0.0,0.13945257663726807,-0.00026828236877918243,0.0592653751373291,0.1984497308731079,,0.0008380990475416183,0.000781351700425148,0.2,0,degree,degree_u_plus,40,3,1,2,1,1,2.342415350489871,0.7008151605534488,-0.7193391919136047,-0.7193391919136047,-1.1565622091293335,-1.2960147857666016,-0.004884489346295595,-0.004616206977516413,3.9472711086273193,3.8880057334899902,2.0746099948883057,1.8761602640151978,AVAILABLE,0.13945257663726807,452,1258
3.5694008469581604,0.0,0.04976477241143584,0.35611677169799805,3.875752806663513,0.0025667769368737936,0.0025667769368737936,1.0,0.0,0.690580427646637,-0.0025667769368737936,0.4058815441094339,0.4058815441094339,0.0,1.0,0.6931472045835108,3.5694008469581604,0.0,-0.04976477241143584,0.35611677169799805,3.875752806663513,,0.006439749617129564,0.000781351700425148,0.2,0,cn,cn_plus,40,2,1,2,1,1,8.79419330792199,0.8978986866441411,2.8500616550445557,-0.7193391919136047,-1.2960147857666016,-1.2960147857666016,-0.054380979388952255,-0.004616206977516413,4.244122505187988,3.8880057334899902,5.751913070678711,1.8761602640151978,AVAILABLE,3.5694008469581604,452,1258
0.0003380775451660156,0.3567888755351305,0.007445741444826126,0.012146472930908203,0.37604331970214844,0.3893049359321594,0.32077300548553467,3.0,3.0,0.9969894289970398,1.0655213594436646,0.019930291920900345,0.019930291920900345,0.06853193044662476,0.0,-0.06853193044662476,0.0003380775451660156,-0.3567888755351305,-0.007445741444826126,-0.012146472930908203,-0.37604331970214844,,0.005521723069250584,0.006165951024740934,0.2,0,degree,degree_u_plus,41,4,12,3,12,1,17.90182993469738,0.9470950694480466,3.5508272647857666,3.5504891872406006,0.023773817345499992,0.3805626928806305,0.04394451901316643,0.051390260457992554,4.3399338722229,4.352080345153809,7.966604232788086,8.342647552490234,AVAILABLE,0.3567888755351305,1109,2671
,,,,,,,,,,,,,,,,,,,,,NO_CANDIDATE,,,,,cn,cn,41,,,,,,,,,,,,,,,,,,MISSING,,1109,2671
0.002416849136352539,0.28051456809043884,0.0056768134236335754,0.07524514198303223,0.20852899551391602,0.4214250147342682,0.3618077337741852,1.0,1.0,0.2717221677303314,0.33133944869041443,0.08333880454301834,0.08333880454301834,0.05961728096008301,0.0,-0.05961728096008301,0.002416849136352539,-0.28051456809043884,-0.0056768134236335754,0.07524514198303223,-0.20852899551391602,,0.0030100313015282154,0.003929466940462589,0.2,0,degree,degree_u_plus,42,4,9,3,9,1,3.3659534231272406,0.770954954603313,3.4394137859344482,3.4369969367980957,-0.5336426496505737,-0.2531280815601349,0.023119278252124786,0.028796091675758362,3.684568166732788,3.609323024749756,6.621583938598633,6.830112934112549,AVAILABLE,0.28051456809043884,1365,1702
0.023114919662475586,0.0,0.002142958343029022,0.7044053077697754,0.725377082824707,0.3618077337741852,0.3618077337741852,2.0,1.0,0.7368046045303345,0.33133944869041443,0.7065482661128044,0.7065482661128044,0.0,1.0,0.40546515583992004,0.023114919662475586,0.0,-0.002142958343029022,0.7044053077697754,0.725377082824707,,0.003309459425508976,0.003929466940462589,0.2,0,cn,cn_plus,42,3,9,3,9,1,0.03271527288927269,0.031678889378428325,3.4601118564605713,3.4369969367980957,-0.2531280815601349,-0.2531280815601349,0.02665313333272934,0.028796091675758362,4.313728332519531,3.609323024749756,7.555490016937256,6.830112934112549,AVAILABLE,0.023114919662475586,1365,1702
0.22094810009002686,0.08796453475952148,0.010630890727043152,0.01987457275390625,0.1422271728515625,0.5962537527084351,0.3024114668369293,1.0,1.0,0.09689342975616455,0.3907357156276703,0.25145356357097626,0.25145356357097626,0.29384228587150574,0.0,-0.29384228587150574,0.22094810009002686,-0.08796453475952148,-0.010630890727043152,0.01987457275390625,0.1422271728515625,,0.016620351001620293,0.01814323477447033,0.2,0,degree,degree_u_plus,43,3,139,2,139,1,0.34982415843333514,0.2591627629774802,1.9654675722122192,1.7445194721221924,2.845574140548706,2.9335386753082275,0.1441851556301117,0.15481604635715485,3.7199909687042236,3.7001163959503174,8.683341979980469,8.541114807128906,AVAILABLE,0.08796453475952148,326,1358
0.07441961765289307,0.0,0.0033448338508605957,0.10511612892150879,0.1761913299560547,0.3024114668369293,0.3024114668369293,2.0,1.0,0.7962008714675903,0.3907357156276703,0.10846096277236938,0.10846096277236938,0.0,1.0,0.40546515583992004,0.07441961765289307,0.0,-0.0033448338508605957,0.10511612892150879,0.1761913299560547,,0.017392128705978394,0.01814323477447033,0.2,0,cn,cn_plus,43,2,139,2,139,1,0.6861418974093103,0.4069301038444866,1.8189390897750854,1.7445194721221924,2.9335386753082275,2.9335386753082275,0.15147121250629425,0.15481604635715485,3.805232524871826,3.7001163959503174,8.717306137084961,8.541114807128906,AVAILABLE,0.07441961765289307,326,1358
0.0,0.03624260425567627,0.006696936590742553,0.038575172424316406,0.004364490509033203,0.15981024503707886,0.07427151501178741,0.0,0.0,-0.15981024503707886,-0.07427151501178741,0.04527210901505896,0.04527210901505896,0.08553873002529144,0.0,-0.08553873002529144,0.0,0.03624260425567627,0.006696936590742553,-0.038575172424316406,0.004364490509033203,,0.0011297285091131926,6.644167115155142e-06,0.2,0,degree,degree_u_plus,44,3,3,2,3,1,0.8005502071511346,0.44461420957418385,-0.7193391919136047,-0.7193391919136047,-1.2596449851989746,-1.2958875894546509,0.006657330319285393,-3.960627145715989e-05,3.907217264175415,3.9457924365997314,1.943015217781067,1.9386507272720337,AVAILABLE,0.03624260425567627,718,2059
3.913398802280426,0.0,0.03165345740490011,0.1590592861175537,4.040804743766785,0.07427151501178741,0.07427151501178741,1.0,0.0,0.6188756823539734,-0.07427151501178741,0.19071274352245382,0.19071274352245382,0.0,1.0,0.6931471973657608,3.913398802280426,0.0,-0.03165345740490011,0.1590592861175537,4.040804743766785,,0.0036739222705364227,6.644167115155142e-06,0.2,0,cn,cn_plus,44,2,3,2,3,1,20.519858950175962,0.9535312939403897,3.1940596103668213,-0.7193391919136047,-1.2958875894546509,-1.2958875894546509,-0.03169306367635727,-3.960627145715989e-05,4.104851722717285,3.9457924365997314,5.979455471038818,1.9386507272720337,AVAILABLE,3.913398802280426,718,2059
0.06541252136230469,0.027749061584472656,0.005609964951872826,0.03908109664916992,0.004192352294921875,0.2639470398426056,0.22552335262298584,3.0,3.0,1.122347354888916,1.1607710123062134,0.11010358296334743,0.11010358296334743,0.03842368721961975,0.0,-0.03842365741729736,0.06541252136230469,-0.027749061584472656,0.005609964951872826,-0.03908109664916992,0.004192352294921875,,0.0014972325880080462,0.0021641720086336136,0.2,0,degree,degree_u_plus,45,4,5,3,5,1,0.25202684887594984,0.20129508333005447,3.2499024868011475,3.1844899654388428,-1.1330457925796509,-1.1052967309951782,-0.012829473242163658,-0.018439438194036484,4.173013210296631,4.212094306945801,6.285165309906006,6.280972957611084,AVAILABLE,0.027749061584472656,1085,1421
,,,,,,,,,,,,,,,,,,,,,NO_CANDIDATE,,,,,cn,cn,45,,,,,,,,,,,,,,,,,,MISSING,,1085,1421
0.0,0.22094643115997314,0.019386697560548782,0.5997493267059326,0.35941624641418457,0.0015924838371574879,0.0025667769368737936,0.0,0.0,-0.0015924838371574879,-0.0025667769368737936,0.6191360242664814,0.6191360242664814,-0.0009742930997163057,0.0,0.0009742930997163057,0.0,-0.22094643115997314,-0.019386697560548782,0.5997493267059326,0.35941624641418457,,0.0020201783627271652,0.00528021901845932,0.2,0,degree,degree_u_plus,46,2,0,1,0,1,0.3568624969821671,0.26300564558006,-0.7193391919136047,-0.7193391919136047,0.7102169990539551,0.9311634302139282,0.009264744818210602,0.028651442378759384,-3.1472811698913574,-3.74703049659729,-3.1390137672424316,-3.498430013656616,AVAILABLE,0.22094643115997314,166,2617
,,,,,,,,,,,,,,,,,,,,,NO_CANDIDATE,,,,,cn,cn,46,,,,,,,,,,,,,,,,,,MISSING,,166,2617
0.008953094482421875,0.2844754457473755,0.009482160210609436,0.017119407653808594,0.3021235466003418,0.6586901545524597,0.568725049495697,1.0,1.0,0.03445702791213989,0.12442213296890259,0.035554662346839905,0.035554662346839905,0.0899651050567627,0.0,-0.0899651050567627,0.008953094482421875,-0.2844754457473755,-0.009482160210609436,-0.017119407653808594,-0.3021235466003418,,0.007287744898349047,0.008178611285984516,0.2,0,degree,degree_u_plus,47,5,27,4,27,1,8.00107066020142,0.8889021053438078,2.430525541305542,2.42157244682312,1.1628655195236206,1.447340965270996,0.057355232536792755,0.06683739274740219,4.21934700012207,4.236466407775879,7.878218173980713,8.180341720581055,AVAILABLE,0.2844754457473755,1856,2045
0.0842142105102539,0.0,0.002478189766407013,0.010178089141845703,0.07155799865722656,0.568725049495697,0.568725049495697,2.0,1.0,0.5298872590065002,0.12442213296890259,0.012656278908252716,0.012656278908252716,0.0,1.0,0.40546512603759766,0.0842142105102539,0.0,-0.002478189766407013,-0.010178089141845703,0.07155799865722656,,0.007807006128132343,0.008178611285984516,0.2,0,cn,cn_plus,47,4,27,4,27,1,6.653941856158231,0.8693483673127963,2.505786657333374,2.42157244682312,1.447340965270996,1.447340965270996,0.06435920298099518,0.06683739274740219,4.226288318634033,4.236466407775879,8.251899719238281,8.180341720581055,AVAILABLE,0.0842142105102539,1856,2045
0.0,2.2721599340438843,0.29083413258194923,5.311392307281494,7.874386310577393,0.0025667769368737936,0.0024834738578647375,0.0,0.0,-0.0025667769368737936,-0.0024834738578647375,5.602226439863443,5.602226439863443,8.330307900905609e-05,0.0,-8.330307900905609e-05,0.0,-2.2721599340438843,-0.29083413258194923,-5.311392307281494,-7.874386310577393,,0.006090435199439526,0.04893810302019119,0.2,0,degree,degree_u_plus,48,1,0,0,0,1,0.4055815940998367,0.2885507293225332,-0.7193391919136047,-0.7193391919136047,0.9311634302139282,3.2033233642578125,0.028651442378759384,0.3194855749607086,-3.0251803398132324,2.2862119674682617,-2.7765798568725586,5.097806453704834,AVAILABLE,2.2721599340438843,307,991
,,,,,,,,,,,,,,,,,,,,,NO_CANDIDATE,,,,,cn,cn,48,,,,,,,,,,,,,,,,,,MISSING,,307,991
0.08962726593017578,0.09107434749603271,0.002850256860256195,3.0057010650634766,3.0042977333068848,0.22552335262298584,0.09507910907268524,1.0,1.0,0.46762382984161377,0.5980680584907532,3.0981785878539085,3.0981785878539085,0.1304442435503006,0.0,-0.1304442286491394,0.08962726593017578,-0.09107434749603271,0.002850256860256195,-3.0057010650634766,-3.0042977333068848,,0.008379066362977028,0.005636968649923801,0.2,0,degree,degree_u_plus,49,3,5,2,5,1,0.029396093420540514,0.028556639770082447,2.442181348800659,2.3525540828704834,-1.1052967309951782,-1.0142223834991455,-0.04000004008412361,-0.042850296944379807,1.1863279342651367,4.192028999328613,2.491337299346924,5.495635032653809,AVAILABLE,0.09107434749603271,958,1798
0.13740921020507812,0.0,0.0002665594220161438,0.0935525894165039,0.23069524765014648,0.09507910907268524,0.09507910907268524,2.0,1.0,1.0035332441329956,0.5980680584907532,0.09381914883852005,0.09381914883852005,0.0,1.0,0.40546518564224243,0.13740921020507812,0.0,-0.0002665594220161438,0.0935525894165039,0.23069524765014648,,0.00550459511578083,0.005636968649923801,0.2,0,cn,cn_plus,49,2,5,2,5,1,1.464617802016159,0.5942575764964617,2.4899632930755615,2.3525540828704834,-1.0142223834991455,-1.0142223834991455,-0.04311685636639595,-0.042850296944379807,4.285581588745117,4.192028999328613,5.726330280303955,5.495635032653809,AVAILABLE,0.13740921020507812,958,1798
0.0005056858062744141,0.0008630752563476562,6.227195262908936e-05,0.001874685287475586,0.0033054351806640625,0.3149155080318451,0.3024114668369293,1.0,1.0,0.3782316744327545,0.3907357156276703,0.0024426430463790894,0.0024426430463790894,0.012504041194915771,0.0,-0.012504041194915771,0.0005056858062744141,0.0008630752563476562,6.227195262908936e-05,0.001874685287475586,0.0033054351806640625,,0.01964959315955639,0.019649922847747803,0.2,0,degree,degree_u_plus,50,140,2,139,2,1,0.3533351810348389,0.26108475268089776,1.2485756874084473,1.2480700016021729,2.934401750564575,2.9335386753082275,0.15991124510765076,0.15984897315502167,3.7952566146850586,3.793381929397583,8.146269798278809,8.142964363098145,AVAILABLE,0.0008630752563476562,1358,1568
0.5246316194534302,0.0,0.01049533486366272,0.05842018127441406,0.5725564956665039,0.3024114668369293,0.3024114668369293,2.0,1.0,0.7962008714675903,0.3907357156276703,0.06891551613807678,0.06891551613807678,0.0,1.0,0.40546515583992004,0.5246316194534302,0.0,-0.01049533486366272,0.05842018127441406,0.5725564956665039,,0.01715250313282013,0.019649922847747803,0.2,0,cn,cn_plus,50,139,2,139,2,1,7.61267669062406,0.8838920772344071,1.772701621055603,1.2480700016021729,2.9335386753082275,2.9335386753082275,0.14935363829135895,0.15984897315502167,3.851802110671997,3.793381929397583,8.715520858764648,8.142964363098145,AVAILABLE,0.5246316194534302,1358,1568
0.010519266128540039,0.19404006004333496,0.007422349415719509,0.010693550109863281,0.20163679122924805,0.3195182979106903,0.2957470417022705,1.0,1.0,0.3736288845539093,0.3974001407623291,0.02863516565412283,0.02863516565412283,0.0237712562084198,0.0,-0.0237712562084198,-0.010519266128540039,0.19404006004333496,0.007422349415719509,0.010693550109863281,0.20163679122924805,,0.0008374828612431884,0.0017282461049035192,0.2,0,degree,degree_u_plus,51,7,3,6,3,1,6.776283211498215,0.8714038605845305,3.013450860977173,3.023970127105713,-0.7485430836677551,-0.9425831437110901,-0.006651320494711399,-0.014073669910430908,4.173392295837402,4.162698745727539,6.4397735595703125,6.2381367683410645,AVAILABLE,0.19404006004333496,1501,2228
0.03246593475341797,0.0,0.0016328245401382446,0.0381622314453125,0.06899547576904297,0.2957470417022705,0.2957470417022705,2.0,1.0,0.8028652667999268,0.3974001407623291,0.039795055985450745,0.039795055985450745,0.0,1.0,0.40546512603759766,0.03246593475341797,0.0,-0.0016328245401382446,0.0381622314453125,0.06899547576904297,,0.001911792205646634,0.0017282461049035192,0.2,0,cn,cn_plus,51,6,3,6,3,1,0.8158281422447612,0.44928709015172497,3.056436061859131,3.023970127105713,-0.9425831437110901,-0.9425831437110901,-0.015706494450569153,-0.014073669910430908,4.200860977172852,4.162698745727539,6.307132244110107,6.2381367683410645,AVAILABLE,0.03246593475341797,1501,2228
0.0022881031036376953,0.09118807315826416,0.005192946642637253,0.004256248474121094,0.08983659744262695,0.22552335262298584,0.1860230416059494,1.0,1.0,0.46762382984161377,0.507124125957489,0.011737298220396042,0.011737298220396042,0.03950031101703644,0.0,-0.039500296115875244,-0.0022881031036376953,0.09118807315826416,0.005192946642637253,-0.004256248474121094,0.08983659744262695,,0.002102216240018606,0.002678126562386751,0.2,0,degree,degree_u_plus,52,5,3,4,3,1,7.769078859137881,0.8859629368074455,3.150641918182373,3.1529300212860107,-1.1052967309951782,-1.1964848041534424,-0.017949365079402924,-0.023142311722040176,4.264419078826904,4.268675327301025,6.2999396324157715,6.2101030349731445,AVAILABLE,0.09118807315826416,14,2668
0.21594595909118652,0.0,0.008046153001487255,0.024060726165771484,0.24805259704589844,0.1860230416059494,0.1860230416059494,2.0,1.0,0.9125892519950867,0.507124125957489,0.03210687916725874,0.03210687916725874,0.0,1.0,0.40546512603759766,0.21594595909118652,0.0,0.008046153001487255,0.024060726165771484,0.24805259704589844,,0.001701322034932673,0.002678126562386751,0.2,0,cn,cn_plus,52,4,3,4,3,1,6.725844972592336,0.8705643196896223,3.3688759803771973,3.1529300212860107,-1.1964848041534424,-1.1964848041534424,-0.015096158720552921,-0.023142311722040176,4.292736053466797,4.268675327301025,6.458155632019043,6.2101030349731445,AVAILABLE,0.21594595909118652,14,2668
0.0,0.10631752014160156,0.010695010423660278,0.5314431190490723,0.6484560966491699,0.6280149817466736,0.5962537527084351,0.0,0.0,-0.6280149817466736,-0.5962537527084351,0.5421381294727325,0.5421381294727325,0.031761229038238525,0.0,-0.031761229038238525,0.0,-0.10631752014160156,-0.010695010423660278,-0.5314431190490723,-0.6484560966491699,,0.041419193148612976,0.039269860833883286,0.2,0,degree,degree_u_plus,53,4,139,3,139,1,0.1961078042673825,0.1639549575445658,-0.7193391919136047,-0.7193391919136047,2.7392566204071045,2.845574140548706,0.2846232056617737,0.29531821608543396,3.128551721572876,3.6599948406219482,5.441216945648193,6.089673042297363,AVAILABLE,0.10631752014160156,1038,1358
4.215219557285309,0.0,0.18083371967077255,0.005171537399291992,4.039556503295898,0.5962537527084351,0.5962537527084351,1.0,0.0,0.09689342975616455,-0.5962537527084351,0.18600525707006454,0.18600525707006454,0.0,1.0,0.6931471824645996,4.215219557285309,0.0,-0.18083371967077255,0.005171537399291992,4.039556503295898,,0.01131146214902401,0.039269860833883286,0.2,0,cn,cn_plus,53,3,139,3,139,1,22.66182900991464,0.9577378401483255,3.495880365371704,-0.7193391919136047,2.845574140548706,2.845574140548706,0.11448449641466141,0.29531821608543396,3.6651663780212402,3.6599948406219482,10.129229545593262,6.089673042297363,AVAILABLE,4.215219557285309,1038,1358
0.0,0.09107434749603271,0.002662989776581526,0.006965160369873047,0.08144640922546387,0.22552335262298584,0.09507910907268524,0.0,0.0,-0.22552335262298584,-0.09507910907268524,0.009628150146454573,0.009628150146454573,0.1304442435503006,0.0,-0.1304442435503006,0.0,-0.09107434749603271,0.002662989776581526,0.006965160369873047,-0.08144640922546387,,0.0013157936045899987,0.000888435635715723,0.2,0,degree,degree_u_plus,54,3,5,2,5,1,9.459164171627275,0.904390065631371,-0.7193391919136047,-0.7193391919136047,-1.1052967309951782,-1.0142223834991455,0.00792362354695797,0.005260633770376444,4.189375400543213,4.18241024017334,2.3807878494262695,2.4622342586517334,AVAILABLE,0.09107434749603271,1385,2335
4.175841867923737,0.0,0.011065714061260223,0.09459829330444336,4.259374380111694,0.09507910907268524,0.09507910907268524,1.0,0.0,0.5980680584907532,-0.09507910907268524,0.10566400736570358,0.10566400736570358,0.0,1.0,0.6931471675634384,4.175841867923737,0.0,-0.011065714061260223,0.09459829330444336,4.259374380111694,,0.0006631695432588458,0.000888435635715723,0.2,0,cn,cn_plus,54,2,5,2,5,1,39.51999906904099,0.975320828653127,3.456502676010132,-0.7193391919136047,-1.0142223834991455,-1.0142223834991455,-0.0058050802908837795,0.005260633770376444,4.277008533477783,4.18241024017334,6.721608638763428,2.4622342586517334,AVAILABLE,4.175841867923737,1385,2335
0.0,0.46615684032440186,0.00755115132778883,0.07867908477783203,0.552386999130249,0.09993232041597366,0.006401163060218096,0.0,0.0,-0.09993232041597366,-0.006401163060218096,0.08623023610562086,0.08623023610562086,0.09353115735575557,0.0,-0.09353115735575557,0.0,-0.46615684032440186,-0.00755115132778883,-0.07867908477783203,-0.552386999130249,,0.0023502144031226635,0.003958527464419603,0.2,0,degree,degree_u_plus,55,2,6,1,6,1,5.405955118734327,0.8438952534844518,-0.7193391919136047,-0.7193391919136047,-0.7776404619216919,-0.31148362159729004,0.01323214452713728,0.02078329585492611,4.119974136352539,4.198653221130371,2.6443514823913574,3.1967384815216064,AVAILABLE,0.46615684032440186,647,904
4.27809339761734,0.0,0.003040185198187828,0.022040367126464844,4.297093629837036,0.006401163060218096,0.006401163060218096,1.0,0.0,0.6867460012435913,-0.006401163060218096,0.025080552324652672,0.025080552324652672,0.0,1.0,0.6931471643038094,4.27809339761734,0.0,-0.003040185198187828,0.022040367126464844,4.297093629837036,,0.0021881642751395702,0.003958527464419603,0.2,0,cn,cn_plus,55,1,6,1,6,1,170.57406218568846,0.9941716131957188,3.5587542057037354,-0.7193391919136047,-0.31148362159729004,-0.31148362159729004,0.01774311065673828,0.02078329585492611,4.220693588256836,4.198653221130371,7.493832111358643,3.1967384815216064,AVAILABLE,4.27809339761734,647,904
0.0,0.23347997665405273,0.013560622930526733,0.0006818771362304688,0.24635839462280273,0.7318286299705505,0.5779234170913696,0.0,0.0,-0.7318286299705505,-0.5779234170913696,0.014242500066757202,0.014242500066757202,0.1539052128791809,0.0,-0.1539052128791809,0.0,-0.23347997665405273,-0.013560622930526733,0.0006818771362304688,-0.24635839462280273,,0.02347349375486374,0.024814123287796974,0.2,0,degree,degree_u_plus,56,6,22,5,22,1,16.393176171874913,0.9425061880522421,-0.7193391919136047,-0.7193391919136047,0.6232714653015137,0.8567514419555664,0.13039971888065338,0.14396034181118011,4.082179546356201,4.081497669219971,4.124636650085449,4.370995044708252,AVAILABLE,0.23347997665405273,1849,1914
4.258425295352936,0.0,0.07233574241399765,0.01431417465209961,4.1717753410339355,0.5779234170913696,0.5779234170913696,1.0,0.0,0.11522376537322998,-0.5779234170913696,0.08664991706609726,0.08664991706609726,0.0,1.0,0.6931471824645996,4.258425295352936,0.0,-0.07233574241399765,-0.01431417465209961,4.1717753410339355,,0.008392216637730598,0.024814123287796974,0.2,0,cn,cn_plus,56,5,22,5,22,1,49.1451688367213,0.9800578994308281,3.539086103439331,-0.7193391919136047,0.8567514419555664,0.8567514419555664,0.07162459939718246,0.14396034181118011,4.067183494567871,4.081497669219971,8.542770385742188,4.370995044708252,AVAILABLE,4.258425295352936,1849,1914
0.0,0.1554011106491089,0.003950207028537989,0.005526065826416016,0.16487765312194824,0.09507910907268524,0.09507910907268524,0.0,0.0,-0.09507910907268524,-0.09507910907268524,0.009476272854954004,0.009476272854954004,0.0,0.0,0.0,0.0,0.1554011106491089,0.003950207028537989,0.005526065826416016,0.16487765312194824,,0.0008969911723397672,0.00021801638649776578,0.2,0,degree,degree_u_plus,57,5,2,4,2,1,16.398952313656235,0.9425252749721539,-0.7193391919136047,-0.7193391919136047,-1.0142223834991455,-1.1696234941482544,0.005260633770376444,0.0013104267418384552,4.1259331703186035,4.1204071044921875,2.405757188796997,2.240879535675049,AVAILABLE,0.1554011106491089,1773,1780
4.2011407017707825,0.0,0.016766943037509918,0.07375860214233398,4.258132457733154,0.09507910907268524,0.09507910907268524,1.0,0.0,0.5980680584907532,-0.09507910907268524,0.0905255451798439,0.0905255451798439,0.0,1.0,0.6931471675634384,4.2011407017707825,0.0,-0.016766943037509918,0.07375860214233398,4.258132457733154,,0.001744321663863957,0.00021801638649776578,0.2,0,cn,cn_plus,57,4,2,4,2,1,46.40833953931048,0.9789066647404765,3.4818015098571777,-0.7193391919136047,-1.1696234941482544,-1.1696234941482544,-0.015456516295671463,0.0013104267418384552,4.1941657066345215,4.1204071044921875,6.499011993408203,2.240879535675049,AVAILABLE,4.2011407017707825,1773,1780
0.0002453327178955078,0.0057773590087890625,0.00029537081718444824,0.0002827644348144531,0.006600379943847656,0.12368596345186234,0.2202700674533844,2.0,2.0,0.9749263525009155,0.8783422708511353,0.0008234679698944092,0.0008234679698944092,-0.09658410400152206,0.0,0.09658408164978027,0.0002453327178955078,0.0057773590087890625,0.00029537081718444824,0.0002827644348144531,0.006600379943847656,,0.010526525788009167,0.010504436679184437,0.2,0,degree,degree_u_plus,58,65,2,64,2,1,7.01580275369099,0.8752464312398985,3.089491605758667,3.0892462730407715,2.7668495178222656,2.7610721588134766,0.10771689563989639,0.10742152482271194,4.268842697143555,4.26855993270874,10.2410249710083,10.234424591064453,AVAILABLE,0.0057773590087890625,306,656
,,,,,,,,,,,,,,,,,,,,,NO_CANDIDATE,,,,,cn,cn,58,,,,,,,,,,,,,,,,,,MISSING,,306,656
0.0,0.13810944557189941,0.009778330102562904,0.05523562431335449,0.0926520824432373,0.47940754890441895,0.48554709553718567,0.0,0.0,-0.47940754890441895,-0.48554709553718567,0.0650139544159174,0.0650139544159174,-0.006139546632766724,0.0,0.006139546632766724,0.0,0.13810944557189941,0.009778330102562904,-0.05523562431335449,0.0926520824432373,,0.0075285909697413445,0.0055059147998690605,0.2,0,degree,degree_u_plus,59,9,5,8,5,1,2.1243043215818114,0.6799287466677677,-0.7193391919136047,-0.7193391919136047,-0.6671808958053589,-0.8052903413772583,0.04015779495239258,0.030379464849829674,3.907360792160034,3.9625964164733887,2.5691232681274414,2.476471185684204,AVAILABLE,0.13810944557189941,1351,1535
4.034732401371002,0.0,0.021933764219284058,0.059906959533691406,4.072705507278442,0.48554709553718567,0.48554709553718567,1.0,0.0,0.20760008692741394,-0.48554709553718567,0.08184072375297546,0.08184072375297546,0.0,1.0,0.6931471824645996,4.034732401371002,0.0,-0.021933764219284058,0.059906959533691406,4.072705507278442,,0.0010360748274251819,0.0055059147998690605,0.2,0,cn,cn_plus,59,8,5,8,5,1,49.299807276279616,0.9801192081212688,3.3153932094573975,-0.7193391919136047,-0.8052903413772583,-0.8052903413772583,0.008445700630545616,0.030379464849829674,4.02250337600708,3.9625964164733887,6.5491766929626465,2.476471185684204,AVAILABLE,4.034732401371002,1351,1535
0.0009379386901855469,0.2484961748123169,0.006592154502868652,0.014821529388427734,0.24120473861694336,0.002536581363528967,0.002679459983482957,1.0,1.0,0.6906105875968933,0.6904677152633667,0.022351622581481934,0.022351622581481934,-0.00014287861995398998,0.0,0.00014287233352661133,0.0009379386901855469,0.2484961748123169,0.006592154502868652,-0.014821529388427734,0.24120473861694336,,0.001322791911661625,0.002045184141024947,0.2,0,degree,degree_u_plus,60,4,1,3,1,1,11.117584986529934,0.9174753054249991,3.341913938522339,3.3409759998321533,-0.9080660343170166,-1.1565622091293335,-0.011063767597079277,-0.01765592209994793,4.102908611297607,4.117730140686035,6.533817768096924,6.2926130294799805,AVAILABLE,0.2484961748123169,2457,2458
,,,,,,,,,,,,,,,,,,,,,NO_CANDIDATE,,,,,cn,cn,60,,,,,,,,,,,,,,,,,,MISSING,,2457,2458
0.0,0.042211294174194336,0.0032065361738204956,0.00331878662109375,0.0420994758605957,0.10534340888261795,0.24746403098106384,0.0,0.0,-0.10534340888261795,-0.24746403098106384,0.006525322794914246,0.006525322794914246,-0.1421206220984459,0.0,0.1421206220984459,0.0,0.042211294174194336,0.0032065361738204956,-0.00331878662109375,0.0420994758605957,,0.03103768825531006,0.030765404924750328,0.2,0,degree,degree_u_plus,61,29,3,28,3,1,6.468833927840928,0.8661102911563763,-0.7193391919136047,-0.7193391919136047,1.8892103433609009,1.8469990491867065,0.21787504851818085,0.21466851234436035,4.193268775939941,4.196587562561035,5.589139938354492,5.5470404624938965,AVAILABLE,0.042211294174194336,109,1805
3.1732922196388245,0.0,0.13463926315307617,0.005614280700683594,3.044267177581787,0.24746403098106384,0.24746403098106384,1.0,0.0,0.44568315148353577,-0.24746403098106384,0.14025354385375977,0.14025354385375977,0.0,1.0,0.6931471824645996,3.1732922196388245,0.0,-0.13463926315307617,0.005614280700683594,3.044267177581787,,0.009323959238827229,0.030765404924750328,0.2,0,cn,cn_plus,61,28,3,28,3,1,22.62539616605771,0.9576726674561891,2.4539530277252197,-0.7193391919136047,1.8469990491867065,1.8469990491867065,0.08002924919128418,0.21466851234436035,4.202201843261719,4.196587562561035,8.591307640075684,5.5470404624938965,AVAILABLE,3.1732922196388245,109,1805
0.0,0.8142309486865997,0.015549756586551666,2.620070457458496,1.821389079093933,0.002709528198465705,0.002212853403761983,0.0,0.0,-0.002709528198465705,-0.002212853403761983,2.6356202140450478,2.6356202140450478,0.000496674794703722,0.0,-0.000496674794703722,0.0,-0.8142309486865997,0.015549756586551666,2.620070457458496,1.821389079093933,,0.03138883039355278,0.01098923571407795,0.2,0,degree,degree_u_plus,62,1,8,0,8,1,0.3089333361681941,0.23601915210790922,-0.7193391919136047,-0.7193391919136047,0.49399539828300476,1.3082263469696045,0.08173447847366333,0.06618472188711166,-1.308866024017334,-3.92893648147583,-1.4443506002426147,-3.265739679336548,AVAILABLE,0.8142309486865997,907,1351
,,,,,,,,,,,,,,,,,,,,,NO_CANDIDATE,,,,,cn,cn,62,,,,,,,,,,,,,,,,,,MISSING,,907,1351
0.0,0.04767763614654541,0.0059245675802230835,0.1406083106994629,0.0870058536529541,-0.000550437078345567,0.0014682164182886481,0.0,0.0,0.000550437078345567,-0.0014682164182886481,0.14653287827968597,0.14653287827968597,-0.002018653496634215,0.0,0.002018653496634215,0.0,0.04767763614654541,0.0059245675802230835,-0.1406083106994629,-0.0870058536529541,,0.017905352637171745,0.016289176419377327,0.2,0,degree,degree_u_plus,63,11,0,10,0,1,0.32537157157199786,0.24549460585312002,-0.7193391919136047,-0.7193391919136047,1.4513232707977295,1.403645634651184,0.08133881539106369,0.0754142478108406,2.290708065032959,2.431316375732422,3.1121559143066406,3.1991617679595947,AVAILABLE,0.04767763614654541,748,1617
,,,,,,,,,,,,,,,,,,,,,NO_CANDIDATE,,,,,cn,cn,63,,,,,,,,,,,,,,,,,,MISSING,,748,1617
0.0,0.37486720085144043,0.04261050978675485,0.1334829330444336,0.5509605407714844,0.0025667769368737936,0.0024834738578647375,0.0,0.0,-0.0025667769368737936,-0.0024834738578647375,0.17609344283118844,0.17609344283118844,8.330307900905609e-05,0.0,-8.330307900905609e-05,0.0,-0.37486720085144043,-0.04261050978675485,-0.1334829330444336,-0.5509605407714844,,0.000937709875870496,0.008058439940214157,0.2,0,degree,degree_u_plus,64,2,1,1,1,1,2.128796924726134,0.6803883332608648,-0.7193391919136047,-0.7193391919136047,-1.2960147857666016,-0.9211475849151611,-0.004616206977516413,0.037994302809238434,2.9028820991516113,3.036365032196045,0.8910367488861084,1.4419972896575928,AVAILABLE,0.37486720085144043,1357,2170
3.109253466129303,0.0,0.0682352352887392,1.0173697471618652,4.058387994766235,0.0024834738578647375,0.0024834738578647375,1.0,0.0,0.6906636953353882,-0.0024834738578647375,1.0856049824506044,1.0856049824506044,0.0,1.0,0.6931471691932529,3.109253466129303,0.0,-0.0682352352887392,1.0173697471618652,4.058387994766235,,0.004089354537427425,0.008058439940214157,0.2,0,cn,cn_plus,64,1,1,1,1,1,2.864074398838743,0.7412058110732737,2.3899142742156982,-0.7193391919136047,-0.9211475849151611,-0.9211475849151611,-0.03024093247950077,0.037994302809238434,4.05373477935791,3.036365032196045,5.500385284423828,1.4419972896575928,AVAILABLE,3.109253466129303,1357,2170
0.0,0.19942694902420044,0.015835903584957123,0.13216853141784668,0.08309435844421387,0.17653506994247437,0.18117393553256989,0.0,0.0,-0.17653506994247437,-0.18117393553256989,0.1480044350028038,0.1480044350028038,-0.00463886559009552,0.0,0.00463886559009552,0.0,0.19942694902420044,0.015835903584957123,-0.13216853141784668,0.08309435844421387,,0.027185650542378426,0.02433343045413494,0.2,0,degree,degree_u_plus,65,12,2,11,2,1,1.3474389165840424,0.5740038247916649,-0.7193391919136047,-0.7193391919136047,0.8640320301055908,0.6646050810813904,0.13166606426239014,0.11583016067743301,3.1281819343566895,3.260350465774536,3.412665843963623,3.329571485519409,AVAILABLE,0.19942694902420044,645,1495
3.8976975083351135,0.0,0.07516553997993469,0.1711735725402832,3.9937055110931396,0.18117393553256989,0.18117393553256989,1.0,0.0,0.5119732618331909,-0.18117393553256989,0.2463391125202179,0.2463391125202179,0.0,1.0,0.6931471973657608,3.8976975083351135,0.0,-0.07516553997993469,0.1711735725402832,3.9937055110931396,,0.005558957811444998,0.02433343045413494,0.2,0,cn,cn_plus,65,11,2,11,2,1,15.822486775381025,0.9405557565089927,3.178358316421509,-0.7193391919136047,0.6646050810813904,0.6646050810813904,0.04066462069749832,0.11583016067743301,3.4315240383148193,3.260350465774536,7.323276996612549,3.329571485519409,AVAILABLE,3.8976975083351135,645,1495
0.033118247985839844,0.09107434749603271,0.0010493798181414604,0.08808469772338867,0.14499187469482422,0.22552335262298584,0.09507910907268524,2.0,2.0,0.8730889558792114,1.0035332441329956,0.12225232552736998,0.12225232552736998,0.1304442435503006,0.0,-0.13044428825378418,0.033118247985839844,-0.09107434749603271,0.0010493798181414604,-0.08808469772338867,-0.14499187469482422,,0.001111403340473771,0.0012386968592181802,0.2,0,degree,degree_u_plus,66,3,5,2,5,1,0.7449702052983921,0.4269243125391939,3.4174416065216064,3.3843233585357666,-1.1052967309951782,-1.0142223834991455,-0.009541329927742481,-0.010590709745883942,4.052659511566162,4.140744209289551,6.363387584686279,6.5083794593811035,AVAILABLE,0.09107434749603271,56,1849
,,,,,,,,,,,,,,,,,,,,,NO_CANDIDATE,,,,,cn,cn,66,,,,,,,,,,,,,,,,,,MISSING,,56,1849
0.0,0.3372364044189453,0.017424470745027065,1.223706841468811,0.8690459132194519,0.006401163060218096,0.003920084796845913,0.0,0.0,-0.006401163060218096,-0.003920084796845913,1.241131312213838,1.241131312213838,0.002481078263372183,0.0,-0.002481078263372183,0.0,0.3372364044189453,0.017424470745027065,-1.223706841468811,-0.8690459132194519,,0.006864761933684349,0.0007348034996539354,0.2,0,degree,degree_u_plus,67,6,1,5,1,1,0.27171693952369846,0.21366149264746426,-0.7193391919136047,-0.7193391919136047,-0.31148362159729004,-0.6487200260162354,0.02078329585492611,0.003358825109899044,1.9759272336959839,3.199634075164795,0.974012553691864,1.843058466911316,AVAILABLE,0.3372364044189453,743,1570
4.241614878177643,0.0,0.00011461391113698483,0.958284854888916,5.199785351753235,0.003920084796845913,0.003920084796845913,1.0,0.0,0.6892271041870117,-0.003920084796845913,0.958399468800053,0.958399468800053,0.0,1.0,0.6931471889838576,4.241614878177643,0.0,-0.00011461391113698483,0.958284854888916,5.199785351753235,,0.00038936021155677736,0.0007348034996539354,0.2,0,cn,cn_plus,67,5,1,5,1,1,4.4257274466470715,0.8156929167870443,3.522275686264038,-0.7193391919136047,-0.6487200260162354,-0.6487200260162354,0.003244211198762059,0.003358825109899044,4.157918930053711,3.199634075164795,7.042843818664551,1.843058466911316,AVAILABLE,4.241614878177643,743,1570
0.0,0.36550235748291016,0.0019018086604773998,0.06688117980957031,0.2967193126678467,0.09507910907268524,0.003920084796845913,0.0,0.0,-0.09507910907268524,-0.003920084796845913,0.06878298847004771,0.06878298847004771,0.09115902427583933,0.0,-0.09115902427583933,0.0,-0.36550235748291016,0.0019018086604773998,0.06688117980957031,-0.2967193126678467,,0.0008766435203142464,0.0006033894023858011,0.2,0,degree,degree_u_plus,68,2,5,1,5,1,5.313847398526426,0.8416179649458446,-0.7193391919136047,-0.7193391919136047,-1.0142223834991455,-0.6487200260162354,0.005260633770376444,0.003358825109899044,4.262059211730957,4.195178031921387,2.5418832302093506,2.8386025428771973,AVAILABLE,0.36550235748291016,8,281
4.039536535739899,0.0,0.012136566452682018,0.10789966583251953,4.1352996826171875,0.003920084796845913,0.003920084796845913,1.0,0.0,0.6892271041870117,-0.003920084796845913,0.12003623228520155,0.12003623228520155,0.0,1.0,0.6931471889838576,4.039536535739899,0.0,-0.012136566452682018,0.10789966583251953,4.1352996826171875,,0.0010600147070363164,0.0006033894023858011,0.2,0,cn,cn_plus,68,1,5,1,5,1,33.65264072614097,0.9711421704365051,3.320197343826294,-0.7193391919136047,-0.6487200260162354,-0.6487200260162354,-0.008777741342782974,0.003358825109899044,4.303077697753906,4.195178031921387,6.973902225494385,2.8386025428771973,AVAILABLE,4.039536535739899,8,281
0.0,0.05436551570892334,0.004345312714576721,0.25820088386535645,0.19948995113372803,0.568725049495697,0.5121098756790161,0.0,0.0,-0.568725049495697,-0.5121098756790161,0.26254619657993317,0.26254619657993317,0.05661517381668091,0.0,-0.05661517381668091,0.0,0.05436551570892334,0.004345312714576721,-0.25820088386535645,-0.19948995113372803,,0.0649186298251152,0.059292249381542206,0.2,0,degree,degree_u_plus,69,27,4,26,4,1,0.20707027695093191,0.1715478219495164,-0.7193391919136047,-0.7193391919136047,1.447340965270996,1.3929754495620728,0.18661420047283173,0.182268887758255,0.5212917327880859,0.7794926166534424,1.4440324306488037,1.6435223817825317,AVAILABLE,0.05436551570892334,598,1301
4.20975786447525,0.0,0.10163737833499908,0.8860843181610107,4.994205355644226,0.5121098756790161,0.5121098756790161,1.0,0.0,0.1810373067855835,-0.5121098756790161,0.9877216964960098,0.9877216964960098,0.0,1.0,0.6931471824645996,4.20975786447525,0.0,-0.10163737833499908,0.8860843181610107,4.994205355644226,,0.012162343598902225,0.059292249381542206,0.2,0,cn,cn_plus,69,26,4,26,4,1,4.262089044706295,0.809961406676307,3.4904186725616455,-0.7193391919136047,1.3929754495620728,1.3929754495620728,0.08063150942325592,0.182268887758255,1.6655769348144531,0.7794926166534424,6.637727737426758,1.6435223817825317,AVAILABLE,4.20975786447525,598,1301
0.0005016326904296875,0.06392538547515869,0.0033489371999166906,0.01899099349975586,0.04778146743774414,0.2639470398426056,0.2842516303062439,1.0,1.0,0.429200142621994,0.4088955521583557,0.022841563390102237,0.022841563390102237,-0.020304590463638306,0.0,0.020304590463638306,-0.0005016326904296875,0.06392538547515869,0.0033489371999166906,-0.01899099349975586,0.04778146743774414,,4.782347969012335e-05,0.0004170947358943522,0.2,0,degree,degree_u_plus,70,5,4,4,4,1,2.7986419491951016,0.7367480238004819,3.540879726409912,3.541381359100342,-1.1330457925796509,-1.1969711780548096,-0.0004290263750590384,-0.003777963574975729,4.296686172485352,4.315677165985107,6.712215900421143,6.664434432983398,AVAILABLE,0.06392538547515869,1388,2181
0.015546083450317383,0.0,0.0021663247607648373,0.002425670623779297,0.015286922454833984,0.2842516303062439,0.2842516303062439,2.0,1.0,0.8143606781959534,0.4088955521583557,0.004591995384544134,0.004591995384544134,0.0,1.0,0.40546512603759766,-0.015546083450317383,0.0,-0.0021663247607648373,0.002425670623779297,-0.015286922454833984,,0.0006570559344254434,0.0004170947358943522,0.2,0,cn,cn_plus,70,4,4,4,4,1,3.3854671648780528,0.7719741221622378,3.5258352756500244,3.541381359100342,-1.1969711780548096,-1.1969711780548096,-0.005944288335740566,-0.003777963574975729,4.318102836608887,4.315677165985107,6.6491475105285645,6.664434432983398,AVAILABLE,0.015546083450317383,1388,2181
0.007228851318359375,0.0004863739013671875,0.002948296256363392,0.021238327026367188,0.026005268096923828,0.2842516303062439,0.1860230416059494,1.0,1.0,0.4088955521583557,0.507124125957489,0.031415474601089954,0.031415474601089954,0.0982285887002945,0.0,-0.0982285737991333,-0.007228851318359375,-0.0004863739013671875,0.002948296256363392,-0.021238327026367188,-0.026005268096923828,,0.001254612230695784,0.0015790980542078614,0.2,0,degree,degree_u_plus,71,4,4,3,4,1,0.015481979907141487,0.015245942531207892,3.418003797531128,3.4252326488494873,-1.1969711780548096,-1.1964848041534424,-0.011210635304450989,-0.01415893156081438,4.309352874755859,4.330591201782227,6.527299880981445,6.553305149078369,AVAILABLE,0.0004863739013671875,1818,2305
0.057618141174316406,0.0,0.004311353899538517,0.0053348541259765625,0.0565948486328125,0.1860230416059494,0.1860230416059494,2.0,1.0,0.9125892519950867,0.507124125957489,0.00964620802551508,0.00964620802551508,0.0,1.0,0.40546512603759766,-0.057618141174316406,0.0,-0.004311353899538517,0.0053348541259765625,-0.0565948486328125,,0.002071009250357747,0.0015790980542078614,0.2,0,cn,cn_plus,71,3,4,3,4,1,5.973132788613262,0.8565924340874529,3.367614507675171,3.4252326488494873,-1.1964848041534424,-1.1964848041534424,-0.018470285460352898,-0.01415893156081438,4.335926055908203,4.330591201782227,6.496710300445557,6.553305149078369,AVAILABLE,0.057618141174316406,1818,2305
0.08956170082092285,0.3682830333709717,0.0046570636332035065,0.07931709289550781,0.36269521713256836,0.45641225576400757,0.35121163725852966,1.0,1.0,0.23673492670059204,0.34193554520606995,0.17353585734963417,0.17353585734963417,0.1052006185054779,0.0,-0.1052006185054779,0.08956170082092285,-0.3682830333709717,-0.0046570636332035065,-0.07931709289550781,-0.36269521713256836,,0.005328236147761345,0.005671202205121517,0.2,0,degree,degree_u_plus,72,4,14,3,14,1,2.1222300553520013,0.6797161060294579,3.1135318279266357,3.023970127105713,0.3313348889350891,0.6996179223060608,0.04039522260427475,0.045052286237478256,4.09608793258667,4.175405025482178,7.589474678039551,7.952169895172119,AVAILABLE,0.3682830333709717,2228,2394
0.012624979019165039,0.0,0.004993986338376999,0.018007755279541016,0.00038909912109375,0.35121163725852966,0.35121163725852966,2.0,1.0,0.7474006414413452,0.34193554520606995,0.023001741617918015,0.023001741617918015,0.0,1.0,0.40546509623527527,-0.012624979019165039,0.0,-0.004993986338376999,0.018007755279541016,0.00038909912109375,,0.005042309872806072,0.005671202205121517,0.2,0,cn,cn_plus,72,3,14,3,14,1,0.5488703307851726,0.35436816102412677,3.011345148086548,3.023970127105713,0.6996179223060608,0.6996179223060608,0.04005829989910126,0.045052286237478256,4.193412780761719,4.175405025482178,7.952558994293213,7.952169895172119,AVAILABLE,0.012624979019165039,2228,2394
0.0,0.13945257663726807,0.00026828236877918243,1.1815351843833923,1.0423510074615479,0.002679459983482957,0.0025667769368737936,0.0,0.0,-0.002679459983482957,-0.0025667769368737936,1.1818034667521715,1.1818034667521715,0.00011268304660916328,0.0,-0.00011268304660916328,0.0,0.13945257663726807,-0.00026828236877918243,-1.1815351843833923,-1.0423510074615479,,0.0017050583846867085,0.00110292446333915,0.2,0,degree,degree_u_plus,73,3,1,2,1,1,0.11799980231951186,0.10554545901948992,-0.7193391919136047,-0.7193391919136047,-1.1565622091293335,-1.2960147857666016,-0.004884489346295595,-0.004616206977516413,0.9839192032814026,2.165454387664795,-0.8887419700622559,0.153609037399292,AVAILABLE,0.13945257663726807,2303,2541
4.224158346652985,0.0,0.01636307267472148,2.0942444801330566,6.302039384841919,0.0025667769368737936,0.0025667769368737936,1.0,0.0,0.690580427646637,-0.0025667769368737936,2.110607552807778,2.110607552807778,0.0,1.0,0.6931472045835108,4.224158346652985,0.0,-0.01636307267472148,2.0942444801330566,6.302039384841919,,0.002310108859091997,0.00110292446333915,0.2,0,cn,cn_plus,73,2,1,2,1,1,2.001394489951279,0.6668215380057445,3.50481915473938,-0.7193391919136047,-1.2960147857666016,-1.2960147857666016,-0.020979279652237892,-0.004616206977516413,4.259698867797852,2.165454387664795,6.455648422241211,0.153609037399292,AVAILABLE,4.224158346652985,2303,2541
0.0,0.17002597451210022,0.011810027062892914,0.01905083656311035,0.16278529167175293,0.32077300548553467,0.32077300548553467,0.0,0.0,-0.32077300548553467,-0.32077300548553467,0.030860863626003265,0.030860863626003265,0.0,0.0,0.0,0.0,0.17002597451210022,0.011810027062892914,-0.01905083656311035,0.16278529167175293,,0.027139147743582726,0.025312790647149086,0.2,0,degree,degree_u_plus,74,13,3,12,3,1,5.509434910126359,0.8463768339638275,-0.7193391919136047,-0.7193391919136047,0.5505886673927307,0.3805626928806305,0.11426360160112381,0.1024535745382309,2.8260958194732666,2.845146656036377,2.779733657836914,2.616948366165161,AVAILABLE,0.17002597451210022,661,1879
3.5540857911109924,0.0,0.07806340605020523,0.3281874656677246,3.8042099475860596,0.32077300548553467,0.32077300548553467,1.0,0.0,0.37237417697906494,-0.32077300548553467,0.40625087171792984,0.40625087171792984,0.0,1.0,0.6931471824645996,3.5540857911109924,0.0,-0.07806340605020523,0.3281874656677246,3.8042099475860596,,0.0038032187148928642,0.025312790647149086,0.2,0,cn,cn_plus,74,12,3,12,3,1,8.748499882835167,0.8974201146823865,2.8347465991973877,-0.7193391919136047,0.3805626928806305,0.3805626928806305,0.024390168488025665,0.1024535745382309,3.1733341217041016,2.845146656036377,6.421158313751221,2.616948366165161,AVAILABLE,3.5540857911109924,661,1879
0.0,0.1554011106491089,0.003950207028537989,0.0625298023223877,0.22188115119934082,0.09507910907268524,0.09507910907268524,0.0,0.0,-0.09507910907268524,-0.09507910907268524,0.06648000935092568,0.06648000935092568,0.0,0.0,0.0,0.0,0.1554011106491089,0.003950207028537989,0.0625298023223877,0.22188115119934082,,0.0009758095256984234,0.0002391304005868733,0.2,0,degree,degree_u_plus,75,5,2,4,2,1,2.3375611524539224,0.7003800217219224,-0.7193391919136047,-0.7193391919136047,-1.0142223834991455,-1.1696234941482544,0.005260633770376444,0.0013104267418384552,3.652223825454712,3.589694023132324,1.9320476055145264,1.7101664543151855,AVAILABLE,0.1554011106491089,1395,2072
4.230845034122467,0.0,0.01608168799430132,0.36946916580200195,4.584232330322266,0.09507910907268524,0.09507910907268524,1.0,0.0,0.5980680584907532,-0.09507910907268524,0.3855508537963033,0.3855508537963033,0.0,1.0,0.6931471675634384,4.230845034122467,0.0,-0.01608168799430132,0.36946916580200195,4.584232330322266,,0.001706660958006978,0.0002391304005868733,0.2,0,cn,cn_plus,75,4,2,4,2,1,10.973506822066762,0.9164822791801451,3.5115058422088623,-0.7193391919136047,-1.1696234941482544,-1.1696234941482544,-0.014771261252462864,0.0013104267418384552,3.959163188934326,3.589694023132324,6.294398784637451,1.7101664543151855,AVAILABLE,4.230845034122467,1395,2072
0.001077413558959961,0.1649426817893982,0.0025451388210058212,0.014044761657714844,0.18261003494262695,0.2957470417022705,0.09993232041597366,2.0,2.0,0.8028652667999268,0.9986799955368042,0.017667314037680626,0.017667314037680626,0.19581472128629684,0.0,-0.19581472873687744,-0.001077413558959961,-0.1649426817893982,-0.0025451388210058212,-0.014044761657714844,-0.18261003494262695,,0.0006625541718676686,0.0009668938582763076,0.2,0,degree,degree_u_plus,76,3,6,2,6,1,9.336030823774482,0.9032510625161988,3.548314094543457,3.549391508102417,-0.9425831437110901,-0.7776404619216919,0.005850829184055328,0.00839596800506115,4.333969593048096,4.3480143547058105,6.953676223754883,7.13628625869751,AVAILABLE,0.1649426817893982,1091,2176
,,,,,,,,,,,,,,,,,,,,,NO_CANDIDATE,,,,,cn,cn,76,,,,,,,,,,,,,,,,,,MISSING,,1091,2176
0.0,0.06665921211242676,0.00817999430000782,0.29901742935180664,0.22417807579040527,0.0017051668837666512,0.0015924838371574879,0.0,0.0,-0.0017051668837666512,-0.0015924838371574879,0.30719742365181446,0.30719742365181446,0.00011268304660916328,0.0,-0.00011268304660916328,0.0,0.06665921211242676,0.00817999430000782,-0.29901742935180664,-0.22417807579040527,,0.003279438940808177,0.0018733413890004158,0.2,0,degree,degree_u_plus,77,3,0,2,0,1,0.21699143550782407,0.17830153046005476,-0.7193391919136047,-0.7193391919136047,0.7768762111663818,0.7102169990539551,0.017444739118218422,0.009264744818210602,-3.8057680130004883,-3.5067505836486816,-3.722661256790161,-3.498483180999756,AVAILABLE,0.06665921211242676,387,2191
,,,,,,,,,,,,,,,,,,,,,NO_CANDIDATE,,,,,cn,cn,77,,,,,,,,,,,,,,,,,,MISSING,,387,2191
0.0010576248168945312,0.33314719796180725,0.011742165661416948,0.002391338348388672,0.34144020080566406,0.09682951122522354,0.09993232041597366,1.0,1.0,0.5963176488876343,0.5932148694992065,0.015191128826700151,0.015191128826700151,-0.003102809190750122,0.0,0.0031027793884277344,-0.0010576248168945312,0.33314719796180725,0.011742165661416948,-0.002391338348388672,0.34144020080566406,,0.0016145819099619985,0.00019621588580776006,0.2,0,degree,degree_u_plus,78,7,2,6,2,1,21.930363599617905,0.9563897015563825,3.5011823177337646,3.502239942550659,-0.44449326395988464,-0.7776404619216919,0.01343912910670042,0.0016969634452834725,4.364482402801514,4.366873741149902,7.442735195159912,7.101294994354248,AVAILABLE,0.33314719796180725,1300,2508
0.004610538482666016,0.0,0.0014992280630394816,0.0003972053527832031,0.006506919860839844,0.09993232041597366,0.09993232041597366,2.0,1.0,0.9986799955368042,0.5932148694992065,0.0018964334158226848,0.0018964334158226848,0.0,1.0,0.40546512603759766,0.004610538482666016,0.0,0.0014992280630394816,0.0003972053527832031,0.006506919860839844,,0.00036929023917764425,0.00019621588580776006,0.2,0,cn,cn_plus,78,6,2,6,2,1,2.4311500381180347,0.7085525293587878,3.506850481033325,3.502239942550659,-0.7776404619216919,-0.7776404619216919,0.003196191508322954,0.0016969634452834725,4.3672709465026855,4.366873741149902,7.107801914215088,7.101294994354248,AVAILABLE,0.004610538482666016,1300,2508
0.0,1.9334384202957153,0.022329228464514017,1.1012319922447205,3.0569995045661926,0.002679459983482957,0.0017051668837666512,0.0,0.0,-0.002679459983482957,-0.0017051668837666512,1.1235612207092345,1.1235612207092345,0.0009742930997163057,0.0,-0.0009742930997163057,0.0,-1.9334384202957153,-0.022329228464514017,-1.1012319922447205,-3.0569995045661926,,0.0013058780459687114,0.0076780421659350395,0.2,0,degree,degree_u_plus,79,1,3,0,3,1,1.7208126868842348,0.6324627546686575,-0.7193391919136047,-0.7193391919136047,-1.1565622091293335,0.7768762111663818,-0.004884489346295595,0.017444739118218422,-1.859601378440857,-0.7583693861961365,-3.732262372970581,-0.6752628684043884,AVAILABLE,1.9334384202957153,926,1862
,,,,,,,,,,,,,,,,,,,,,NO_CANDIDATE,,,,,cn,cn,79,,,,,,,,,,,,,,,,,,MISSING,,926,1862
0.0,0.05628502368927002,0.007969187805429101,2.8771122097969055,2.925428032875061,0.06396091729402542,0.0025667769368737936,0.0,0.0,-0.06396091729402542,-0.0025667769368737936,2.8850813976023346,2.8850813976023346,0.06139414035715163,0.0,-0.06139414035715163,0.0,-0.05628502368927002,0.007969187805429101,-2.8771122097969055,-2.925428032875061,,0.0011519599938765168,0.0008052321500144899,0.2,0,degree,degree_u_plus,80,2,2,1,2,1,0.019508989777881538,0.019135672145600132,-0.7193391919136047,-0.7193391919136047,-1.3522998094558716,-1.2960147857666016,0.0033529808279126883,-0.004616206977516413,0.8356828093528748,3.7127950191497803,-1.2244784832000732,1.7009495496749878,AVAILABLE,0.05628502368927002,1125,2332
4.221118986606598,0.0,0.020536610390990973,0.5437338352203369,4.744316220283508,0.0025667769368737936,0.0025667769368737936,1.0,0.0,0.690580427646637,-0.0025667769368737936,0.5642704456113279,0.5642704456113279,0.0,1.0,0.6931472045835108,4.221118986606598,0.0,-0.020536610390990973,0.5437338352203369,4.744316220283508,,0.0027702937368303537,0.0008052321500144899,0.2,0,cn,cn_plus,80,1,2,1,2,1,7.480666309267349,0.8820847367963013,3.501779794692993,-0.7193391919136047,-1.2960147857666016,-1.2960147857666016,-0.025152817368507385,-0.004616206977516413,4.256528854370117,3.7127950191497803,6.445265769958496,1.7009495496749878,AVAILABLE,4.221118986606598,1125,2332
0.00036978721618652344,0.16116034984588623,0.006542397662997246,0.00351715087890625,0.1638164520263672,0.40617433190345764,0.4092811644077301,2.0,2.0,0.692438006401062,0.6893311738967896,0.01042933575809002,0.01042933575809002,-0.003106832504272461,0.0,0.003106832504272461,-0.00036978721618652344,0.16116034984588623,0.006542397662997246,-0.00351715087890625,0.1638164520263672,,0.0018133706180378795,0.0010330110089853406,0.2,0,degree,degree_u_plus,81,8,4,7,4,1,15.452584810593178,0.9392192770004055,3.5310850143432617,3.5314548015594482,-0.7037890553474426,-0.8649494051933289,0.015583466738462448,0.009041069075465202,4.343189239501953,4.346706390380859,7.1941938400268555,7.030377388000488,AVAILABLE,0.16116034984588623,577,2351
0.003314495086669922,0.0,0.0008241124451160431,0.001434326171875,0.005573272705078125,0.4092811644077301,0.4092811644077301,3.0,2.0,0.9770132303237915,0.6893311738967896,0.002258438616991043,0.002258438616991043,0.0,1.0,0.28768205642700195,0.003314495086669922,0.0,0.0008241124451160431,0.001434326171875,0.005573272705078125,,0.0011264547938480973,0.0010330110089853406,0.2,0,cn,cn_plus,81,7,4,7,4,1,1.4675981829889324,0.5947476348078973,3.534769296646118,3.5314548015594482,-0.8649494051933289,-0.8649494051933289,0.009865181520581245,0.009041069075465202,4.348140716552734,4.346706390380859,7.035950660705566,7.030377388000488,AVAILABLE,0.003314495086669922,577,2351
0.016225814819335938,0.07518327236175537,0.003246103529818356,0.012279510498046875,0.07448339462280273,0.42931193113327026,0.36644619703292847,1.0,1.0,0.26383525133132935,0.32670098543167114,0.03175142884720117,0.03175142884720117,0.0628657341003418,0.0,-0.0628657341003418,-0.016225814819335938,0.07518327236175537,0.003246103529818356,0.012279510498046875,0.07448339462280273,,0.00011429659207351506,0.00025498648756183684,0.2,0,degree,degree_u_plus,82,6,5,5,5,1,2.367869775085252,0.7030764053296311,3.3899085521698,3.4061343669891357,-1.0675909519195557,-1.142774224281311,0.0009983560303226113,-0.0022477474994957447,4.2762861251831055,4.264006614685059,6.60772705078125,6.533243656158447,AVAILABLE,0.07518327236175537,45,2667
0.011867761611938477,0.0,0.0009859497658908367,0.013920783996582031,0.0010671615600585938,0.36644619703292847,0.36644619703292847,2.0,1.0,0.7321661114692688,0.32670098543167114,0.014906733762472868,0.014906733762472868,0.0,1.0,0.40546512603759766,-0.011867761611938477,0.0,-0.0009859497658908367,0.013920783996582031,0.0010671615600585938,,0.0003667070996016264,0.00025498648756183684,0.2,0,cn,cn_plus,82,5,5,5,5,1,0.7961337365853898,0.44324858465100203,3.3942666053771973,3.4061343669891357,-1.142774224281311,-1.142774224281311,-0.0032336972653865814,-0.0022477474994957447,4.277927398681641,4.264006614685059,6.534310817718506,6.533243656158447,AVAILABLE,0.011867761611938477,45,2667
0.0005879402160644531,0.2485560178756714,0.007932665757834911,0.0044002532958984375,0.25150012969970703,0.31403642892837524,0.3195182979106903,3.0,3.0,1.0722579956054688,1.0667760372161865,0.012920859269797802,0.012920859269797802,-0.0054818689823150635,0.0,0.0054819583892822266,-0.0005879402160644531,0.2485560178756714,0.007932665757834911,-0.0044002532958984375,0.25150012969970703,,0.0025573838502168655,0.0015653053997084498,0.2,0,degree,degree_u_plus,83,8,3,7,3,1,19.236787609690058,0.9505850424836615,3.5559136867523193,3.556501626968384,-0.49998706579208374,-0.7485430836677551,0.021439917385578156,0.013507251627743244,4.306195259094238,4.310595512390137,7.39168643951416,7.140186309814453,AVAILABLE,0.2485560178756714,1273,2125
,,,,,,,,,,,,,,,,,,,,,NO_CANDIDATE,,,,,cn,cn,83,,,,,,,,,,,,,,,,,,MISSING,,1273,2125
0.0,0.0224759578704834,0.0024298131465911865,0.08120620250701904,0.10611248016357422,-0.021672556176781654,0.06306873261928558,0.0,0.0,0.021672556176781654,-0.06306873261928558,0.08363601565361023,0.08363601565361023,-0.08474128879606724,0.0,0.08474128879606724,0.0,0.0224759578704834,0.0024298131465911865,0.08120620250701904,0.10611248016357422,,0.04740702360868454,0.04787765443325043,0.2,0,degree,degree_u_plus,84,28,1,27,1,1,0.2687353648721973,0.21181356830805112,-0.7193391919136047,-0.7193391919136047,2.5705177783966064,2.548041820526123,0.2669978737831116,0.2645680606365204,2.075176954269409,1.9939707517623901,4.201478481292725,4.09536600112915,AVAILABLE,0.0224759578704834,2045,2047
3.303791344165802,0.0,0.15328547358512878,1.8955422639846802,5.046047687530518,0.06306873261928558,0.06306873261928558,1.0,0.0,0.6300784349441528,-0.06306873261928558,2.048827737569809,2.048827737569809,0.0,1.0,0.6931471675634384,3.303791344165802,0.0,-0.15328547358512878,1.8955422639846802,5.046047687530518,,0.012184283696115017,0.04787765443325043,0.2,0,cn,cn_plus,84,27,1,27,1,1,1.6125276261435606,0.6172289280339082,2.5844521522521973,-0.7193391919136047,2.548041820526123,2.548041820526123,0.1112825870513916,0.2645680606365204,3.8895130157470703,1.9939707517623901,9.141413688659668,4.09536600112915,AVAILABLE,3.303791344165802,2045,2047
0.0,0.3546631336212158,0.024622485041618347,0.4724807143211365,0.09319490194320679,0.568725049495697,0.31951904296875,0.0,0.0,-0.568725049495697,-0.31951904296875,0.4971031993627548,0.4971031993627548,0.24920600652694702,0.0,-0.24920600652694702,0.0,-0.3546631336212158,-0.024622485041618347,0.4724807143211365,0.09319490194320679,,0.07438371330499649,0.06926814466714859,0.2,0,degree,degree_u_plus,85,4,27,3,27,1,0.7134597543151343,0.41638547536256687,-0.7193391919136047,-0.7193391919136047,1.447340965270996,1.802004098892212,0.18661420047283173,0.21123668551445007,0.15551024675369263,-0.31697046756744385,1.0782508850097656,0.9850559830665588,AVAILABLE,0.3546631336212158,341,2045
4.094598352909088,0.0,0.12172847241163254,2.3080884218215942,6.280958116054535,0.31951904296875,0.31951904296875,1.0,0.0,0.3736281394958496,-0.31951904296875,2.4298168942332268,2.4298168942332268,0.0,1.0,0.6931471824645996,4.094598352909088,0.0,-0.12172847241163254,2.3080884218215942,6.280958116054535,,0.01233254000544548,0.06926814466714859,0.2,0,cn,cn_plus,85,3,27,3,27,1,1.6851468708508364,0.6275808929277927,3.3752591609954834,-0.7193391919136047,1.802004098892212,1.802004098892212,0.08950821310281754,0.21123668551445007,1.9911179542541504,-0.31697046756744385,7.266014099121094,0.9850559830665588,AVAILABLE,4.094598352909088,341,2045
0.0,0.47370660305023193,0.031287819147109985,0.14542388916015625,0.6504178047180176,0.37532222270965576,0.2571335434913635,0.0,0.0,-0.37532222270965576,-0.2571335434913635,0.17671170830726624,0.17671170830726624,0.11818867921829224,0.0,-0.11818867921829224,0.0,-0.47370660305023193,-0.031287819147109985,-0.14542388916015625,-0.6504178047180176,,0.02583213523030281,0.028015553951263428,0.2,0,degree,degree_u_plus,86,3,17,2,17,1,2.6806745335731,0.7283106694497036,-0.7193391919136047,-0.7193391919136047,1.077337384223938,1.55104398727417,0.15458448231220245,0.18587230145931244,4.032931804656982,4.178355693817139,4.5536394119262695,5.204057216644287,AVAILABLE,0.47370660305023193,6,1042
4.239634573459625,0.0,0.1028822585940361,0.007349491119384766,4.144101619720459,0.2571335434913635,0.2571335434913635,1.0,0.0,0.4360136389732361,-0.2571335434913635,0.11023174971342087,0.11023174971342087,0.0,1.0,0.6931471824645996,4.239634573459625,0.0,-0.1028822585940361,0.007349491119384766,4.144101619720459,,0.008885410614311695,0.028015553951263428,0.2,0,cn,cn_plus,86,2,17,2,17,1,38.461098548020765,0.9746585868920227,3.5202953815460205,-0.7193391919136047,1.55104398727417,1.55104398727417,0.08299004286527634,0.18587230145931244,4.185705184936523,4.178355693817139,9.348158836364746,5.204057216644287,AVAILABLE,4.239634573459625,6,1042
3.0040740966796875e-05,0.08365768194198608,0.0005989717319607735,0.217940092086792,0.1336536407470703,0.3678477704524994,0.2957470417022705,1.0,1.0,0.3252994120121002,0.3974001407623291,0.21856910455971956,0.21856910455971956,0.07210072875022888,0.0,-0.07210072875022888,-3.0040740966796875e-05,-0.08365768194198608,-0.0005989717319607735,0.217940092086792,0.1336536407470703,,0.001444597146473825,0.001423909910954535,0.2,0,degree,degree_u_plus,87,4,6,3,6,1,0.38275161662481055,0.2768043168584952,3.1523702144622803,3.152400255203247,-1.0262408256530762,-0.9425831437110901,-0.011781278066337109,-0.011182306334376335,3.9650142192840576,3.7470741271972656,6.08748722076416,5.95383358001709,AVAILABLE,0.08365768194198608,1920,1926
0.1312727928161621,0.0,0.00550441350787878,0.2978358268737793,0.4346132278442383,0.2957470417022705,0.2957470417022705,2.0,1.0,0.8028652667999268,0.3974001407623291,0.3033402403816581,0.3033402403816581,0.0,1.0,0.40546512603759766,0.1312727928161621,0.0,0.00550441350787878,0.2978358268737793,0.4346132278442383,,0.0006859973073005676,0.001423909910954535,0.2,0,cn,cn_plus,87,3,6,3,6,1,0.4327575804760387,0.30204522130830636,3.283673048019409,3.152400255203247,-0.9425831437110901,-0.9425831437110901,-0.005677892826497555,-0.011182306334376335,4.044909954071045,3.7470741271972656,6.388446807861328,5.95383358001709,AVAILABLE,0.1312727928161621,1920,1926
0.0,0.02686131000518799,0.005359278526157141,1.7845067977905273,1.806008692830801,0.1860230416059494,0.09507910907268524,0.0,0.0,-0.1860230416059494,-0.09507910907268524,1.7898660763166845,1.7898660763166845,0.09094393253326416,0.0,-0.09094393253326416,0.0,-0.02686131000518799,0.005359278526157141,-1.7845067977905273,-1.806008692830801,,0.0017726900987327099,0.0002376215998083353,0.2,0,degree,degree_u_plus,88,3,4,2,4,1,0.015007441177046452,0.01478554793612466,-0.7193391919136047,-0.7193391919136047,-1.1964848041534424,-1.1696234941482544,0.006669705267995596,0.0013104267418384552,1.8399829864501953,3.6244897842407227,-0.061046477407217026,1.744962215423584,AVAILABLE,0.02686131000518799,1568,1729
3.3396912217140198,0.0,0.04765548184514046,0.20779848098754883,3.4998340606689453,0.09507910907268524,0.09507910907268524,1.0,0.0,0.5980680584907532,-0.09507910907268524,0.2554539628326893,0.2554539628326893,0.0,1.0,0.6931471675634384,3.3396912217140198,0.0,-0.04765548184514046,0.20779848098754883,3.4998340606689453,,0.006043476052582264,0.0002376215998083353,0.2,0,cn,cn_plus,88,2,4,2,4,1,13.073553660883425,0.9289447410301608,2.620352029800415,-0.7193391919136047,-1.1696234941482544,-1.1696234941482544,-0.046345055103302,0.0013104267418384552,3.8322882652282715,3.6244897842407227,5.244796276092529,1.744962215423584,AVAILABLE,3.3396912217140198,1568,1729
0.0,0.46615684032440186,0.00755115132778883,0.08417797088623047,0.5578858852386475,0.09993232041597366,0.006401163060218096,0.0,0.0,-0.09993232041597366,-0.006401163060218096,0.0917291222140193,0.0917291222140193,0.09353115735575557,0.0,-0.09353115735575557,0.0,-0.46615684032440186,-0.00755115132778883,-0.08417797088623047,-0.5578858852386475,,0.0023456409107893705,0.003946143668144941,0.2,0,degree,degree_u_plus,89,2,6,1,6,1,5.08188433786532,0.8355772743368233,-0.7193391919136047,-0.7193391919136047,-0.7776404619216919,-0.31148362159729004,0.01323214452713728,0.02078329585492611,4.130951881408691,4.215129852294922,2.6553292274475098,3.2132151126861572,AVAILABLE,0.46615684032440186,360,1824
4.278640329837799,0.0,0.0026823673397302628,0.016877174377441406,4.292834997177124,0.006401163060218096,0.006401163060218096,1.0,0.0,0.6867460012435913,-0.006401163060218096,0.01955954171717167,0.01955954171717167,0.0,1.0,0.6931471643038094,4.278640329837799,0.0,-0.0026823673397302628,0.016877174377441406,4.292834997177124,,0.00222893338650465,0.003946143668144941,0.2,0,cn,cn_plus,89,1,6,1,6,1,218.74940651536028,0.9954493619989363,3.5593011379241943,-0.7193391919136047,-0.31148362159729004,-0.31148362159729004,0.018100928515195847,0.02078329585492611,4.232007026672363,4.215129852294922,7.506050109863281,3.2132151126861572,AVAILABLE,4.278640329837799,360,1824
0.0,0.19404006004333496,0.009665378369390965,0.005087852478027344,0.19861769676208496,0.3195182979106903,0.2957470417022705,0.0,0.0,-0.3195182979106903,-0.2957470417022705,0.014753230847418308,0.014753230847418308,0.0237712562084198,0.0,-0.0237712562084198,0.0,0.19404006004333496,0.009665378369390965,-0.005087852478027344,0.19861769676208496,,0.004508585669100285,0.002690438646823168,0.2,0,degree,degree_u_plus,90,7,3,6,3,1,13.152368489753918,0.9293404492171057,-0.7193391919136047,-0.7193391919136047,-0.7485430836677551,-0.9425831437110901,0.025231942534446716,0.015566564165055752,4.103306770324707,4.108394622802734,2.668781280517578,2.470163583755493,AVAILABLE,0.19404006004333496,482,2308
3.4985013604164124,0.0,0.03913508448749781,0.14179420471191406,3.601160764694214,0.2957470417022705,0.2957470417022705,1.0,0.0,0.3974001407623291,-0.2957470417022705,0.18092928919941187,0.18092928919941187,0.0,1.0,0.6931471824645996,3.4985013604164124,0.0,-0.03913508448749781,0.14179420471191406,3.601160764694214,,0.0029477220959961414,0.002690438646823168,0.2,0,cn,cn_plus,90,6,3,6,3,1,19.336289787761388,0.9508268218816487,2.7791621685028076,-0.7193391919136047,-0.9425831437110901,-0.9425831437110901,-0.023568520322442055,0.015566564165055752,4.250188827514648,4.108394622802734,6.071324348449707,2.470163583755493,AVAILABLE,3.4985013604164124,482,2308
0.0,0.03624260425567627,0.006696936590742553,0.07201480865478516,0.029075145721435547,0.15981024503707886,0.07427151501178741,0.0,0.0,-0.15981024503707886,-0.07427151501178741,0.07871174524552771,0.07871174524552771,0.08553873002529144,0.0,-0.08553873002529144,0.0,0.03624260425567627,0.006696936590742553,-0.07201480865478516,-0.029075145721435547,,0.0011344949016347528,6.634504643443506e-06,0.2,0,degree,degree_u_plus,91,3,3,2,3,1,0.4604471611975077,0.3152782061762232,-0.7193391919136047,-0.7193391919136047,-1.2596449851989746,-1.2958875894546509,0.006657330319285393,-3.960627145715989e-05,3.8824594020843506,3.9544742107391357,1.9182573556900024,1.947332501411438,AVAILABLE,0.03624260425567627,1522,1697
4.233372509479523,0.0,0.02062459764056257,0.3396179676055908,4.552366137504578,0.07427151501178741,0.07427151501178741,1.0,0.0,0.6188756823539734,-0.07427151501178741,0.3602425652461534,0.3602425652461534,0.0,1.0,0.6931471973657608,4.233372509479523,0.0,-0.02062459764056257,0.3396179676055908,4.552366137504578,,0.0022646503057330847,6.634504643443506e-06,0.2,0,cn,cn_plus,91,2,3,2,3,1,11.75144971853164,0.9215775443519412,3.514033317565918,-0.7193391919136047,-1.2958875894546509,-1.2958875894546509,-0.02066420391201973,-3.960627145715989e-05,4.294092178344727,3.9544742107391357,6.499698638916016,1.947332501411438,AVAILABLE,4.233372509479523,1522,1697
0.0,0.2484961748123169,0.0018293755128979683,0.05267333984375,0.19765233993530273,0.002536581363528967,0.002679459983482957,0.0,0.0,-0.002536581363528967,-0.002679459983482957,0.05450271535664797,0.05450271535664797,-0.00014287861995398998,0.0,0.00014287861995398998,0.0,0.2484961748123169,0.0018293755128979683,-0.05267333984375,0.19765233993530273,,0.0005434202030301094,0.0008243851480074227,0.2,0,degree,degree_u_plus,92,4,1,3,1,1,4.559334844014485,0.8201223657041166,-0.7193391919136047,-0.7193391919136047,-0.9080660343170166,-1.1565622091293335,-0.003055113833397627,-0.004884489346295595,3.991549491882324,4.044222831726074,2.3692140579223633,2.1715617179870605,AVAILABLE,0.2484961748123169,741,1088
4.271106064319611,0.0,0.008475340437144041,0.14238834381103516,4.4050188064575195,0.002679459983482957,0.002679459983482957,1.0,0.0,0.6904677152633667,-0.002679459983482957,0.1508636842481792,0.1508636842481792,0.0,1.0,0.6931471752468497,4.271106064319611,0.0,-0.008475340437144041,0.14238834381103516,4.4050188064575195,,0.0014997058315202594,0.0008243851480074227,0.2,0,cn,cn_plus,92,3,1,3,1,1,28.311026623101267,0.9658831465421325,3.551766872406006,-0.7193391919136047,-1.1565622091293335,-1.1565622091293335,-0.013359829783439636,-0.004884489346295595,4.186611175537109,4.044222831726074,6.57658052444458,2.1715617179870605,AVAILABLE,4.271106064319611,741,1088
0.036553382873535156,0.3040498197078705,0.006958929821848869,0.0098724365234375,0.26458311080932617,0.3195182979106903,0.09682951122522354,1.0,1.0,0.3736288845539093,0.5963176488876343,0.053384749218821526,0.053384749218821526,0.22268878668546677,0.0,-0.22268876433372498,0.036553382873535156,-0.3040498197078705,-0.006958929821848869,0.0098724365234375,-0.26458311080932617,,0.0039006355218589306,0.003092170460149646,0.2,0,degree,degree_u_plus,93,3,7,2,7,1,5.6954423726364505,0.8506446707559022,2.207684278488159,2.171130895614624,-0.7485430836677551,-0.44449326395988464,-0.028242506086826324,-0.021283576264977455,4.25601863861084,4.246146202087402,5.695042133331299,5.959625244140625,AVAILABLE,0.3040498197078705,1191,1558
0.6885280609130859,0.0,0.010372344404459,0.049007415771484375,0.7479076385498047,0.09682951122522354,0.09682951122522354,2.0,1.0,1.001782774925232,0.5963176488876343,0.059379760175943375,0.059379760175943375,0.0,1.0,0.40546512603759766,0.6885280609130859,0.0,0.010372344404459,0.049007415771484375,0.7479076385498047,,0.0014337608590722084,0.003092170460149646,0.2,0,cn,cn_plus,93,2,7,2,7,1,11.595330511939746,0.920605497485592,2.85965895652771,2.171130895614624,-0.44449326395988464,-0.44449326395988464,-0.010911231860518456,-0.021283576264977455,4.295153617858887,4.246146202087402,6.70753288269043,5.959625244140625,AVAILABLE,0.6885280609130859,1191,1558
9.655952453613281e-05,0.0057773590087890625,0.00021097809076309204,0.012545108795166016,0.0064601898193359375,0.12368596345186234,0.2202700674533844,1.0,1.0,0.5694612264633179,0.4728771150112152,0.01285264641046524,0.01285264641046524,-0.09658410400152206,0.0,0.09658411145210266,9.655952453613281e-05,0.0057773590087890625,0.00021097809076309204,-0.012545108795166016,-0.0064601898193359375,,0.011049577966332436,0.011021553538739681,0.2,0,degree,degree_u_plus,94,65,2,64,2,1,0.4495069987310066,0.3101102644723581,3.469569683074951,3.469473123550415,2.7668495178222656,2.7610721588134766,0.11125694960355759,0.1110459715127945,3.7212109565734863,3.7337560653686523,10.077011108398438,10.083471298217773,AVAILABLE,0.0057773590087890625,306,2078
0.2928485870361328,0.0,0.008455388247966766,0.12890338897705078,0.17240047454833984,0.2202700674533844,0.2202700674533844,2.0,1.0,0.8783422708511353,0.4728771150112152,0.13735877722501755,0.13735877722501755,0.0,1.0,0.40546515583992004,-0.2928485870361328,0.0,-0.008455388247966766,0.12890338897705078,-0.17240047454833984,,0.01035960204899311,0.011021553538739681,0.2,0,cn,cn_plus,94,64,2,64,2,1,2.131997471384164,0.6807149401822291,3.1766245365142822,3.469473123550415,2.7610721588134766,2.7610721588134766,0.10259058326482773,0.1110459715127945,3.862659454345703,3.7337560653686523,9.911070823669434,10.083471298217773,AVAILABLE,0.2928485870361328,306,2078
0.0,0.03624260425567627,0.006696936590742553,1.2701702117919922,1.2272310256958008,0.15981024503707886,0.07427151501178741,0.0,0.0,-0.15981024503707886,-0.07427151501178741,1.2768671483827347,1.2768671483827347,0.08553873002529144,0.0,-0.08553873002529144,0.0,0.03624260425567627,0.006696936590742553,-1.2701702117919922,-1.2272310256958008,,0.0012639719061553478,9.836531717155594e-06,0.2,0,degree,degree_u_plus,95,3,3,2,3,1,0.02838400535070597,0.027600590054904908,-0.7193391919136047,-0.7193391919136047,-1.2596449851989746,-1.2958875894546509,0.006657330319285393,-3.960627145715989e-05,-3.281350612640381,-2.0111804008483887,-5.245553016662598,-4.018321990966797,AVAILABLE,0.03624260425567627,86,2295
2.896332085132599,0.0,0.05694170770220808,1.3282579183578491,4.167648270726204,0.07427151501178741,0.07427151501178741,1.0,0.0,0.6188756823539734,-0.07427151501178741,1.3851996260600572,1.3851996260600572,0.0,1.0,0.6931471973657608,2.896332085132599,0.0,-0.05694170770220808,1.3282579183578491,4.167648270726204,,0.013525810092687607,9.836531717155594e-06,0.2,0,cn,cn_plus,95,2,3,2,3,1,2.0909131144234756,0.6764710093811478,2.176992893218994,-0.7193391919136047,-1.2958875894546509,-1.2958875894546509,-0.05698131397366524,-3.960627145715989e-05,-0.6829224824905396,-2.0111804008483887,0.14932627975940704,-4.018321990966797,AVAILABLE,2.896332085132599,86,2295
0.007091999053955078,0.26561230421066284,0.012927697505801916,0.0027227401733398438,0.2687253952026367,0.13784030079841614,0.12967205047607422,1.0,1.0,0.5553069114685059,0.5634751319885254,0.022742436733096838,0.022742436733096838,0.008168250322341919,0.0,-0.008168220520019531,-0.007091999053955078,0.26561230421066284,0.012927697505801916,-0.0027227401733398438,0.2687253952026367,,0.0030241075437515974,0.0010891465935856104,0.2,0,degree,degree_u_plus,96,10,2,9,2,1,11.679143731888798,0.9211303206946901,1.86872398853302,1.875815987586975,0.4336864948272705,0.16807419061660767,0.019746987149119377,0.006819289643317461,4.207698822021484,4.210421562194824,6.537981033325195,6.269255638122559,AVAILABLE,0.26561230421066284,364,1632
0.03761649131774902,0.0,0.0036735855974256992,0.006104469299316406,0.040047645568847656,0.12967205047607422,0.12967205047607422,2.0,1.0,0.968940258026123,0.5634751319885254,0.009778054896742105,0.009778054896742105,0.0,1.0,0.40546512603759766,0.03761649131774902,0.0,-0.0036735855974256992,0.006104469299316406,0.040047645568847656,,0.0004992246977053583,0.0010891465935856104,0.2,0,cn,cn_plus,96,9,2,9,2,1,3.8470281916703413,0.7936880165627036,1.9134324789047241,1.875815987586975,0.16807419061660767,0.16807419061660767,0.0031457040458917618,0.006819289643317461,4.216526031494141,4.210421562194824,6.309303283691406,6.269255638122559,AVAILABLE,0.03761649131774902,364,1632
0.0015900135040283203,0.005500316619873047,0.0001948028802871704,0.002762317657470703,0.010046958923339844,1.7205932140350342,1.7205932140350342,2.0,2.0,-0.6219809055328369,-0.6219809055328369,0.004547134041786194,0.004547134041786194,0.0,0.0,0.0,0.0015900135040283203,0.005500316619873047,0.0001948028802871704,0.002762317657470703,0.010046958923339844,,0.01167405303567648,0.011664972640573978,0.2,0,degree,degree_u_plus,97,140,12,139,12,1,1.2096200536705302,0.5474335063447487,2.910005569458008,2.9084155559539795,1.8673418760299683,1.8618415594100952,0.09977667033672333,0.09958186745643616,3.6697511672973633,3.6669888496398926,8.554999351501465,8.544952392578125,AVAILABLE,0.005500316619873047,1358,1742
0.1506643295288086,0.0,0.0011458471417427063,0.023047924041748047,0.17256641387939453,1.7205932140350342,1.7205932140350342,3.0,2.0,-0.33429884910583496,-0.6219809055328369,0.024193771183490753,0.024193771183490753,0.0,1.0,0.28768205642700195,0.1506643295288086,0.0,-0.0011458471417427063,0.023047924041748047,0.17256641387939453,,0.011302280239760876,0.011664972640573978,0.2,0,cn,cn_plus,97,139,12,139,12,1,6.22739903226116,0.8616376381688254,3.059079885482788,2.9084155559539795,1.8618415594100952,1.8618415594100952,0.09843602031469345,0.09958186745643616,3.6900367736816406,3.6669888496398926,8.71751880645752,8.544952392578125,AVAILABLE,0.1506643295288086,1358,1742
0.0,0.03228878974914551,0.0025497227907180786,0.051323652267456055,0.08616209030151367,0.015324816107749939,0.09482063353061676,0.0,0.0,-0.015324816107749939,-0.09482063353061676,0.05387337505817413,0.05387337505817413,-0.07949581742286682,0.0,0.07949581742286682,0.0,0.03228878974914551,0.0025497227907180786,0.051323652267456055,0.08616209030151367,,0.04516289383172989,0.04541945829987526,0.2,0,degree,degree_u_plus,98,29,2,28,2,1,0.5993458497972437,0.3747443680634964,-0.7193391919136047,-0.7193391919136047,2.2678372859954834,2.235548496246338,0.24005629122257233,0.23750656843185425,2.0881106853485107,2.0367870330810547,3.8847899436950684,3.7986278533935547,AVAILABLE,0.03228878974914551,109,176
4.0977519154548645,0.0,0.14079878479242325,0.3094973564147949,4.266449928283691,0.09482063353061676,0.09482063353061676,1.0,0.0,0.598326563835144,-0.09482063353061676,0.45029614120721817,0.45029614120721817,0.0,1.0,0.6931471973657608,4.0977519154548645,0.0,-0.14079878479242325,0.3094973564147949,4.266449928283691,,0.012003021314740181,0.04541945829987526,0.2,0,cn,cn_plus,98,28,2,28,2,1,9.100126448935942,0.9009913385683057,3.3784127235412598,-0.7193391919136047,2.235548496246338,2.235548496246338,0.096707783639431,0.23750656843185425,2.3462843894958496,2.0367870330810547,8.065077781677246,3.7986278533935547,AVAILABLE,4.0977519154548645,109,176
0.0,0.25934600830078125,0.006413938943296671,0.009237289428710938,0.2749972343444824,0.003920084796845913,0.002536581363528967,0.0,0.0,-0.003920084796845913,-0.002536581363528967,0.01565122837200761,0.01565122837200761,0.001383503433316946,0.0,-0.001383503433316946,0.0,0.25934600830078125,0.006413938943296671,0.009237289428710938,0.2749972343444824,,0.0005973431398160756,0.0005202189786359668,0.2,0,degree,degree_u_plus,99,5,1,4,1,1,16.570318727278735,0.9430858360897316,-0.7193391919136047,-0.7193391919136047,-0.6487200260162354,-0.9080660343170166,0.003358825109899044,-0.003055113833397627,4.251523017883301,4.24228572845459,2.8949475288391113,2.619950294494629,AVAILABLE,0.25934600830078125,52,2053
4.257933676242828,0.0,0.002396936062723398,0.05180215835571289,4.307338714599609,0.002536581363528967,0.002536581363528967,1.0,0.0,0.6906105875968933,-0.002536581363528967,0.05419909441843629,0.05419909441843629,0.0,1.0,0.6931471689604223,4.257933676242828,0.0,-0.002396936062723398,0.05180215835571289,4.307338714599609,,0.0006233620806597173,0.0005202189786359668,0.2,0,cn,cn_plus,99,4,1,4,1,1,78.56096003672074,0.9874310214514951,3.5385944843292236,-0.7193391919136047,-0.9080660343170166,-0.9080660343170166,-0.005452049896121025,-0.003055113833397627,4.294087886810303,4.24228572845459,6.927289009094238,2.619950294494629,AVAILABLE,4.257933676242828,52,2053
