abs_delta_score_cn,abs_delta_score_degree,abs_delta_score_interaction,abs_delta_score_residual,abs_delta_score_total,cn_expected_after,cn_expected_before,cn_raw_after,cn_raw_before,cn_residual_feature_after,cn_residual_feature_before,cross_response,cross_sensitivity,delta_cn_expected,delta_cn_raw,delta_cn_residual_feature,delta_score_cn,delta_score_degree,delta_score_interaction,delta_score_residual,delta_score_total,failure_code,interaction_share_after,interaction_share_before,interaction_share_cap,interaction_share_cap_violation_before,intervention_kind,intervention_type,pair_id,post_degree_u,post_degree_v,pre_degree_u,pre_degree_v,requested_delta,routing_ratio,routing_selectivity,score_cn_after,score_cn_before,score_degree_after,score_degree_before,score_interaction_after,score_interaction_before,score_residual_after,score_residual_before,score_total_after,score_total_before,status,target_response,u,v
0.00011730194091796875,0.055242061614990234,0.003109663724899292,0.0035505294799804688,0.062020301818847656,0.2731207013130188,0.2834964394569397,1.0,1.0,0.4200264811515808,0.4096507430076599,0.0067774951457977295,0.0067774951457977295,-0.010375738143920898,0.0,0.010375738143920898,0.00011730194091796875,0.055242061614990234,0.003109663724899292,0.0035505294799804688,0.062020301818847656,,0.012557019479572773,0.012299611233174801,0.2,0,degree,degree_u_plus,0,26,3,25,3,1,8.150795967929598,0.8907198889031449,3.521414279937744,3.521296977996826,1.2739901542663574,1.2187480926513672,0.11448455601930618,0.11137489229440689,4.207286357879639,4.203735828399658,9.125020980834961,9.063000679016113,AVAILABLE,0.055242061614990234,733,1062
0.007931947708129883,0.0,0.00745633989572525,0.04368400573730469,0.044159889221191406,0.2834964394569397,0.2834964394569397,2.0,1.0,0.8151158690452576,0.4096507430076599,0.05114034563302994,0.05114034563302994,0.0,1.0,0.40546512603759766,0.007931947708129883,0.0,-0.00745633989572525,0.04368400573730469,0.044159889221191406,,0.011420479975640774,0.012299611233174801,0.2,0,cn,cn_plus,0,25,3,25,3,1,0.1551015359581678,0.13427523999395394,3.529228925704956,3.521296977996826,1.2187480926513672,1.2187480926513672,0.10391855239868164,0.11137489229440689,4.247419834136963,4.203735828399658,9.107160568237305,9.063000679016113,AVAILABLE,0.007931947708129883,733,1062
0.023507654666900635,0.09197008609771729,0.006191745400428772,0.0013327598571777344,0.07332134246826172,0.2214059978723526,0.2571335434913635,0.0,0.0,-0.2214059978723526,-0.2571335434913635,0.03103215992450714,0.03103215992450714,-0.035727545619010925,0.0,0.035727545619010925,-0.023507654666900635,0.09197008609771729,0.006191745400428772,-0.0013327598571777344,0.07332134246826172,,0.03263780102133751,0.032261963933706284,0.2,0,degree,degree_u_plus,1,18,2,17,2,1,2.9637014208627876,0.747710562976177,-0.799403965473175,-0.7758963108062744,1.3092997074127197,1.2173296213150024,0.2005538046360016,0.19436205923557281,3.8355746269226074,3.836907386779785,4.553869247436523,4.480547904968262,AVAILABLE,0.09197008609771729,1416,1468
4.292757511138916,0.0,0.0987931415438652,0.242919921875,4.436883926391602,0.2571335434913635,0.2571335434913635,1.0,0.0,0.4360136389732361,-0.2571335434913635,0.3417130634188652,0.3417130634188652,0.0,1.0,0.6931471824645996,4.292757511138916,0.0,-0.0987931415438652,0.242919921875,4.436883926391602,,0.010726526379585266,0.032261963933706284,0.2,0,cn,cn_plus,1,17,2,17,2,1,12.562462033394134,0.9262670746994349,3.5168612003326416,-0.7758963108062744,1.2173296213150024,1.2173296213150024,0.09556891769170761,0.19436205923557281,4.079827308654785,3.836907386779785,8.917431831359863,4.480547904968262,AVAILABLE,4.292757511138916,1416,1468
0.00032329559326171875,0.08302783966064453,0.005173318088054657,6.771087646484375e-05,0.08781003952026367,0.7646799087524414,0.7193156480789185,1.0,1.0,-0.0715327262878418,-0.026168465614318848,0.0055643245577812195,0.0055643245577812195,0.04536426067352295,0.0,-0.04536426067352295,-0.00032329559326171875,0.08302783966064453,0.005173318088054657,-6.771087646484375e-05,0.08781003952026367,,0.005864170379936695,0.005091424565762281,0.2,0,degree,degree_u_plus,2,14,6,13,6,1,14.921431987682624,0.9371915792013159,2.4799933433532715,2.480316638946533,-0.41260677576065063,-0.49563461542129517,0.04228219762444496,0.037108879536390305,4.275378704071045,4.27544641494751,6.392892360687256,6.305082321166992,AVAILABLE,0.08302783966064453,350,1778
0.2898378372192383,0.0,0.0038093850016593933,0.00183868408203125,0.28786706924438477,0.7193156480789185,0.7193156480789185,2.0,1.0,0.3792966604232788,-0.026168465614318848,0.005648069083690643,0.005648069083690643,0.0,1.0,0.40546512603759766,0.2898378372192383,0.0,-0.0038093850016593933,0.00183868408203125,0.28786706924438477,,0.004395175725221634,0.005091424565762281,0.2,0,cn,cn_plus,2,13,6,13,6,1,51.31617899192881,0.980885454188956,2.7701544761657715,2.480316638946533,-0.49563461542129517,-0.49563461542129517,0.03329949453473091,0.037108879536390305,4.277285099029541,4.27544641494751,6.592949390411377,6.305082321166992,AVAILABLE,0.2898378372192383,350,1778
0.5234869420528412,0.026793718338012695,0.012333285063505173,0.001613616943359375,0.5642275810241699,0.3107035160064697,0.6196499466896057,0.0,0.0,-0.3107035160064697,-0.6196499466896057,0.5374338440597057,0.5374338440597057,-0.308946430683136,0.0,0.308946430683136,-0.5234869420528412,-0.026793718338012695,-0.012333285063505173,-0.001613616943359375,-0.5642275810241699,,0.007602348458021879,0.010775391012430191,0.2,0,degree,degree_u_plus,3,11,12,10,12,1,0.04985491355934579,0.047487431754090294,-0.7350800037384033,-0.21159306168556213,-0.8425467014312744,-0.8157529830932617,0.04339602589607239,0.05572931095957756,4.087216854095459,4.088830471038818,2.560831308364868,3.125058889389038,AVAILABLE,0.026793718338012695,657,1740
2.3726872503757477,0.0,0.017123673111200333,0.007978439331054688,2.363541841506958,0.6196499466896057,0.6196499466896057,1.0,0.0,0.0734972357749939,-0.6196499466896057,0.02510211244225502,0.02510211244225502,0.0,1.0,0.6931471824645996,2.3726872503757477,0.0,-0.017123673111200333,0.007978439331054688,2.363541841506958,,0.0054280394688248634,0.010775391012430191,0.2,0,cn,cn_plus,3,10,12,10,12,1,94.5213798488109,0.9895311395042369,2.1610941886901855,-0.21159306168556213,-0.8157529830932617,-0.8157529830932617,0.03860563784837723,0.05572931095957756,4.096808910369873,4.088830471038818,5.488600730895996,3.125058889389038,AVAILABLE,2.3726872503757477,657,1740
0.010158777236938477,0.26023373007774353,0.021772705018520355,0.00251007080078125,0.2896552085876465,0.12967205047607422,0.09682951122522354,0.0,0.0,-0.12967205047607422,-0.09682951122522354,0.03444155305624008,0.03444155305624008,0.03284253925085068,0.0,-0.03284253925085068,0.010158777236938477,0.26023373007774353,0.021772705018520355,-0.00251007080078125,0.2896552085876465,,0.012034794315695763,0.007537404540926218,0.2,0,degree,degree_u_plus,4,8,2,7,2,1,7.555804876009966,0.883120289149657,-0.8397800922393799,-0.8499388694763184,-0.24160811305046082,-0.5018418431282043,0.06332791596651077,0.04155521094799042,4.117352485656738,4.1198625564575195,3.107137441635132,2.8174822330474854,AVAILABLE,0.26023373007774353,1602,2073
4.370402097702026,0.0,0.033040329813957214,0.012404918670654297,4.349766492843628,0.09682951122522354,0.09682951122522354,1.0,0.0,0.5963176488876343,-0.09682951122522354,0.04544524848461151,0.04544524848461151,0.0,1.0,0.6931471601128578,4.370402097702026,0.0,-0.033040329813957214,0.012404918670654297,4.349766492843628,,0.0010430956026539207,0.007537404540926218,0.2,0,cn,cn_plus,4,7,2,7,2,1,96.16849465565069,0.9897085984140864,3.520463228225708,-0.8499388694763184,-0.5018418431282043,-0.5018418431282043,0.008514881134033203,0.04155521094799042,4.132267475128174,4.1198625564575195,7.167248725891113,2.8174822330474854,AVAILABLE,4.370402097702026,1602,2073
0.0006489753723144531,0.06854376196861267,0.00328247994184494,0.0011358261108398438,0.07361125946044922,0.7218243479728699,0.7613044381141663,5.0,5.0,1.0699350833892822,1.0304551124572754,0.005067281424999237,0.005067281424999237,-0.03948009014129639,0.0,0.039479970932006836,0.0006489753723144531,0.06854376196861267,0.00328247994184494,0.0011358261108398438,0.07361125946044922,,0.005627796053886414,0.005178758874535561,0.2,0,degree,degree_u_plus,5,17,6,16,6,1,13.5267061275488,0.9311612700622081,3.5201854705810547,3.5195364952087402,-0.19433343410491943,-0.2628771960735321,0.04525936394929886,0.04197688400745392,4.282332897186279,4.2811970710754395,7.661289215087891,7.587677955627441,AVAILABLE,0.06854376196861267,507,1300
0.007179737091064453,0.0,0.0007371418178081512,1.9550323486328125e-05,0.007897377014160156,0.7613044381141663,0.7613044381141663,6.0,5.0,1.184605598449707,1.0304551124572754,0.0007566921412944794,0.0007566921412944794,0.0,1.0,0.15415048599243164,-0.007179737091064453,0.0,-0.0007371418178081512,1.9550323486328125e-05,-0.007897377014160156,,0.005092778243124485,0.005178758874535561,0.2,0,cn,cn_plus,5,16,6,16,6,1,9.488194494576401,0.9046547048191074,3.512356758117676,3.5195364952087402,-0.2628771960735321,-0.2628771960735321,0.04123974218964577,0.04197688400745392,4.281216621398926,4.2811970710754395,7.579780578613281,7.587677955627441,AVAILABLE,0.007179737091064453,507,1300
0.02221071720123291,0.14329373836517334,0.014150001108646393,0.12615448236465454,0.05349993705749512,0.4214250147342682,0.40617433190345764,0.0,0.0,-0.4214250147342682,-0.40617433190345764,0.16251520067453384,0.16251520067453384,0.015250682830810547,0.0,-0.015250682830810547,0.02221071720123291,0.14329373836517334,0.014150001108646393,-0.12615448236465454,0.05349993705749512,,0.03414544090628624,0.025353282690048218,0.2,0,degree,degree_u_plus,6,9,4,8,4,1,0.8817250875805405,0.46857274391459236,-0.6220787167549133,-0.6442894339561462,-0.654731035232544,-0.7980247735977173,0.05743453651666641,0.04328453540802002,-0.34781157970428467,-0.22165709733963013,-1.559341549873352,-1.6128414869308472,AVAILABLE,0.14329373836517334,1682,2189
4.1818408370018005,0.0,0.036084788385778666,3.978851854801178,8.12460744380951,0.40617433190345764,0.40617433190345764,1.0,0.0,0.28697285056114197,-0.40617433190345764,4.014936643186957,4.014936643186957,0.0,1.0,0.6931471824645996,4.1818408370018005,0.0,-0.036084788385778666,3.978851854801178,8.12460744380951,,0.0008888609590940177,0.025353282690048218,0.2,0,cn,cn_plus,6,8,4,8,4,1,1.041570813746802,0.5101810854335512,3.5375514030456543,-0.6442894339561462,-0.7980247735977173,-0.7980247735977173,0.007199747022241354,0.04328453540802002,3.757194757461548,-0.22165709733963013,6.511765956878662,-1.6128414869308472,AVAILABLE,4.1818408370018005,1682,2189
0.0025644302368164062,0.014353036880493164,8.842349052429199e-05,0.0019378662109375,0.01506805419921875,0.5287222266197205,0.719527006149292,5.0,5.0,1.2630372047424316,1.0722324848175049,0.004590719938278198,0.004590719938278198,-0.19080477952957153,0.0,0.19080471992492676,0.0025644302368164062,0.014353036880493164,8.842349052429199e-05,-0.0019378662109375,0.01506805419921875,,0.01786135323345661,0.01788257248699665,0.2,0,degree,degree_u_plus,7,65,5,64,5,1,3.1265260804856716,0.7576654114149437,2.508413314819336,2.5058488845825195,1.612123966217041,1.5977709293365479,0.15238885581493378,0.15230043232440948,4.258838176727295,4.260776042938232,8.5396089553833,8.524540901184082,AVAILABLE,0.014353036880493164,306,1798
,,,,,,,,,,,,,,,,,,,,,NO_CANDIDATE,,,,,cn,cn,7,,,,,,,,,,,,,,,,,,MISSING,,306,1798
0.015868544578552246,0.15481138229370117,0.01202605664730072,0.11348390579223633,0.26445281505584717,0.13503438234329224,0.17653506994247437,0.0,0.0,-0.13503438234329224,-0.17653506994247437,0.1413785070180893,0.1413785070180893,-0.04150068759918213,0.0,0.04150068759918213,-0.015868544578552246,0.15481138229370117,0.01202605664730072,0.11348390579223633,0.26445281505584717,,0.05413080379366875,0.051038388162851334,0.2,0,degree,degree_u_plus,8,13,2,12,2,1,1.0950134826629505,0.5226761029103688,-0.8379632234573364,-0.8220946788787842,0.7415738105773926,0.5867624282836914,0.14866602420806885,0.13663996756076813,-1.0182188749313354,-1.1317027807235718,-0.9580971002578735,-1.2225499153137207,AVAILABLE,0.15481138229370117,661,1878
4.364109039306641,0.0,0.08207672461867332,4.481649279594421,8.763680934906006,0.17653506994247437,0.17653506994247437,1.0,0.0,0.5166121125221252,-0.17653506994247437,4.563726004213095,4.563726004213095,0.0,1.0,0.6931471824645996,4.364109039306641,0.0,-0.08207672461867332,4.481649279594421,8.763680934906006,,0.00724295387044549,0.051038388162851334,0.2,0,cn,cn_plus,8,12,2,12,2,1,0.9562600878569891,0.4888205273893497,3.5420143604278564,-0.8220946788787842,0.5867624282836914,0.5867624282836914,0.0545632429420948,0.13663996756076813,3.3499464988708496,-1.1317027807235718,7.541131019592285,-1.2225499153137207,AVAILABLE,4.364109039306641,661,1878
0.0007175207138061523,0.268202006816864,0.02250443957746029,0.015457630157470703,0.3054463863372803,0.09682951122522354,0.09993232041597366,0.0,0.0,-0.09682951122522354,-0.09993232041597366,0.038679590448737144,0.038679590448737144,-0.003102809190750122,0.0,0.003102809190750122,-0.0007175207138061523,0.268202006816864,0.02250443957746029,0.015457630157470703,0.3054463863372803,,0.0074502392672002316,0.0032805302180349827,0.2,0,degree,degree_u_plus,9,7,2,6,2,1,6.933939433327848,0.8739592092423429,-0.8499388694763184,-0.8492213487625122,-0.5018418431282043,-0.7700438499450684,0.04155521094799042,0.01905077137053013,4.184365272521973,4.168907642364502,2.8819849491119385,2.576538562774658,AVAILABLE,0.268202006816864,2446,2448
3.0345951318740845,0.0,0.015546032227575779,0.01875782012939453,3.037806510925293,0.09993232041597366,0.09993232041597366,1.0,0.0,0.5932148694992065,-0.09993232041597366,0.03430385235697031,0.03430385235697031,0.0,1.0,0.6931471899151802,3.0345951318740845,0.0,-0.015546032227575779,0.01875782012939453,3.037806510925293,,0.0004904073430225253,0.0032805302180349827,0.2,0,cn,cn_plus,9,6,2,6,2,1,88.46219997899085,0.9888220946921176,2.1853737831115723,-0.8492213487625122,-0.7700438499450684,-0.7700438499450684,0.0035047391429543495,0.01905077137053013,4.1876654624938965,4.168907642364502,5.614345073699951,2.576538562774658,AVAILABLE,3.0345951318740845,2446,2448
0.07161968946456909,0.2180517613887787,0.008480943739414215,0.7153953611850739,0.8703082734718919,0.4214250147342682,0.3618077337741852,0.0,0.0,-0.4214250147342682,-0.3618077337741852,0.7954959943890572,0.7954959943890572,0.05961728096008301,0.0,-0.05961728096008301,0.07161968946456909,-0.2180517613887787,-0.008480943739414215,-0.7153953611850739,-0.8703082734718919,,0.033972401171922684,0.029062394052743912,0.2,0,degree,degree_u_plus,10,4,9,3,9,1,0.2741079278660148,0.21513713388873915,-0.6220787167549133,-0.6936984062194824,-0.654731035232544,-0.43667927384376526,0.05743453651666641,0.06591548025608063,0.35637912154197693,1.0717744827270508,-0.8551508188247681,0.015157454647123814,AVAILABLE,0.2180517613887787,1704,1912
4.183206558227539,0.0,0.0473680105060339,1.2258780002593994,5.361716038547456,0.3618077337741852,0.3618077337741852,1.0,0.0,0.33133944869041443,-0.3618077337741852,1.2732460107654333,1.2732460107654333,0.0,1.0,0.6931471824645996,4.183206558227539,0.0,-0.0473680105060339,1.2258780002593994,5.361716038547456,,0.0029712142422795296,0.029062394052743912,0.2,0,cn,cn_plus,10,3,9,3,9,1,3.2854660372020907,0.7666531501313955,3.4895081520080566,-0.6936984062194824,-0.43667927384376526,-0.43667927384376526,0.01854746975004673,0.06591548025608063,2.29765248298645,1.0717744827270508,5.37687349319458,0.015157454647123814,AVAILABLE,4.183206558227539,1704,1912
0.019362449645996094,0.013227224349975586,0.0035762060433626175,0.03289794921875,0.06191205978393555,0.36644619703292847,0.2639470398426056,2.0,2.0,0.7321661114692688,0.8346652984619141,0.05583660490810871,0.05583660490810871,0.10249915719032288,0.0,-0.10249918699264526,-0.019362449645996094,-0.013227224349975586,0.0035762060433626175,-0.03289794921875,-0.06191205978393555,,0.0005216078134253621,0.0009347419836558402,0.2,0,degree,degree_u_plus,11,5,5,4,5,1,0.23689158756747447,0.1915217064685159,3.456279754638672,3.475642204284668,-1.1030287742614746,-1.089801549911499,-0.004464898258447647,-0.008041104301810265,3.996102809906006,4.029000759124756,6.352733612060547,6.414645671844482,AVAILABLE,0.013227224349975586,4,1761
0.602919340133667,0.0,0.008413662842940539,0.12073755264282227,0.4737687110900879,0.2639470398426056,0.2639470398426056,3.0,2.0,1.122347354888916,0.8346652984619141,0.1291512154857628,0.1291512154857628,0.0,1.0,0.28768205642700195,-0.602919340133667,0.0,0.008413662842940539,0.12073755264282227,-0.4737687110900879,,4.5923243305878714e-05,0.0009347419836558402,0.2,0,cn,cn_plus,11,4,5,4,5,1,4.668320705947392,0.8235809066077071,2.872722864151001,3.475642204284668,-1.089801549911499,-1.089801549911499,0.00037255854113027453,-0.008041104301810265,4.149738311767578,4.029000759124756,5.9408769607543945,6.414645671844482,AVAILABLE,0.602919340133667,4,1761
0.0021572113037109375,0.13420212268829346,0.008325155824422836,0.010476112365722656,0.12989473342895508,0.4317227602005005,0.4214250147342682,2.0,2.0,0.6668895483016968,0.6771873235702515,0.02095847949385643,0.02095847949385643,0.0102977454662323,0.0,-0.010297775268554688,-0.0021572113037109375,0.13420212268829346,0.008325155824422836,-0.010476112365722656,0.12989473342895508,,0.0038510963786393404,0.002615332370623946,0.2,0,degree,degree_u_plus,12,10,4,9,4,1,6.403234485368431,0.8649239056284959,2.2779335975646973,2.280090808868408,-0.5205289125442505,-0.654731035232544,0.02707316167652607,0.018748005852103233,4.2044525146484375,4.21492862701416,5.9967756271362305,5.866880893707275,AVAILABLE,0.13420212268829346,236,2046
0.21891403198242188,0.0,0.005272234790027142,0.02716064453125,0.24080276489257812,0.4214250147342682,0.4214250147342682,3.0,2.0,0.9648693799972534,0.6771873235702515,0.03243287932127714,0.03243287932127714,0.0,1.0,0.28768205642700195,0.21891403198242188,0.0,-0.005272234790027142,0.02716064453125,0.24080276489257812,,0.0018187641398981214,0.002615332370623946,0.2,0,cn,cn_plus,12,9,4,9,4,1,6.749754232929423,0.8709636499502259,2.49900484085083,2.280090808868408,-0.654731035232544,-0.654731035232544,0.013475771062076092,0.018748005852103233,4.24208927154541,4.21492862701416,6.1076836585998535,5.866880893707275,AVAILABLE,0.21891403198242188,236,2046
8.344650268554688e-06,1.774828314781189,0.007791256532073021,2.775175154209137,0.9925472438335419,0.0024834738578647375,0.0025667769368737936,0.0,0.0,-0.0024834738578647375,-0.0025667769368737936,2.7829747553914785,2.7829747553914785,-8.330307900905609e-05,0.0,8.330307900905609e-05,-8.344650268554688e-06,-1.774828314781189,-0.007791256532073021,2.775175154209137,0.9925472438335419,,0.007206036243587732,0.013447623699903488,0.2,0,degree,degree_u_plus,13,1,1,0,1,1,0.6377450262404825,0.38940434318060785,-0.8659147620201111,-0.8659064173698425,-0.810016930103302,0.964811384677887,0.027045419439673424,0.034836675971746445,2.050184488296509,-0.7249906659126282,0.4091433584690094,-0.5834038853645325,AVAILABLE,1.774828314781189,1411,2218
,,,,,,,,,,,,,,,,,,,,,NO_CANDIDATE,,,,,cn,cn,13,,,,,,,,,,,,,,,,,,MISSING,,1411,2218
0.0004630088806152344,0.2825593948364258,0.010408304631710052,0.09166836738586426,0.2008357048034668,0.5779234170913696,0.6011019945144653,1.0,1.0,0.11522376537322998,0.09204518795013428,0.10253968089818954,0.10253968089818954,-0.023178577423095703,0.0,0.023178577423095703,0.0004630088806152344,-0.2825593948364258,-0.010408304631710052,0.09166836738586426,-0.2008357048034668,,0.008860557340085506,0.009928313083946705,0.2,0,degree,degree_u_plus,14,5,22,4,22,1,2.7556099726980423,0.7337316688182088,3.522552490234375,3.5220894813537598,0.3316860795021057,0.6142454743385315,0.06982477009296417,0.08023307472467422,3.956341028213501,3.8646726608276367,7.888248920440674,8.08908462524414,AVAILABLE,0.2825593948364258,1359,1914
0.014051198959350586,0.0,0.003940582275390625,0.06540822982788086,0.07551956176757812,0.6011019945144653,0.6011019945144653,2.0,1.0,0.49751031398773193,0.09204518795013428,0.06934881210327148,0.06934881210327148,0.0,1.0,0.40546512603759766,0.014051198959350586,0.0,-0.003940582275390625,0.06540822982788086,0.07551956176757812,,0.00935328472405672,0.009928313083946705,0.2,0,cn,cn_plus,14,4,22,4,22,1,0.20261625984686668,0.16847956127972735,3.5361406803131104,3.5220894813537598,0.6142454743385315,0.6142454743385315,0.0762924924492836,0.08023307472467422,3.9300808906555176,3.8646726608276367,8.164604187011719,8.08908462524414,AVAILABLE,0.014051198959350586,1359,1914
0.0055081844329833984,0.018048524856567383,0.0010516345500946045,0.03463482856750488,0.05924367904663086,-0.020784789696335793,-0.10598558932542801,0.0,0.0,0.020784789696335793,0.10598558932542801,0.041194647550582886,0.041194647550582886,0.08520079962909222,0.0,-0.08520079962909222,0.0055081844329833984,0.018048524856567383,0.0010516345500946045,0.03463482856750488,0.05924367904663086,,0.03981151804327965,0.03992895781993866,0.2,0,degree,degree_u_plus,15,30,1,29,1,1,0.4381278041795981,0.3046515079579696,-0.8682374954223633,-0.8737456798553467,2.4739389419555664,2.455890417098999,0.2962917685508728,0.2952401340007782,3.803894519805908,3.7692596912384033,5.713732719421387,5.654489040374756,AVAILABLE,0.018048524856567383,1013,1844
4.401548862457275,0.0,0.13217923045158386,0.2339317798614502,4.503302097320557,-0.10598558932542801,-0.10598558932542801,1.0,0.0,0.799132764339447,0.10598558932542801,0.36611101031303406,0.36611101031303406,0.0,1.0,0.693147175014019,4.401548862457275,0.0,-0.13217923045158386,0.2339317798614502,4.503302097320557,,0.016065198928117752,0.03992895781993866,0.2,0,cn,cn_plus,15,29,1,29,1,1,12.02244297015108,0.9232094928507567,3.5278031826019287,-0.8737456798553467,2.455890417098999,2.455890417098999,0.16306090354919434,0.2952401340007782,4.0031914710998535,3.7692596912384033,10.157791137695312,5.654489040374756,AVAILABLE,4.401548862457275,1013,1844
0.00017642974853515625,0.07120358943939209,0.002915911376476288,9.34600830078125e-05,0.07438945770263672,0.002679459983482957,0.0025667769368737936,1.0,1.0,0.6904677152633667,0.690580427646637,0.0031858012080192566,0.0031858012080192566,0.00011268304660916328,0.0,-0.00011271238327026367,0.00017642974853515625,0.07120358943939209,0.002915911376476288,9.34600830078125e-05,0.07438945770263672,,0.003994045779109001,0.004287417512387037,0.2,0,degree,degree_u_plus,16,3,1,2,1,1,22.350222530500215,0.9571738556797995,3.531095027923584,3.530918598175049,-1.0061399936676025,-1.0773435831069946,-0.035387564450502396,-0.038303475826978683,4.287456035614014,4.287362575531006,6.7848687171936035,6.710479259490967,AVAILABLE,0.07120358943939209,2263,2490
,,,,,,,,,,,,,,,,,,,,,NO_CANDIDATE,,,,,cn,cn,16,,,,,,,,,,,,,,,,,,MISSING,,2263,2490
0.0005788803100585938,0.04489326477050781,0.002596721053123474,0.02023029327392578,0.026680946350097656,0.20157447457313538,0.20572997629642487,1.0,1.0,0.49157270789146423,0.48741722106933594,0.02340589463710785,0.02340589463710785,-0.00415550172328949,0.0,0.004155486822128296,-0.0005788803100585938,0.04489326477050781,0.002596721053123474,-0.02023029327392578,0.026680946350097656,,0.018297908827662468,0.018046092242002487,0.2,0,degree,degree_u_plus,17,27,2,26,2,1,1.9180316021340094,0.6573032316481145,2.343837261199951,2.3444161415100098,1.8660569190979004,1.8211636543273926,0.1537005603313446,0.15110383927822113,4.03630256652832,4.056532859802246,8.407742500305176,8.381061553955078,AVAILABLE,0.04489326477050781,1072,1802
0.1291196346282959,0.0,0.005735322833061218,0.12263917922973633,0.0007457733154296875,0.20572997629642487,0.20572997629642487,2.0,1.0,0.8928823471069336,0.48741722106933594,0.12837450206279755,0.12837450206279755,0.0,1.0,0.40546512603759766,-0.1291196346282959,0.0,0.005735322833061218,0.12263917922973633,-0.0007457733154296875,,0.018732720986008644,0.018046092242002487,0.2,0,cn,cn_plus,17,26,2,26,2,1,1.0058042874206514,0.5014468728223019,2.215296506881714,2.3444161415100098,1.8211636543273926,1.8211636543273926,0.15683916211128235,0.15110383927822113,4.179172039031982,4.056532859802246,8.380315780639648,8.381061553955078,AVAILABLE,0.1291196346282959,1072,1802
0.01832658052444458,0.2513084411621094,0.02841627597808838,0.10450077056884766,0.36589908599853516,0.09405221790075302,-0.027598705142736435,0.0,0.0,-0.09405221790075302,0.027598705142736435,0.15124362707138062,0.15124362707138062,0.12165092304348946,0.0,-0.12165092304348946,0.01832658052444458,-0.2513084411621094,-0.02841627597808838,-0.10450077056884766,-0.36589908599853516,,0.039631325751543045,0.04123735427856445,0.2,0,degree,degree_u_plus,18,2,55,1,55,1,1.661613314968764,0.6242880232165746,-0.8505796790122986,-0.8689062595367432,2.4259235858917236,2.677232027053833,0.2915804982185364,0.31999677419662476,3.7892403602600098,3.8937411308288574,5.6640095710754395,6.029908657073975,AVAILABLE,0.2513084411621094,968,1986
3.314927101135254,0.0,0.10014042258262634,0.03939628601074219,3.254183292388916,-0.027598705142736435,-0.027598705142736435,1.0,0.0,0.720745861530304,0.027598705142736435,0.13953670859336853,0.13953670859336853,0.0,1.0,0.6931471563875675,3.314927101135254,0.0,-0.10014042258262634,0.03939628601074219,3.254183292388916,,0.023701002821326256,0.04123735427856445,0.2,0,cn,cn_plus,18,1,55,1,55,1,23.75666515991007,0.9596068374500069,2.4460208415985107,-0.8689062595367432,2.677232027053833,2.677232027053833,0.2198563516139984,0.31999677419662476,3.9331374168395996,3.8937411308288574,9.28409194946289,6.029908657073975,AVAILABLE,3.314927101135254,968,1986
9.840726852416992e-05,0.07004308700561523,0.0019118450582027435,0.9637877941131592,0.8955578804016113,0.0015924838371574879,0.0025667769368737936,0.0,0.0,-0.0015924838371574879,-0.0025667769368737936,0.9657980464398861,0.9657980464398861,-0.0009742930997163057,0.0,0.0009742930997163057,-9.840726852416992e-05,-0.07004308700561523,0.0019118450582027435,0.9637877941131592,0.8955578804016113,,0.008910958655178547,0.006756806280463934,0.2,0,degree,degree_u_plus,19,2,0,1,0,1,0.07252353278055587,0.06761952587887374,-0.8660048246383667,-0.8659064173698425,0.8947682976722717,0.964811384677887,0.03674852102994919,0.034836675971746445,-2.3264477252960205,-3.2902355194091797,-2.2530906200408936,-3.148648500442505,AVAILABLE,0.07004308700561523,968,1603
,,,,,,,,,,,,,,,,,,,,,NO_CANDIDATE,,,,,cn,cn,19,,,,,,,,,,,,,,,,,,MISSING,,968,1603
0.0007175207138061523,0.268202006816864,0.02250443957746029,0.03776884078979492,0.3277578353881836,0.09682951122522354,0.09993232041597366,0.0,0.0,-0.09682951122522354,-0.09993232041597366,0.06099080108106136,0.06099080108106136,-0.003102809190750122,0.0,0.003102809190750122,-0.0007175207138061523,0.268202006816864,0.02250443957746029,0.03776884078979492,0.3277578353881836,,0.009698063135147095,0.004240941721946001,0.2,0,degree,degree_u_plus,20,7,2,6,2,1,4.397416628226233,0.8147261794150894,-0.8499388694763184,-0.8492213487625122,-0.5018418431282043,-0.7700438499450684,0.04155521094799042,0.01905077137053013,2.891561985015869,2.853793144226074,1.589181661605835,1.2614238262176514,AVAILABLE,0.268202006816864,650,1486
2.994531273841858,0.0,0.011061795055866241,0.5285015106201172,3.5119707584381104,0.09993232041597366,0.09993232041597366,1.0,0.0,0.5932148694992065,-0.09993232041597366,0.5395633056759834,0.5395633056759834,0.0,1.0,0.6931471899151802,2.994531273841858,0.0,-0.011061795055866241,0.5285015106201172,3.5119707584381104,,0.001266957726329565,0.004240941721946001,0.2,0,cn,cn_plus,20,6,2,6,2,1,5.549916361697433,0.8473262947527399,2.1453099250793457,-0.8492213487625122,-0.7700438499450684,-0.7700438499450684,0.007988976314663887,0.01905077137053013,3.3822946548461914,2.853793144226074,4.773394584655762,1.2614238262176514,AVAILABLE,2.994531273841858,650,1486
5.930662155151367e-05,0.171209454536438,0.015619486570358276,0.012525558471679688,0.1992950439453125,0.00010257655230816454,0.0006908748182468116,0.0,0.0,-0.00010257655230816454,-0.0006908748182468116,0.028204351663589478,0.028204351663589478,-0.0005882982659386471,0.0,0.0005882982659386471,-5.930662155151367e-05,0.171209454536438,0.015619486570358276,0.012525558471679688,0.1992950439453125,,0.03034006617963314,0.02883334457874298,0.2,0,degree,degree_u_plus,21,12,1,11,1,1,6.070318363470053,0.8585636532059628,-0.866155207157135,-0.8660959005355835,1.451738953590393,1.280529499053955,0.19874140620231628,0.183121919631958,4.033824443817139,4.021298885345459,4.825994491577148,4.626699447631836,AVAILABLE,0.171209454536438,73,1751
3.31373131275177,0.0,0.08545401692390442,0.05444669723510742,3.2827234268188477,0.0006908748182468116,0.0006908748182468116,1.0,0.0,0.6924563050270081,-0.0006908748182468116,0.13990071415901184,0.13990071415901184,0.0,1.0,0.6931471798452549,3.31373131275177,0.0,-0.08545401692390442,0.05444669723510742,3.2827234268188477,,0.012360556982457638,0.02883334457874298,0.2,0,cn,cn_plus,21,11,1,11,1,1,23.68630564760599,0.9594917111424092,2.4476354122161865,-0.8660959005355835,1.280529499053955,1.280529499053955,0.09766790270805359,0.183121919631958,4.075745582580566,4.021298885345459,7.909422874450684,4.626699447631836,AVAILABLE,3.31373131275177,73,1751
0.00013875961303710938,0.18241870403289795,0.00923989899456501,0.004966259002685547,0.1967635154724121,0.31403642892837524,0.3195182979106903,1.0,1.0,0.37911075353622437,0.3736288845539093,0.014344917610287666,0.014344917610287666,-0.0054818689823150635,0.0,0.0054818689823150635,0.00013875961303710938,0.18241870403289795,0.00923989899456501,0.004966259002685547,0.1967635154724121,,0.0014061435358598828,0.0002919331891462207,0.2,0,degree,degree_u_plus,22,8,3,7,3,1,12.71659983157209,0.9270956350495655,3.530604600906372,3.530465841293335,-0.6150571703910828,-0.7974758744239807,0.011722758412361145,0.002482859417796135,4.179430961608887,4.174464702606201,7.114545822143555,6.917782306671143,AVAILABLE,0.18241870403289795,1602,2074
0.0001766681671142578,0.0,0.002360847807722166,0.007408618927001953,0.004871368408203125,0.3195182979106903,0.3195182979106903,2.0,1.0,0.7790939807891846,0.3736288845539093,0.00976946673472412,0.00976946673472412,0.0,1.0,0.40546509623527527,-0.0001766681671142578,0.0,-0.002360847807722166,0.007408618927001953,0.004871368408203125,,1.433784382243175e-05,0.0002919331891462207,0.2,0,cn,cn_plus,22,7,3,7,3,1,0.01808368778711737,0.01776247670407493,3.5302891731262207,3.530465841293335,-0.7974758744239807,-0.7974758744239807,0.00012201161007396877,0.002482859417796135,4.181873321533203,4.174464702606201,6.922653675079346,6.917782306671143,AVAILABLE,0.0001766681671142578,1602,2074
0.08244961500167847,0.07750952243804932,0.008774717338383198,0.2892727851867676,0.12053906917572021,0.3678477704524994,0.2639470398426056,0.0,0.0,-0.3678477704524994,-0.2639470398426056,0.38049711752682924,0.38049711752682924,0.1039007306098938,0.0,-0.1039007306098938,0.08244961500167847,0.07750952243804932,0.008774717338383198,-0.2892727851867676,-0.12053906917572021,,0.004153118003159761,0.002301724860444665,0.2,0,degree,degree_u_plus,23,6,4,5,4,1,0.2037059331875877,0.16923230796756553,-0.6887643933296204,-0.7712140083312988,-1.0122920274734497,-1.089801549911499,0.021958012133836746,0.013183294795453548,3.564100742340088,3.8533735275268555,1.8928474187850952,2.0133864879608154,AVAILABLE,0.07750952243804932,1599,2614
3.6818604469299316,0.0,0.01924100611358881,0.17199373245239258,3.834613084793091,0.2639470398426056,0.2639470398426056,1.0,0.0,0.429200142621994,-0.2639470398426056,0.1912347385659814,0.1912347385659814,0.0,1.0,0.6931471824645996,3.6818604469299316,0.0,-0.01924100611358881,0.17199373245239258,3.834613084793091,,0.0007542090024799109,0.002301724860444665,0.2,0,cn,cn_plus,23,5,4,5,4,1,19.25309325077804,0.9506248261627105,2.910646438598633,-0.7712140083312988,-1.089801549911499,-1.089801549911499,-0.0060577113181352615,0.013183294795453548,4.025367259979248,3.8533735275268555,5.847999572753906,2.0133864879608154,AVAILABLE,3.6818604469299316,1599,2614
1.1444091796875e-05,0.10605734586715698,0.014793716371059418,0.29671168327331543,0.4175741672515869,0.0017051668837666512,0.0015924838371574879,0.0,0.0,-0.0017051668837666512,-0.0015924838371574879,0.3115168437361717,0.3115168437361717,0.00011268304660916328,0.0,-0.00011268304660916328,1.1444091796875e-05,0.10605734586715698,0.014793716371059418,0.29671168327331543,0.4175741672515869,,0.009439594112336636,0.006520216353237629,0.2,0,degree,degree_u_plus,24,3,0,2,0,1,0.3404546001128354,0.25398443191151493,-0.8659933805465698,-0.8660048246383667,1.0008256435394287,0.8947682976722717,0.051542237401008606,0.03674852102994919,-3.541856050491333,-3.8385677337646484,-3.3476364612579346,-3.7652106285095215,AVAILABLE,0.10605734586715698,1201,2533
,,,,,,,,,,,,,,,,,,,,,NO_CANDIDATE,,,,,cn,cn,24,,,,,,,,,,,,,,,,,,MISSING,,1201,2533
0.0007383823394775391,0.04433262348175049,0.002912943426053971,0.018393516540527344,0.06055164337158203,0.42931193113327026,0.3678477704524994,1.0,1.0,0.26383525133132935,0.3252994120121002,0.022044842306058854,0.022044842306058854,0.061464160680770874,0.0,-0.061464160680770874,-0.0007383823394775391,-0.04433262348175049,0.002912943426053971,-0.018393516540527344,-0.06055164337158203,,5.2766474254895e-05,0.00038774049608036876,0.2,0,degree,degree_u_plus,25,5,6,4,6,1,2.0110193012981092,0.6678865527136009,3.535973072052002,3.5367114543914795,-1.0566246509552002,-1.0122920274734497,-0.00046022009337320924,-0.0033731635194271803,4.1287689208984375,4.147162437438965,6.615501880645752,6.676053524017334,AVAILABLE,0.04433262348175049,1409,1826
0.001859903335571289,0.0,0.00037250202149152756,0.0077991485595703125,0.009286880493164062,0.3678477704524994,0.3678477704524994,2.0,1.0,0.7307645082473755,0.3252994120121002,0.00817165058106184,0.00817165058106184,0.0,1.0,0.40546509623527527,0.001859903335571289,0.0,-0.00037250202149152756,0.0077991485595703125,0.009286880493164062,,0.0004300631699152291,0.00038774049608036876,0.2,0,cn,cn_plus,25,4,6,4,6,1,0.22760408574503102,0.18540512237453044,3.538571357727051,3.5367114543914795,-1.0122920274734497,-1.0122920274734497,-0.003745665540918708,-0.0033731635194271803,4.154961585998535,4.147162437438965,6.685340404510498,6.676053524017334,AVAILABLE,0.001859903335571289,1409,1826
0.03886181116104126,0.11136406660079956,0.009670905768871307,0.25649595260620117,0.3386695384979248,0.5149287581443787,0.5320507884025574,0.0,0.0,-0.5149287581443787,-0.5320507884025574,0.30502866953611374,0.30502866953611374,-0.01712203025817871,0.0,0.01712203025817871,-0.03886181116104126,0.11136406660079956,0.009670905768871307,0.25649595260620117,0.3386695384979248,,0.01875622570514679,0.015009351074695587,0.2,0,degree,degree_u_plus,26,11,5,10,5,1,0.3650937569875775,0.26744958367786303,-0.4512796103954315,-0.41241779923439026,-0.5603533387184143,-0.6717174053192139,0.07240331918001175,0.06273241341114044,-2.7761921882629395,-3.0326881408691406,-3.7075765132904053,-4.04624605178833,AVAILABLE,0.11136406660079956,756,885
3.9375247061252594,0.0,0.03889934718608856,1.5622270107269287,5.46085262298584,0.5320507884025574,0.5320507884025574,1.0,0.0,0.16109639406204224,-0.5320507884025574,1.6011263579130173,1.6011263579130173,0.0,1.0,0.6931471824645996,3.9375247061252594,0.0,-0.03889934718608856,1.5622270107269287,5.46085262298584,,0.0041877650655806065,0.015009351074695587,0.2,0,cn,cn_plus,26,10,5,10,5,1,2.4592216985706212,0.7109176320172805,3.525106906890869,-0.41241779923439026,-0.6717174053192139,-0.6717174053192139,0.02383306622505188,0.06273241341114044,-1.470461130142212,-3.0326881408691406,1.4146065711975098,-4.04624605178833,AVAILABLE,3.9375247061252594,756,885
0.0021173954010009766,0.2891613841056824,0.0023282933980226517,0.09355497360229492,0.3825054168701172,0.09507910907268524,0.002536581363528967,1.0,1.0,0.5980680584907532,0.6906105875968933,0.09800066240131855,0.09800066240131855,0.09254252770915627,0.0,-0.09254252910614014,-0.0021173954010009766,-0.2891613841056824,0.0023282933980226517,-0.09355497360229492,-0.3825054168701172,,0.00334631628356874,0.003689116332679987,0.2,0,degree,degree_u_plus,27,2,4,1,4,1,2.9506061236146364,0.7468742849299685,3.5363802909851074,3.5384976863861084,-1.0796098709106445,-0.7904484868049622,-0.02961224503815174,-0.03194053843617439,4.203604221343994,4.297159194946289,6.638607501983643,7.02111291885376,AVAILABLE,0.2891613841056824,1153,1401
,,,,,,,,,,,,,,,,,,,,,NO_CANDIDATE,,,,,cn,cn,27,,,,,,,,,,,,,,,,,,MISSING,,1153,1401
0.0002999305725097656,0.18241870403289795,0.01187594817019999,0.004989147186279297,0.19898366928100586,0.31403642892837524,0.3195182979106903,2.0,2.0,0.784575879573822,0.7790939807891846,0.017165025928989053,0.017165025928989053,-0.0054818689823150635,0.0,0.005481898784637451,-0.0002999305725097656,0.18241870403289795,0.01187594817019999,0.004989147186279297,0.19898366928100586,,0.0015182174975052476,0.00013560388470068574,0.2,0,degree,degree_u_plus,28,8,3,7,3,1,10.627341812015748,0.9139958198384952,2.368776321411133,2.3690762519836426,-0.6150571703910828,-0.7974758744239807,0.010881294496357441,-0.0009946536738425493,4.172436237335205,4.167447090148926,5.944881439208984,5.7458977699279785,AVAILABLE,0.18241870403289795,102,1251
0.0775899887084961,0.0,0.0021929063368588686,0.008684635162353516,0.08408164978027344,0.3195182979106903,0.3195182979106903,3.0,2.0,1.0667760372161865,0.7790939807891846,0.010877541499212384,0.010877541499212384,0.0,1.0,0.28768205642700195,0.0775899887084961,0.0,-0.0021929063368588686,0.008684635162353516,0.08408164978027344,,0.00042938999831676483,0.00013560388470068574,0.2,0,cn,cn_plus,28,7,3,7,3,1,7.133038047589495,0.8770447163595424,2.4466662406921387,2.3690762519836426,-0.7974758744239807,-0.7974758744239807,-0.003187560010701418,-0.0009946536738425493,4.176131725311279,4.167447090148926,5.829979419708252,5.7458977699279785,AVAILABLE,0.0775899887084961,102,1251
0.0007739067077636719,0.20501023530960083,0.014555121497323853,0.00589752197265625,0.21289396286010742,0.09993232041597366,0.09507910907268524,1.0,1.0,0.5932148694992065,0.5980680584907532,0.021226550177743775,0.021226550177743775,0.004853211343288422,0.0,-0.004853188991546631,-0.0007739067077636719,0.20501023530960083,0.014555121497323853,-0.00589752197265625,0.21289396286010742,,2.227618097094819e-06,0.0019725782331079245,0.2,0,degree,degree_u_plus,29,6,2,5,2,1,9.658193960439984,0.9061754736579481,2.1942615509033203,2.195035457611084,-0.7700438499450684,-0.9750540852546692,-1.5951036402839236e-05,-0.014571072533726692,4.196258068084717,4.202155590057373,5.628304958343506,5.415410995483398,AVAILABLE,0.20501023530960083,567,1513
0.08114290237426758,0.0,0.002494572661817074,0.0098419189453125,0.06880664825439453,0.09507910907268524,0.09507910907268524,2.0,1.0,1.0035332441329956,0.5980680584907532,0.012336491607129574,0.012336491607129574,0.0,1.0,0.40546518564224243,-0.08114290237426758,0.0,0.002494572661817074,0.0098419189453125,-0.06880664825439453,,0.0016513696173205972,0.0019725782331079245,0.2,0,cn,cn_plus,29,5,2,5,2,1,6.577464580993777,0.8680297361589447,2.1138925552368164,2.195035457611084,-0.9750540852546692,-0.9750540852546692,-0.012076499871909618,-0.014571072533726692,4.2119975090026855,4.202155590057373,5.346604347229004,5.415410995483398,AVAILABLE,0.08114290237426758,567,1513
0.05609464645385742,0.058328330516815186,0.0031869045924395323,0.036038875579833984,0.14727497100830078,0.5301284193992615,0.4092811644077301,2.0,2.0,0.5684838891029358,0.6893311738967896,0.09532042662613094,0.09532042662613094,0.12084725499153137,0.0,-0.12084728479385376,-0.05609464645385742,-0.058328330516815186,0.0031869045924395323,-0.036038875579833984,-0.14727497100830078,,0.0005895355134271085,0.00018425966845825315,0.2,0,degree,degree_u_plus,30,5,7,4,7,1,0.6119184152039981,0.37962120752032985,2.8261332511901855,2.882227897644043,-0.9667704701423645,-0.9084421396255493,0.004644045606255531,0.001457141013815999,4.079918384552002,4.115957260131836,5.951770305633545,6.099045276641846,AVAILABLE,0.058328330516815186,1282,1735
0.19549179077148438,0.0,0.0016305034514516592,0.05472612380981445,0.13913536071777344,0.4092811644077301,0.4092811644077301,3.0,2.0,0.9770132303237915,0.6893311738967896,0.05635662726126611,0.05635662726126611,0.0,1.0,0.28768205642700195,-0.19549179077148438,0.0,0.0016305034514516592,0.05472612380981445,-0.13913536071777344,,0.0003974339924752712,0.00018425966845825315,0.2,0,cn,cn_plus,30,4,7,4,7,1,3.468833490990524,0.7762279570236688,2.6867361068725586,2.882227897644043,-0.9084421396255493,-0.9084421396255493,0.0030876444652676582,0.001457141013815999,4.17068338394165,4.115957260131836,5.959909915924072,6.099045276641846,AVAILABLE,0.19549179077148438,1282,1735
0.00020956993103027344,0.20709753036499023,0.012818008661270142,0.45702695846557617,0.6767330169677734,0.12368596345186234,0.020145317539572716,1.0,1.0,0.5694612264633179,0.6730018854141235,0.4700545370578766,0.4700545370578766,0.10354064591228962,0.0,-0.10354065895080566,0.00020956993103027344,-0.20709753036499023,-0.012818008661270142,-0.45702695846557617,-0.6767330169677734,,0.018637845292687416,0.018658557906746864,0.2,0,degree,degree_u_plus,31,2,65,1,65,1,0.440581910463874,0.305836070315505,3.5464775562286377,3.5462679862976074,2.5009572505950928,2.708054780960083,0.1720070093870163,0.18482501804828644,3.0094685554504395,3.4664955139160156,9.23675537109375,9.913488388061523,AVAILABLE,0.20709753036499023,1440,1701
,,,,,,,,,,,,,,,,,,,,,NO_CANDIDATE,,,,,cn,cn,31,,,,,,,,,,,,,,,,,,MISSING,,1440,1701
8.7738037109375e-05,0.08019837737083435,0.00417105108499527,0.0020208358764648438,0.08243703842163086,0.46372029185295105,0.47281092405319214,1.0,1.0,0.22942689061164856,0.22033625841140747,0.0062796249985694885,0.0062796249985694885,-0.009090632200241089,0.0,0.009090632200241089,8.7738037109375e-05,0.08019837737083435,0.00417105108499527,-0.0020208358764648438,0.08243703842163086,,0.008977589197456837,0.008533847518265247,0.2,0,degree,degree_u_plus,32,19,4,18,4,1,12.77118453367173,0.9273846053289815,3.5310115814208984,3.530923843383789,0.3918747007846832,0.3116763234138489,0.07015396654605865,0.06598291546106339,3.821303367614746,3.823324203491211,7.822188854217529,7.739751815795898,AVAILABLE,0.08019837737083435,118,581
0.2609677314758301,0.0,0.0018854513764381409,0.011749744415283203,0.25110340118408203,0.47281092405319214,0.47281092405319214,2.0,1.0,0.6258013844490051,0.22033625841140747,0.013635195791721344,0.013635195791721344,0.0,1.0,0.40546512603759766,-0.2609677314758301,0.0,-0.0018854513764381409,0.011749744415283203,-0.25110340118408203,,0.008568258956074715,0.008533847518265247,0.2,0,cn,cn_plus,32,18,4,18,4,1,19.139258729360538,0.9503457394614965,3.269956111907959,3.530923843383789,0.3116763234138489,0.3116763234138489,0.06409746408462524,0.06598291546106339,3.835073947906494,3.823324203491211,7.488648414611816,7.739751815795898,AVAILABLE,0.2609677314758301,118,581
0.08811277151107788,0.18296760320663452,0.006995879113674164,0.060831546783447266,0.04101920127868652,0.40617433190345764,0.31403642892837524,0.0,0.0,-0.40617433190345764,-0.31403642892837524,0.1559401974081993,0.1559401974081993,0.0921379029750824,0.0,-0.0921379029750824,0.08811277151107788,-0.18296760320663452,-0.006995879113674164,0.060831546783447266,-0.04101920127868652,,0.00758978771045804,0.009052509441971779,0.2,0,degree,degree_u_plus,33,4,8,3,8,1,1.1733189678764921,0.5398742592408878,-0.6442894339561462,-0.7324022054672241,-0.7980247735977173,-0.6150571703910828,0.04328453540802002,0.05028041452169418,4.217398166656494,4.156566619873047,2.8262135982513428,2.8672327995300293,AVAILABLE,0.18296760320663452,124,1367
3.4121168851852417,0.0,0.04556950554251671,0.09459877014160156,3.4611454010009766,0.31403642892837524,0.31403642892837524,1.0,0.0,0.37911075353622437,-0.31403642892837524,0.14016827568411827,0.14016827568411827,0.0,1.0,0.6931471824645996,3.4121168851852417,0.0,-0.04556950554251671,0.09459877014160156,3.4611454010009766,,0.0006239078938961029,0.009052509441971779,0.2,0,cn,cn_plus,33,3,8,3,8,1,24.343002188631683,0.9605413757787317,2.6797146797180176,-0.7324022054672241,-0.6150571703910828,-0.6150571703910828,0.004710908979177475,0.05028041452169418,4.251165390014648,4.156566619873047,6.328378200531006,2.8672327995300293,AVAILABLE,3.4121168851852417,124,1367
1.9073486328125e-05,0.06834554672241211,0.005053088068962097,0.006749153137207031,0.06666851043701172,0.007153622340410948,0.0077001843601465225,1.0,1.0,0.6859935522079468,0.6854469776153564,0.011821314692497253,0.011821314692497253,-0.0005465620197355747,0.0,0.000546574592590332,1.9073486328125e-05,0.06834554672241211,0.005053088068962097,-0.006749153137207031,0.06666851043701172,,0.013599097728729248,0.013174724765121937,0.2,0,degree,degree_u_plus,34,18,1,17,1,1,5.781547203909355,0.8525410249413983,3.5279197692871094,3.5279006958007812,2.059565305709839,1.9912197589874268,0.13378047943115234,0.12872739136219025,4.116187572479248,4.122936725616455,9.845297813415527,9.778629302978516,AVAILABLE,0.06834554672241211,1042,1517
,,,,,,,,,,,,,,,,,,,,,NO_CANDIDATE,,,,,cn,cn,34,,,,,,,,,,,,,,,,,,MISSING,,1042,1517
0.04965364933013916,0.10451942682266235,0.009427579119801521,0.0004677772521972656,0.16406846046447754,0.2957470417022705,0.22552335262298584,0.0,0.0,-0.2957470417022705,-0.22552335262298584,0.05954900570213795,0.05954900570213795,0.07022368907928467,0.0,-0.07022368907928467,0.04965364933013916,0.10451942682266235,0.009427579119801521,0.0004677772521972656,0.16406846046447754,,0.0030809175223112106,0.0014713603304699063,0.2,0,degree,degree_u_plus,35,6,3,5,3,1,1.7551831141166934,0.6370477174906038,-0.7470583915710449,-0.7967120409011841,-0.9518707394599915,-1.0563901662826538,0.018452046439051628,0.009024467319250107,4.271758556365967,4.2712907791137695,2.5991265773773193,2.435058116912842,AVAILABLE,0.10451942682266235,492,1533
4.312553524971008,0.0,0.021410862915217876,0.007805347442626953,4.298947811126709,0.22552335262298584,0.22552335262298584,1.0,0.0,0.46762382984161377,-0.22552335262298584,0.02921621035784483,0.02921621035784483,0.0,1.0,0.6931471824645996,4.312553524971008,0.0,-0.021410862915217876,0.007805347442626953,4.298947811126709,,0.0013974271714687347,0.0014713603304699063,0.2,0,cn,cn_plus,35,5,3,5,3,1,147.60819408363503,0.9932708959545178,3.515841484069824,-0.7967120409011841,-1.0563901662826538,-1.0563901662826538,-0.01238639559596777,0.009024467319250107,4.2790961265563965,4.2712907791137695,6.734005928039551,2.435058116912842,AVAILABLE,4.312553524971008,492,1533
0.0106545090675354,0.03484928607940674,2.5303103029727936e-05,0.008786201477050781,0.036692142486572266,0.1860230416059494,0.15981024503707886,0.0,0.0,-0.1860230416059494,-0.15981024503707886,0.01946601364761591,0.01946601364761591,0.026212796568870544,0.0,-0.026212796568870544,0.0106545090675354,0.03484928607940674,-2.5303103029727936e-05,-0.008786201477050781,0.036692142486572266,,0.0008424950065091252,0.0008392257732339203,0.2,0,degree,degree_u_plus,36,4,3,3,3,1,1.7902621876078364,0.6416107402231882,-0.8182182312011719,-0.8288727402687073,-1.122960090637207,-1.1578093767166138,0.0052262539975345135,0.005251557100564241,4.256901264190674,4.265687465667725,2.328794240951538,2.292102098464966,AVAILABLE,0.03484928607940674,972,1000
4.340371668338776,0.0,0.024396120104938745,0.016991138458251953,4.332966566085815,0.15981024503707886,0.15981024503707886,1.0,0.0,0.5333369374275208,-0.15981024503707886,0.0413872585631907,0.0413872585631907,0.0,1.0,0.6931471824645996,4.340371668338776,0.0,-0.024396120104938745,0.016991138458251953,4.332966566085815,,0.002134018810465932,0.0008392257732339203,0.2,0,cn,cn_plus,36,3,3,3,3,1,104.87214592844732,0.9905546450274482,3.5114989280700684,-0.8288727402687073,-1.1578093767166138,-1.1578093767166138,-0.019144563004374504,0.005251557100564241,4.282678604125977,4.265687465667725,6.625068664550781,2.292102098464966,AVAILABLE,4.340371668338776,972,1000
8.344650268554688e-06,0.2673266530036926,0.031640110071748495,0.1703636646270752,0.46932196617126465,0.0025667769368737936,0.0024834738578647375,0.0,0.0,-0.0025667769368737936,-0.0024834738578647375,0.20201211934909225,0.20201211934909225,8.330307900905609e-05,0.0,-8.330307900905609e-05,8.344650268554688e-06,-0.2673266530036926,-0.031640110071748495,-0.1703636646270752,-0.46932196617126465,,0.0008528336184099317,0.005090372171252966,0.2,0,degree,degree_u_plus,37,2,1,1,1,1,1.3233198118600689,0.5695814261578599,-0.8659064173698425,-0.8659147620201111,-1.0773435831069946,-0.810016930103302,-0.004594690632075071,0.027045419439673424,3.4397130012512207,3.610076665878296,1.4997135400772095,1.9690355062484741,AVAILABLE,0.2673266530036926,468,647
4.414404809474945,0.0,0.07242524810135365,0.5069434642791748,4.848923325538635,0.0024834738578647375,0.0024834738578647375,1.0,0.0,0.6906636953353882,-0.0024834738578647375,0.5793687123805285,0.5793687123805285,0.0,1.0,0.6931471691932529,4.414404809474945,0.0,-0.07242524810135365,0.5069434642791748,4.848923325538635,,0.005325704347342253,0.005090372171252966,0.2,0,cn,cn_plus,37,1,1,1,1,1,7.619335733791253,0.8839817787721623,3.548490047454834,-0.8659147620201111,-0.810016930103302,-0.810016930103302,-0.04537982866168022,0.027045419439673424,4.117020130157471,3.610076665878296,6.817958831787109,1.9690355062484741,AVAILABLE,4.414404809474945,468,647
0.0001398921012878418,0.29086577892303467,0.02524792868643999,0.10213160514831543,0.21412205696105957,0.003920084796845913,0.002536581363528967,0.0,0.0,-0.003920084796845913,-0.002536581363528967,0.12751942593604326,0.12751942593604326,0.001383503433316946,0.0,-0.001383503433316946,0.0001398921012878418,0.29086577892303467,0.02524792868643999,-0.10213160514831543,0.21412205696105957,,0.0068995151668787,0.00030791026074439287,0.2,0,degree,degree_u_plus,38,5,1,4,1,1,2.280952521378129,0.6952104629725149,-0.8657695651054382,-0.8659094572067261,-0.4995827078819275,-0.7904484868049622,0.024120410904288292,-0.001127517782151699,-2.106484889984131,-2.0043532848358154,-3.4398715496063232,-3.653993606567383,AVAILABLE,0.29086577892303467,121,1910
4.363596796989441,0.0,0.04260433558374643,3.61110520362854,7.932097434997559,0.002536581363528967,0.002536581363528967,1.0,0.0,0.6906105875968933,-0.002536581363528967,3.6537095392122865,3.6537095392122865,0.0,1.0,0.6931471689604223,4.363596796989441,0.0,-0.04260433558374643,3.61110520362854,7.932097434997559,,0.00736397597938776,0.00030791026074439287,0.2,0,cn,cn_plus,38,4,1,4,1,1,1.1942921948818295,0.54427217927836,3.497687339782715,-0.8659094572067261,-0.7904484868049622,-0.7904484868049622,-0.04373185336589813,-0.001127517782151699,1.6067519187927246,-2.0043532848358154,4.278103828430176,-3.653993606567383,AVAILABLE,4.363596796989441,121,1910
0.05768465995788574,0.5667808055877686,0.04631410539150238,0.3176846504211426,0.8730945587158203,0.20572997629642487,-0.011027839966118336,0.0,0.0,-0.20572997629642487,0.011027839966118336,0.4216834157705307,0.4216834157705307,0.2167578162625432,0.0,-0.2167578162625432,0.05768465995788574,-0.5667808055877686,-0.04631410539150238,-0.3176846504211426,-0.8730945587158203,,0.03757749870419502,0.03881724178791046,0.2,0,degree,degree_u_plus,39,2,26,1,26,1,1.3440907822073047,0.573395361821971,-0.809586226940155,-0.8672708868980408,1.8211636543273926,2.387944459915161,0.2408076375722885,0.2871217429637909,3.536736488342285,3.8544211387634277,4.796966552734375,5.670061111450195,AVAILABLE,0.5667808055877686,547,598
2.878208577632904,0.0,0.06746523082256317,0.02644062042236328,2.7843027114868164,-0.011027839966118336,-0.011027839966118336,1.0,0.0,0.7041749954223633,0.011027839966118336,0.09390585124492645,0.09390585124492645,0.0,1.0,0.693147155456245,2.878208577632904,0.0,-0.06746523082256317,-0.02644062042236328,2.7843027114868164,,0.026005566120147705,0.03881724178791046,0.2,0,cn,cn_plus,39,1,26,1,26,1,30.64993536586523,0.968404358857601,2.0109376907348633,-0.8672708868980408,2.387944459915161,2.387944459915161,0.21965651214122772,0.2871217429637909,3.8279805183410645,3.8544211387634277,8.454363822937012,5.670061111450195,AVAILABLE,2.878208577632904,547,598
1.138448715209961e-05,0.07120358943939209,0.004779471550136805,0.19340848922729492,0.12697303295135498,0.002679459983482957,0.0025667769368737936,0.0,0.0,-0.002679459983482957,-0.0025667769368737936,0.19819934526458383,0.19819934526458383,0.00011268304660916328,0.0,-0.00011268304660916328,1.138448715209961e-05,0.07120358943939209,-0.004779471550136805,-0.19340848922729492,-0.12697303295135498,,0.001912906882353127,0.0008903879788704216,0.2,0,degree,degree_u_plus,40,3,1,2,1,1,0.35925237670092175,0.26430145192967985,-0.8658950328826904,-0.8659064173698425,-1.0061399936676025,-1.0773435831069946,-0.009374162182211876,-0.004594690632075071,3.019071102142334,3.212479591369629,1.1455070972442627,1.2724801301956177,AVAILABLE,0.07120358943939209,452,1258
4.0521151423454285,0.0,0.04741440014913678,0.9808640480041504,4.985564589500427,0.0025667769368737936,0.0025667769368737936,1.0,0.0,0.690580427646637,-0.0025667769368737936,1.0282784481532872,1.0282784481532872,0.0,1.0,0.6931472045835108,4.0521151423454285,0.0,-0.04741440014913678,0.9808640480041504,4.985564589500427,,0.006112313363701105,0.0008903879788704216,0.2,0,cn,cn_plus,40,2,1,2,1,1,3.9406788212044535,0.7975986628177103,3.186208724975586,-0.8659064173698425,-1.0773435831069946,-1.0773435831069946,-0.05200909078121185,-0.004594690632075071,4.193343639373779,3.212479591369629,6.258044719696045,1.2724801301956177,AVAILABLE,4.0521151423454285,452,1258
0.0004506111145019531,0.29141028970479965,0.006917286664247513,0.026865005493164062,0.32474231719970703,0.3893049359321594,0.32077300548553467,3.0,3.0,0.9969894289970398,1.0655213594436646,0.03423290327191353,0.03423290327191353,0.06853193044662476,0.0,-0.06853193044662476,0.0004506111145019531,-0.29141028970479965,-0.006917286664247513,-0.026865005493164062,-0.32474231719970703,,0.0038153051864355803,0.004806308075785637,0.2,0,degree,degree_u_plus,41,4,12,3,12,1,8.51257640242637,0.894876008591644,3.5266494750976562,3.5261988639831543,-0.274167537689209,0.017242752015590668,0.030768536031246185,0.0376858226954937,4.232915878295898,4.2597808837890625,7.524011135101318,7.848753452301025,AVAILABLE,0.29141028970479965,1109,2671
,,,,,,,,,,,,,,,,,,,,,NO_CANDIDATE,,,,,cn,cn,41,,,,,,,,,,,,,,,,,,MISSING,,1109,2671
0.0013415813446044922,0.2180517613887787,0.0032173767685890198,0.18413901329040527,0.03847169876098633,0.4214250147342682,0.3618077337741852,1.0,1.0,0.2717221677303314,0.33133944869041443,0.18869797140359879,0.18869797140359879,0.05961728096008301,0.0,-0.05961728096008301,-0.0013415813446044922,-0.2180517613887787,-0.0032173767685890198,0.18413901329040527,-0.03847169876098633,,0.0021202724892646074,0.002703816397115588,0.2,0,degree,degree_u_plus,42,4,9,3,9,1,1.1555595866306394,0.5360833417910277,3.5212533473968506,3.522594928741455,-0.654731035232544,-0.43667927384376526,0.01559654250741005,0.01881391927599907,3.1643335819244385,2.980194568634033,6.05429744720459,6.092769145965576,AVAILABLE,0.2180517613887787,1365,1702
0.01323556900024414,0.0,0.0038141878321766853,1.2578582763671875,1.2672796249389648,0.3618077337741852,0.3618077337741852,2.0,1.0,0.7368046045303345,0.33133944869041443,1.2616724641993642,1.2616724641993642,0.0,1.0,0.40546515583992004,0.01323556900024414,0.0,-0.0038141878321766853,1.2578582763671875,1.2672796249389648,,0.0018235509051010013,0.002703816397115588,0.2,0,cn,cn_plus,42,3,9,3,9,1,0.010490495172800854,0.01038158718257603,3.535830497741699,3.522594928741455,-0.43667927384376526,-0.43667927384376526,0.014999731443822384,0.01881391927599907,4.238052845001221,2.980194568634033,7.360048770904541,6.092769145965576,AVAILABLE,0.01323556900024414,1365,1702
0.005289793014526367,0.16226887702941895,0.00982077419757843,0.003744840621948242,0.1630544662475586,0.5962537527084351,0.3024114668369293,1.0,1.0,0.09689342975616455,0.3907357156276703,0.01885540783405304,0.01885540783405304,0.29384228587150574,0.0,-0.29384228587150574,0.005289793014526367,-0.16226887702941895,-0.00982077419757843,0.003744840621948242,-0.1630544662475586,,0.022086255252361298,0.0227450430393219,0.2,0,degree,degree_u_plus,43,3,139,2,139,1,8.605954981085596,0.8958979089565765,2.76224946975708,2.7569596767425537,2.5520412921905518,2.7143101692199707,0.20491158962249756,0.214732363820076,3.7585861682891846,3.7548413276672363,9.285633087158203,9.448687553405762,AVAILABLE,0.16226887702941895,326,1358
0.49547672271728516,0.0,0.017681404948234558,0.11695289611816406,0.3608407974243164,0.3024114668369293,0.3024114668369293,2.0,1.0,0.7962008714675903,0.3907357156276703,0.13463430106639862,0.13463430106639862,0.0,1.0,0.40546515583992004,-0.49547672271728516,0.0,0.017681404948234558,0.11695289611816406,-0.3608407974243164,,0.025596225634217262,0.0227450430393219,0.2,0,cn,cn_plus,43,2,139,2,139,1,3.680166807352155,0.7863324019927916,2.2614829540252686,2.7569596767425537,2.7143101692199707,2.7143101692199707,0.23241376876831055,0.214732363820076,3.8717942237854004,3.7548413276672363,9.087846755981445,9.448687553405762,AVAILABLE,0.49547672271728516,326,1358
0.026234805583953857,0.0017474889755249023,0.00847002025693655,0.04917716979980469,0.01621997356414795,0.15981024503707886,0.07427151501178741,0.0,0.0,-0.15981024503707886,-0.07427151501178741,0.0838819956406951,0.0838819956406951,0.08553873002529144,0.0,-0.08553873002529144,0.026234805583953857,-0.0017474889755249023,0.00847002025693655,-0.04917716979980469,-0.01621997356414795,,0.0009410589118488133,0.0005694270366802812,0.2,0,degree,degree_u_plus,44,3,3,2,3,1,0.020832703774516254,0.0204075591401878,-0.8288727402687073,-0.8551075458526611,-1.1578093767166138,-1.1560618877410889,0.005251557100564241,-0.0032184631563723087,3.5885426998138428,3.6377198696136475,1.6149572134017944,1.6311771869659424,AVAILABLE,0.0017474889755249023,718,2059
4.385103940963745,0.0,0.02582180453464389,0.43921780586242676,4.798499822616577,0.07427151501178741,0.07427151501178741,1.0,0.0,0.6188756823539734,-0.07427151501178741,0.46503961039707065,0.46503961039707065,0.0,1.0,0.6931471973657608,4.385103940963745,0.0,-0.02582180453464389,0.43921780586242676,4.798499822616577,,0.0033030195627361536,0.0005694270366802812,0.2,0,cn,cn_plus,44,2,3,2,3,1,9.429527611474388,0.9041183803090164,3.529996395111084,-0.8551075458526611,-1.1560618877410889,-1.1560618877410889,-0.029040267691016197,-0.0032184631563723087,4.076937675476074,3.6377198696136475,6.4296770095825195,1.6311771869659424,AVAILABLE,4.385103940963745,718,2059
2.574920654296875e-05,0.033411383628845215,0.006111845839768648,0.022169113159179688,0.04944276809692383,0.2639470398426056,0.22552335262298584,3.0,3.0,1.122347354888916,1.1607710123062134,0.028306708205491304,0.028306708205491304,0.03842368721961975,0.0,-0.03842365741729736,2.574920654296875e-05,-0.033411383628845215,0.006111845839768648,-0.022169113159179688,-0.04944276809692383,,0.0008691456750966609,0.0015654672170057893,0.2,0,degree,degree_u_plus,45,4,5,3,5,1,1.1803340601441972,0.541354685834764,3.517195701599121,3.517169952392578,-1.089801549911499,-1.0563901662826538,-0.007638856302946806,-0.013750702142715454,4.174288272857666,4.196457386016846,6.601888656616211,6.651331424713135,AVAILABLE,0.033411383628845215,1085,1421
,,,,,,,,,,,,,,,,,,,,,NO_CANDIDATE,,,,,cn,cn,45,,,,,,,,,,,,,,,,,,MISSING,,1085,1421
9.840726852416992e-05,0.07004308700561523,0.0019118450582027435,0.025012493133544922,0.04321742057800293,0.0015924838371574879,0.0025667769368737936,0.0,0.0,-0.0015924838371574879,-0.0025667769368737936,0.027022745460271835,0.027022745460271835,-0.0009742930997163057,0.0,0.0009742930997163057,-9.840726852416992e-05,-0.07004308700561523,0.0019118450582027435,0.025012493133544922,-0.04321742057800293,,0.007143964525312185,0.00665197754278779,0.2,0,degree,degree_u_plus,46,2,0,1,0,1,2.5920038801591048,0.7216038642041485,-0.8660048246383667,-0.8659064173698425,0.8947682976722717,0.964811384677887,0.03674852102994919,0.034836675971746445,-3.3464736938476562,-3.371486186981201,-3.2731165885925293,-3.2298991680145264,AVAILABLE,0.07004308700561523,166,2617
,,,,,,,,,,,,,,,,,,,,,NO_CANDIDATE,,,,,cn,cn,46,,,,,,,,,,,,,,,,,,MISSING,,166,2617
0.005095243453979492,0.29364925622940063,0.013113759458065033,0.01142740249633789,0.3130946159362793,0.6586901545524597,0.568725049495697,1.0,1.0,0.03445702791213989,0.12442213296890259,0.029636405408382416,0.029636405408382416,0.0899651050567627,0.0,-0.0899651050567627,0.005095243453979492,-0.29364925622940063,-0.013113759458065033,-0.01142740249633789,-0.3130946159362793,,0.01450169738382101,0.015629149973392487,0.2,0,degree,degree_u_plus,47,5,27,4,27,1,9.908393177210776,0.9083274700723892,2.347374677658081,2.3422794342041016,0.6087181568145752,0.9023674130439758,0.1057332307100296,0.11884699016809464,4.229267120361328,4.240694522857666,7.298938274383545,7.612032890319824,AVAILABLE,0.29364925622940063,1856,2045
0.01069784164428711,0.0,0.005716100335121155,0.0030202865600585938,0.008002758026123047,0.568725049495697,0.568725049495697,2.0,1.0,0.5298872590065002,0.12442213296890259,0.008736386895179749,0.008736386895179749,0.0,1.0,0.40546512603759766,0.01069784164428711,0.0,-0.005716100335121155,0.0030202865600585938,0.008002758026123047,,0.01486180443316698,0.015629149973392487,0.2,0,cn,cn_plus,47,4,27,4,27,1,1.2245141529901846,0.5504636377989309,2.3529772758483887,2.3422794342041016,0.9023674130439758,0.9023674130439758,0.11313088983297348,0.11884699016809464,4.243714809417725,4.240694522857666,7.620035648345947,7.612032890319824,AVAILABLE,0.01069784164428711,1856,2045
8.344650268554688e-06,2.2719117999076843,0.32681191340088844,5.898430585861206,8.497145414352417,0.0025667769368737936,0.0024834738578647375,0.0,0.0,-0.0025667769368737936,-0.0024834738578647375,6.225250843912363,6.225250843912363,8.330307900905609e-05,0.0,-8.330307900905609e-05,8.344650268554688e-06,-2.2719117999076843,-0.32681191340088844,-5.898430585861206,-8.497145414352417,,0.007194429636001587,0.04896341636776924,0.2,0,degree,degree_u_plus,48,1,0,0,0,1,0.36495104425870056,0.2673729917228672,-0.8659064173698425,-0.8659147620201111,0.964811384677887,3.2367231845855713,0.034836675971746445,0.3616485893726349,-2.976618766784668,2.921811819076538,-2.835031747817993,5.662113666534424,AVAILABLE,2.2719117999076843,307,991
,,,,,,,,,,,,,,,,,,,,,NO_CANDIDATE,,,,,cn,cn,48,,,,,,,,,,,,,,,,,,MISSING,,307,991
0.0006620883941650391,0.08133608102798462,0.005970508558675647,2.5536147356033325,2.6283178329467773,0.22552335262298584,0.09507910907268524,1.0,1.0,0.46762382984161377,0.5980680584907532,2.560247332556173,2.560247332556173,0.1304442435503006,0.0,-0.1304442286491394,0.0006620883941650391,-0.08133608102798462,0.005970508558675647,-2.5536147356033325,-2.6283178329467773,,0.0005713107530027628,0.0011928504100069404,0.2,0,degree,degree_u_plus,49,3,5,2,5,1,0.031768837204134336,0.030790653931961027,2.0884549617767334,2.0877928733825684,-1.0563901662826538,-0.9750540852546692,-0.0027714550960808992,-0.008741963654756546,1.7034300565719604,4.257044792175293,2.7405686378479004,5.368886470794678,AVAILABLE,0.08133608102798462,958,1798
0.1640009880065918,0.0,0.009600335732102394,0.022239208221435547,0.17663955688476562,0.09507910907268524,0.09507910907268524,2.0,1.0,1.0035332441329956,0.5980680584907532,0.03183954395353794,0.03183954395353794,0.0,1.0,0.40546518564224243,0.1640009880065918,0.0,-0.009600335732102394,0.022239208221435547,0.17663955688476562,,0.002437685150653124,0.0011928504100069404,0.2,0,cn,cn_plus,49,2,5,2,5,1,5.1508569575412775,0.8374210281749527,2.25179386138916,2.0877928733825684,-0.9750540852546692,-0.9750540852546692,-0.01834229938685894,-0.008741963654756546,4.2792840003967285,4.257044792175293,5.545526027679443,5.368886470794678,AVAILABLE,0.1640009880065918,958,1798
0.0002760887145996094,0.0013115406036376953,0.00017061829566955566,0.00018787384033203125,0.0015707015991210938,0.3149155080318451,0.3024114668369293,1.0,1.0,0.3782316744327545,0.3907357156276703,0.0006345808506011963,0.0006345808506011963,0.012504041194915771,0.0,-0.012504041194915771,0.0002760887145996094,0.0013115406036376953,0.00017061829566955566,-0.00018787384033203125,0.0015707015991210938,,0.02738303691148758,0.027368877083063126,0.2,0,degree,degree_u_plus,50,140,2,139,2,1,2.066749941943179,0.6739218981230757,2.0489091873168945,2.048633098602295,2.7156217098236084,2.7143101692199707,0.24681808054447174,0.24664746224880219,4.002189636230469,4.002377510070801,9.021384239196777,9.019813537597656,AVAILABLE,0.0013115406036376953,1358,1568
0.023962020874023438,0.0,0.0031043142080307007,0.05347418785095215,0.08054161071777344,0.3024114668369293,0.3024114668369293,2.0,1.0,0.7962008714675903,0.3907357156276703,0.05657850205898285,0.05657850205898285,0.0,1.0,0.40546515583992004,-0.023962020874023438,0.0,-0.0031043142080307007,-0.05347418785095215,-0.08054161071777344,,0.02726811170578003,0.027368877083063126,0.2,0,cn,cn_plus,50,139,2,139,2,1,0.4235180460214849,0.2975150523768582,2.0246710777282715,2.048633098602295,2.7143101692199707,2.7143101692199707,0.24354314804077148,0.24664746224880219,3.9489033222198486,4.002377510070801,8.939271926879883,9.019813537597656,AVAILABLE,0.023962020874023438,1358,1568
0.00014019012451171875,0.15439486503601074,0.008194411639124155,0.014388084411621094,0.17711734771728516,0.3195182979106903,0.2957470417022705,1.0,1.0,0.3736288845539093,0.3974001407623291,0.022722686175256968,0.022722686175256968,0.0237712562084198,0.0,-0.0237712562084198,0.00014019012451171875,0.15439486503601074,0.008194411639124155,0.014388084411621094,0.17711734771728516,,0.000248995260335505,0.0007040034979581833,0.2,0,degree,degree_u_plus,51,7,3,6,3,1,6.794742307214989,0.8717083951480503,3.519171714782715,3.519031524658203,-0.7974758744239807,-0.9518707394599915,0.0021145432256162167,-0.006079868413507938,4.1735405921936035,4.159152507781982,6.905196189880371,6.728078842163086,AVAILABLE,0.15439486503601074,1501,2228
0.0024061203002929688,0.0,0.0009741350077092648,0.025032997131347656,0.021652698516845703,0.2957470417022705,0.2957470417022705,2.0,1.0,0.8028652667999268,0.3974001407623291,0.02600713213905692,0.02600713213905692,0.0,1.0,0.40546512603759766,-0.0024061203002929688,0.0,-0.0009741350077092648,0.025032997131347656,0.021652698516845703,,0.0008145748870447278,0.0007040034979581833,0.2,0,cn,cn_plus,51,6,3,6,3,1,0.0925176740845936,0.08468299989939564,3.51662540435791,3.519031524658203,-0.9518707394599915,-0.9518707394599915,-0.007054003421217203,-0.006079868413507938,4.18418550491333,4.159152507781982,6.749731540679932,6.728078842163086,AVAILABLE,0.0024061203002929688,1501,2228
0.0002868175506591797,0.06656992435455322,0.004439987242221832,0.0012755393981933594,0.06944751739501953,0.22552335262298584,0.1860230416059494,1.0,1.0,0.46762382984161377,0.507124125957489,0.006002344191074371,0.006002344191074371,0.03950031101703644,0.0,-0.039500296115875244,-0.0002868175506591797,0.06656992435455322,0.004439987242221832,-0.0012755393981933594,0.06944751739501953,,0.002070313086733222,0.0025508960243314505,0.2,0,degree,degree_u_plus,52,5,3,4,3,1,11.090635813118812,0.9172913637085189,3.497786283493042,3.498073101043701,-1.0563901662826538,-1.122960090637207,-0.01832960918545723,-0.022769596427679062,4.281038761138916,4.282314300537109,6.711950302124023,6.642502784729004,AVAILABLE,0.06656992435455322,14,2668
0.017755508422851562,0.0,0.0011130589991807938,0.012325763702392578,0.031194210052490234,0.1860230416059494,0.1860230416059494,2.0,1.0,0.9125892519950867,0.507124125957489,0.013438822701573372,0.013438822701573372,0.0,1.0,0.40546512603759766,0.017755508422851562,0.0,0.0011130589991807938,0.012325763702392578,0.031194210052490234,,0.002418350661173463,0.0025508960243314505,0.2,0,cn,cn_plus,52,4,3,4,3,1,1.3212091270972373,0.5691900448235188,3.5158286094665527,3.498073101043701,-1.122960090637207,-1.122960090637207,-0.021656537428498268,-0.022769596427679062,4.294640064239502,4.282314300537109,6.673696994781494,6.642502784729004,AVAILABLE,0.017755508422851562,14,2668
0.07034312188625336,0.1819591522216797,0.01526692509651184,1.252272367477417,1.379155158996582,0.6280149817466736,0.5962537527084351,0.0,0.0,-0.6280149817466736,-0.5962537527084351,1.3378824144601822,1.3378824144601822,0.031761229038238525,0.0,-0.031761229038238525,0.07034312188625336,-0.1819591522216797,-0.01526692509651184,-1.252272367477417,-1.379155158996582,,0.05894053727388382,0.047806236892938614,0.2,0,degree,degree_u_plus,53,4,139,3,139,1,0.136005338656794,0.11972244674272914,-0.19311405718326569,-0.26345717906951904,2.370082139968872,2.5520412921905518,0.303804874420166,0.31907179951667786,2.287428855895996,3.539701223373413,4.7760467529296875,6.1552019119262695,AVAILABLE,0.1819591522216797,1038,1358
2.760703921318054,0.0,0.11341449618339539,0.00011658668518066406,2.6471729278564453,0.5962537527084351,0.5962537527084351,1.0,0.0,0.09689342975616455,-0.5962537527084351,0.11353108286857605,0.11353108286857605,0.0,1.0,0.6931471824645996,2.760703921318054,0.0,-0.11341449618339539,-0.00011658668518066406,2.6471729278564453,,0.023384684696793556,0.047806236892938614,0.2,0,cn,cn_plus,53,3,139,3,139,1,24.3167210987201,0.960500414089937,2.497246742248535,-0.26345717906951904,2.5520412921905518,2.5520412921905518,0.20565730333328247,0.31907179951667786,3.5395846366882324,3.539701223373413,8.802374839782715,6.1552019119262695,AVAILABLE,2.760703921318054,1038,1358
0.053630828857421875,0.08133608102798462,0.006978403776884079,0.002171039581298828,0.022897958755493164,0.22552335262298584,0.09507910907268524,0.0,0.0,-0.22552335262298584,-0.09507910907268524,0.06278027221560478,0.06278027221560478,0.1304442435503006,0.0,-0.1304442435503006,0.053630828857421875,-0.08133608102798462,0.006978403776884079,-0.002171039581298828,-0.022897958755493164,,0.001481796964071691,0.00033776211785152555,0.2,0,degree,degree_u_plus,54,3,5,2,5,1,1.2955673048530447,0.564377834670364,-0.7967120409011841,-0.850342869758606,-1.0563901662826538,-0.9750540852546692,0.009024467319250107,0.002046063542366028,4.228091716766357,4.230262756347656,2.3918590545654297,2.414757013320923,AVAILABLE,0.08133608102798462,1385,2335
4.378604054450989,0.0,0.02439298667013645,0.030343055725097656,4.384554147720337,0.09507910907268524,0.09507910907268524,1.0,0.0,0.5980680584907532,-0.09507910907268524,0.05473604239523411,0.05473604239523411,0.0,1.0,0.6931471675634384,4.378604054450989,0.0,-0.02439298667013645,0.030343055725097656,4.384554147720337,,0.0025433918926864862,0.00033776211785152555,0.2,0,cn,cn_plus,54,2,5,2,5,1,79.99488203559663,0.9876535408797743,3.528261184692383,-0.850342869758606,-0.9750540852546692,-0.9750540852546692,-0.022346923127770424,0.002046063542366028,4.260605812072754,4.230262756347656,6.79931116104126,2.414757013320923,AVAILABLE,4.378604054450989,1385,2335
0.01629638671875,0.6217502355575562,0.03711257316172123,0.031716346740722656,0.6742825508117676,0.09993232041597366,0.006401163060218096,0.0,0.0,-0.09993232041597366,-0.006401163060218096,0.08512530662119389,0.08512530662119389,0.09353115735575557,0.0,-0.09353115735575557,0.01629638671875,-0.6217502355575562,-0.03711257316172123,-0.031716346740722656,-0.6742825508117676,,0.0033189081586897373,0.010793488472700119,0.2,0,degree,degree_u_plus,55,2,6,1,6,1,7.303940358005756,0.8795752429705364,-0.8492213487625122,-0.8655177354812622,-0.7700438499450684,-0.1482936143875122,0.01905077137053013,0.05616334453225136,4.1017560958862305,4.133472442626953,2.5093870162963867,3.1836695671081543,AVAILABLE,0.6217502355575562,647,904
4.412596821784973,0.0,0.06063988571986556,0.009059429168701172,4.361016273498535,0.006401163060218096,0.006401163060218096,1.0,0.0,0.6867460012435913,-0.006401163060218096,0.06969931488856673,0.06969931488856673,0.0,1.0,0.6931471643038094,4.412596821784973,0.0,-0.06063988571986556,0.009059429168701172,4.361016273498535,,0.0005708140670321882,0.010793488472700119,0.2,0,cn,cn_plus,55,1,6,1,6,1,63.30903245963581,0.9844500848208584,3.547079086303711,-0.8655177354812622,-0.1482936143875122,-0.1482936143875122,-0.0044765411876142025,0.05616334453225136,4.142531871795654,4.133472442626953,7.5446858406066895,3.1836695671081543,AVAILABLE,4.412596821784973,647,904
0.3305974677205086,0.20653659105300903,0.011446073651313782,0.005461215972900391,0.11807584762573242,0.7318286299705505,0.5779234170913696,0.0,0.0,-0.7318286299705505,-0.5779234170913696,0.34750475734472275,0.34750475734472275,0.1539052128791809,0.0,-0.1539052128791809,0.3305974677205086,-0.20653659105300903,-0.011446073651313782,0.005461215972900391,0.11807584762573242,,0.030187444761395454,0.029501622542738914,0.2,0,degree,degree_u_plus,56,6,22,5,22,1,0.5943417485496707,0.37278190142754974,0.026340462267398834,-0.30425700545310974,0.12514948844909668,0.3316860795021057,0.1330457180738449,0.1444917917251587,4.12278413772583,4.11732292175293,4.415164470672607,4.297088623046875,AVAILABLE,0.20653659105300903,1849,1914
3.82475146651268,0.0,0.0741705670952797,0.0009870529174804688,3.751567840576172,0.5779234170913696,0.5779234170913696,1.0,0.0,0.11522376537322998,-0.5779234170913696,0.07515762001276016,0.07515762001276016,0.0,1.0,0.6931471824645996,3.82475146651268,0.0,-0.0741705670952797,0.0009870529174804688,3.751567840576172,,0.00874553807079792,0.029501622542738914,0.2,0,cn,cn_plus,56,5,22,5,22,1,50.889729570548184,0.9807283636227007,3.5204944610595703,-0.30425700545310974,0.3316860795021057,0.3316860795021057,0.070321224629879,0.1444917917251587,4.11830997467041,4.11732292175293,8.048656463623047,4.297088623046875,AVAILABLE,3.82475146651268,1849,1914
0.0,0.10455578565597534,0.004846016643568873,0.009450435638427734,0.11885213851928711,0.09507910907268524,0.09507910907268524,0.0,0.0,-0.09507910907268524,-0.09507910907268524,0.014296452281996608,0.014296452281996608,0.0,0.0,0.0,0.0,0.10455578565597534,0.004846016643568873,0.009450435638427734,0.11885213851928711,,0.00033967720810323954,0.0004575526691041887,0.2,0,degree,degree_u_plus,57,5,2,4,2,1,7.313402686176524,0.8797123106206808,-0.850342869758606,-0.850342869758606,-0.9750540852546692,-1.0796098709106445,0.002046063542366028,-0.0027999531012028456,4.196109294891357,4.18665885925293,2.380603551864624,2.261751413345337,AVAILABLE,0.10455578565597534,1773,1780
4.32080352306366,0.0,0.03727673855610192,0.04008150100708008,4.323607683181763,0.09507910907268524,0.09507910907268524,1.0,0.0,0.5980680584907532,-0.09507910907268524,0.077358239563182,0.077358239563182,0.0,1.0,0.6931471675634384,4.32080352306366,0.0,-0.03727673855610192,0.04008150100708008,4.323607683181763,,0.004545446485280991,0.0004575526691041887,0.2,0,cn,cn_plus,57,4,2,4,2,1,55.85446345363158,0.9824112314274928,3.4704606533050537,-0.850342869758606,-1.0796098709106445,-1.0796098709106445,-0.040076691657304764,-0.0027999531012028456,4.22674036026001,4.18665885925293,6.5853590965271,2.261751413345337,AVAILABLE,4.32080352306366,1773,1780
0.0008234977722167969,0.00625157356262207,3.349781036376953e-05,0.0004839897155761719,0.004910469055175781,0.12368596345186234,0.2202700674533844,2.0,2.0,0.9749263525009155,0.8783422708511353,0.0013409852981567383,0.0013409852981567383,-0.09658410400152206,0.0,0.09658408164978027,-0.0008234977722167969,0.00625157356262207,-3.349781036376953e-05,-0.0004839897155761719,0.004910469055175781,,0.016861289739608765,0.016872987151145935,0.2,0,degree,degree_u_plus,58,65,2,64,2,1,4.661890739822247,0.823380555020849,3.0275588035583496,3.0283823013305664,2.5009572505950928,2.4947056770324707,0.16769824922084808,0.16773174703121185,4.24954080581665,4.250024795532227,9.95359992980957,9.948689460754395,AVAILABLE,0.00625157356262207,306,656
,,,,,,,,,,,,,,,,,,,,,NO_CANDIDATE,,,,,cn,cn,58,,,,,,,,,,,,,,,,,,MISSING,,306,656
0.012731552124023438,0.08873140811920166,0.008440207690000534,0.023817062377929688,0.0606229305267334,0.47940754890441895,0.48554709553718567,0.0,0.0,-0.47940754890441895,-0.48554709553718567,0.04498882219195366,0.04498882219195366,-0.006139546632766724,0.0,0.006139546632766724,-0.012731552124023438,0.08873140811920166,0.008440207690000534,-0.023817062377929688,0.0606229305267334,,0.009378727525472641,0.007694831117987633,0.2,0,degree,degree_u_plus,59,9,5,8,5,1,1.9722985415716445,0.6635600408190371,-0.5278936624526978,-0.5151621103286743,-0.7847031354904175,-0.8734345436096191,0.05092525854706764,0.04248505085706711,4.066346645355225,4.090163707733154,2.8125202655792236,2.7518973350524902,AVAILABLE,0.08873140811920166,1351,1535
4.0463820695877075,0.0,0.032197967171669006,0.022352218627929688,4.03653621673584,0.48554709553718567,0.48554709553718567,1.0,0.0,0.20760008692741394,-0.48554709553718567,0.054550185799598694,0.054550185799598694,0.0,1.0,0.6931471824645996,4.0463820695877075,0.0,-0.032197967171669006,0.022352218627929688,4.03653621673584,,0.0012063483009114861,0.007694831117987633,0.2,0,cn,cn_plus,59,8,5,8,5,1,74.17722356951604,0.9866980988054805,3.531219959259033,-0.5151621103286743,-0.8734345436096191,-0.8734345436096191,0.010287083685398102,0.04248505085706711,4.112515926361084,4.090163707733154,6.78843355178833,2.7518973350524902,AVAILABLE,4.0463820695877075,1351,1535
1.0728836059570312e-05,0.21569150686264038,0.007528556510806084,0.013233184814453125,0.2099761962890625,0.002536581363528967,0.002679459983482957,1.0,1.0,0.6906105875968933,0.6904677152633667,0.02077247016131878,0.02077247016131878,-0.00014287861995398998,0.0,0.00014287233352661133,-1.0728836059570312e-05,0.21569150686264038,0.007528556510806084,-0.013233184814453125,0.2099761962890625,,0.0034054317511618137,0.004173795226961374,0.2,0,degree,degree_u_plus,60,4,1,3,1,1,10.383522101722242,0.9121537261434485,3.541719436645508,3.5417301654815674,-0.7904484868049622,-1.0061399936676025,-0.02899276651442051,-0.03652132302522659,4.152522563934326,4.165755748748779,6.882645606994629,6.672669410705566,AVAILABLE,0.21569150686264038,2457,2458
,,,,,,,,,,,,,,,,,,,,,NO_CANDIDATE,,,,,cn,cn,60,,,,,,,,,,,,,,,,,,MISSING,,2457,2458
0.06539559364318848,0.0463634729385376,0.0005142241716384888,0.0019822120666503906,0.017563819885253906,0.10534340888261795,0.24746403098106384,0.0,0.0,-0.10534340888261795,-0.24746403098106384,0.06789202988147736,0.06789202988147736,-0.1421206220984459,0.0,0.1421206220984459,-0.06539559364318848,0.0463634729385376,-0.0005142241716384888,0.0019822120666503906,-0.017563819885253906,,0.03114709071815014,0.03175974637269974,0.2,0,degree,degree_u_plus,61,29,3,28,3,1,0.6828999838490155,0.4057876227957009,-0.8476870059967041,-0.7822914123535156,1.4214473962783813,1.3750839233398438,0.20896556973457336,0.20947979390621185,4.230891227722168,4.228909015655518,5.021462440490723,5.039026260375977,AVAILABLE,0.0463634729385376,109,1805
2.920691967010498,0.0,0.05771227180957794,0.0006761550903320312,2.8636560440063477,0.24746403098106384,0.24746403098106384,1.0,0.0,0.44568315148353577,-0.24746403098106384,0.05838842689990997,0.05838842689990997,0.0,1.0,0.6931471824645996,2.920691967010498,0.0,-0.05771227180957794,0.0006761550903320312,2.8636560440063477,,0.019223641604185104,0.03175974637269974,0.2,0,cn,cn_plus,61,28,3,28,3,1,50.021752971691576,0.9804005166079882,2.1384005546569824,-0.7822914123535156,1.3750839233398438,1.3750839233398438,0.1517675220966339,0.20947979390621185,4.22958517074585,4.228909015655518,7.902682304382324,5.039026260375977,AVAILABLE,2.920691967010498,109,1805
5.02467155456543e-05,0.9283031821250916,0.018427066504955292,1.973427176475525,1.0636013746261597,0.002709528198465705,0.002212853403761983,0.0,0.0,-0.002709528198465705,-0.002212853403761983,1.9919044896960258,1.9919044896960258,0.000496674794703722,0.0,-0.000496674794703722,5.02467155456543e-05,-0.9283031821250916,0.018427066504955292,1.973427176475525,1.0636013746261597,,0.03933495655655861,0.017064623534679413,0.2,0,degree,degree_u_plus,62,1,8,0,8,1,0.466037996433441,0.31788943913269124,-0.8658919334411621,-0.8659421801567078,0.5492175221443176,1.4775207042694092,0.11945214122533798,0.10102507472038269,-1.5022317171096802,-3.475658893585205,-1.6916087865829468,-2.7552101612091064,AVAILABLE,0.9283031821250916,907,1351
,,,,,,,,,,,,,,,,,,,,,NO_CANDIDATE,,,,,cn,cn,62,,,,,,,,,,,,,,,,,,MISSING,,907,1351
0.00020372867584228516,0.037384033203125,0.004952363669872284,0.024910688400268555,0.06704330444335938,-0.000550437078345567,0.0014682164182886481,0.0,0.0,0.000550437078345567,-0.0014682164182886481,0.030066780745983124,0.030066780745983124,-0.002018653496634215,0.0,0.002018653496634215,-0.00020372867584228516,0.037384033203125,0.004952363669872284,0.024910688400268555,0.06704330444335938,,0.025409109890460968,0.02470581978559494,0.2,0,degree,degree_u_plus,63,11,0,10,0,1,1.2433662614331211,0.5542413126240145,-0.8662210702896118,-0.8660173416137695,1.6129066944122314,1.5755226612091064,0.11871697008609772,0.11376460641622543,2.074375629425049,2.0494649410247803,2.9476232528686523,2.880579948425293,AVAILABLE,0.037384033203125,748,1617
,,,,,,,,,,,,,,,,,,,,,NO_CANDIDATE,,,,,cn,cn,63,,,,,,,,,,,,,,,,,,MISSING,,748,1617
8.344650268554688e-06,0.2673266530036926,0.031640110071748495,0.2555999755859375,0.554558277130127,0.0025667769368737936,0.0024834738578647375,0.0,0.0,-0.0025667769368737936,-0.0024834738578647375,0.28724843030795455,0.28724843030795455,8.330307900905609e-05,0.0,-8.330307900905609e-05,8.344650268554688e-06,-0.2673266530036926,-0.031640110071748495,-0.2555999755859375,-0.554558277130127,,0.0010386672802269459,0.006099040620028973,0.2,0,degree,degree_u_plus,64,2,1,1,1,1,0.9306461428201174,0.48203869273564115,-0.8659064173698425,-0.8659147620201111,-1.0773435831069946,-0.810016930103302,-0.004594690632075071,0.027045419439673424,2.4757957458496094,2.731395721435547,0.5357962846755981,1.090354561805725,AVAILABLE,0.2673266530036926,1357,2170
4.358263671398163,0.0,0.06682807020843029,1.1986196041107178,5.490055441856384,0.0024834738578647375,0.0024834738578647375,1.0,0.0,0.6906636953353882,-0.0024834738578647375,1.265447674319148,1.265447674319148,0.0,1.0,0.6931471691932529,4.358263671398163,0.0,-0.06682807020843029,1.1986196041107178,5.490055441856384,,0.004809219855815172,0.006099040620028973,0.2,0,cn,cn_plus,64,1,1,1,1,1,3.4440488732989785,0.7749799724282367,3.4923489093780518,-0.8659147620201111,-0.810016930103302,-0.810016930103302,-0.039782650768756866,0.027045419439673424,3.9300153255462646,2.731395721435547,6.580410003662109,1.090354561805725,AVAILABLE,4.358263671398163,1357,2170
0.0018925070762634277,0.17503848671913147,0.014750838279724121,0.22029376029968262,0.032396793365478516,0.17653506994247437,0.18117393553256989,0.0,0.0,-0.17653506994247437,-0.18117393553256989,0.23693710565567017,0.23693710565567017,-0.00463886559009552,0.0,0.00463886559009552,-0.0018925070762634277,0.17503848671913147,0.014750838279724121,-0.22029376029968262,-0.032396793365478516,,0.029078545048832893,0.02578241191804409,0.2,0,degree,degree_u_plus,65,12,2,11,2,1,0.7387550331013013,0.42487585602189937,-0.8220946788787842,-0.8202021718025208,0.5867624282836914,0.41172394156455994,0.13663996756076813,0.121889129281044,3.153498888015747,3.3737926483154297,3.0626518726348877,3.095048666000366,AVAILABLE,0.17503848671913147,645,1495
4.364193499088287,0.0,0.0756247490644455,0.2415618896484375,4.53013014793396,0.18117393553256989,0.18117393553256989,1.0,0.0,0.5119732618331909,-0.18117393553256989,0.317186638712883,0.317186638712883,0.0,1.0,0.6931471973657608,4.364193499088287,0.0,-0.0756247490644455,0.2415618896484375,4.53013014793396,,0.0060735661536455154,0.02578241191804409,0.2,0,cn,cn_plus,65,11,2,11,2,1,13.759070619138042,0.9322450562230319,3.5439913272857666,-0.8202021718025208,0.41172394156455994,0.41172394156455994,0.04626438021659851,0.121889129281044,3.615354537963867,3.3737926483154297,7.625178813934326,3.095048666000366,AVAILABLE,4.364193499088287,645,1495
0.001987934112548828,0.08133608102798462,0.006354615092277527,0.03785419464111328,0.11482381820678711,0.22552335262298584,0.09507910907268524,2.0,2.0,0.8730889558792114,1.0035332441329956,0.046196743845939636,0.046196743845939636,0.1304442435503006,0.0,-0.13044428825378418,-0.001987934112548828,-0.08133608102798462,0.006354615092277527,-0.03785419464111328,-0.11482381820678711,,0.0014299512840807438,0.002166466787457466,0.2,0,degree,degree_u_plus,66,3,5,2,5,1,1.760644942699442,0.637765804456487,3.5285184383392334,3.5305063724517822,-1.0563901662826538,-0.9750540852546692,-0.01248534768819809,-0.018839962780475616,4.133915424346924,4.171769618988037,6.60140323638916,6.716227054595947,AVAILABLE,0.08133608102798462,56,1849
,,,,,,,,,,,,,,,,,,,,,NO_CANDIDATE,,,,,cn,cn,66,,,,,,,,,,,,,,,,,,MISSING,,56,1849
0.0002518296241760254,0.3512890934944153,0.032042933627963066,1.2115426063537598,0.8279588222503662,0.006401163060218096,0.003920084796845913,0.0,0.0,-0.006401163060218096,-0.003920084796845913,1.2438373696058989,1.2438373696058989,0.002481078263372183,0.0,-0.002481078263372183,0.0002518296241760254,0.3512890934944153,0.032042933627963066,-1.2115426063537598,-0.8279588222503662,,0.016413770616054535,0.004870093427598476,0.2,0,degree,degree_u_plus,67,6,1,5,1,1,0.2824236505946772,0.22022648324031888,-0.8655177354812622,-0.8657695651054382,-0.1482936143875122,-0.4995827078819275,0.05616334453225136,0.024120410904288292,2.3517465591430664,3.563289165496826,1.4019436836242676,2.229902505874634,AVAILABLE,0.3512890934944153,743,1570
4.405555427074432,0.0,0.04479040578007698,0.6806597709655762,5.041424512863159,0.003920084796845913,0.003920084796845913,1.0,0.0,0.6892271041870117,-0.003920084796845913,0.7254501767456532,0.7254501767456532,0.0,1.0,0.6931471889838576,4.405555427074432,0.0,-0.04479040578007698,0.6806597709655762,5.041424512863159,,0.002489164937287569,0.004870093427598476,0.2,0,cn,cn_plus,67,5,1,5,1,1,6.0728572513539705,0.8586144234978632,3.539785861968994,-0.8657695651054382,-0.4995827078819275,-0.4995827078819275,-0.02066999487578869,0.024120410904288292,4.243948936462402,3.563289165496826,7.271327018737793,2.229902505874634,AVAILABLE,4.405555427074432,743,1570
0.015426695346832275,0.4754713773727417,0.022074347361922264,0.0980386734008789,0.3840804100036621,0.09507910907268524,0.003920084796845913,0.0,0.0,-0.09507910907268524,-0.003920084796845913,0.13553971610963345,0.13553971610963345,0.09115902427583933,0.0,-0.09115902427583933,0.015426695346832275,-0.4754713773727417,-0.022074347361922264,0.0980386734008789,-0.3840804100036621,,0.0003386391035746783,0.004380743484944105,0.2,0,degree,degree_u_plus,68,2,5,1,5,1,3.5079853783100403,0.7781714189199784,-0.850342869758606,-0.8657695651054382,-0.9750540852546692,-0.4995827078819275,0.002046063542366028,0.024120410904288292,4.214574813842773,4.1165361404418945,2.39906907081604,2.783149480819702,AVAILABLE,0.4754713773727417,8,281
4.316207587718964,0.0,0.041573379188776016,0.1656956672668457,4.440329313278198,0.003920084796845913,0.003920084796845913,1.0,0.0,0.6892271041870117,-0.003920084796845913,0.20726904645562172,0.20726904645562172,0.0,1.0,0.6931471889838576,4.316207587718964,0.0,-0.041573379188776016,0.1656956672668457,4.440329313278198,,0.0021155867725610733,0.004380743484944105,0.2,0,cn,cn_plus,68,1,5,1,5,1,20.824177335139773,0.9541792579558145,3.4504380226135254,-0.8657695651054382,-0.4995827078819275,-0.4995827078819275,-0.017452968284487724,0.024120410904288292,4.28223180770874,4.1165361404418945,7.2234787940979,2.783149480819702,AVAILABLE,4.316207587718964,8,281
0.13243502378463745,0.052741825580596924,0.005682945251464844,0.14028429985046387,0.05057549476623535,0.568725049495697,0.5121098756790161,0.0,0.0,-0.568725049495697,-0.5121098756790161,0.27840226888656616,0.27840226888656616,0.05661517381668091,0.0,-0.05661517381668091,0.13243502378463745,0.052741825580596924,0.005682945251464844,-0.14028429985046387,0.05057549476623535,,0.052377406507730484,0.04792561009526253,0.2,0,degree,degree_u_plus,69,27,4,26,4,1,0.189444661845194,0.15927152218356014,-0.3250913918018341,-0.45752641558647156,0.9023674130439758,0.8496255874633789,0.18769600987434387,0.18201306462287903,2.168375253677368,2.308659553527832,2.941192388534546,2.8906168937683105,AVAILABLE,0.052741825580596924,598,1301
3.973147600889206,0.0,0.09115287661552429,0.862816333770752,4.744811058044434,0.5121098756790161,0.5121098756790161,1.0,0.0,0.1810373067855835,-0.5121098756790161,0.9539692103862762,0.9539692103862762,0.0,1.0,0.6931471824645996,3.973147600889206,0.0,-0.09115287661552429,0.862816333770752,4.744811058044434,,0.011912055313587189,0.04792561009526253,0.2,0,cn,cn_plus,69,26,4,26,4,1,4.16485932248466,0.8063838843302842,3.5156211853027344,-0.45752641558647156,0.8496255874633789,0.8496255874633789,0.09086018800735474,0.18201306462287903,3.171475887298584,2.308659553527832,7.635427951812744,2.8906168937683105,AVAILABLE,3.973147600889206,598,1301
0.0004425048828125,0.042241573333740234,0.002382574137300253,0.009124755859375,0.03594160079956055,0.2639470398426056,0.2842516303062439,1.0,1.0,0.429200142621994,0.4088955521583557,0.011949834879487753,0.011949834879487753,-0.020304590463638306,0.0,0.020304590463638306,0.0004425048828125,0.042241573333740234,0.002382574137300253,-0.009124755859375,0.03594160079956055,,0.0007159970700740814,0.0009805149165913463,0.2,0,degree,degree_u_plus,70,5,4,4,4,1,3.534905579088235,0.7794882423547493,3.5283374786376953,3.527894973754883,-1.089801549911499,-1.1320431232452393,-0.006307676900178194,-0.008690251037478447,4.18519401550293,4.194318771362305,6.625267028808594,6.589325428009033,AVAILABLE,0.042241573333740234,1388,2181
0.0040493011474609375,0.0,0.0008551338687539101,0.0003180503845214844,0.0035119056701660156,0.2842516303062439,0.2842516303062439,2.0,1.0,0.8143606781959534,0.4088955521583557,0.0011731842532753944,0.0011731842532753944,0.0,1.0,0.40546512603759766,0.0040493011474609375,0.0,-0.0008551338687539101,0.0003180503845214844,0.0035119056701660156,,0.001076364773325622,0.0009805149165913463,0.2,0,cn,cn_plus,70,4,4,4,4,1,3.4515180552204843,0.7753575325102282,3.5319442749023438,3.527894973754883,-1.1320431232452393,-1.1320431232452393,-0.009545384906232357,-0.008690251037478447,4.194636821746826,4.194318771362305,6.592837333679199,6.589325428009033,AVAILABLE,0.0040493011474609375,1388,2181
0.0012667179107666016,0.009083032608032227,0.007822691462934017,0.01210641860961914,0.0146331787109375,0.2842516303062439,0.1860230416059494,1.0,1.0,0.4088955521583557,0.507124125957489,0.02119582798331976,0.02119582798331976,0.0982285887002945,0.0,-0.0982285737991333,-0.0012667179107666016,-0.009083032608032227,0.007822691462934017,-0.01210641860961914,-0.0146331787109375,,0.00106330297421664,0.0019360162550583482,0.2,0,degree,degree_u_plus,71,4,4,3,4,1,0.4285290638275398,0.29997924065986964,3.517670154571533,3.5189368724823,-1.1320431232452393,-1.122960090637207,-0.009502497501671314,-0.01732518896460533,4.277556896209717,4.289663314819336,6.661526679992676,6.676159858703613,AVAILABLE,0.009083032608032227,1818,2305
0.007390260696411133,0.0,0.0041610803455114365,0.0054492950439453125,0.008678436279296875,0.1860230416059494,0.1860230416059494,2.0,1.0,0.9125892519950867,0.507124125957489,0.009610375389456749,0.009610375389456749,0.0,1.0,0.40546512603759766,0.007390260696411133,0.0,-0.0041610803455114365,0.0054492950439453125,0.008678436279296875,,0.0023964468855410814,0.0019360162550583482,0.2,0,cn,cn_plus,71,3,4,3,4,1,0.7689869237209525,0.4347046964617674,3.526327133178711,3.5189368724823,-1.122960090637207,-1.122960090637207,-0.021486269310116768,-0.01732518896460533,4.295112609863281,4.289663314819336,6.68483829498291,6.676159858703613,AVAILABLE,0.007390260696411133,1818,2305
0.0020399093627929688,0.33291061222553253,0.010333370417356491,0.07997417449951172,0.42525815963745117,0.45641225576400757,0.35121163725852966,1.0,1.0,0.23673492670059204,0.34193554520606995,0.09234745427966118,0.09234745427966118,0.1052006185054779,0.0,-0.1052006185054779,-0.0020399093627929688,-0.33291061222553253,-0.010333370417356491,-0.07997417449951172,-0.42525815963745117,,0.006123384460806847,0.007171638775616884,0.2,0,degree,degree_u_plus,72,4,14,3,14,1,3.6049783805363624,0.7828437144837311,3.5163981914520264,3.5184381008148193,-0.05464579164981842,0.2782648205757141,0.047125596553087234,0.057458966970443726,4.0778350830078125,4.157809257507324,7.594558238983154,8.019816398620605,AVAILABLE,0.33291061222553253,2228,2394
0.005774736404418945,0.0,0.007547251880168915,0.017918109893798828,0.016144752502441406,0.35121163725852966,0.35121163725852966,2.0,1.0,0.7474006414413452,0.34193554520606995,0.025465361773967743,0.025465361773967743,0.0,1.0,0.40546509623527527,0.005774736404418945,0.0,-0.007547251880168915,0.017918109893798828,0.016144752502441406,,0.00621711416170001,0.007171638775616884,0.2,0,cn,cn_plus,72,3,14,3,14,1,0.2267681954803516,0.1848500770690086,3.5242128372192383,3.5184381008148193,0.2782648205757141,0.2782648205757141,0.04991171509027481,0.057458966970443726,4.175727367401123,4.157809257507324,8.035961151123047,8.019816398620605,AVAILABLE,0.005774736404418945,2228,2394
1.138448715209961e-05,0.07120358943939209,0.004779471550136805,0.5869026184082031,0.6533381044864655,0.002679459983482957,0.0025667769368737936,0.0,0.0,-0.002679459983482957,-0.0025667769368737936,0.591693474445492,0.591693474445492,0.00011268304660916328,0.0,-0.00011268304660916328,1.138448715209961e-05,0.07120358943939209,-0.004779471550136805,0.5869026184082031,0.6533381044864655,,0.0021353603806346655,0.0011874118354171515,0.2,0,degree,degree_u_plus,73,3,1,2,1,1,0.12033864037918351,0.1074127375794647,-0.8658950328826904,-0.8659064173698425,-1.0061399936676025,-1.0773435831069946,-0.009374162182211876,-0.004594690632075071,2.508558511734009,1.9216558933258057,0.6349945068359375,-0.018343597650527954,AVAILABLE,0.07120358943939209,2303,2541
4.392145574092865,0.0,0.03538490133360028,2.304720640182495,6.6614810526371,0.0025667769368737936,0.0025667769368737936,1.0,0.0,0.690580427646637,-0.0025667769368737936,2.3401055415160954,2.3401055415160954,0.0,1.0,0.6931472045835108,4.392145574092865,0.0,-0.03538490133360028,2.304720640182495,6.6614810526371,,0.004507312551140785,0.0011874118354171515,0.2,0,cn,cn_plus,73,2,1,2,1,1,1.87690062580609,0.6524037045180154,3.5262391567230225,-0.8659064173698425,-1.0773435831069946,-1.0773435831069946,-0.039979591965675354,-0.004594690632075071,4.226376533508301,1.9216558933258057,6.643137454986572,-0.018343597650527954,AVAILABLE,4.392145574092865,2303,2541
0.0,0.13386408239603043,0.011147871613502502,0.0021314620971679688,0.1471434235572815,0.32077300548553467,0.32077300548553467,0.0,0.0,-0.32077300548553467,-0.32077300548553467,0.013279333710670471,0.013279333710670471,0.0,0.0,0.0,0.0,0.13386408239603043,0.011147871613502502,0.0021314620971679688,0.1471434235572815,,0.04629237949848175,0.04437001049518585,0.2,0,degree,degree_u_plus,74,13,3,12,3,1,10.08062486465091,0.9097523819987652,-0.726980447769165,-0.726980447769165,0.1511068344116211,0.017242752015590668,0.11123260110616684,0.10008472949266434,1.4135076999664307,1.4113762378692627,0.9567118287086487,0.8095684051513672,AVAILABLE,0.13386408239603043,661,1879
4.258496999740601,0.0,0.059548988938331604,0.44720566272735596,4.646153450012207,0.32077300548553467,0.32077300548553467,1.0,0.0,0.37237417697906494,-0.32077300548553467,0.5067546516656876,0.5067546516656876,0.0,1.0,0.6931471824645996,4.258496999740601,0.0,-0.059548988938331604,0.44720566272735596,4.646153450012207,,0.007440648972988129,0.04437001049518585,0.2,0,cn,cn_plus,74,12,3,12,3,1,8.403468822058876,0.8936562646271367,3.5315165519714355,-0.726980447769165,0.017242752015590668,0.017242752015590668,0.04053574055433273,0.10008472949266434,1.8585819005966187,1.4113762378692627,5.455721855163574,0.8095684051513672,AVAILABLE,4.258496999740601,661,1879
0.0,0.10455578565597534,0.004846016643568873,0.11511611938476562,0.005714297294616699,0.09507910907268524,0.09507910907268524,0.0,0.0,-0.09507910907268524,-0.09507910907268524,0.1199621360283345,0.1199621360283345,0.0,0.0,0.0,0.0,0.10455578565597534,0.004846016643568873,-0.11511611938476562,-0.005714297294616699,,0.00038079102523624897,0.0005005620769225061,0.2,0,degree,degree_u_plus,75,5,2,4,2,1,0.8715731513445897,0.46569013384191127,-0.850342869758606,-0.850342869758606,-0.9750540852546692,-1.0796098709106445,0.002046063542366028,-0.0027999531012028456,3.5457496643066406,3.6608657836914062,1.7302439212799072,1.735958218574524,AVAILABLE,0.10455578565597534,1395,2072
4.3736854791641235,0.0,0.021666907938197255,0.3236877918243408,4.675706267356873,0.09507910907268524,0.09507910907268524,1.0,0.0,0.5980680584907532,-0.09507910907268524,0.3453546997625381,0.3453546997625381,0.0,1.0,0.6931471675634384,4.3736854791641235,0.0,-0.021666907938197255,0.3236877918243408,4.675706267356873,,0.002841028617694974,0.0005005620769225061,0.2,0,cn,cn_plus,75,4,2,4,2,1,12.664328458619892,0.9268167474875673,3.5233426094055176,-0.850342869758606,-1.0796098709106445,-1.0796098709106445,-0.0244668610394001,-0.0027999531012028456,3.984553575515747,3.6608657836914062,6.4116644859313965,1.735958218574524,AVAILABLE,4.3736854791641235,1395,2072
0.0020377635955810547,0.1818268895149231,0.0012867986224591732,0.0002646446228027344,0.17876672744750977,0.2957470417022705,0.09993232041597366,2.0,2.0,0.8028652667999268,0.9986799955368042,0.0035892068408429623,0.0035892068408429623,0.19581472128629684,0.0,-0.19581472873687744,0.0020377635955810547,-0.1818268895149231,0.0012867986224591732,-0.0002646446228027344,-0.17876672744750977,,0.000738002301659435,0.0009041919256560504,0.2,0,degree,degree_u_plus,76,3,6,2,6,1,50.65920995517766,0.9806423675300561,3.507967948913574,3.505930185317993,-0.9518707394599915,-0.7700438499450684,-0.006446352694183588,-0.007733151316642761,4.268582820892334,4.268847465515137,6.82607889175415,7.00484561920166,AVAILABLE,0.1818268895149231,1091,2176
,,,,,,,,,,,,,,,,,,,,,NO_CANDIDATE,,,,,cn,cn,76,,,,,,,,,,,,,,,,,,MISSING,,1091,2176
1.1444091796875e-05,0.10605734586715698,0.014793716371059418,0.7947735786437988,0.6739108562469482,0.0017051668837666512,0.0015924838371574879,0.0,0.0,-0.0017051668837666512,-0.0015924838371574879,0.8095787391066551,0.8095787391066551,0.00011268304660916328,0.0,-0.00011268304660916328,1.1444091796875e-05,0.10605734586715698,0.014793716371059418,-0.7947735786437988,-0.6739108562469482,,0.00900357961654663,0.007641573902219534,0.2,0,degree,degree_u_plus,77,3,0,2,0,1,0.1310031247536919,0.11582914484186023,-0.8659933805465698,-0.8660048246383667,1.0008256435394287,0.8947682976722717,0.051542237401008606,0.03674852102994919,-3.806277275085449,-3.0115036964416504,-3.6120574474334717,-2.9381465911865234,AVAILABLE,0.10605734586715698,387,2191
,,,,,,,,,,,,,,,,,,,,,NO_CANDIDATE,,,,,cn,cn,77,,,,,,,,,,,,,,,,,,MISSING,,387,2191
0.0002956390380859375,0.268202006816864,0.01483288686722517,0.0026140213012695312,0.2807168960571289,0.09682951122522354,0.09993232041597366,1.0,1.0,0.5963176488876343,0.5932148694992065,0.01774254720658064,0.01774254720658064,-0.003102809190750122,0.0,0.0031027793884277344,0.0002956390380859375,0.268202006816864,0.01483288686722517,-0.0026140213012695312,0.2807168960571289,,0.0008965129964053631,0.0008596992120146751,0.2,0,degree,degree_u_plus,78,7,2,6,2,1,15.116310670109549,0.9379510596147373,3.5233516693115234,3.5230560302734375,-0.5018418431282043,-0.7700438499450684,0.007453219499439001,-0.007379667367786169,4.280918121337891,4.28353214263916,7.3177266120910645,7.0370097160339355,AVAILABLE,0.268202006816864,1300,2508
0.006976604461669922,0.0,0.0024227132089436054,0.004079341888427734,0.008633136749267578,0.09993232041597366,0.09993232041597366,2.0,1.0,0.9986799955368042,0.5932148694992065,0.00650205509737134,0.00650205509737134,0.0,1.0,0.40546512603759766,0.006976604461669922,0.0,-0.0024227132089436054,0.004079341888427734,0.008633136749267578,,0.0011401443043723702,0.0008596992120146751,0.2,0,cn,cn_plus,78,6,2,6,2,1,1.0729828688566083,0.517603345872526,3.5300326347351074,3.5230560302734375,-0.7700438499450684,-0.7700438499450684,-0.009802380576729774,-0.007379667367786169,4.287611484527588,4.28353214263916,7.045642852783203,7.0370097160339355,AVAILABLE,0.006976604461669922,1300,2508
9.834766387939453e-05,2.0069656372070312,0.06091639958322048,0.8394529819488525,2.907236695289612,0.002679459983482957,0.0017051668837666512,0.0,0.0,-0.002679459983482957,-0.0017051668837666512,0.9004677291959524,0.9004677291959524,0.0009742930997163057,0.0,-0.0009742930997163057,9.834766387939453e-05,-2.0069656372070312,-0.06091639958322048,-0.8394529819488525,-2.907236695289612,,0.002367733744904399,0.01632826030254364,0.2,0,degree,degree_u_plus,79,1,3,0,3,1,2.2288034871733386,0.6902877477763593,-0.8658950328826904,-0.8659933805465698,-1.0061399936676025,1.0008256435394287,-0.009374162182211876,0.051542237401008606,-2.0777194499969482,-1.2382664680480957,-3.9512834548950195,-1.0440467596054077,AVAILABLE,2.0069656372070312,926,1862
,,,,,,,,,,,,,,,,,,,,,NO_CANDIDATE,,,,,cn,cn,79,,,,,,,,,,,,,,,,,,MISSING,,926,1862
0.008842885494232178,0.045452117919921875,0.010713193099945784,1.1635115146636963,1.1894076317548752,0.06396091729402542,0.0025667769368737936,0.0,0.0,-0.06396091729402542,-0.0025667769368737936,1.1830675932578743,1.1830675932578743,0.06139414035715163,0.0,-0.06139414035715163,0.008842885494232178,-0.045452117919921875,0.010713193099945784,-1.1635115146636963,-1.1894076317548752,,0.0014602503506466746,0.0008644085610285401,0.2,0,degree,degree_u_plus,80,2,2,1,2,1,0.03841886786076978,0.03699746706251195,-0.8570635318756104,-0.8659064173698425,-1.1227957010269165,-1.0773435831069946,0.006118502467870712,-0.004594690632075071,2.204059362411499,3.3675708770751953,0.2381637841463089,1.427571415901184,AVAILABLE,0.045452117919921875,1125,2332
4.37046355009079,0.0,0.03612735169008374,0.8796463012695312,5.213982462882996,0.0025667769368737936,0.0025667769368737936,1.0,0.0,0.690580427646637,-0.0025667769368737936,0.915773652959615,0.915773652959615,0.0,1.0,0.6931472045835108,4.37046355009079,0.0,-0.03612735169008374,0.8796463012695312,5.213982462882996,,0.004591068718582392,0.0008644085610285401,0.2,0,cn,cn_plus,80,1,2,1,2,1,4.772427649825876,0.8267626619746088,3.5045571327209473,-0.8659064173698425,-1.0773435831069946,-1.0773435831069946,-0.040722042322158813,-0.004594690632075071,4.247217178344727,3.3675708770751953,6.64155387878418,1.427571415901184,AVAILABLE,4.37046355009079,1125,2332
0.0003581047058105469,0.11041736602783203,0.0057131266221404076,0.007791042327880859,0.10869789123535156,0.40617433190345764,0.4092811644077301,2.0,2.0,0.692438006401062,0.6893311738967896,0.013862273655831814,0.013862273655831814,-0.003106832504272461,0.0,0.003106832504272461,0.0003581047058105469,0.11041736602783203,0.0057131266221404076,-0.007791042327880859,0.10869789123535156,,0.0008244617492891848,0.0001567182771395892,0.2,0,degree,degree_u_plus,81,8,4,7,4,1,7.965308514039808,0.8884589416600684,3.5163159370422363,3.515957832336426,-0.7980247735977173,-0.9084421396255493,0.007075686473399401,0.0013625598512589931,4.260772705078125,4.268563747406006,6.993984699249268,6.885286808013916,AVAILABLE,0.11041736602783203,577,2351
0.0010867118835449219,0.0,0.0016132387681864202,0.004848003387451172,0.007547855377197266,0.4092811644077301,0.4092811644077301,3.0,2.0,0.9770132303237915,0.6893311738967896,0.006461242155637592,0.006461242155637592,0.0,1.0,0.28768205642700195,-0.0010867118835449219,0.0,-0.0016132387681864202,-0.004848003387451172,-0.007547855377197266,,2.8855858545284718e-05,0.0001567182771395892,0.2,0,cn,cn_plus,81,7,4,7,4,1,0.16818905335504367,0.14397417341996488,3.514871120452881,3.515957832336426,-0.9084421396255493,-0.9084421396255493,-0.00025067891692742705,0.0013625598512589931,4.263715744018555,4.268563747406006,6.877738952636719,6.885286808013916,AVAILABLE,0.0010867118835449219,577,2351
0.002019166946411133,0.046404123306274414,0.002603174070827663,0.006339073181152344,0.053327083587646484,0.42931193113327026,0.36644619703292847,1.0,1.0,0.26383525133132935,0.32670098543167114,0.01096141419839114,0.01096141419839114,0.0628657341003418,0.0,-0.0628657341003418,-0.002019166946411133,0.046404123306274414,0.002603174070827663,0.006339073181152344,0.053327083587646484,,0.00012850688653998077,0.0004213627544231713,0.2,0,degree,degree_u_plus,82,6,5,5,5,1,4.233402746431925,0.8089197318739153,3.5079457759857178,3.509964942932129,-1.0566246509552002,-1.1030287742614746,-0.0011340257478877902,-0.003737199818715453,4.258924961090088,4.2525858879089355,6.716957092285156,6.66363000869751,AVAILABLE,0.046404123306274414,45,2667
0.01251077651977539,0.0,0.0011725330259650946,0.023119449615478516,0.03445768356323242,0.36644619703292847,0.36644619703292847,2.0,1.0,0.7321661114692688,0.32670098543167114,0.02429198264144361,0.02429198264144361,0.0,1.0,0.40546512603759766,0.01251077651977539,0.0,-0.0011725330259650946,0.023119449615478516,0.03445768356323242,,0.0005512763164006174,0.0004213627544231713,0.2,0,cn,cn_plus,82,5,5,5,5,1,0.5150164790693723,0.33994117303973553,3.5224757194519043,3.509964942932129,-1.1030287742614746,-1.1030287742614746,-0.004909732844680548,-0.003737199818715453,4.275705337524414,4.2525858879089355,6.698087692260742,6.66363000869751,AVAILABLE,0.01251077651977539,45,2667
0.00029969215393066406,0.18241870403289795,0.008880843641236424,0.0006928443908691406,0.19169235229492188,0.31403642892837524,0.3195182979106903,3.0,3.0,1.0722579956054688,1.0667760372161865,0.00987338018603623,0.00987338018603623,-0.0054818689823150635,0.0,0.0054819583892822266,-0.00029969215393066406,0.18241870403289795,0.008880843641236424,0.0006928443908691406,0.19169235229492188,,0.0008226762874983251,0.00022639437520410866,0.2,0,degree,degree_u_plus,83,8,3,7,3,1,18.475792062881265,0.9486542063721305,3.5051517486572266,3.5054514408111572,-0.6150571703910828,-0.7974758744239807,0.006932884454727173,-0.0019479591865092516,4.300090312957764,4.2993974685668945,7.204962253570557,7.013269901275635,AVAILABLE,0.18241870403289795,1273,2125
,,,,,,,,,,,,,,,,,,,,,NO_CANDIDATE,,,,,cn,cn,83,,,,,,,,,,,,,,,,,,MISSING,,1273,2125
0.011105239391326904,0.022511959075927734,0.0035555660724639893,0.09091433137655258,0.10587656497955322,-0.021672556176781654,0.06306873261928558,0.0,0.0,0.021672556176781654,-0.06306873261928558,0.10557513684034348,0.10557513684034348,-0.08474128879606724,0.0,0.08474128879606724,-0.011105239391326904,0.022511959075927734,0.0035555660724639893,0.09091433137655258,0.10587656497955322,,0.0784226655960083,0.08022656291723251,0.2,0,degree,degree_u_plus,84,28,1,27,1,1,0.2132316151070247,0.17575507632004345,-0.868324875831604,-0.8572196364402771,2.435150384902954,2.4126384258270264,0.2921641170978546,0.2886085510253906,0.12986662983894348,0.0389522984623909,1.9967013597488403,1.890824794769287,AVAILABLE,0.022511959075927734,2045,2047
3.0429973006248474,0.0,0.08321075141429901,3.978883795440197,6.938670635223389,0.06306873261928558,0.06306873261928558,1.0,0.0,0.6300784349441528,-0.06306873261928558,4.062094546854496,4.062094546854496,0.0,1.0,0.6931471675634384,3.0429973006248474,0.0,-0.08321075141429901,3.978883795440197,6.938670635223389,,0.023283375427126884,0.08022656291723251,0.2,0,cn,cn_plus,84,27,1,27,1,1,0.7491202526268144,0.4282840196388966,2.1857776641845703,-0.8572196364402771,2.4126384258270264,2.4126384258270264,0.2053977996110916,0.2886085510253906,4.017836093902588,0.0389522984623909,8.829495429992676,1.890824794769287,AVAILABLE,3.0429973006248474,2045,2047
0.4028991758823395,0.4236446022987366,0.021307766437530518,0.5039710998535156,0.46191786974668503,0.568725049495697,0.31951904296875,0.0,0.0,-0.568725049495697,-0.31951904296875,0.9281780421733856,0.9281780421733856,0.24920600652694702,0.0,-0.24920600652694702,0.4028991758823395,-0.4236446022987366,-0.021307766437530518,0.5039710998535156,0.46191786974668503,,0.1045442596077919,0.06640952080488205,0.2,0,degree,degree_u_plus,85,4,27,3,27,1,0.45642600717259674,0.3133877072537795,-0.3250913918018341,-0.7279905676841736,0.9023674130439758,1.3260120153427124,0.18769600987434387,0.2090037763118744,-0.3802188038825989,-0.8841899037361145,0.39259833097457886,-0.06931953877210617,AVAILABLE,0.4236446022987366,341,2045
3.060339629650116,0.0,0.07486037909984589,2.6376261115074158,5.623104862868786,0.31951904296875,0.31951904296875,1.0,0.0,0.3736281394958496,-0.31951904296875,2.7124864906072617,2.7124864906072617,0.0,1.0,0.6931471824645996,3.060339629650116,0.0,-0.07486037909984589,2.6376261115074158,5.623104862868786,,0.02418767288327217,0.06640952080488205,0.2,0,cn,cn_plus,85,3,27,3,27,1,1.1282414231241256,0.5301284952286746,2.3323490619659424,-0.7279905676841736,1.3260120153427124,1.3260120153427124,0.1341433972120285,0.2090037763118744,1.7534362077713013,-0.8841899037361145,5.55378532409668,-0.06931953877210617,AVAILABLE,3.060339629650116,341,2045
0.09406429529190063,0.6014052629470825,0.041039422154426575,0.16461420059204102,0.7129950523376465,0.37532222270965576,0.2571335434913635,0.0,0.0,-0.37532222270965576,-0.2571335434913635,0.2997179180383682,0.2997179180383682,0.11818867921829224,0.0,-0.11818867921829224,0.09406429529190063,-0.6014052629470825,-0.041039422154426575,-0.16461420059204102,-0.7129950523376465,,0.028276102617383003,0.0307366494089365,0.2,0,degree,degree_u_plus,86,3,17,2,17,1,2.0065708677596823,0.6673951674569572,-0.6818320155143738,-0.7758963108062744,0.6159243583679199,1.2173296213150024,0.15332263708114624,0.19436205923557281,3.9712605476379395,4.1358747482299805,4.0665202140808105,4.779515266418457,AVAILABLE,0.6014052629470825,6,1042
4.301154851913452,0.0,0.10016240924596786,0.005590915679931641,4.206583023071289,0.2571335434913635,0.2571335434913635,1.0,0.0,0.4360136389732361,-0.2571335434913635,0.1057533249258995,0.1057533249258995,0.0,1.0,0.6931471824645996,4.301154851913452,0.0,-0.10016240924596786,0.005590915679931641,4.206583023071289,,0.01049197930842638,0.0307366494089365,0.2,0,cn,cn_plus,86,2,17,2,17,1,40.671576503258606,0.976002827732668,3.5252585411071777,-0.7758963108062744,1.2173296213150024,1.2173296213150024,0.09419964998960495,0.19436205923557281,4.141465663909912,4.1358747482299805,8.986098289489746,4.779515266418457,AVAILABLE,4.301154851913452,6,1042
0.0005056858062744141,0.06042128801345825,0.004339366976637393,0.033747196197509766,0.02182912826538086,0.3678477704524994,0.2957470417022705,1.0,1.0,0.3252994120121002,0.3974001407623291,0.03859224898042157,0.03859224898042157,0.07210072875022888,0.0,-0.07210072875022888,0.0005056858062744141,-0.06042128801345825,0.004339366976637393,0.033747196197509766,-0.02182912826538086,,2.5944093067664653e-05,0.0005383403040468693,0.2,0,degree,degree_u_plus,87,4,6,3,6,1,1.5656323213448289,0.6102325373435312,3.52536940574646,3.5248637199401855,-1.0122920274734497,-0.9518707394599915,-0.0002221769536845386,-0.004561543930321932,4.0257978439331055,3.9920506477355957,6.546497821807861,6.568326950073242,AVAILABLE,0.06042128801345825,1920,1926
0.003764629364013672,0.0,0.001593039371073246,0.09323501586914062,0.09540700912475586,0.2957470417022705,0.2957470417022705,2.0,1.0,0.8028652667999268,0.3974001407623291,0.09482805524021387,0.09482805524021387,0.0,1.0,0.40546512603759766,0.003764629364013672,0.0,-0.001593039371073246,0.09323501586914062,0.09540700912475586,,0.0007179919048212469,0.0005383403040468693,0.2,0,cn,cn_plus,87,3,6,3,6,1,0.03969952729160186,0.03818365426693845,3.528628349304199,3.5248637199401855,-0.9518707394599915,-0.9518707394599915,-0.006154583301395178,-0.004561543930321932,4.085285663604736,3.9920506477355957,6.663733959197998,6.568326950073242,AVAILABLE,0.003764629364013672,1920,1926
0.03212463855743408,0.0433502197265625,0.008026207098737359,2.0086628198623657,2.011862173676491,0.1860230416059494,0.09507910907268524,0.0,0.0,-0.1860230416059494,-0.09507910907268524,2.048813665518537,2.048813665518537,0.09094393253326416,0.0,-0.09094393253326416,0.03212463855743408,-0.0433502197265625,0.008026207098737359,-2.0086628198623657,-2.011862173676491,,0.0014069397002458572,0.000490390753839165,0.2,0,degree,degree_u_plus,88,3,4,2,4,1,0.021158693074220587,0.020720279049402088,-0.8182182312011719,-0.850342869758606,-1.122960090637207,-1.0796098709106445,0.0052262539975345135,-0.0027999531012028456,1.7682210206985474,3.776883840560913,-0.15988589823246002,1.8519762754440308,AVAILABLE,0.0433502197265625,1568,1729
2.9949480295181274,0.0,0.014552599983289838,0.22675299644470215,3.2071481943130493,0.09507910907268524,0.09507910907268524,1.0,0.0,0.5980680584907532,-0.09507910907268524,0.241305596427992,0.241305596427992,0.0,1.0,0.6931471675634384,2.9949480295181274,0.0,-0.014552599983289838,0.22675299644470215,3.2071481943130493,,0.002395039889961481,0.000490390753839165,0.2,0,cn,cn_plus,88,2,4,2,4,1,12.41143160265466,0.9254367445901853,2.1446051597595215,-0.850342869758606,-1.0796098709106445,-1.0796098709106445,-0.017352553084492683,-0.0027999531012028456,4.003636837005615,3.776883840560913,5.05912446975708,1.8519762754440308,AVAILABLE,2.9949480295181274,1568,1729
0.01629638671875,0.6217502355575562,0.03711257316172123,0.02016592025756836,0.6627321243286133,0.09993232041597366,0.006401163060218096,0.0,0.0,-0.09993232041597366,-0.006401163060218096,0.07357488013803959,0.07357488013803959,0.09353115735575557,0.0,-0.09353115735575557,0.01629638671875,-0.6217502355575562,-0.03711257316172123,-0.02016592025756836,-0.6627321243286133,,0.0033247305545955896,0.010838485322892666,0.2,0,degree,degree_u_plus,89,2,6,1,6,1,8.450576472367707,0.8941863490630572,-0.8492213487625122,-0.8655177354812622,-0.7700438499450684,-0.1482936143875122,0.01905077137053013,0.05616334453225136,4.09170389175415,4.111869812011719,2.4993348121643066,3.16206693649292,AVAILABLE,0.6217502355575562,360,1824
4.402712941169739,0.0,0.06013744696974754,0.0012745857238769531,4.343850135803223,0.006401163060218096,0.006401163060218096,1.0,0.0,0.6867460012435913,-0.006401163060218096,0.061412032693624496,0.061412032693624496,0.0,1.0,0.6931471643038094,4.402712941169739,0.0,-0.06013744696974754,0.0012745857238769531,4.343850135803223,,0.0005093300715088844,0.010838485322892666,0.2,0,cn,cn_plus,89,1,6,1,6,1,71.69136130407216,0.9862432071423598,3.5371952056884766,-0.8655177354812622,-0.1482936143875122,-0.1482936143875122,-0.003974102437496185,0.05616334453225136,4.113144397735596,4.111869812011719,7.505917072296143,3.16206693649292,AVAILABLE,4.402712941169739,360,1824
0.01906716823577881,0.15439486503601074,0.0159489493817091,0.005049228668212891,0.18436169624328613,0.3195182979106903,0.2957470417022705,0.0,0.0,-0.3195182979106903,-0.2957470417022705,0.0400653462857008,0.0400653462857008,0.0237712562084198,0.0,-0.0237712562084198,0.01906716823577881,0.15439486503601074,0.0159489493817091,-0.005049228668212891,0.18436169624328613,,0.0063887410797178745,0.00332637713290751,0.2,0,degree,degree_u_plus,90,7,3,6,3,1,3.853575241788472,0.7939663134527787,-0.7279912233352661,-0.7470583915710449,-0.7974758744239807,-0.9518707394599915,0.03440099582076073,0.018452046439051628,3.8247599601745605,3.8298091888427734,2.341538906097412,2.157177209854126,AVAILABLE,0.15439486503601074,482,2308
3.1374149322509766,0.0,0.021447317209094763,0.29543256759643555,3.4113996028900146,0.2957470417022705,0.2957470417022705,1.0,0.0,0.3974001407623291,-0.2957470417022705,0.3168798848055303,0.3168798848055303,0.0,1.0,0.6931471824645996,3.1374149322509766,0.0,-0.021447317209094763,0.29543256759643555,3.4113996028900146,,0.00040094839641824365,0.00332637713290751,0.2,0,cn,cn_plus,90,6,3,6,3,1,9.900959270945268,0.9082649540150712,2.3903565406799316,-0.7470583915710449,-0.9518707394599915,-0.9518707394599915,-0.0029952707700431347,0.018452046439051628,4.125241756439209,3.8298091888427734,5.568576812744141,2.157177209854126,AVAILABLE,3.1374149322509766,482,2308
0.026234805583953857,0.0017474889755249023,0.00847002025693655,0.6204999685287476,0.5875426679849625,0.15981024503707886,0.07427151501178741,0.0,0.0,-0.15981024503707886,-0.07427151501178741,0.655204794369638,0.655204794369638,0.08553873002529144,0.0,-0.08553873002529144,0.026234805583953857,-0.0017474889755249023,0.00847002025693655,-0.6204999685287476,-0.5875426679849625,,0.0013871307019144297,0.0007267011096701026,0.2,0,degree,degree_u_plus,91,3,3,2,3,1,0.00266708815910795,0.002659993721350435,-0.8288727402687073,-0.8551075458526611,-1.1578093767166138,-1.1560618877410889,0.005251557100564241,-0.0032184631563723087,1.7939797639846802,2.4144797325134277,-0.17960570752620697,0.4079369604587555,AVAILABLE,0.0017474889755249023,1522,1697
4.372741937637329,0.0,0.028734808322042227,1.7035412788391113,6.047547906637192,0.07427151501178741,0.07427151501178741,1.0,0.0,0.6188756823539734,-0.07427151501178741,1.7322760871611536,1.7322760871611536,0.0,1.0,0.6931471973657608,4.372741937637329,0.0,-0.028734808322042227,1.7035412788391113,6.047547906637192,,0.0036213130224496126,0.0007267011096701026,0.2,0,cn,cn_plus,91,2,3,2,3,1,2.5242753997491274,0.7162537297535874,3.517634391784668,-0.8551075458526611,-1.1560618877410889,-1.1560618877410889,-0.031953271478414536,-0.0032184631563723087,4.118021011352539,2.4144797325134277,6.455484867095947,0.4079369604587555,AVAILABLE,4.372741937637329,1522,1697
1.4424324035644531e-05,0.21569150686264038,0.008246644400060177,0.07602071762084961,0.1479029655456543,0.002536581363528967,0.002679459983482957,0.0,0.0,-0.002536581363528967,-0.002679459983482957,0.08428178634494543,0.08428178634494543,-0.00014287861995398998,0.0,0.00014287861995398998,-1.4424324035644531e-05,0.21569150686264038,0.008246644400060177,-0.07602071762084961,0.1479029655456543,,0.00020273230620659888,0.0015992624685168266,0.2,0,degree,degree_u_plus,92,4,1,3,1,1,2.5591707369390435,0.7190356760294058,-0.8659094572067261,-0.8658950328826904,-0.7904484868049622,-1.0061399936676025,-0.001127517782151699,-0.009374162182211876,3.904123306274414,3.9801440238952637,2.2544829845428467,2.1065800189971924,AVAILABLE,0.21569150686264038,741,1088
4.276217699050903,0.0,0.0423815306276083,0.12290763854980469,4.356743574142456,0.002679459983482957,0.002679459983482957,1.0,0.0,0.6904677152633667,-0.002679459983482957,0.165289169177413,0.165289169177413,0.0,1.0,0.6931471752468497,4.276217699050903,0.0,-0.0423815306276083,0.12290763854980469,4.356743574142456,,0.006038276012986898,0.0015992624685168266,0.2,0,cn,cn_plus,92,3,1,3,1,1,25.87112913460009,0.9627853375646813,3.410322666168213,-0.8658950328826904,-1.0061399936676025,-1.0061399936676025,-0.051755692809820175,-0.009374162182211876,4.103051662445068,3.9801440238952637,6.463323593139648,2.1065800189971924,AVAILABLE,4.276217699050903,741,1088
0.014428377151489258,0.29563403129577637,0.010836903937160969,0.06792926788330078,0.22411346435546875,0.3195182979106903,0.09682951122522354,1.0,1.0,0.3736288845539093,0.5963176488876343,0.09319454897195101,0.09319454897195101,0.22268878668546677,0.0,-0.22268876433372498,0.014428377151489258,-0.29563403129577637,-0.010836903937160969,0.06792926788330078,-0.22411346435546875,,0.00148359767626971,0.003171487944200635,0.2,0,degree,degree_u_plus,93,3,7,2,7,1,3.1722241572574434,0.7603196850628139,2.131608009338379,2.1171796321868896,-0.7974758744239807,-0.5018418431282043,0.010548758320510387,0.021385662257671356,4.170622825622559,4.102693557739258,5.523148536682129,5.747262001037598,AVAILABLE,0.29563403129577637,1191,1558
0.1482710838317871,0.0,0.006425531581044197,0.11810827255249023,0.25995397567749023,0.09682951122522354,0.09682951122522354,2.0,1.0,1.001782774925232,0.5963176488876343,0.12453380413353443,0.12453380413353443,0.0,1.0,0.40546512603759766,0.1482710838317871,0.0,-0.006425531581044197,0.11810827255249023,0.25995397567749023,,0.0021362293045967817,0.003171487944200635,0.2,0,cn,cn_plus,93,2,7,2,7,1,1.1906090314779874,0.5435059448625994,2.2654507160186768,2.1171796321868896,-0.5018418431282043,-0.5018418431282043,0.014960130676627159,0.021385662257671356,4.220801830291748,4.102693557739258,6.007215976715088,5.747262001037598,AVAILABLE,0.1482710838317871,1191,1558
0.0002605915069580078,0.00625157356262207,0.0004653036594390869,0.012674331665039062,0.0066280364990234375,0.12368596345186234,0.2202700674533844,1.0,1.0,0.5694612264633179,0.4728771150112152,0.013400226831436157,0.013400226831436157,-0.09658410400152206,0.0,0.09658411145210266,0.0002605915069580078,0.00625157356262207,-0.0004653036594390869,-0.012674331665039062,-0.0066280364990234375,,0.018307533115148544,0.018344495445489883,0.2,0,degree,degree_u_plus,94,65,2,64,2,1,0.46652709510000984,0.31811692853052603,2.8610270023345947,2.8607664108276367,2.5009572505950928,2.4947056770324707,0.17024292051792145,0.17070822417736053,3.766836166381836,3.779510498046875,9.30690860748291,9.313536643981934,AVAILABLE,0.00625157356262207,306,2078
0.48148322105407715,0.0,0.020608320832252502,0.18460893630981445,0.27626705169677734,0.2202700674533844,0.2202700674533844,2.0,1.0,0.8783422708511353,0.4728771150112152,0.20521725714206696,0.20521725714206696,0.0,1.0,0.40546515583992004,-0.48148322105407715,0.0,0.020608320832252502,0.18460893630981445,-0.27626705169677734,,0.021188121289014816,0.018344495445489883,0.2,0,cn,cn_plus,94,64,2,64,2,1,2.346212030592718,0.7011546217461692,2.3792831897735596,2.8607664108276367,2.4947056770324707,2.4947056770324707,0.19131654500961304,0.17070822417736053,3.9641194343566895,3.779510498046875,9.037269592285156,9.313536643981934,AVAILABLE,0.48148322105407715,306,2078
0.026234805583953857,0.0017474889755249023,0.00847002025693655,3.0007661655545235,2.9678094387054443,0.15981024503707886,0.07427151501178741,0.0,0.0,-0.15981024503707886,-0.07427151501178741,3.035470991395414,3.035470991395414,0.08553873002529144,0.0,-0.08553873002529144,0.026234805583953857,-0.0017474889755249023,0.00847002025693655,-3.0007661655545235,-2.9678094387054443,,0.0010544119868427515,0.0015881622675806284,0.2,0,degree,degree_u_plus,95,3,3,2,3,1,0.000575689563406001,0.0005753583356169676,-0.8288727402687073,-0.8551075458526611,-1.1578093767166138,-1.1560618877410889,0.005251557100564241,-0.0032184631563723087,-2.988621234893799,0.01214493066072464,-4.962207317352295,-1.9943978786468506,AVAILABLE,0.0017474889755249023,86,2295
3.9356629848480225,0.0,0.03756086667999625,1.0594854280352592,4.957587480545044,0.07427151501178741,0.07427151501178741,1.0,0.0,0.6188756823539734,-0.07427151501178741,1.0970462947152555,1.0970462947152555,0.0,1.0,0.6931471973657608,3.9356629848480225,0.0,-0.03756086667999625,1.0594854280352592,4.957587480545044,,0.007623691577464342,0.0015881622675806284,0.2,0,cn,cn_plus,95,2,3,2,3,1,3.5875085380917864,0.7820167544765031,3.0805554389953613,-0.8551075458526611,-1.1560618877410889,-1.1560618877410889,-0.04077932983636856,-0.0032184631563723087,1.0716303586959839,0.01214493066072464,2.9631896018981934,-1.9943978786468506,AVAILABLE,3.9356629848480225,86,2295
0.0040874481201171875,0.21842115931212902,0.014404181391000748,0.0004162788391113281,0.2291545867919922,0.13784030079841614,0.12967205047607422,1.0,1.0,0.5553069114685059,0.5634751319885254,0.018907908350229263,0.018907908350229263,0.008168250322341919,0.0,-0.008168220520019531,-0.0040874481201171875,0.21842115931212902,0.014404181391000748,0.0004162788391113281,0.2291545867919922,,0.010997965931892395,0.009114912711083889,0.2,0,degree,degree_u_plus,96,10,2,9,2,1,11.551835335140455,0.9203303761322957,2.110267162322998,2.1143546104431152,0.21545886993408203,-0.0029622893780469894,0.07224378734827042,0.05783960595726967,4.170861721038818,4.170445442199707,6.576676368713379,6.347521781921387,AVAILABLE,0.21842115931212902,364,1632
0.028964996337890625,0.0,0.0012502893805503845,0.005050182342529297,0.02516460418701172,0.12967205047607422,0.12967205047607422,2.0,1.0,0.968940258026123,0.5634751319885254,0.006300471723079681,0.006300471723079681,0.0,1.0,0.40546512603759766,-0.028964996337890625,0.0,-0.0012502893805503845,0.005050182342529297,-0.02516460418701172,,0.008953387849032879,0.009114912711083889,0.2,0,cn,cn_plus,96,9,2,9,2,1,4.597266941000268,0.8213413777579646,2.0853896141052246,2.1143546104431152,-0.0029622893780469894,-0.0029622893780469894,0.056589316576719284,0.05783960595726967,4.175495624542236,4.170445442199707,6.322357177734375,6.347521781921387,AVAILABLE,0.028964996337890625,364,1632
4.1484832763671875e-05,0.005671381950378418,0.00033630430698394775,1.239776611328125e-05,0.006037235260009766,1.7205932140350342,1.7205932140350342,2.0,2.0,-0.6219809055328369,-0.6219809055328369,0.0003901869058609009,0.0003901869058609009,0.0,0.0,0.0,4.1484832763671875e-05,0.005671381950378418,0.00033630430698394775,-1.239776611328125e-05,0.006037235260009766,,0.022837793454527855,0.022810859605669975,0.2,0,degree,degree_u_plus,97,140,12,139,12,1,14.534666639309993,0.9356278429902364,2.115250587463379,2.1152091026306152,1.2521286010742188,1.2464572191238403,0.16838203370571136,0.16804572939872742,3.8371939659118652,3.8372063636779785,7.380800247192383,7.374763011932373,AVAILABLE,0.005671381950378418,1358,1742
0.00037860870361328125,0.0,0.0021550506353378296,0.007295846939086914,0.009071826934814453,1.7205932140350342,1.7205932140350342,3.0,2.0,-0.33429884910583496,-0.6219809055328369,0.009450897574424744,0.009450897574424744,0.0,1.0,0.28768205642700195,0.00037860870361328125,0.0,-0.0021550506353378296,-0.007295846939086914,-0.009071826934814453,,0.02254609204828739,0.022810859605669975,0.2,0,cn,cn_plus,97,139,12,139,12,1,0.040060565679198946,0.03851753157570961,2.1155877113342285,2.1152091026306152,1.2464572191238403,1.2464572191238403,0.1658906787633896,0.16804572939872742,3.8299105167388916,3.8372063636779785,7.365691184997559,7.374763011932373,AVAILABLE,0.00037860870361328125,1358,1742
0.014204680919647217,0.037847161293029785,0.003144979476928711,0.0005059242248535156,0.02729344367980957,0.015324816107749939,0.09482063353061676,0.0,0.0,-0.015324816107749939,-0.09482063353061676,0.017855584621429443,0.017855584621429443,-0.07949581742286682,0.0,0.07949581742286682,-0.014204680919647217,0.037847161293029785,0.003144979476928711,0.0005059242248535156,0.02729344367980957,,0.062373172491788864,0.062456853687763214,0.2,0,degree,degree_u_plus,98,29,2,28,2,1,2.1196248064238308,0.6794486317903254,-0.8646072745323181,-0.8504025936126709,1.9449312686920166,1.9070841073989868,0.2489698976278305,0.2458249181509018,0.9331099390983582,0.9326040148735046,2.2702488899230957,2.242955446243286,AVAILABLE,0.037847161293029785,109,176
4.377117156982422,0.0,0.11322353780269623,0.4380432963371277,4.701936960220337,0.09482063353061676,0.09482063353061676,1.0,0.0,0.598326563835144,-0.09482063353061676,0.5512668341398239,0.5512668341398239,0.0,1.0,0.6931471973657608,4.377117156982422,0.0,-0.11322353780269623,0.4380432963371277,4.701936960220337,,0.019114959985017776,0.062456853687763214,0.2,0,cn,cn_plus,98,28,2,28,2,1,7.940105964131238,0.8881445025358627,3.526714563369751,-0.8504025936126709,1.9070841073989868,1.9070841073989868,0.13260138034820557,0.2458249181509018,1.3706473112106323,0.9326040148735046,6.944892406463623,2.242955446243286,AVAILABLE,4.377117156982422,109,176
0.0001398921012878418,0.29086577892303467,0.02524792868643999,0.014057159423828125,0.3303108215332031,0.003920084796845913,0.002536581363528967,0.0,0.0,-0.003920084796845913,-0.002536581363528967,0.03944498021155596,0.03944498021155596,0.001383503433316946,0.0,-0.001383503433316946,0.0001398921012878418,0.29086577892303467,0.02524792868643999,0.014057159423828125,0.3303108215332031,,0.0043253288604319096,0.00019338249694555998,0.2,0,degree,degree_u_plus,99,5,1,4,1,1,7.373959972179724,0.880582185331404,-0.8657695651054382,-0.8659094572067261,-0.4995827078819275,-0.7904484868049622,0.024120410904288292,-0.001127517782151699,4.187077045440674,4.173019886016846,2.8536903858184814,2.5233795642852783,AVAILABLE,0.29086577892303467,52,2053
4.385012269020081,0.0,0.027099664323031902,0.03947925567626953,4.3973915576934814,0.002536581363528967,0.002536581363528967,1.0,0.0,0.6906105875968933,-0.002536581363528967,0.06657891999930143,0.06657891999930143,0.0,1.0,0.6931471689604223,4.385012269020081,0.0,-0.027099664323031902,0.03947925567626953,4.3973915576934814,,0.003301317570731044,0.00019338249694555998,0.2,0,cn,cn_plus,99,4,1,4,1,1,65.86186153886958,0.9850437906306474,3.5191028118133545,-0.8659094572067261,-0.7904484868049622,-0.7904484868049622,-0.0282271821051836,-0.001127517782151699,4.212499141693115,4.173019886016846,6.92077112197876,2.5233795642852783,AVAILABLE,4.385012269020081,52,2053
