probe,probe_seed,pair_id,target,prediction
z_cn_to_degree,0,test-0,4.6443908991413725,4.1134443283081055
z_cn_to_degree,0,test-1,3.9889840465642745,3.9732959270477295
z_cn_to_degree,0,test-2,4.584967478670571,5.210339546203613
z_cn_to_degree,0,test-3,3.1780538303479453,3.392163038253784
z_cn_to_degree,0,test-4,4.77912349311153,4.4667863845825195
z_cn_to_degree,0,test-5,3.8066624897703196,4.186701774597168
z_cn_to_degree,0,test-6,5.966146739123692,5.052127838134766
z_cn_to_degree,0,test-7,3.6635616461296463,3.8028695583343506
z_cn_to_degree,0,test-8,3.044522437723423,3.4218318462371826
z_cn_to_degree,0,test-9,3.6888794541139367,4.150108337402344
z_cn_to_degree,0,test-10,3.401197381662155,3.0322186946868896
z_cn_to_degree,0,test-11,3.9120230054281464,4.22706413269043
z_cn_to_degree,0,test-12,0.6931471805599453,2.7496755123138428
z_cn_to_degree,0,test-13,4.74493212836325,3.4063327312469482
z_cn_to_degree,0,test-14,4.0943445622221,2.989302396774292
z_cn_to_degree,0,test-15,1.791759469228055,2.2724387645721436
z_cn_to_degree,0,test-16,4.394449154672439,3.5604398250579834
z_cn_to_degree,0,test-17,4.718498871295095,2.7384774684906006
z_cn_to_degree,0,test-18,0.6931471805599453,2.7496755123138428
z_cn_to_degree,0,test-19,3.044522437723423,3.4218318462371826
z_cn_to_degree,0,test-20,3.1780538303479458,2.7489726543426514
z_cn_to_degree,0,test-21,3.465735902799726,4.697397232055664
z_cn_to_degree,0,test-22,3.401197381662155,3.975126028060913
z_cn_to_degree,0,test-23,1.0986122886681098,2.749302625656128
z_cn_to_degree,0,test-24,3.5553480614894135,3.6172292232513428
z_cn_to_degree,0,test-25,4.189654742026425,4.972943305969238
z_cn_to_degree,0,test-26,2.3025850929940455,2.6481988430023193
z_cn_to_degree,0,test-27,3.465735902799726,4.3192138671875
z_cn_to_degree,0,test-28,2.8903717578961645,4.694805145263672
z_cn_to_degree,0,test-29,3.688879454113936,4.07077693939209
z_cn_to_degree,0,test-30,4.882801922586371,3.273390531539917
z_cn_to_degree,0,test-31,4.553876891600541,3.390500783920288
z_cn_to_degree,0,test-32,3.58351893845611,4.025774955749512
z_cn_to_degree,0,test-33,3.58351893845611,3.4558303356170654
z_cn_to_degree,0,test-34,3.1780538303479453,3.899097204208374
z_cn_to_degree,0,test-35,2.772588722239781,3.7881410121917725
z_cn_to_degree,0,test-36,1.3862943611198906,2.7496354579925537
z_cn_to_degree,0,test-37,2.3025850929940455,2.749662160873413
z_cn_to_degree,0,test-38,3.9889840465642745,2.7446019649505615
z_cn_to_degree,0,test-39,1.791759469228055,2.7496755123138428
z_cn_to_degree,0,test-40,3.951243718581427,4.4503679275512695
z_cn_to_degree,0,test-41,3.6888794541139367,3.4683854579925537
z_cn_to_degree,0,test-42,6.040254711277414,4.363495826721191
z_cn_to_degree,0,test-43,2.4849066497880004,3.176823377609253
z_cn_to_degree,0,test-44,3.1780538303479453,3.779413938522339
z_cn_to_degree,0,test-45,0.6931471805599453,2.7496755123138428
z_cn_to_degree,0,test-46,4.941642422609304,4.609841346740723
z_cn_to_degree,0,test-47,0.0,2.7496354579925537
z_cn_to_degree,0,test-48,2.8903717578961645,4.261172294616699
z_cn_to_degree,0,test-49,6.040254711277414,4.637323379516602
z_cn_to_degree,0,test-50,3.332204510175204,3.5207269191741943
z_cn_to_degree,0,test-51,2.995732273553991,4.471367835998535
z_cn_to_degree,0,test-52,6.327936783729195,5.39744758605957
z_cn_to_degree,0,test-53,2.8903717578961645,3.37542986869812
z_cn_to_degree,0,test-54,2.6390573296152584,2.751110792160034
z_cn_to_degree,0,test-55,4.927253685157204,5.429937362670898
z_cn_to_degree,0,test-56,2.70805020110221,3.37542986869812
z_cn_to_degree,0,test-57,5.272999558563747,3.889808416366577
z_cn_to_degree,0,test-58,3.9889840465642745,4.590886116027832
z_cn_to_degree,0,test-59,2.0794415416798357,3.14374041557312
z_cn_to_degree,0,test-60,4.7535901911063645,3.9505727291107178
z_cn_to_degree,0,test-61,2.1972245773362196,2.7495410442352295
z_cn_to_degree,0,test-62,2.3978952727983707,2.7492635250091553
z_cn_to_degree,0,test-63,1.3862943611198906,2.7496354579925537
z_cn_to_degree,0,test-64,3.58351893845611,3.8069674968719482
z_cn_to_degree,0,test-65,2.8903717578961645,3.221916913986206
z_cn_to_degree,0,test-66,2.4849066497880004,2.7501752376556396
z_cn_to_degree,0,test-67,2.4849066497880004,2.7501752376556396
z_cn_to_degree,0,test-68,4.90527477843843,4.848422050476074
z_cn_to_degree,0,test-69,3.2188758248682006,4.192992210388184
z_cn_to_degree,0,test-70,2.995732273553991,3.543020009994507
z_cn_to_degree,0,test-71,4.0943445622221,3.614265203475952
z_cn_to_degree,0,test-72,1.791759469228055,2.7496755123138428
z_cn_to_degree,0,test-73,3.951243718581427,4.043295860290527
z_cn_to_degree,0,test-74,2.70805020110221,3.37542986869812
z_cn_to_degree,0,test-75,3.044522437723423,3.3747622966766357
z_cn_to_degree,0,test-76,1.0986122886681098,2.749302625656128
z_cn_to_degree,0,test-77,3.044522437723423,3.1591365337371826
z_cn_to_degree,0,test-78,1.3862943611198906,2.7493512630462646
z_cn_to_degree,0,test-79,1.791759469228055,2.7496755123138428
z_cn_to_degree,0,test-80,3.688879454113936,4.324845314025879
z_cn_to_degree,0,test-81,3.58351893845611,4.261722564697266
z_cn_to_degree,0,test-82,3.465735902799726,4.058839797973633
z_cn_to_degree,0,test-83,4.025351690735149,3.079237699508667
z_cn_to_degree,0,test-84,4.718498871295094,4.040027618408203
z_cn_to_degree,0,test-85,3.9889840465642745,3.9732959270477295
z_cn_to_degree,0,test-86,3.332204510175204,4.045668601989746
z_cn_to_degree,0,test-87,2.70805020110221,3.37542986869812
z_cn_to_degree,0,test-88,2.6390573296152584,2.751110792160034
z_cn_to_degree,0,test-89,3.332204510175204,3.978261709213257
z_cn_to_degree,0,test-90,2.4849066497880004,3.176823377609253
z_cn_to_degree,0,test-91,2.0794415416798357,2.7497174739837646
z_cn_to_degree,0,test-92,3.1780538303479453,3.263725996017456
z_cn_to_degree,0,test-93,5.272999558563747,3.865755796432495
z_cn_to_degree,0,test-94,2.4849066497880004,3.176823377609253
z_cn_to_degree,0,test-95,3.401197381662156,4.610754013061523
z_cn_to_degree,0,test-96,7.50659178007084,7.774944305419922
z_cn_to_degree,0,test-97,4.465908118654584,3.3729588985443115
z_cn_to_degree,0,test-98,2.3025850929940455,2.749662160873413
z_cn_to_degree,0,test-99,2.70805020110221,3.37542986869812
z_cn_to_degree,0,test-100,3.58351893845611,4.162195205688477
z_cn_to_degree,0,test-101,2.70805020110221,4.222111701965332
z_cn_to_degree,0,test-102,4.02535169073515,2.7437703609466553
z_cn_to_degree,0,test-103,2.772588722239781,3.7881410121917725
z_cn_to_degree,0,test-104,2.1972245773362196,3.2363860607147217
z_cn_to_degree,0,test-105,1.0986122886681098,2.749302625656128
z_cn_to_degree,0,test-106,3.5263605246161616,2.533996343612671
z_cn_to_degree,0,test-107,0.6931471805599453,2.7496755123138428
z_cn_to_degree,0,test-108,6.327936783729195,3.4776198863983154
z_cn_to_degree,0,test-109,3.58351893845611,2.975391149520874
z_cn_to_degree,0,test-110,2.0794415416798357,2.7497174739837646
z_cn_to_degree,0,test-111,2.8903717578961645,2.7510507106781006
z_cn_to_degree,0,test-112,5.0106352940962555,5.227831840515137
z_cn_to_degree,0,test-113,3.688879454113936,4.179732322692871
z_cn_to_degree,0,test-114,1.3862943611198906,2.7493512630462646
z_cn_to_degree,0,test-115,1.3862943611198906,3.0989434719085693
z_cn_to_degree,0,test-116,7.3395376954076745,7.594479560852051
z_cn_to_degree,0,test-117,4.304065093204169,1.9679296016693115
z_cn_to_degree,0,test-118,3.2188758248682006,3.9484355449676514
z_cn_to_degree,0,test-119,6.733401891837358,3.9160430431365967
z_cn_to_degree,0,test-120,2.4849066497880004,2.9176480770111084
z_cn_to_degree,0,test-121,2.995732273553991,3.91327166557312
z_cn_to_degree,0,test-122,3.58351893845611,3.9032113552093506
z_cn_to_degree,0,test-123,1.791759469228055,3.350886106491089
z_cn_to_degree,0,test-124,2.6390573296152584,2.751110792160034
z_cn_to_degree,0,test-125,2.1972245773362196,3.0868661403656006
z_cn_to_degree,0,test-126,2.4849066497880004,5.5950212478637695
z_cn_to_degree,0,test-127,1.791759469228055,2.7496755123138428
z_cn_to_degree,0,test-128,3.6635616461296463,3.8028695583343506
z_cn_to_degree,0,test-129,2.5649493574615367,2.7463862895965576
z_cn_to_degree,0,test-130,2.995732273553991,4.234051704406738
z_cn_to_degree,0,test-131,3.044522437723423,3.5710790157318115
z_cn_to_degree,0,test-132,3.688879454113936,4.179732322692871
z_cn_to_degree,0,test-133,5.560681631015528,4.2140350341796875
z_cn_to_degree,0,test-134,2.1972245773362196,3.0868661403656006
z_cn_to_degree,0,test-135,2.772588722239781,4.270401954650879
z_cn_to_degree,0,test-136,3.688879454113936,3.41617751121521
z_cn_to_degree,0,test-137,2.1972245773362196,2.7495410442352295
z_cn_to_degree,0,test-138,4.31748811353631,4.244753837585449
z_cn_to_degree,0,test-139,1.791759469228055,2.7496755123138428
z_cn_to_degree,0,test-140,3.332204510175204,3.978261709213257
z_cn_to_degree,0,test-141,4.276666119016055,4.379022598266602
z_cn_to_degree,0,test-142,2.70805020110221,3.37542986869812
z_cn_to_degree,0,test-143,2.0794415416798357,2.7497174739837646
z_cn_to_degree,0,test-144,2.772588722239781,3.7881410121917725
z_cn_to_degree,0,test-145,4.882801922586371,2.756274938583374
z_cn_to_degree,0,test-146,3.465735902799726,4.688337326049805
z_cn_to_degree,0,test-147,3.332204510175204,3.978261709213257
z_cn_to_degree,0,test-148,6.327936783729195,4.56166934967041
z_cn_to_degree,0,test-149,3.2188758248682006,3.9484355449676514
z_cn_to_degree,0,test-150,3.931825632724326,3.8678834438323975
z_cn_to_degree,0,test-151,3.295836866004329,3.457524061203003
z_cn_to_degree,0,test-152,3.4011973816621555,2.7528998851776123
z_cn_to_degree,0,test-153,4.0943445622221,4.033409118652344
z_cn_to_degree,0,test-154,2.0794415416798357,2.5840117931365967
z_cn_to_degree,0,test-155,2.3025850929940455,2.749662160873413
z_cn_to_degree,0,test-156,5.4116460518550396,4.447498321533203
z_cn_to_degree,0,test-157,4.564348191467836,3.498777151107788
z_cn_to_degree,0,test-158,0.0,2.7496354579925537
z_cn_to_degree,0,test-159,2.70805020110221,3.4787919521331787
z_cn_to_degree,0,test-160,2.9444389791664403,2.7510507106781006
z_cn_to_degree,0,test-161,1.3862943611198906,2.7493512630462646
z_cn_to_degree,0,test-162,2.8903717578961645,3.3705852031707764
z_cn_to_degree,0,test-163,1.791759469228055,2.7496755123138428
z_cn_to_degree,0,test-164,5.560681631015528,4.188381195068359
z_cn_to_degree,0,test-165,1.0986122886681098,2.749302625656128
z_cn_to_degree,0,test-166,3.5553480614894135,4.165844917297363
z_cn_to_degree,0,test-167,4.499809670330265,5.437381744384766
z_cn_to_degree,0,test-168,3.5553480614894135,3.6655070781707764
z_cn_to_degree,0,test-169,1.791759469228055,2.7496755123138428
z_cn_to_degree,0,test-170,2.0794415416798357,2.7497174739837646
z_cn_to_degree,0,test-171,5.288267030694535,3.8571012020111084
z_cn_to_degree,0,test-172,1.3862943611198906,2.7493512630462646
z_cn_to_degree,0,test-173,2.4849066497880004,3.176823377609253
z_cn_to_degree,0,test-174,3.9120230054281464,3.3994204998016357
z_cn_to_degree,0,test-175,4.499809670330265,3.8073747158050537
z_cn_to_degree,0,test-176,4.867534450455582,3.440816640853882
z_cn_to_degree,0,test-177,4.718498871295095,2.7384774684906006
z_cn_to_degree,0,test-178,3.465735902799726,4.040036201477051
z_cn_to_degree,0,test-179,1.3862943611198906,2.7493512630462646
z_cn_to_degree,0,test-180,3.58351893845611,2.751599073410034
z_cn_to_degree,0,test-181,3.58351893845611,4.025774955749512
z_cn_to_degree,0,test-182,3.465735902799726,4.040036201477051
z_cn_to_degree,0,test-183,0.0,2.7496354579925537
z_cn_to_degree,0,test-184,7.24422751560335,6.5459136962890625
z_cn_to_degree,0,test-185,3.332204510175204,3.978261709213257
z_cn_to_degree,0,test-186,3.401197381662155,3.248713254928589
z_cn_to_degree,0,test-187,3.332204510175204,3.978261709213257
z_cn_to_degree,0,test-188,2.4849066497880004,3.176823377609253
z_cn_to_degree,0,test-189,2.1972245773362196,3.0868661403656006
z_cn_to_degree,0,test-190,2.70805020110221,3.2917087078094482
z_cn_to_degree,0,test-191,2.0794415416798357,2.7497174739837646
z_cn_to_degree,0,test-192,3.044522437723423,3.117892026901245
z_cn_to_degree,0,test-193,2.995732273553991,3.8112475872039795
z_cn_to_degree,0,test-194,3.58351893845611,2.751599073410034
z_cn_to_degree,0,test-195,4.90527477843843,4.447242736816406
z_cn_to_degree,0,test-196,4.5217885770490405,4.098415374755859
z_cn_to_degree,0,test-197,2.4849066497880004,3.176823377609253
z_cn_to_degree,0,test-198,4.709530201312334,3.654000997543335
z_cn_to_degree,0,test-199,1.0986122886681098,2.749302625656128
z_cn_to_degree,0,test-200,1.0986122886681098,2.749302625656128
z_cn_to_degree,0,test-201,1.0986122886681098,2.749302625656128
z_cn_to_degree,0,test-202,3.044522437723423,3.4218318462371826
z_cn_to_degree,0,test-203,2.4849066497880004,3.176823377609253
z_cn_to_degree,0,test-204,2.6390573296152584,3.588635206222534
z_cn_to_degree,0,test-205,2.1972245773362196,3.0868661403656006
z_cn_to_degree,0,test-206,3.58351893845611,4.025774955749512
z_cn_to_degree,0,test-207,4.2484952420493585,4.446260452270508
z_cn_to_degree,0,test-208,4.0943445622221,4.122520446777344
z_cn_to_degree,0,test-209,4.836281906951478,4.2060346603393555
z_cn_to_degree,0,test-210,4.976733742420574,4.1890869140625
z_cn_to_degree,0,test-211,3.044522437723423,3.5733249187469482
z_cn_to_degree,0,test-212,4.499809670330265,2.7544543743133545
z_cn_to_degree,0,test-213,1.3862943611198906,2.7496354579925537
z_cn_to_degree,0,test-214,5.560681631015528,4.259646415710449
z_cn_to_degree,0,test-215,2.0794415416798357,2.7497174739837646
z_cn_to_degree,0,test-216,0.6931471805599453,2.7496755123138428
z_cn_to_degree,0,test-217,1.791759469228055,3.7385013103485107
z_cn_to_degree,0,test-218,3.044522437723423,3.4218318462371826
z_cn_to_degree,0,test-219,3.58351893845611,4.162195205688477
z_cn_to_degree,0,test-220,2.70805020110221,2.7516353130340576
z_cn_to_degree,0,test-221,2.995732273553991,3.8112475872039795
z_cn_to_degree,0,test-222,2.0794415416798357,2.7497174739837646
z_cn_to_degree,0,test-223,3.8712010109078907,3.8551242351531982
z_cn_to_degree,0,test-224,0.0,2.7496354579925537
z_cn_to_degree,0,test-225,3.332204510175204,3.4069173336029053
z_cn_to_degree,0,test-226,2.0794415416798357,2.7497174739837646
z_cn_to_degree,0,test-227,2.772588722239781,3.8266618251800537
z_cn_to_degree,0,test-228,1.791759469228055,2.7496755123138428
z_cn_to_degree,0,test-229,2.1972245773362196,3.0868661403656006
z_cn_to_degree,0,test-230,3.401197381662156,3.519986867904663
z_cn_to_degree,0,test-231,4.430816798843313,4.0981550216674805
z_cn_to_degree,0,test-232,4.276666119016055,5.739459991455078
z_cn_to_degree,0,test-233,1.791759469228055,2.7493512630462646
z_cn_to_degree,0,test-234,3.58351893845611,4.162195205688477
z_cn_to_degree,0,test-235,3.1780538303479453,4.200091361999512
z_cn_to_degree,0,test-236,2.8903717578961645,3.37542986869812
z_cn_to_degree,0,test-237,3.044522437723423,3.4218318462371826
z_cn_to_degree,0,test-238,5.780743515792329,4.137426376342773
z_cn_to_degree,0,test-239,6.327936783729195,5.302181243896484
z_cn_to_degree,0,test-240,0.6931471805599453,2.7496755123138428
z_cn_to_degree,0,test-241,2.4849066497880004,2.7501752376556396
z_cn_to_degree,0,test-242,2.8903717578961645,3.296651601791382
z_cn_to_degree,0,test-243,2.1972245773362196,3.6214702129364014
z_cn_to_degree,0,test-244,3.044522437723423,3.4218318462371826
z_cn_to_degree,0,test-245,2.70805020110221,3.8918769359588623
z_cn_to_degree,0,test-246,4.74493212836325,5.388860702514648
z_cn_to_degree,0,test-247,1.791759469228055,2.7496755123138428
z_cn_to_degree,0,test-248,3.8066624897703196,4.186701774597168
z_cn_to_degree,0,test-249,3.951243718581427,4.043295860290527
z_cn_to_degree,0,test-250,1.3862943611198906,2.7493512630462646
z_cn_to_degree,0,test-251,4.718498871295095,2.7384774684906006
z_cn_to_degree,0,test-252,3.465735902799726,4.040036201477051
z_cn_to_degree,0,test-253,2.70805020110221,3.37542986869812
z_cn_to_degree,0,test-254,2.6390573296152584,2.751110792160034
z_cn_to_degree,0,test-255,5.19295685089021,3.9820382595062256
z_cn_to_degree,0,test-256,0.0,2.7496354579925537
z_cn_to_degree,0,test-257,5.98141421125448,4.127712249755859
z_cn_to_degree,0,test-258,3.8712010109078907,4.9595136642456055
z_cn_to_degree,0,test-259,2.9957322735539913,2.749727964401245
z_cn_to_degree,0,test-260,1.0986122886681098,2.749302625656128
z_cn_to_degree,0,test-261,3.401197381662155,4.505990028381348
z_cn_to_degree,0,test-262,2.995732273553991,4.04049015045166
z_cn_to_degree,0,test-263,2.995732273553991,3.8112475872039795
z_cn_to_degree,0,test-264,4.1588830833596715,4.059237480163574
z_cn_to_degree,0,test-265,4.31748811353631,4.244753837585449
z_cn_to_degree,0,test-266,1.791759469228055,2.858733892440796
z_cn_to_degree,0,test-267,2.0794415416798357,4.335853576660156
z_cn_to_degree,0,test-268,2.70805020110221,3.37542986869812
z_cn_to_degree,0,test-269,6.476972362889683,7.2043657302856445
z_cn_to_degree,0,test-270,1.791759469228055,2.7496755123138428
z_cn_to_degree,0,test-271,3.044522437723423,4.368035316467285
z_cn_to_degree,0,test-272,3.737669618283368,4.684389114379883
z_cn_to_degree,0,test-273,3.1780538303479453,4.276523590087891
z_cn_to_degree,0,test-274,2.772588722239781,4.062323570251465
z_cn_to_degree,0,test-275,2.70805020110221,3.37542986869812
z_cn_to_degree,0,test-276,2.0794415416798357,2.7495410442352295
z_cn_to_degree,0,test-277,3.332204510175204,3.978261709213257
z_cn_to_degree,0,test-278,5.220355825078324,4.310671806335449
z_cn_to_degree,0,test-279,3.6635616461296463,3.2231662273406982
z_cn_to_degree,0,test-280,2.6390573296152584,2.751110792160034
z_cn_to_degree,0,test-281,2.4849066497880004,3.609980344772339
z_cn_to_degree,0,test-282,3.9512437185814275,2.750852346420288
z_cn_to_degree,0,test-283,2.995732273553991,3.8112475872039795
z_cn_to_degree,0,test-284,1.6094379124341003,2.7493512630462646
z_cn_to_degree,0,test-285,2.70805020110221,3.37542986869812
z_cn_to_degree,0,test-286,6.461468176353717,5.297834396362305
z_cn_to_degree,0,test-287,3.044522437723423,3.4218318462371826
z_cn_to_degree,0,test-288,3.4965075614664807,4.345210075378418
z_cn_to_degree,0,test-289,4.499809670330265,4.488720893859863
z_cn_to_degree,0,test-290,2.8903717578961645,3.2569472789764404
z_cn_to_degree,0,test-291,5.60947179518496,4.999268531799316
z_cn_to_degree,0,test-292,5.375278407684165,5.794475555419922
z_cn_to_degree,0,test-293,3.6888794541139367,4.217174530029297
z_cn_to_degree,0,test-294,2.1972245773362196,3.4593799114227295
z_cn_to_degree,0,test-295,2.3025850929940455,3.293278455734253
z_cn_to_degree,0,test-296,3.7376696182833684,2.7492330074310303
z_cn_to_degree,0,test-297,2.0794415416798357,2.7495410442352295
z_cn_to_degree,0,test-298,1.3862943611198906,3.300583600997925
z_cn_to_degree,0,test-299,3.1780538303479453,3.899097204208374
z_cn_to_degree,0,test-300,2.995732273553991,3.247924566268921
z_cn_to_degree,0,test-301,1.6094379124341003,2.7493512630462646
z_cn_to_degree,0,test-302,2.4849066497880004,2.7467153072357178
z_cn_to_degree,0,test-303,2.0794415416798357,2.7497174739837646
z_cn_to_degree,0,test-304,4.382026634673881,3.99239182472229
z_cn_to_degree,0,test-305,3.332204510175204,3.5726497173309326
z_cn_to_degree,0,test-306,5.556828061699537,4.763498306274414
z_cn_to_degree,0,test-307,2.0794415416798357,2.7497174739837646
z_cn_to_degree,0,test-308,2.0794415416798357,3.0836875438690186
z_cn_to_degree,0,test-309,3.58351893845611,3.748807668685913
z_cn_to_degree,0,test-310,2.1972245773362196,3.0868661403656006
z_cn_to_degree,0,test-311,3.8918202981106265,4.385214805603027
z_cn_to_degree,0,test-312,2.4849066497880004,2.7485053539276123
z_cn_to_degree,0,test-313,6.733401891837358,5.2462921142578125
z_cn_to_degree,0,test-314,4.941642422609304,4.090653419494629
z_cn_to_degree,0,test-315,1.9459101490553132,2.7490556240081787
z_cn_to_degree,0,test-316,2.8903717578961645,3.3424298763275146
z_cn_to_degree,0,test-317,5.4116460518550396,5.002992630004883
z_cn_to_degree,0,test-318,3.332204510175204,3.978261709213257
z_cn_to_degree,0,test-319,6.733401891837358,5.622190475463867
z_cn_to_degree,0,test-320,2.772588722239781,3.7881410121917725
z_cn_to_degree,0,test-321,3.044522437723423,3.4218318462371826
z_cn_to_degree,0,test-322,2.995732273553991,3.542907476425171
z_cn_to_degree,0,test-323,0.6931471805599453,2.7496755123138428
z_cn_to_degree,0,test-324,2.4849066497880004,3.176823377609253
z_cn_to_degree,0,test-325,2.772588722239781,3.0040433406829834
z_cn_to_degree,0,test-326,3.091042453358316,2.749727964401245
z_cn_to_degree,0,test-327,3.401197381662156,3.632258176803589
z_cn_to_degree,0,test-328,3.688879454113936,4.179732322692871
z_cn_to_degree,0,test-329,1.6094379124341003,2.7493512630462646
z_cn_to_degree,0,test-330,3.5553480614894135,3.4286906719207764
z_cn_to_degree,0,test-331,3.8712010109078907,3.9713714122772217
z_cn_to_degree,0,test-332,2.70805020110221,2.7516353130340576
z_cn_to_degree,0,test-333,2.8903717578961645,2.7510507106781006
z_cn_to_degree,0,test-334,2.4849066497880004,2.7501752376556396
z_cn_to_degree,0,test-335,4.51085950651685,3.535860776901245
z_cn_to_degree,0,test-336,2.70805020110221,3.37542986869812
z_cn_to_degree,0,test-337,3.044522437723423,3.2205770015716553
z_cn_to_degree,0,test-338,2.4849066497880004,3.0074527263641357
z_cn_to_degree,0,test-339,2.772588722239781,3.426518201828003
z_cn_to_degree,0,test-340,4.143134726391533,3.2542617321014404
z_cn_to_degree,0,test-341,3.931825632724326,3.3893373012542725
z_cn_to_degree,0,test-342,2.4849066497880004,3.176823377609253
z_cn_to_degree,0,test-343,4.787491742782047,6.490797996520996
z_cn_to_degree,0,test-344,1.3862943611198906,2.7496354579925537
z_cn_to_degree,0,test-345,3.1780538303479453,3.366499662399292
z_cn_to_degree,0,test-346,2.4849066497880004,3.4128177165985107
z_cn_to_degree,0,test-347,2.4849066497880004,3.0313260555267334
z_cn_to_degree,0,test-348,2.4849066497880004,3.1526572704315186
z_cn_to_degree,0,test-349,3.401197381662155,3.975126028060913
z_cn_to_degree,0,test-350,2.8903717578961645,2.7510507106781006
z_cn_to_degree,0,test-351,3.1780538303479453,3.899097204208374
z_cn_to_degree,0,test-352,1.3862943611198906,2.7496354579925537
z_cn_to_degree,0,test-353,4.882801922586371,2.940582036972046
z_cn_to_degree,0,test-354,4.23410650459726,3.7985427379608154
z_cn_to_degree,0,test-355,5.6937321388027,5.407007217407227
z_cn_to_degree,0,test-356,0.6931471805599453,2.7496755123138428
z_cn_to_degree,0,test-357,1.791759469228055,2.7496755123138428
z_cn_to_degree,0,test-358,1.791759469228055,2.7496755123138428
z_cn_to_degree,0,test-359,5.966146739123692,5.093877792358398
z_cn_to_degree,0,test-360,3.4965075614664807,3.6934401988983154
z_cn_to_degree,0,test-361,6.733401891837358,5.767169952392578
z_cn_to_degree,0,test-362,5.272999558563747,4.0374555587768555
z_cn_to_degree,0,test-363,3.737669618283368,3.309410810470581
z_cn_to_degree,0,test-364,2.1972245773362196,3.0868661403656006
z_cn_to_degree,0,test-365,2.995732273553991,3.8112475872039795
z_cn_to_degree,0,test-366,1.3862943611198906,2.7493512630462646
z_cn_to_degree,0,test-367,6.327936783729195,5.39744758605957
z_cn_to_degree,0,test-368,4.430816798843313,4.669997215270996
z_cn_to_degree,0,test-369,0.0,2.7496354579925537
z_cn_to_degree,0,test-370,2.6390573296152584,3.7915732860565186
z_cn_to_degree,0,test-371,1.6094379124341003,2.7493512630462646
z_cn_to_degree,0,test-372,2.4849066497880004,4.126758575439453
z_cn_to_degree,0,test-373,3.465735902799726,4.040036201477051
z_cn_to_degree,0,test-374,2.772588722239781,3.26880145072937
z_cn_to_degree,0,test-375,2.70805020110221,2.8464295864105225
z_cn_to_degree,0,test-376,4.74493212836325,4.585659027099609
z_cn_to_degree,0,test-377,2.4849066497880004,2.7501752376556396
z_cn_to_degree,0,test-378,3.332204510175204,3.978261709213257
z_cn_to_degree,0,test-379,2.4849066497880004,2.7501752376556396
z_cn_to_degree,0,test-380,2.8903717578961645,3.5628716945648193
z_cn_to_degree,0,test-381,2.3025850929940455,3.1849629878997803
z_cn_to_degree,0,test-382,1.791759469228055,2.7496755123138428
z_cn_to_degree,0,test-383,0.6931471805599453,2.7496755123138428
z_cn_to_degree,0,test-384,4.276666119016055,2.7554948329925537
z_cn_to_degree,0,test-385,1.791759469228055,2.7496755123138428
z_cn_to_degree,0,test-386,1.791759469228055,2.7496755123138428
z_cn_to_degree,0,test-387,2.0794415416798357,3.870814085006714
z_cn_to_degree,0,test-388,2.995732273553991,1.9416863918304443
z_cn_to_degree,0,test-389,2.0794415416798357,2.7497174739837646
z_cn_to_degree,0,test-390,3.044522437723423,2.9140937328338623
z_cn_to_degree,0,test-391,2.995732273553991,4.209526062011719
z_cn_to_degree,0,test-392,0.0,2.7496354579925537
z_cn_to_degree,0,test-393,1.3862943611198906,2.7493512630462646
z_cn_to_degree,0,test-394,2.3025850929940455,2.749662160873413
z_cn_to_degree,0,test-395,3.295836866004329,3.5233943462371826
z_cn_to_degree,0,test-396,1.791759469228055,2.7496755123138428
z_cn_to_degree,0,test-397,3.4011973816621555,2.7528998851776123
z_cn_to_degree,0,test-398,2.4849066497880004,2.7501752376556396
z_cn_to_degree,0,test-399,2.995732273553991,3.8112475872039795
z_cn_to_degree,0,test-400,2.0794415416798357,3.1744868755340576
z_cn_to_degree,0,test-401,2.0794415416798357,3.046940565109253
z_cn_to_degree,0,test-402,3.1780538303479453,3.3361728191375732
z_cn_to_degree,0,test-403,3.828641396489095,2.7523105144500732
z_cn_to_degree,0,test-404,4.90527477843843,4.071654319763184
z_cn_to_degree,0,test-405,1.791759469228055,2.7493512630462646
z_cn_to_degree,0,test-406,3.401197381662155,3.975126028060913
z_cn_to_degree,0,test-407,1.3862943611198906,3.7915761470794678
z_cn_to_degree,0,test-408,2.8903717578961645,2.7510507106781006
z_cn_to_degree,0,test-409,4.276666119016055,2.3894259929656982
z_cn_to_degree,0,test-410,0.6931471805599453,2.7496755123138428
z_cn_to_degree,0,test-411,3.5553480614894135,4.165844917297363
z_cn_to_degree,0,test-412,2.8903717578961645,2.647120237350464
z_cn_to_degree,0,test-413,3.332204510175204,3.5524489879608154
z_cn_to_degree,0,test-414,5.342334251964811,5.14957332611084
z_cn_to_degree,0,test-415,2.890371757896165,3.0006043910980225
z_cn_to_degree,0,test-416,3.401197381662155,2.962486982345581
z_cn_to_degree,0,test-417,3.091042453358316,2.749727964401245
z_cn_to_degree,0,test-418,2.995732273553991,3.8112475872039795
z_cn_to_degree,0,test-419,3.401197381662155,3.3853118419647217
z_cn_to_degree,0,test-420,4.787491742782046,3.4597203731536865
z_cn_to_degree,0,test-421,4.430816798843313,4.0981550216674805
z_cn_to_degree,0,test-422,2.8903717578961645,3.2093684673309326
z_cn_to_degree,0,test-423,2.0794415416798357,2.7497174739837646
z_cn_to_degree,0,test-424,3.1780538303479458,3.9106662273406982
z_cn_to_degree,0,test-425,1.9459101490553132,2.7490556240081787
z_cn_to_degree,0,test-426,2.995732273553991,3.4807775020599365
z_cn_to_degree,0,test-427,2.1972245773362196,3.0868661403656006
z_cn_to_degree,0,test-428,1.3862943611198906,3.7915761470794678
z_cn_to_degree,0,test-429,3.401197381662156,3.632258176803589
z_cn_to_degree,0,test-430,3.332204510175204,2.7476413249969482
z_cn_to_degree,0,test-431,2.0794415416798357,2.7497174739837646
z_cn_to_degree,0,test-432,2.4849066497880004,3.176823377609253
z_cn_to_degree,0,test-433,3.6888794541139367,3.2291362285614014
z_cn_to_degree,0,test-434,2.70805020110221,3.8863131999969482
z_cn_to_degree,0,test-435,2.4849066497880004,3.291480779647827
z_cn_to_degree,0,test-436,4.718498871295095,2.7384774684906006
z_cn_to_degree,0,test-437,5.634789603169249,4.579756736755371
z_cn_to_degree,0,test-438,4.68213122712422,3.6185290813446045
z_cn_to_degree,0,test-439,1.791759469228055,2.7496755123138428
z_cn_to_degree,0,test-440,3.9889840465642745,3.663663625717163
z_cn_to_degree,0,test-441,6.327936783729195,4.9825439453125
z_cn_to_degree,0,test-442,3.044522437723423,3.7807719707489014
z_cn_to_degree,0,test-443,2.70805020110221,2.9799182415008545
z_cn_to_degree,0,test-444,1.0986122886681098,2.749302625656128
z_cn_to_degree,0,test-445,2.995732273553991,3.535067319869995
z_cn_to_degree,0,test-446,2.772588722239781,3.141993284225464
z_cn_to_degree,0,test-447,2.995732273553991,4.041536331176758
z_cn_to_degree,0,test-448,1.791759469228055,2.7493512630462646
z_cn_to_degree,0,test-449,1.3862943611198906,3.7915761470794678
z_cn_to_degree,0,test-450,2.4849066497880004,4.2633867263793945
z_cn_to_degree,0,test-451,7.50659178007084,8.01315975189209
z_cn_to_degree,0,test-452,3.951243718581427,4.043295860290527
z_cn_to_degree,0,test-453,3.5553480614894135,5.346144676208496
z_cn_to_degree,0,test-454,2.70805020110221,3.37542986869812
z_cn_to_degree,0,test-455,3.258096538021482,2.912421941757202
z_cn_to_degree,0,test-456,5.634789603169249,3.089832067489624
z_cn_to_degree,0,test-457,0.6931471805599453,2.7496755123138428
z_cn_to_degree,0,test-458,2.772588722239781,3.7881410121917725
z_cn_to_degree,0,test-459,3.401197381662156,3.241842031478882
z_cn_to_degree,0,test-460,2.995732273553991,4.016457557678223
z_cn_to_degree,0,test-461,3.044522437723423,3.494170904159546
z_cn_to_degree,0,test-462,2.1972245773362196,2.7495410442352295
z_cn_to_degree,0,test-463,1.791759469228055,3.1451070308685303
z_cn_to_degree,0,test-464,3.1780538303479458,3.1790902614593506
z_cn_to_degree,0,test-465,2.1972245773362196,2.7495410442352295
z_cn_to_degree,0,test-466,3.401197381662155,3.0115067958831787
z_cn_to_degree,0,test-467,6.327936783729195,5.1965131759643555
z_cn_to_degree,0,test-468,2.995732273553991,3.8112475872039795
z_cn_to_degree,0,test-469,3.044522437723423,3.4218318462371826
z_cn_to_degree,0,test-470,1.0986122886681098,2.749302625656128
z_cn_to_degree,0,test-471,3.401197381662155,3.5775935649871826
z_cn_to_degree,0,test-472,2.3025850929940455,2.749662160873413
z_cn_to_degree,0,test-473,6.040254711277414,3.842244863510132
z_cn_to_degree,0,test-474,4.90527477843843,4.58236026763916
z_cn_to_degree,0,test-475,2.1972245773362196,3.4593799114227295
z_cn_to_degree,0,test-476,2.0794415416798357,2.7497174739837646
z_cn_to_degree,0,test-477,2.8903717578961645,3.37542986869812
z_cn_to_degree,0,test-478,3.1780538303479453,3.2405059337615967
z_cn_to_degree,0,test-479,2.995732273553991,3.0199506282806396
z_cn_to_degree,0,test-480,4.276666119016055,4.134592056274414
z_cn_to_degree,0,test-481,2.4849066497880004,2.7501752376556396
z_cn_to_degree,0,test-482,3.295836866004329,3.3384950160980225
z_cn_to_degree,0,test-483,3.1780538303479453,3.566558599472046
z_cn_to_degree,0,test-484,2.0794415416798357,2.7497174739837646
z_cn_to_degree,0,test-485,3.332204510175204,3.978261709213257
z_cn_to_degree,0,test-486,1.3862943611198906,2.7493512630462646
z_cn_to_degree,0,test-487,4.356708826689592,3.872213125228882
z_cn_to_degree,0,test-488,2.0794415416798357,2.7497174739837646
z_cn_to_degree,0,test-489,2.9957322735539913,2.749727964401245
z_cn_to_degree,0,test-490,0.6931471805599453,2.7496755123138428
z_cn_to_degree,0,test-491,2.0794415416798357,2.7497174739837646
z_cn_to_degree,0,test-492,4.31748811353631,5.0910749435424805
z_cn_to_degree,0,test-493,3.58351893845611,4.207995414733887
z_cn_to_degree,0,test-494,0.0,2.7496354579925537
z_cn_to_degree,0,test-495,5.272999558563747,4.0374555587768555
z_cn_to_degree,0,test-496,1.791759469228055,2.7496755123138428
z_cn_to_degree,0,test-497,3.7376696182833684,3.0783727169036865
z_cn_to_degree,0,test-498,2.4849066497880004,2.7501752376556396
z_cn_to_degree,0,test-499,3.8712010109078907,4.961325645446777
z_cn_to_degree,0,test-500,6.040254711277414,3.9955599308013916
z_cn_to_degree,0,test-501,3.332204510175204,3.321190595626831
z_cn_to_degree,0,test-502,3.332204510175204,3.7549312114715576
z_cn_to_degree,0,test-503,4.700480365792417,7.2023210525512695
z_cn_to_degree,0,test-504,4.499809670330265,4.421567916870117
z_cn_to_degree,0,test-505,2.1972245773362196,2.671741247177124
z_cn_to_degree,0,test-506,3.688879454113936,4.179732322692871
z_cn_to_degree,0,test-507,2.6390573296152584,2.751110792160034
z_cn_to_degree,0,test-508,4.276666119016055,5.148829460144043
z_cn_to_degree,0,test-509,3.8712010109078907,4.849381446838379
z_cn_to_degree,0,test-510,4.442651256490317,3.4292056560516357
z_cn_to_degree,0,test-511,5.634789603169249,3.089832067489624
z_residual_to_degree,0,test-0,4.6443908991413725,3.2979776859283447
z_residual_to_degree,0,test-1,3.9889840465642745,3.4310786724090576
z_residual_to_degree,0,test-2,4.584967478670571,3.432792901992798
z_residual_to_degree,0,test-3,3.1780538303479453,3.4443163871765137
z_residual_to_degree,0,test-4,4.77912349311153,3.282541275024414
z_residual_to_degree,0,test-5,3.8066624897703196,3.3519577980041504
z_residual_to_degree,0,test-6,5.966146739123692,3.703585386276245
z_residual_to_degree,0,test-7,3.6635616461296463,3.3991858959198
z_residual_to_degree,0,test-8,3.044522437723423,3.688882827758789
z_residual_to_degree,0,test-9,3.6888794541139367,4.092007160186768
z_residual_to_degree,0,test-10,3.401197381662155,3.6986215114593506
z_residual_to_degree,0,test-11,3.9120230054281464,3.4116737842559814
z_residual_to_degree,0,test-12,0.6931471805599453,2.951911687850952
z_residual_to_degree,0,test-13,4.74493212836325,3.374302864074707
z_residual_to_degree,0,test-14,4.0943445622221,3.893185615539551
z_residual_to_degree,0,test-15,1.791759469228055,3.2010116577148438
z_residual_to_degree,0,test-16,4.394449154672439,3.616001844406128
z_residual_to_degree,0,test-17,4.718498871295095,4.091279029846191
z_residual_to_degree,0,test-18,0.6931471805599453,2.6171469688415527
z_residual_to_degree,0,test-19,3.044522437723423,5.843327045440674
z_residual_to_degree,0,test-20,3.1780538303479458,3.501595973968506
z_residual_to_degree,0,test-21,3.465735902799726,3.433011770248413
z_residual_to_degree,0,test-22,3.401197381662155,3.669769287109375
z_residual_to_degree,0,test-23,1.0986122886681098,1.8969749212265015
z_residual_to_degree,0,test-24,3.5553480614894135,3.189332962036133
z_residual_to_degree,0,test-25,4.189654742026425,2.5997869968414307
z_residual_to_degree,0,test-26,2.3025850929940455,3.214398145675659
z_residual_to_degree,0,test-27,3.465735902799726,3.5522444248199463
z_residual_to_degree,0,test-28,2.8903717578961645,3.5817933082580566
z_residual_to_degree,0,test-29,3.688879454113936,3.3526458740234375
z_residual_to_degree,0,test-30,4.882801922586371,3.9094080924987793
z_residual_to_degree,0,test-31,4.553876891600541,3.6207334995269775
z_residual_to_degree,0,test-32,3.58351893845611,3.746075391769409
z_residual_to_degree,0,test-33,3.58351893845611,3.4987423419952393
z_residual_to_degree,0,test-34,3.1780538303479453,2.8850138187408447
z_residual_to_degree,0,test-35,2.772588722239781,3.019967555999756
z_residual_to_degree,0,test-36,1.3862943611198906,3.0947742462158203
z_residual_to_degree,0,test-37,2.3025850929940455,2.0116689205169678
z_residual_to_degree,0,test-38,3.9889840465642745,3.552957057952881
z_residual_to_degree,0,test-39,1.791759469228055,3.548478126525879
z_residual_to_degree,0,test-40,3.951243718581427,2.9602317810058594
z_residual_to_degree,0,test-41,3.6888794541139367,3.929490327835083
z_residual_to_degree,0,test-42,6.040254711277414,4.105136394500732
z_residual_to_degree,0,test-43,2.4849066497880004,3.520508050918579
z_residual_to_degree,0,test-44,3.1780538303479453,3.469076633453369
z_residual_to_degree,0,test-45,0.6931471805599453,1.1959640979766846
z_residual_to_degree,0,test-46,4.941642422609304,3.577908515930176
z_residual_to_degree,0,test-47,0.0,1.6531428098678589
z_residual_to_degree,0,test-48,2.8903717578961645,3.7873220443725586
z_residual_to_degree,0,test-49,6.040254711277414,4.0237579345703125
z_residual_to_degree,0,test-50,3.332204510175204,3.6112782955169678
z_residual_to_degree,0,test-51,2.995732273553991,3.328540086746216
z_residual_to_degree,0,test-52,6.327936783729195,4.704673767089844
z_residual_to_degree,0,test-53,2.8903717578961645,3.207555055618286
z_residual_to_degree,0,test-54,2.6390573296152584,3.2874035835266113
z_residual_to_degree,0,test-55,4.927253685157204,3.6005823612213135
z_residual_to_degree,0,test-56,2.70805020110221,3.6110997200012207
z_residual_to_degree,0,test-57,5.272999558563747,3.5672078132629395
z_residual_to_degree,0,test-58,3.9889840465642745,3.677750825881958
z_residual_to_degree,0,test-59,2.0794415416798357,3.4718785285949707
z_residual_to_degree,0,test-60,4.7535901911063645,3.6102216243743896
z_residual_to_degree,0,test-61,2.1972245773362196,0.6792147159576416
z_residual_to_degree,0,test-62,2.3978952727983707,4.988120079040527
z_residual_to_degree,0,test-63,1.3862943611198906,-0.6507256031036377
z_residual_to_degree,0,test-64,3.58351893845611,3.541280508041382
z_residual_to_degree,0,test-65,2.8903717578961645,3.482138156890869
z_residual_to_degree,0,test-66,2.4849066497880004,3.5268445014953613
z_residual_to_degree,0,test-67,2.4849066497880004,3.235077142715454
z_residual_to_degree,0,test-68,4.90527477843843,4.2233452796936035
z_residual_to_degree,0,test-69,3.2188758248682006,3.337212324142456
z_residual_to_degree,0,test-70,2.995732273553991,3.2642788887023926
z_residual_to_degree,0,test-71,4.0943445622221,3.6135165691375732
z_residual_to_degree,0,test-72,1.791759469228055,2.4801242351531982
z_residual_to_degree,0,test-73,3.951243718581427,3.2953953742980957
z_residual_to_degree,0,test-74,2.70805020110221,3.469780921936035
z_residual_to_degree,0,test-75,3.044522437723423,3.279036045074463
z_residual_to_degree,0,test-76,1.0986122886681098,2.456481456756592
z_residual_to_degree,0,test-77,3.044522437723423,3.3202197551727295
z_residual_to_degree,0,test-78,1.3862943611198906,1.9996428489685059
z_residual_to_degree,0,test-79,1.791759469228055,3.422807455062866
z_residual_to_degree,0,test-80,3.688879454113936,3.281090021133423
z_residual_to_degree,0,test-81,3.58351893845611,3.295027256011963
z_residual_to_degree,0,test-82,3.465735902799726,3.1860904693603516
z_residual_to_degree,0,test-83,4.025351690735149,4.487477779388428
z_residual_to_degree,0,test-84,4.718498871295094,5.431055068969727
z_residual_to_degree,0,test-85,3.9889840465642745,3.445063591003418
z_residual_to_degree,0,test-86,3.332204510175204,4.006850719451904
z_residual_to_degree,0,test-87,2.70805020110221,3.9233009815216064
z_residual_to_degree,0,test-88,2.6390573296152584,3.193598985671997
z_residual_to_degree,0,test-89,3.332204510175204,3.6913225650787354
z_residual_to_degree,0,test-90,2.4849066497880004,4.016579627990723
z_residual_to_degree,0,test-91,2.0794415416798357,3.477466106414795
z_residual_to_degree,0,test-92,3.1780538303479453,3.796663284301758
z_residual_to_degree,0,test-93,5.272999558563747,3.6533586978912354
z_residual_to_degree,0,test-94,2.4849066497880004,5.347402095794678
z_residual_to_degree,0,test-95,3.401197381662156,3.686608076095581
z_residual_to_degree,0,test-96,7.50659178007084,3.994896173477173
z_residual_to_degree,0,test-97,4.465908118654584,4.341690540313721
z_residual_to_degree,0,test-98,2.3025850929940455,3.3871405124664307
z_residual_to_degree,0,test-99,2.70805020110221,3.16261887550354
z_residual_to_degree,0,test-100,3.58351893845611,3.49666428565979
z_residual_to_degree,0,test-101,2.70805020110221,3.1924846172332764
z_residual_to_degree,0,test-102,4.02535169073515,2.4670510292053223
z_residual_to_degree,0,test-103,2.772588722239781,3.276657819747925
z_residual_to_degree,0,test-104,2.1972245773362196,3.4032254219055176
z_residual_to_degree,0,test-105,1.0986122886681098,2.8778491020202637
z_residual_to_degree,0,test-106,3.5263605246161616,3.233839273452759
z_residual_to_degree,0,test-107,0.6931471805599453,0.7156367301940918
z_residual_to_degree,0,test-108,6.327936783729195,3.933790922164917
z_residual_to_degree,0,test-109,3.58351893845611,3.1834933757781982
z_residual_to_degree,0,test-110,2.0794415416798357,3.6887521743774414
z_residual_to_degree,0,test-111,2.8903717578961645,3.113551139831543
z_residual_to_degree,0,test-112,5.0106352940962555,3.6227691173553467
z_residual_to_degree,0,test-113,3.688879454113936,3.47976016998291
z_residual_to_degree,0,test-114,1.3862943611198906,3.1514978408813477
z_residual_to_degree,0,test-115,1.3862943611198906,3.3189423084259033
z_residual_to_degree,0,test-116,7.3395376954076745,3.9909141063690186
z_residual_to_degree,0,test-117,4.304065093204169,4.202023983001709
z_residual_to_degree,0,test-118,3.2188758248682006,4.29498815536499
z_residual_to_degree,0,test-119,6.733401891837358,4.909297943115234
z_residual_to_degree,0,test-120,2.4849066497880004,3.3922324180603027
z_residual_to_degree,0,test-121,2.995732273553991,3.4265596866607666
z_residual_to_degree,0,test-122,3.58351893845611,3.4842772483825684
z_residual_to_degree,0,test-123,1.791759469228055,3.720120906829834
z_residual_to_degree,0,test-124,2.6390573296152584,3.73171329498291
z_residual_to_degree,0,test-125,2.1972245773362196,3.1512458324432373
z_residual_to_degree,0,test-126,2.4849066497880004,3.667633056640625
z_residual_to_degree,0,test-127,1.791759469228055,2.493114948272705
z_residual_to_degree,0,test-128,3.6635616461296463,3.410081386566162
z_residual_to_degree,0,test-129,2.5649493574615367,2.8876285552978516
z_residual_to_degree,0,test-130,2.995732273553991,3.2996761798858643
z_residual_to_degree,0,test-131,3.044522437723423,3.5075485706329346
z_residual_to_degree,0,test-132,3.688879454113936,3.2500104904174805
z_residual_to_degree,0,test-133,5.560681631015528,3.4905591011047363
z_residual_to_degree,0,test-134,2.1972245773362196,2.8828656673431396
z_residual_to_degree,0,test-135,2.772588722239781,3.2946627140045166
z_residual_to_degree,0,test-136,3.688879454113936,3.161431312561035
z_residual_to_degree,0,test-137,2.1972245773362196,1.7126312255859375
z_residual_to_degree,0,test-138,4.31748811353631,5.387298583984375
z_residual_to_degree,0,test-139,1.791759469228055,3.299287796020508
z_residual_to_degree,0,test-140,3.332204510175204,3.1327149868011475
z_residual_to_degree,0,test-141,4.276666119016055,3.6583876609802246
z_residual_to_degree,0,test-142,2.70805020110221,3.64011287689209
z_residual_to_degree,0,test-143,2.0794415416798357,3.2796547412872314
z_residual_to_degree,0,test-144,2.772588722239781,3.7136030197143555
z_residual_to_degree,0,test-145,4.882801922586371,3.9079954624176025
z_residual_to_degree,0,test-146,3.465735902799726,3.2104671001434326
z_residual_to_degree,0,test-147,3.332204510175204,3.756277561187744
z_residual_to_degree,0,test-148,6.327936783729195,5.103787422180176
z_residual_to_degree,0,test-149,3.2188758248682006,3.8423819541931152
z_residual_to_degree,0,test-150,3.931825632724326,3.5353381633758545
z_residual_to_degree,0,test-151,3.295836866004329,3.266324043273926
z_residual_to_degree,0,test-152,3.4011973816621555,2.9588236808776855
z_residual_to_degree,0,test-153,4.0943445622221,3.348618984222412
z_residual_to_degree,0,test-154,2.0794415416798357,3.419990301132202
z_residual_to_degree,0,test-155,2.3025850929940455,3.9838173389434814
z_residual_to_degree,0,test-156,5.4116460518550396,3.156874895095825
z_residual_to_degree,0,test-157,4.564348191467836,4.599643707275391
z_residual_to_degree,0,test-158,0.0,1.233607530593872
z_residual_to_degree,0,test-159,2.70805020110221,3.939242362976074
z_residual_to_degree,0,test-160,2.9444389791664403,3.1836092472076416
z_residual_to_degree,0,test-161,1.3862943611198906,4.2323760986328125
z_residual_to_degree,0,test-162,2.8903717578961645,3.4507527351379395
z_residual_to_degree,0,test-163,1.791759469228055,3.7283921241760254
z_residual_to_degree,0,test-164,5.560681631015528,3.7398462295532227
z_residual_to_degree,0,test-165,1.0986122886681098,1.6007802486419678
z_residual_to_degree,0,test-166,3.5553480614894135,3.9588327407836914
z_residual_to_degree,0,test-167,4.499809670330265,3.196321964263916
z_residual_to_degree,0,test-168,3.5553480614894135,3.414510726928711
z_residual_to_degree,0,test-169,1.791759469228055,3.150250196456909
z_residual_to_degree,0,test-170,2.0794415416798357,3.7687110900878906
z_residual_to_degree,0,test-171,5.288267030694535,4.2935075759887695
z_residual_to_degree,0,test-172,1.3862943611198906,3.22780179977417
z_residual_to_degree,0,test-173,2.4849066497880004,3.5802977085113525
z_residual_to_degree,0,test-174,3.9120230054281464,3.1406967639923096
z_residual_to_degree,0,test-175,4.499809670330265,3.5584769248962402
z_residual_to_degree,0,test-176,4.867534450455582,3.9002861976623535
z_residual_to_degree,0,test-177,4.718498871295095,4.293424606323242
z_residual_to_degree,0,test-178,3.465735902799726,2.941223382949829
z_residual_to_degree,0,test-179,1.3862943611198906,1.7754368782043457
z_residual_to_degree,0,test-180,3.58351893845611,3.222900867462158
z_residual_to_degree,0,test-181,3.58351893845611,3.179649829864502
z_residual_to_degree,0,test-182,3.465735902799726,4.257936477661133
z_residual_to_degree,0,test-183,0.0,2.1675961017608643
z_residual_to_degree,0,test-184,7.24422751560335,3.9724559783935547
z_residual_to_degree,0,test-185,3.332204510175204,3.2230453491210938
z_residual_to_degree,0,test-186,3.401197381662155,3.221757650375366
z_residual_to_degree,0,test-187,3.332204510175204,3.4222090244293213
z_residual_to_degree,0,test-188,2.4849066497880004,3.700594186782837
z_residual_to_degree,0,test-189,2.1972245773362196,3.2751080989837646
z_residual_to_degree,0,test-190,2.70805020110221,3.632394552230835
z_residual_to_degree,0,test-191,2.0794415416798357,3.513664484024048
z_residual_to_degree,0,test-192,3.044522437723423,3.2003273963928223
z_residual_to_degree,0,test-193,2.995732273553991,3.4438207149505615
z_residual_to_degree,0,test-194,3.58351893845611,3.4874932765960693
z_residual_to_degree,0,test-195,4.90527477843843,4.441095352172852
z_residual_to_degree,0,test-196,4.5217885770490405,3.5981767177581787
z_residual_to_degree,0,test-197,2.4849066497880004,3.4000985622406006
z_residual_to_degree,0,test-198,4.709530201312334,3.7352328300476074
z_residual_to_degree,0,test-199,1.0986122886681098,2.878201723098755
z_residual_to_degree,0,test-200,1.0986122886681098,1.7505531311035156
z_residual_to_degree,0,test-201,1.0986122886681098,3.6206772327423096
z_residual_to_degree,0,test-202,3.044522437723423,3.1771836280822754
z_residual_to_degree,0,test-203,2.4849066497880004,4.7475786209106445
z_residual_to_degree,0,test-204,2.6390573296152584,3.2828164100646973
z_residual_to_degree,0,test-205,2.1972245773362196,3.551870822906494
z_residual_to_degree,0,test-206,3.58351893845611,2.89626407623291
z_residual_to_degree,0,test-207,4.2484952420493585,3.429287910461426
z_residual_to_degree,0,test-208,4.0943445622221,3.724777936935425
z_residual_to_degree,0,test-209,4.836281906951478,3.5903637409210205
z_residual_to_degree,0,test-210,4.976733742420574,3.6315102577209473
z_residual_to_degree,0,test-211,3.044522437723423,3.29960298538208
z_residual_to_degree,0,test-212,4.499809670330265,3.6699273586273193
z_residual_to_degree,0,test-213,1.3862943611198906,3.2836170196533203
z_residual_to_degree,0,test-214,5.560681631015528,3.509747266769409
z_residual_to_degree,0,test-215,2.0794415416798357,3.6655678749084473
z_residual_to_degree,0,test-216,0.6931471805599453,1.2213516235351562
z_residual_to_degree,0,test-217,1.791759469228055,4.528713226318359
z_residual_to_degree,0,test-218,3.044522437723423,3.067861557006836
z_residual_to_degree,0,test-219,3.58351893845611,3.231782913208008
z_residual_to_degree,0,test-220,2.70805020110221,3.741089105606079
z_residual_to_degree,0,test-221,2.995732273553991,3.826483726501465
z_residual_to_degree,0,test-222,2.0794415416798357,1.9733288288116455
z_residual_to_degree,0,test-223,3.8712010109078907,3.168105363845825
z_residual_to_degree,0,test-224,0.0,1.8116750717163086
z_residual_to_degree,0,test-225,3.332204510175204,3.182448387145996
z_residual_to_degree,0,test-226,2.0794415416798357,3.670149326324463
z_residual_to_degree,0,test-227,2.772588722239781,3.077939033508301
z_residual_to_degree,0,test-228,1.791759469228055,3.4360601902008057
z_residual_to_degree,0,test-229,2.1972245773362196,3.4656496047973633
z_residual_to_degree,0,test-230,3.401197381662156,3.6009528636932373
z_residual_to_degree,0,test-231,4.430816798843313,3.6575849056243896
z_residual_to_degree,0,test-232,4.276666119016055,3.634035587310791
z_residual_to_degree,0,test-233,1.791759469228055,2.2320380210876465
z_residual_to_degree,0,test-234,3.58351893845611,3.1551713943481445
z_residual_to_degree,0,test-235,3.1780538303479453,3.691072702407837
z_residual_to_degree,0,test-236,2.8903717578961645,3.725126266479492
z_residual_to_degree,0,test-237,3.044522437723423,3.253450393676758
z_residual_to_degree,0,test-238,5.780743515792329,4.103799819946289
z_residual_to_degree,0,test-239,6.327936783729195,4.182506084442139
z_residual_to_degree,0,test-240,0.6931471805599453,-0.34579992294311523
z_residual_to_degree,0,test-241,2.4849066497880004,3.2732794284820557
z_residual_to_degree,0,test-242,2.8903717578961645,3.2560079097747803
z_residual_to_degree,0,test-243,2.1972245773362196,3.5809335708618164
z_residual_to_degree,0,test-244,3.044522437723423,3.750641345977783
z_residual_to_degree,0,test-245,2.70805020110221,3.375136137008667
z_residual_to_degree,0,test-246,4.74493212836325,3.5685970783233643
z_residual_to_degree,0,test-247,1.791759469228055,5.663440704345703
z_residual_to_degree,0,test-248,3.8066624897703196,3.782867908477783
z_residual_to_degree,0,test-249,3.951243718581427,3.61669659614563
z_residual_to_degree,0,test-250,1.3862943611198906,2.753596067428589
z_residual_to_degree,0,test-251,4.718498871295095,5.512056350708008
z_residual_to_degree,0,test-252,3.465735902799726,3.24507737159729
z_residual_to_degree,0,test-253,2.70805020110221,3.237860918045044
z_residual_to_degree,0,test-254,2.6390573296152584,3.581627368927002
z_residual_to_degree,0,test-255,5.19295685089021,3.391155242919922
z_residual_to_degree,0,test-256,0.0,1.803891658782959
z_residual_to_degree,0,test-257,5.98141421125448,3.843284845352173
z_residual_to_degree,0,test-258,3.8712010109078907,3.293370485305786
z_residual_to_degree,0,test-259,2.9957322735539913,3.9488000869750977
z_residual_to_degree,0,test-260,1.0986122886681098,3.4047653675079346
z_residual_to_degree,0,test-261,3.401197381662155,3.6780126094818115
z_residual_to_degree,0,test-262,2.995732273553991,3.066725254058838
z_residual_to_degree,0,test-263,2.995732273553991,3.188446044921875
z_residual_to_degree,0,test-264,4.1588830833596715,3.475733995437622
z_residual_to_degree,0,test-265,4.31748811353631,4.486556529998779
z_residual_to_degree,0,test-266,1.791759469228055,3.1867878437042236
z_residual_to_degree,0,test-267,2.0794415416798357,3.3224399089813232
z_residual_to_degree,0,test-268,2.70805020110221,3.778221368789673
z_residual_to_degree,0,test-269,6.476972362889683,3.5494935512542725
z_residual_to_degree,0,test-270,1.791759469228055,3.2627477645874023
z_residual_to_degree,0,test-271,3.044522437723423,3.299081563949585
z_residual_to_degree,0,test-272,3.737669618283368,3.8839619159698486
z_residual_to_degree,0,test-273,3.1780538303479453,3.422297477722168
z_residual_to_degree,0,test-274,2.772588722239781,3.7232117652893066
z_residual_to_degree,0,test-275,2.70805020110221,3.268800735473633
z_residual_to_degree,0,test-276,2.0794415416798357,3.5303618907928467
z_residual_to_degree,0,test-277,3.332204510175204,5.073782444000244
z_residual_to_degree,0,test-278,5.220355825078324,3.5947208404541016
z_residual_to_degree,0,test-279,3.6635616461296463,3.1930689811706543
z_residual_to_degree,0,test-280,2.6390573296152584,1.6763734817504883
z_residual_to_degree,0,test-281,2.4849066497880004,3.3319520950317383
z_residual_to_degree,0,test-282,3.9512437185814275,4.257460594177246
z_residual_to_degree,0,test-283,2.995732273553991,3.3605217933654785
z_residual_to_degree,0,test-284,1.6094379124341003,2.6172327995300293
z_residual_to_degree,0,test-285,2.70805020110221,2.9573676586151123
z_residual_to_degree,0,test-286,6.461468176353717,3.620004653930664
z_residual_to_degree,0,test-287,3.044522437723423,3.2579433917999268
z_residual_to_degree,0,test-288,3.4965075614664807,3.6464357376098633
z_residual_to_degree,0,test-289,4.499809670330265,3.501173496246338
z_residual_to_degree,0,test-290,2.8903717578961645,3.2367794513702393
z_residual_to_degree,0,test-291,5.60947179518496,3.616389274597168
z_residual_to_degree,0,test-292,5.375278407684165,4.555238246917725
z_residual_to_degree,0,test-293,3.6888794541139367,3.887913942337036
z_residual_to_degree,0,test-294,2.1972245773362196,3.3316640853881836
z_residual_to_degree,0,test-295,2.3025850929940455,3.132601022720337
z_residual_to_degree,0,test-296,3.7376696182833684,5.3915557861328125
z_residual_to_degree,0,test-297,2.0794415416798357,2.2923667430877686
z_residual_to_degree,0,test-298,1.3862943611198906,3.2479488849639893
z_residual_to_degree,0,test-299,3.1780538303479453,3.6027979850769043
z_residual_to_degree,0,test-300,2.995732273553991,3.3019418716430664
z_residual_to_degree,0,test-301,1.6094379124341003,2.902611255645752
z_residual_to_degree,0,test-302,2.4849066497880004,3.4614498615264893
z_residual_to_degree,0,test-303,2.0794415416798357,3.2365922927856445
z_residual_to_degree,0,test-304,4.382026634673881,4.2393083572387695
z_residual_to_degree,0,test-305,3.332204510175204,3.198984146118164
z_residual_to_degree,0,test-306,5.556828061699537,3.474128484725952
z_residual_to_degree,0,test-307,2.0794415416798357,3.5609121322631836
z_residual_to_degree,0,test-308,2.0794415416798357,3.1410369873046875
z_residual_to_degree,0,test-309,3.58351893845611,3.838198661804199
z_residual_to_degree,0,test-310,2.1972245773362196,3.1837375164031982
z_residual_to_degree,0,test-311,3.8918202981106265,3.4662070274353027
z_residual_to_degree,0,test-312,2.4849066497880004,4.538573265075684
z_residual_to_degree,0,test-313,6.733401891837358,4.946671009063721
z_residual_to_degree,0,test-314,4.941642422609304,3.268240213394165
z_residual_to_degree,0,test-315,1.9459101490553132,0.20924925804138184
z_residual_to_degree,0,test-316,2.8903717578961645,3.246943235397339
z_residual_to_degree,0,test-317,5.4116460518550396,3.481027364730835
z_residual_to_degree,0,test-318,3.332204510175204,3.243980646133423
z_residual_to_degree,0,test-319,6.733401891837358,4.04703950881958
z_residual_to_degree,0,test-320,2.772588722239781,3.710606098175049
z_residual_to_degree,0,test-321,3.044522437723423,3.674274206161499
z_residual_to_degree,0,test-322,2.995732273553991,2.943000555038452
z_residual_to_degree,0,test-323,0.6931471805599453,3.1307454109191895
z_residual_to_degree,0,test-324,2.4849066497880004,3.82224178314209
z_residual_to_degree,0,test-325,2.772588722239781,3.450974464416504
z_residual_to_degree,0,test-326,3.091042453358316,5.073796272277832
z_residual_to_degree,0,test-327,3.401197381662156,3.270378351211548
z_residual_to_degree,0,test-328,3.688879454113936,3.216845750808716
z_residual_to_degree,0,test-329,1.6094379124341003,3.930654764175415
z_residual_to_degree,0,test-330,3.5553480614894135,3.7177226543426514
z_residual_to_degree,0,test-331,3.8712010109078907,4.153538703918457
z_residual_to_degree,0,test-332,2.70805020110221,2.8887734413146973
z_residual_to_degree,0,test-333,2.8903717578961645,2.0260047912597656
z_residual_to_degree,0,test-334,2.4849066497880004,3.405317544937134
z_residual_to_degree,0,test-335,4.51085950651685,3.4099581241607666
z_residual_to_degree,0,test-336,2.70805020110221,4.181829929351807
z_residual_to_degree,0,test-337,3.044522437723423,3.8821094036102295
z_residual_to_degree,0,test-338,2.4849066497880004,3.1441142559051514
z_residual_to_degree,0,test-339,2.772588722239781,3.5541977882385254
z_residual_to_degree,0,test-340,4.143134726391533,3.575140953063965
z_residual_to_degree,0,test-341,3.931825632724326,3.3370707035064697
z_residual_to_degree,0,test-342,2.4849066497880004,5.939553260803223
z_residual_to_degree,0,test-343,4.787491742782047,3.8366265296936035
z_residual_to_degree,0,test-344,1.3862943611198906,3.214963912963867
z_residual_to_degree,0,test-345,3.1780538303479453,3.5481889247894287
z_residual_to_degree,0,test-346,2.4849066497880004,4.304416656494141
z_residual_to_degree,0,test-347,2.4849066497880004,3.0831868648529053
z_residual_to_degree,0,test-348,2.4849066497880004,3.174201011657715
z_residual_to_degree,0,test-349,3.401197381662155,1.2826647758483887
z_residual_to_degree,0,test-350,2.8903717578961645,1.010615348815918
z_residual_to_degree,0,test-351,3.1780538303479453,2.7807724475860596
z_residual_to_degree,0,test-352,1.3862943611198906,1.9451411962509155
z_residual_to_degree,0,test-353,4.882801922586371,4.395816802978516
z_residual_to_degree,0,test-354,4.23410650459726,3.6808481216430664
z_residual_to_degree,0,test-355,5.6937321388027,4.307378768920898
z_residual_to_degree,0,test-356,0.6931471805599453,0.9600799083709717
z_residual_to_degree,0,test-357,1.791759469228055,2.1343493461608887
z_residual_to_degree,0,test-358,1.791759469228055,3.9566142559051514
z_residual_to_degree,0,test-359,5.966146739123692,3.527799606323242
z_residual_to_degree,0,test-360,3.4965075614664807,3.2977657318115234
z_residual_to_degree,0,test-361,6.733401891837358,4.984054088592529
z_residual_to_degree,0,test-362,5.272999558563747,3.3209750652313232
z_residual_to_degree,0,test-363,3.737669618283368,3.921966552734375
z_residual_to_degree,0,test-364,2.1972245773362196,2.300609588623047
z_residual_to_degree,0,test-365,2.995732273553991,3.765676736831665
z_residual_to_degree,0,test-366,1.3862943611198906,3.4006659984588623
z_residual_to_degree,0,test-367,6.327936783729195,2.745220899581909
z_residual_to_degree,0,test-368,4.430816798843313,3.576906681060791
z_residual_to_degree,0,test-369,0.0,3.27752685546875
z_residual_to_degree,0,test-370,2.6390573296152584,3.3678717613220215
z_residual_to_degree,0,test-371,1.6094379124341003,4.789247512817383
z_residual_to_degree,0,test-372,2.4849066497880004,3.7172040939331055
z_residual_to_degree,0,test-373,3.465735902799726,3.9024221897125244
z_residual_to_degree,0,test-374,2.772588722239781,3.17136549949646
z_residual_to_degree,0,test-375,2.70805020110221,3.064530849456787
z_residual_to_degree,0,test-376,4.74493212836325,3.5819919109344482
z_residual_to_degree,0,test-377,2.4849066497880004,3.5331220626831055
z_residual_to_degree,0,test-378,3.332204510175204,3.658205032348633
z_residual_to_degree,0,test-379,2.4849066497880004,2.0403289794921875
z_residual_to_degree,0,test-380,2.8903717578961645,3.281460762023926
z_residual_to_degree,0,test-381,2.3025850929940455,4.1877970695495605
z_residual_to_degree,0,test-382,1.791759469228055,3.2573115825653076
z_residual_to_degree,0,test-383,0.6931471805599453,1.462794303894043
z_residual_to_degree,0,test-384,4.276666119016055,3.301119804382324
z_residual_to_degree,0,test-385,1.791759469228055,3.326862335205078
z_residual_to_degree,0,test-386,1.791759469228055,3.763848066329956
z_residual_to_degree,0,test-387,2.0794415416798357,3.249373435974121
z_residual_to_degree,0,test-388,2.995732273553991,3.7568747997283936
z_residual_to_degree,0,test-389,2.0794415416798357,3.460942029953003
z_residual_to_degree,0,test-390,3.044522437723423,3.4788310527801514
z_residual_to_degree,0,test-391,2.995732273553991,3.358747720718384
z_residual_to_degree,0,test-392,0.0,2.3163344860076904
z_residual_to_degree,0,test-393,1.3862943611198906,3.0488431453704834
z_residual_to_degree,0,test-394,2.3025850929940455,3.9136054515838623
z_residual_to_degree,0,test-395,3.295836866004329,3.451845169067383
z_residual_to_degree,0,test-396,1.791759469228055,3.4252727031707764
z_residual_to_degree,0,test-397,3.4011973816621555,3.593745231628418
z_residual_to_degree,0,test-398,2.4849066497880004,4.066958904266357
z_residual_to_degree,0,test-399,2.995732273553991,3.3672709465026855
z_residual_to_degree,0,test-400,2.0794415416798357,3.9172356128692627
z_residual_to_degree,0,test-401,2.0794415416798357,3.3796703815460205
z_residual_to_degree,0,test-402,3.1780538303479453,3.2382848262786865
z_residual_to_degree,0,test-403,3.828641396489095,3.3322396278381348
z_residual_to_degree,0,test-404,4.90527477843843,3.731598138809204
z_residual_to_degree,0,test-405,1.791759469228055,3.3890912532806396
z_residual_to_degree,0,test-406,3.401197381662155,3.0934433937072754
z_residual_to_degree,0,test-407,1.3862943611198906,3.1568331718444824
z_residual_to_degree,0,test-408,2.8903717578961645,2.321216583251953
z_residual_to_degree,0,test-409,4.276666119016055,3.562973737716675
z_residual_to_degree,0,test-410,0.6931471805599453,2.8642287254333496
z_residual_to_degree,0,test-411,3.5553480614894135,4.012247562408447
z_residual_to_degree,0,test-412,2.8903717578961645,3.253056049346924
z_residual_to_degree,0,test-413,3.332204510175204,3.754192352294922
z_residual_to_degree,0,test-414,5.342334251964811,3.43485164642334
z_residual_to_degree,0,test-415,2.890371757896165,3.4397013187408447
z_residual_to_degree,0,test-416,3.401197381662155,3.452104330062866
z_residual_to_degree,0,test-417,3.091042453358316,3.939572334289551
z_residual_to_degree,0,test-418,2.995732273553991,3.349857807159424
z_residual_to_degree,0,test-419,3.401197381662155,3.7996959686279297
z_residual_to_degree,0,test-420,4.787491742782046,3.7959399223327637
z_residual_to_degree,0,test-421,4.430816798843313,3.6219429969787598
z_residual_to_degree,0,test-422,2.8903717578961645,3.2605488300323486
z_residual_to_degree,0,test-423,2.0794415416798357,2.3929812908172607
z_residual_to_degree,0,test-424,3.1780538303479458,3.699221134185791
z_residual_to_degree,0,test-425,1.9459101490553132,3.535304307937622
z_residual_to_degree,0,test-426,2.995732273553991,3.1931440830230713
z_residual_to_degree,0,test-427,2.1972245773362196,3.766967535018921
z_residual_to_degree,0,test-428,1.3862943611198906,3.1041786670684814
z_residual_to_degree,0,test-429,3.401197381662156,4.773865222930908
z_residual_to_degree,0,test-430,3.332204510175204,2.9348673820495605
z_residual_to_degree,0,test-431,2.0794415416798357,3.0409371852874756
z_residual_to_degree,0,test-432,2.4849066497880004,3.2937464714050293
z_residual_to_degree,0,test-433,3.6888794541139367,3.139634609222412
z_residual_to_degree,0,test-434,2.70805020110221,3.4686360359191895
z_residual_to_degree,0,test-435,2.4849066497880004,2.9345922470092773
z_residual_to_degree,0,test-436,4.718498871295095,3.811380624771118
z_residual_to_degree,0,test-437,5.634789603169249,4.064963340759277
z_residual_to_degree,0,test-438,4.68213122712422,4.243709564208984
z_residual_to_degree,0,test-439,1.791759469228055,3.0820977687835693
z_residual_to_degree,0,test-440,3.9889840465642745,3.4649856090545654
z_residual_to_degree,0,test-441,6.327936783729195,3.854799747467041
z_residual_to_degree,0,test-442,3.044522437723423,3.3040380477905273
z_residual_to_degree,0,test-443,2.70805020110221,3.147557258605957
z_residual_to_degree,0,test-444,1.0986122886681098,1.0385594367980957
z_residual_to_degree,0,test-445,2.995732273553991,3.399075508117676
z_residual_to_degree,0,test-446,2.772588722239781,3.2009129524230957
z_residual_to_degree,0,test-447,2.995732273553991,3.5513875484466553
z_residual_to_degree,0,test-448,1.791759469228055,2.623450994491577
z_residual_to_degree,0,test-449,1.3862943611198906,3.153116226196289
z_residual_to_degree,0,test-450,2.4849066497880004,3.6104319095611572
z_residual_to_degree,0,test-451,7.50659178007084,4.108512878417969
z_residual_to_degree,0,test-452,3.951243718581427,3.66094970703125
z_residual_to_degree,0,test-453,3.5553480614894135,3.7829408645629883
z_residual_to_degree,0,test-454,2.70805020110221,3.4173660278320312
z_residual_to_degree,0,test-455,3.258096538021482,3.1889870166778564
z_residual_to_degree,0,test-456,5.634789603169249,4.881572723388672
z_residual_to_degree,0,test-457,0.6931471805599453,3.7277374267578125
z_residual_to_degree,0,test-458,2.772588722239781,4.067786693572998
z_residual_to_degree,0,test-459,3.401197381662156,3.7688724994659424
z_residual_to_degree,0,test-460,2.995732273553991,3.67575740814209
z_residual_to_degree,0,test-461,3.044522437723423,4.519697666168213
z_residual_to_degree,0,test-462,2.1972245773362196,2.3219614028930664
z_residual_to_degree,0,test-463,1.791759469228055,3.2558634281158447
z_residual_to_degree,0,test-464,3.1780538303479458,4.771958351135254
z_residual_to_degree,0,test-465,2.1972245773362196,1.050755500793457
z_residual_to_degree,0,test-466,3.401197381662155,4.603276252746582
z_residual_to_degree,0,test-467,6.327936783729195,3.9593420028686523
z_residual_to_degree,0,test-468,2.995732273553991,3.4786264896392822
z_residual_to_degree,0,test-469,3.044522437723423,3.184194803237915
z_residual_to_degree,0,test-470,1.0986122886681098,4.393367290496826
z_residual_to_degree,0,test-471,3.401197381662155,3.2852630615234375
z_residual_to_degree,0,test-472,2.3025850929940455,3.0753583908081055
z_residual_to_degree,0,test-473,6.040254711277414,5.162341117858887
z_residual_to_degree,0,test-474,4.90527477843843,3.9451866149902344
z_residual_to_degree,0,test-475,2.1972245773362196,3.349062204360962
z_residual_to_degree,0,test-476,2.0794415416798357,2.500215530395508
z_residual_to_degree,0,test-477,2.8903717578961645,1.4729256629943848
z_residual_to_degree,0,test-478,3.1780538303479453,3.3185834884643555
z_residual_to_degree,0,test-479,2.995732273553991,3.3346705436706543
z_residual_to_degree,0,test-480,4.276666119016055,3.324342727661133
z_residual_to_degree,0,test-481,2.4849066497880004,3.551783323287964
z_residual_to_degree,0,test-482,3.295836866004329,3.5983986854553223
z_residual_to_degree,0,test-483,3.1780538303479453,3.2371068000793457
z_residual_to_degree,0,test-484,2.0794415416798357,3.7813258171081543
z_residual_to_degree,0,test-485,3.332204510175204,3.1873319149017334
z_residual_to_degree,0,test-486,1.3862943611198906,3.9933643341064453
z_residual_to_degree,0,test-487,4.356708826689592,4.491960525512695
z_residual_to_degree,0,test-488,2.0794415416798357,3.0231494903564453
z_residual_to_degree,0,test-489,2.9957322735539913,3.933584451675415
z_residual_to_degree,0,test-490,0.6931471805599453,3.2043514251708984
z_residual_to_degree,0,test-491,2.0794415416798357,2.094360828399658
z_residual_to_degree,0,test-492,4.31748811353631,3.7991068363189697
z_residual_to_degree,0,test-493,3.58351893845611,3.527355909347534
z_residual_to_degree,0,test-494,0.0,2.303173303604126
z_residual_to_degree,0,test-495,5.272999558563747,5.596879482269287
z_residual_to_degree,0,test-496,1.791759469228055,3.349388599395752
z_residual_to_degree,0,test-497,3.7376696182833684,3.6340014934539795
z_residual_to_degree,0,test-498,2.4849066497880004,3.050053358078003
z_residual_to_degree,0,test-499,3.8712010109078907,3.2194595336914062
z_residual_to_degree,0,test-500,6.040254711277414,4.114324569702148
z_residual_to_degree,0,test-501,3.332204510175204,3.1699986457824707
z_residual_to_degree,0,test-502,3.332204510175204,3.2452902793884277
z_residual_to_degree,0,test-503,4.700480365792417,3.6576950550079346
z_residual_to_degree,0,test-504,4.499809670330265,3.591830015182495
z_residual_to_degree,0,test-505,2.1972245773362196,3.0998733043670654
z_residual_to_degree,0,test-506,3.688879454113936,3.597431182861328
z_residual_to_degree,0,test-507,2.6390573296152584,4.599676132202148
z_residual_to_degree,0,test-508,4.276666119016055,3.284224271774292
z_residual_to_degree,0,test-509,3.8712010109078907,3.6319634914398193
z_residual_to_degree,0,test-510,4.442651256490317,3.2432737350463867
z_residual_to_degree,0,test-511,5.634789603169249,4.653846263885498
z_degree_to_cn_residual,0,test-0,0.4096507501383539,0.35171326994895935
z_degree_to_cn_residual,0,test-1,-0.257133548881196,0.31345996260643005
z_degree_to_cn_residual,0,test-2,-0.026168497301778282,0.21947604417800903
z_degree_to_cn_residual,0,test-3,-0.09682951278185134,0.05951404571533203
z_degree_to_cn_residual,0,test-4,1.030455039917754,0.0395561158657074
z_degree_to_cn_residual,0,test-5,-0.40617432960244304,0.3369215428829193
z_degree_to_cn_residual,0,test-6,1.072232465549153,-0.008407503366470337
z_degree_to_cn_residual,0,test-7,-0.17653506637630972,0.14234456419944763
z_degree_to_cn_residual,0,test-8,-0.09993231907971788,0.2554191052913666
z_degree_to_cn_residual,0,test-9,-0.361807736196368,0.16657599806785583
z_degree_to_cn_residual,0,test-10,0.834665253272179,0.23986873030662537
z_degree_to_cn_residual,0,test-11,0.6771872810461878,0.3409779965877533
z_degree_to_cn_residual,0,test-12,-0.0025667768776077267,0.0470639169216156
z_degree_to_cn_residual,0,test-13,0.0920452145115791,0.12594422698020935
z_degree_to_cn_residual,0,test-14,0.1059855857541714,0.14646729826927185
z_degree_to_cn_residual,0,test-15,0.6905804036823375,0.10760077834129333
z_degree_to_cn_residual,0,test-16,0.487417210290867,0.11403664946556091
z_degree_to_cn_residual,0,test-17,0.027598705190133088,0.09571561217308044
z_degree_to_cn_residual,0,test-18,-0.0025667768776077267,0.0470639169216156
z_degree_to_cn_residual,0,test-19,-0.09993231907971788,0.2554191052913666
z_degree_to_cn_residual,0,test-20,-0.0006908748283487874,0.10808715224266052
z_degree_to_cn_residual,0,test-21,0.37362887990278976,0.28479036688804626
z_degree_to_cn_residual,0,test-22,-0.26394703539593084,0.23986873030662537
z_degree_to_cn_residual,0,test-23,-0.001592483837966117,0.02395901083946228
z_degree_to_cn_residual,0,test-24,0.3252994169928626,0.062246888875961304
z_degree_to_cn_residual,0,test-25,-0.5320508010865779,0.23010537028312683
z_degree_to_cn_residual,0,test-26,0.6906105992764492,0.24179384112358093
z_degree_to_cn_residual,0,test-27,0.7790939880109542,0.28479036688804626
z_degree_to_cn_residual,0,test-28,0.5980680715538729,0.11371979117393494
z_degree_to_cn_residual,0,test-29,0.6893311186493629,0.14310511946678162
z_degree_to_cn_residual,0,test-30,0.6730018624542556,0.20195969939231873
z_degree_to_cn_residual,0,test-31,0.22033626837748216,0.1612597405910492
z_degree_to_cn_residual,0,test-32,-0.31403642712572494,0.3705994188785553
z_degree_to_cn_residual,0,test-33,0.6854469961951654,-0.1654624044895172
z_degree_to_cn_residual,0,test-34,-0.22552334649902314,0.22678908705711365
z_degree_to_cn_residual,0,test-35,-0.15981025222941134,0.3465772569179535
z_degree_to_cn_residual,0,test-36,-0.002483473901375505,0.339059442281723
z_degree_to_cn_residual,0,test-37,-0.002536581283496064,0.24179384112358093
z_degree_to_cn_residual,0,test-38,0.011027840012221813,-0.08250704407691956
z_degree_to_cn_residual,0,test-39,-0.0025667768776077267,0.10760077834129333
z_degree_to_cn_residual,0,test-40,1.0655213517576338,0.25509342551231384
z_degree_to_cn_residual,0,test-41,0.33133944436357726,0.16657599806785583
z_degree_to_cn_residual,0,test-42,0.3907357061859718,0.5899535417556763
z_degree_to_cn_residual,0,test-43,-0.07427151148220186,0.2055879533290863
z_degree_to_cn_residual,0,test-44,1.1607710146208674,0.22678908705711365
z_degree_to_cn_residual,0,test-45,-0.0025667768776077267,0.0470639169216156
z_degree_to_cn_residual,0,test-46,0.12442211904305411,0.24238070845603943
z_degree_to_cn_residual,0,test-47,-0.002483473901375505,-0.002460390329360962
z_degree_to_cn_residual,0,test-48,0.5980680715538729,0.11371979117393494
z_degree_to_cn_residual,0,test-49,0.3907357061859718,0.5899535417556763
z_degree_to_cn_residual,0,test-50,0.3974001350710103,0.02577933669090271
z_degree_to_cn_residual,0,test-51,0.5071241430143024,0.23544511198997498
z_degree_to_cn_residual,0,test-52,-0.5962537633065377,-0.004141718149185181
z_degree_to_cn_residual,0,test-53,-0.09507910900607243,0.11371979117393494
z_degree_to_cn_residual,0,test-54,-0.006401163194461921,0.12287351489067078
z_degree_to_cn_residual,0,test-55,-0.5779234037185782,-0.06187906861305237
z_degree_to_cn_residual,0,test-56,-0.09507910900607243,0.215580552816391
z_degree_to_cn_residual,0,test-57,0.8783422192128343,0.26792821288108826
z_degree_to_cn_residual,0,test-58,-0.4855470978437046,0.22718200087547302
z_degree_to_cn_residual,0,test-59,0.6904677205888524,0.10306808352470398
z_degree_to_cn_residual,0,test-60,-0.2474640255978244,0.2542911469936371
z_degree_to_cn_residual,0,test-61,-0.0022128532902202114,0.026010125875473022
z_degree_to_cn_residual,0,test-62,-0.0014682163898236727,0.04565581679344177
z_degree_to_cn_residual,0,test-63,-0.002483473901375505,0.339059442281723
z_degree_to_cn_residual,0,test-64,-0.18117393408101218,0.05462798476219177
z_degree_to_cn_residual,0,test-65,1.0035331796620373,0.11371979117393494
z_degree_to_cn_residual,0,test-66,-0.003920084665472663,0.019101113080978394
z_degree_to_cn_residual,0,test-67,-0.003920084665472663,0.019101113080978394
z_degree_to_cn_residual,0,test-68,-0.5121098978044188,0.2209835946559906
z_degree_to_cn_residual,0,test-69,0.40889556438164,0.13671597838401794
z_degree_to_cn_residual,0,test-70,0.5071241430143024,0.23544511198997498
z_degree_to_cn_residual,0,test-71,0.34193555199200737,0.06418856978416443
z_degree_to_cn_residual,0,test-72,-0.0025667768776077267,0.10760077834129333
z_degree_to_cn_residual,0,test-73,-0.32077300936225667,0.25509342551231384
z_degree_to_cn_residual,0,test-74,-0.09507910900607243,0.215580552816391
z_degree_to_cn_residual,0,test-75,0.9986799695883919,0.2554191052913666
z_degree_to_cn_residual,0,test-76,-0.001592483837966117,0.02395901083946228
z_degree_to_cn_residual,0,test-77,0.5932148614802274,0.2554191052913666
z_degree_to_cn_residual,0,test-78,-0.0017051669314512175,0.01298794150352478
z_degree_to_cn_residual,0,test-79,-0.0025667768776077267,0.10760077834129333
z_degree_to_cn_residual,0,test-80,0.6893311186493629,0.14310511946678162
z_degree_to_cn_residual,0,test-81,0.3267009706117635,0.1357346475124359
z_degree_to_cn_residual,0,test-82,1.066776060462735,0.28479036688804626
z_degree_to_cn_residual,0,test-83,-0.06306873591422772,-0.002773195505142212
z_degree_to_cn_residual,0,test-84,-0.3195190468888935,0.283878892660141
z_degree_to_cn_residual,0,test-85,-0.257133548881196,0.31345996260643005
z_degree_to_cn_residual,0,test-86,0.3974001350710103,0.02577933669090271
z_degree_to_cn_residual,0,test-87,-0.09507910900607243,0.215580552816391
z_degree_to_cn_residual,0,test-88,-0.006401163194461921,0.12287351489067078
z_degree_to_cn_residual,0,test-89,-0.295747045488935,0.02577933669090271
z_degree_to_cn_residual,0,test-90,-0.07427151148220186,0.2055879533290863
z_degree_to_cn_residual,0,test-91,-0.002679459971092827,0.10306808352470398
z_degree_to_cn_residual,0,test-92,0.5963176677780939,0.05951404571533203
z_degree_to_cn_residual,0,test-93,0.47287711110466973,0.26792821288108826
z_degree_to_cn_residual,0,test-94,-0.07427151148220186,0.2055879533290863
z_degree_to_cn_residual,0,test-95,0.5634751272888399,0.030151695013046265
z_degree_to_cn_residual,0,test-96,-0.6219808875579942,-0.12682238221168518
z_degree_to_cn_residual,0,test-97,-0.0948206319924906,0.1363888680934906
z_degree_to_cn_residual,0,test-98,-0.002536581283496064,0.24179384112358093
z_degree_to_cn_residual,0,test-99,-0.09507910900607243,0.215580552816391
z_degree_to_cn_residual,0,test-100,-0.3664462099481818,0.1357346475124359
z_degree_to_cn_residual,0,test-101,0.5980680715538729,0.215580552816391
z_degree_to_cn_residual,0,test-102,0.03377005795343527,0.027584165334701538
z_degree_to_cn_residual,0,test-103,-0.15981025222941134,0.3465772569179535
z_degree_to_cn_residual,0,test-104,0.629186265886127,0.2886553704738617
z_degree_to_cn_residual,0,test-105,-0.001592483837966117,0.02395901083946228
z_degree_to_cn_residual,0,test-106,0.689862177614176,-0.08796778321266174
z_degree_to_cn_residual,0,test-107,-0.0025667768776077267,0.0470639169216156
z_degree_to_cn_residual,0,test-108,0.09689341725340761,-0.004141718149185181
z_degree_to_cn_residual,0,test-109,0.37911075343422035,0.3705994188785553
z_degree_to_cn_residual,0,test-110,-0.002679459971092827,0.10306808352470398
z_degree_to_cn_residual,0,test-111,-0.006236131996241855,-0.004092127084732056
z_degree_to_cn_residual,0,test-112,0.4686965299979534,0.2881675660610199
z_degree_to_cn_residual,0,test-113,-0.4092811700187469,0.14310511946678162
z_degree_to_cn_residual,0,test-114,-0.0017051669314512175,0.01298794150352478
z_degree_to_cn_residual,0,test-115,0.6906637066585698,0.339059442281723
z_degree_to_cn_residual,0,test-116,1.0402213320986424,-0.04165735840797424
z_degree_to_cn_residual,0,test-117,0.6948211420213969,0.22078809142112732
z_degree_to_cn_residual,0,test-118,-0.2842516161783053,0.13671597838401794
z_degree_to_cn_residual,0,test-119,0.706182872391234,0.11752709746360779
z_degree_to_cn_residual,0,test-120,0.6188756690777434,0.2055879533290863
z_degree_to_cn_residual,0,test-121,0.5071241430143024,0.23544511198997498
z_degree_to_cn_residual,0,test-122,0.732166078719928,0.1357346475124359
z_degree_to_cn_residual,0,test-123,0.6905804036823375,0.10760077834129333
z_degree_to_cn_residual,0,test-124,-0.006401163194461921,0.12287351489067078
z_degree_to_cn_residual,0,test-125,-0.06396091467381823,0.2886553704738617
z_degree_to_cn_residual,0,test-126,1.0243407771859079,0.2055879533290863
z_degree_to_cn_residual,0,test-127,-0.0025667768776077267,0.10760077834129333
z_degree_to_cn_residual,0,test-128,-0.17653506637630972,0.14234456419944763
z_degree_to_cn_residual,0,test-129,0.006243055183185751,0.06475171446800232
z_degree_to_cn_residual,0,test-130,0.9125892511224669,0.23544511198997498
z_degree_to_cn_residual,0,test-131,0.5932148614802274,0.2554191052913666
z_degree_to_cn_residual,0,test-132,-0.4092811700187469,0.14310511946678162
z_degree_to_cn_residual,0,test-133,-0.3910899774469028,0.1604653298854828
z_degree_to_cn_residual,0,test-134,-0.06396091467381823,0.2886553704738617
z_degree_to_cn_residual,0,test-135,0.5333369283305339,0.3465772569179535
z_degree_to_cn_residual,0,test-136,0.6893311186493629,0.14310511946678162
z_degree_to_cn_residual,0,test-137,-0.0022128532902202114,0.026010125875473022
z_degree_to_cn_residual,0,test-138,-0.4564122585269044,0.06979116797447205
z_degree_to_cn_residual,0,test-139,-0.0025667768776077267,0.10760077834129333
z_degree_to_cn_residual,0,test-140,-0.295747045488935,0.02577933669090271
z_degree_to_cn_residual,0,test-141,0.7232900511466166,0.3087845742702484
z_degree_to_cn_residual,0,test-142,-0.09507910900607243,0.215580552816391
z_degree_to_cn_residual,0,test-143,-0.002679459971092827,0.10306808352470398
z_degree_to_cn_residual,0,test-144,-0.15981025222941134,0.3465772569179535
z_degree_to_cn_residual,0,test-145,-0.020145318105689636,0.20195969939231873
z_degree_to_cn_residual,0,test-146,0.37362887990278976,0.28479036688804626
z_degree_to_cn_residual,0,test-147,-0.295747045488935,0.02577933669090271
z_degree_to_cn_residual,0,test-148,0.09689341725340761,-0.004141718149185181
z_degree_to_cn_residual,0,test-149,-0.2842516161783053,0.13671597838401794
z_degree_to_cn_residual,0,test-150,-0.21219425699455913,0.291998952627182
z_degree_to_cn_residual,0,test-151,0.5634751272888399,0.03574690222740173
z_degree_to_cn_residual,0,test-152,-0.011174017424812204,0.18454989790916443
z_degree_to_cn_residual,0,test-153,0.2564389628481294,0.2077217996120453
z_degree_to_cn_residual,0,test-154,0.6904677205888524,0.10306808352470398
z_degree_to_cn_residual,0,test-155,-0.002536581283496064,0.24179384112358093
z_degree_to_cn_residual,0,test-156,1.2131515730483942,0.13529667258262634
z_degree_to_cn_residual,0,test-157,-0.11159319800623856,0.20215710997581482
z_degree_to_cn_residual,0,test-158,-0.002483473901375505,-0.002460390329360962
z_degree_to_cn_residual,0,test-159,0.5980680715538729,0.215580552816391
z_degree_to_cn_residual,0,test-160,-0.006236131996241855,-0.005863577127456665
z_degree_to_cn_residual,0,test-161,-0.0017051669314512175,0.01298794150352478
z_degree_to_cn_residual,0,test-162,0.5980680715538729,0.11371979117393494
z_degree_to_cn_residual,0,test-163,-0.0025667768776077267,0.10760077834129333
z_degree_to_cn_residual,0,test-164,0.30205720311304246,0.1604653298854828
z_degree_to_cn_residual,0,test-165,-0.001592483837966117,0.02395901083946228
z_degree_to_cn_residual,0,test-166,-0.3678477635670827,0.062246888875961304
z_degree_to_cn_residual,0,test-167,-0.5737341020377579,0.08352991938591003
z_degree_to_cn_residual,0,test-168,0.3252994169928626,0.062246888875961304
z_degree_to_cn_residual,0,test-169,-0.0025667768776077267,0.10760077834129333
z_degree_to_cn_residual,0,test-170,-0.002679459971092827,0.10306808352470398
z_degree_to_cn_residual,0,test-171,0.5694612141469256,0.2740832269191742
z_degree_to_cn_residual,0,test-172,-0.0017051669314512175,0.01298794150352478
z_degree_to_cn_residual,0,test-173,-0.07427151148220186,0.2055879533290863
z_degree_to_cn_residual,0,test-174,1.1880129048121781,0.3409779965877533
z_degree_to_cn_residual,0,test-175,0.8125602590821327,0.08352991938591003
z_degree_to_cn_residual,0,test-176,-0.10231614743923174,0.19243821501731873
z_degree_to_cn_residual,0,test-177,0.027598705190133088,0.09571561217308044
z_degree_to_cn_residual,0,test-178,-0.31951830065715553,0.28479036688804626
z_degree_to_cn_residual,0,test-179,-0.0017051669314512175,0.01298794150352478
z_degree_to_cn_residual,0,test-180,-0.007700184364779972,-0.1654624044895172
z_degree_to_cn_residual,0,test-181,-0.31403642712572494,0.3705994188785553
z_degree_to_cn_residual,0,test-182,-0.31951830065715553,0.28479036688804626
z_degree_to_cn_residual,0,test-183,-0.002483473901375505,-0.002460390329360962
z_degree_to_cn_residual,0,test-184,0.2690154096687156,0.018969625234603882
z_degree_to_cn_residual,0,test-185,-0.295747045488935,0.02577933669090271
z_degree_to_cn_residual,0,test-186,1.1223473257239598,0.23986873030662537
z_degree_to_cn_residual,0,test-187,-0.295747045488935,0.02577933669090271
z_degree_to_cn_residual,0,test-188,-0.07427151148220186,0.2055879533290863
z_degree_to_cn_residual,0,test-189,-0.06396091467381823,0.2886553704738617
z_degree_to_cn_residual,0,test-190,0.5980680715538729,0.215580552816391
z_degree_to_cn_residual,0,test-191,-0.002679459971092827,0.10306808352470398
z_degree_to_cn_residual,0,test-192,0.5932148614802274,0.2554191052913666
z_degree_to_cn_residual,0,test-193,-0.18602303754564287,0.23544511198997498
z_degree_to_cn_residual,0,test-194,-0.007700184364779972,-0.1654624044895172
z_degree_to_cn_residual,0,test-195,0.18103728275552644,0.2209835946559906
z_degree_to_cn_residual,0,test-196,-0.3419557546295762,0.4808116853237152
z_degree_to_cn_residual,0,test-197,-0.07427151148220186,0.2055879533290863
z_degree_to_cn_residual,0,test-198,-0.1325756172494532,0.06996068358421326
z_degree_to_cn_residual,0,test-199,-0.001592483837966117,0.02395901083946228
z_degree_to_cn_residual,0,test-200,-0.001592483837966117,0.02395901083946228
z_degree_to_cn_residual,0,test-201,-0.001592483837966117,0.02395901083946228
z_degree_to_cn_residual,0,test-202,-0.09993231907971788,0.2554191052913666
z_degree_to_cn_residual,0,test-203,-0.07427151148220186,0.2055879533290863
z_degree_to_cn_residual,0,test-204,0.6867460173654834,0.12287351489067078
z_degree_to_cn_residual,0,test-205,-0.06396091467381823,0.2886553704738617
z_degree_to_cn_residual,0,test-206,-0.31403642712572494,0.3705994188785553
z_degree_to_cn_residual,0,test-207,0.25559953693839854,-0.0399419367313385
z_degree_to_cn_residual,0,test-208,-0.3512116285679379,0.06418856978416443
z_degree_to_cn_residual,0,test-209,0.44701726623712135,-0.03272238373756409
z_degree_to_cn_residual,0,test-210,0.27064323153028624,0.26527222990989685
z_degree_to_cn_residual,0,test-211,0.9986799695883919,0.2554191052913666
z_degree_to_cn_residual,0,test-212,-0.015324816569887118,0.18724068999290466
z_degree_to_cn_residual,0,test-213,-0.002483473901375505,0.339059442281723
z_degree_to_cn_residual,0,test-214,0.707522311221207,0.1604653298854828
z_degree_to_cn_residual,0,test-215,-0.002679459971092827,0.10306808352470398
z_degree_to_cn_residual,0,test-216,-0.0025667768776077267,0.0470639169216156
z_degree_to_cn_residual,0,test-217,0.6905804036823375,0.10760077834129333
z_degree_to_cn_residual,0,test-218,-0.09993231907971788,0.2554191052913666
z_degree_to_cn_residual,0,test-219,-0.3664462099481818,0.1357346475124359
z_degree_to_cn_residual,0,test-220,-0.007796294345678415,0.03845223784446716
z_degree_to_cn_residual,0,test-221,-0.18602303754564287,0.23544511198997498
z_degree_to_cn_residual,0,test-222,-0.002679459971092827,0.10306808352470398
z_degree_to_cn_residual,0,test-223,-0.20673482910021176,0.27374371886253357
z_degree_to_cn_residual,0,test-224,-0.002483473901375505,-0.002460390329360962
z_degree_to_cn_residual,0,test-225,0.8028652431791747,0.02577933669090271
z_degree_to_cn_residual,0,test-226,-0.002679459971092827,0.10306808352470398
z_degree_to_cn_residual,0,test-227,0.9388020364386984,0.3465772569179535
z_degree_to_cn_residual,0,test-228,-0.0025667768776077267,0.10760077834129333
z_degree_to_cn_residual,0,test-229,-0.06396091467381823,0.2886553704738617
z_degree_to_cn_residual,0,test-230,0.5634751272888399,0.030151695013046265
z_degree_to_cn_residual,0,test-231,-0.34185746108770393,0.5328832864761353
z_degree_to_cn_residual,0,test-232,0.5836835270942388,0.2786353528499603
z_degree_to_cn_residual,0,test-233,-0.0017051669314512175,-0.00025597214698791504
z_degree_to_cn_residual,0,test-234,-0.3664462099481818,0.1357346475124359
z_degree_to_cn_residual,0,test-235,0.5963176677780939,0.05951404571533203
z_degree_to_cn_residual,0,test-236,-0.09507910900607243,0.11371979117393494
z_degree_to_cn_residual,0,test-237,-0.09993231907971788,0.2554191052913666
z_degree_to_cn_residual,0,test-238,1.1098178970570212,-0.5042613744735718
z_degree_to_cn_residual,0,test-239,0.09689341725340761,-0.004141718149185181
z_degree_to_cn_residual,0,test-240,-0.0025667768776077267,0.0470639169216156
z_degree_to_cn_residual,0,test-241,-0.003920084665472663,0.019101113080978394
z_degree_to_cn_residual,0,test-242,1.0035331796620373,0.11371979117393494
z_degree_to_cn_residual,0,test-243,0.629186265886127,0.2886553704738617
z_degree_to_cn_residual,0,test-244,-0.09993231907971788,0.2554191052913666
z_degree_to_cn_residual,0,test-245,0.5980680715538729,0.215580552816391
z_degree_to_cn_residual,0,test-246,-0.6011019660483662,0.12594422698020935
z_degree_to_cn_residual,0,test-247,-0.0025667768776077267,0.10760077834129333
z_degree_to_cn_residual,0,test-248,-0.40617432960244304,0.3369215428829193
z_degree_to_cn_residual,0,test-249,-0.32077300936225667,0.25509342551231384
z_degree_to_cn_residual,0,test-250,-0.0017051669314512175,0.01298794150352478
z_degree_to_cn_residual,0,test-251,0.027598705190133088,0.09571561217308044
z_degree_to_cn_residual,0,test-252,-0.31951830065715553,0.28479036688804626
z_degree_to_cn_residual,0,test-253,-0.09507910900607243,0.215580552816391
z_degree_to_cn_residual,0,test-254,-0.006401163194461921,0.12287351489067078
z_degree_to_cn_residual,0,test-255,-0.2608500763576425,0.2932678163051605
z_degree_to_cn_residual,0,test-256,-0.002483473901375505,-0.002460390329360962
z_degree_to_cn_residual,0,test-257,0.16442497939224665,-0.008365541696548462
z_degree_to_cn_residual,0,test-258,0.8561659193103136,0.1255851686000824
z_degree_to_cn_residual,0,test-259,-0.002709528290634796,0.01525983214378357
z_degree_to_cn_residual,0,test-260,-0.001592483837966117,0.02395901083946228
z_degree_to_cn_residual,0,test-261,0.42920014516401445,0.23986873030662537
z_degree_to_cn_residual,0,test-262,0.9125892511224669,0.23544511198997498
z_degree_to_cn_residual,0,test-263,-0.18602303754564287,0.23544511198997498
z_degree_to_cn_residual,0,test-264,-0.32690411934740055,0.0095272958278656
z_degree_to_cn_residual,0,test-265,-0.4564122585269044,0.06979116797447205
z_degree_to_cn_residual,0,test-266,0.6905804036823375,0.10760077834129333
z_degree_to_cn_residual,0,test-267,0.6904677205888524,0.10306808352470398
z_degree_to_cn_residual,0,test-268,-0.09507910900607243,0.215580552816391
z_degree_to_cn_residual,0,test-269,0.5380768797364144,-0.2987317144870758
z_degree_to_cn_residual,0,test-270,-0.0025667768776077267,0.10760077834129333
z_degree_to_cn_residual,0,test-271,0.9986799695883919,0.2554191052913666
z_degree_to_cn_residual,0,test-272,0.26383524768033195,0.22082671523094177
z_degree_to_cn_residual,0,test-273,0.4676238340609221,0.22678908705711365
z_degree_to_cn_residual,0,test-274,0.5333369283305339,0.3465772569179535
z_degree_to_cn_residual,0,test-275,-0.09507910900607243,0.215580552816391
z_degree_to_cn_residual,0,test-276,-0.0022128532902202114,-0.029343515634536743
z_degree_to_cn_residual,0,test-277,-0.295747045488935,0.02577933669090271
z_degree_to_cn_residual,0,test-278,0.4322971042023028,0.2559910714626312
z_degree_to_cn_residual,0,test-279,0.5166121141836355,0.14234456419944763
z_degree_to_cn_residual,0,test-280,-0.006401163194461921,0.12287351489067078
z_degree_to_cn_residual,0,test-281,1.0243407771859079,0.2055879533290863
z_degree_to_cn_residual,0,test-282,-0.005713782933315264,-0.16706934571266174
z_degree_to_cn_residual,0,test-283,-0.18602303754564287,0.23544511198997498
z_degree_to_cn_residual,0,test-284,-0.0017051669314512175,-0.05191245675086975
z_degree_to_cn_residual,0,test-285,-0.09507910900607243,0.215580552816391
z_degree_to_cn_residual,0,test-286,1.3462860490699626,-0.4708273708820343
z_degree_to_cn_residual,0,test-287,-0.09993231907971788,0.2554191052913666
z_degree_to_cn_residual,0,test-288,0.5553068786375152,-0.005305439233779907
z_degree_to_cn_residual,0,test-289,0.2249532936470302,0.17751964926719666
z_degree_to_cn_residual,0,test-290,0.5980680715538729,0.11371979117393494
z_degree_to_cn_residual,0,test-291,0.5481549764268495,-0.07944241166114807
z_degree_to_cn_residual,0,test-292,-0.8168566785177598,-0.4545649588108063
z_degree_to_cn_residual,0,test-293,0.33133944436357726,0.16657599806785583
z_degree_to_cn_residual,0,test-294,0.629186265886127,0.2886553704738617
z_degree_to_cn_residual,0,test-295,0.6906105992764492,0.24179384112358093
z_degree_to_cn_residual,0,test-296,-0.0013809592565058647,-0.39546194672584534
z_degree_to_cn_residual,0,test-297,-0.0022128532902202114,-0.029343515634536743
z_degree_to_cn_residual,0,test-298,0.6906637066585698,0.339059442281723
z_degree_to_cn_residual,0,test-299,-0.22552334649902314,0.22678908705711365
z_degree_to_cn_residual,0,test-300,0.5071241430143024,0.23544511198997498
z_degree_to_cn_residual,0,test-301,-0.0017051669314512175,-0.05191245675086975
z_degree_to_cn_residual,0,test-302,0.6188756690777434,0.2055879533290863
z_degree_to_cn_residual,0,test-303,-0.002679459971092827,0.10306808352470398
z_degree_to_cn_residual,0,test-304,-0.3011881021227526,0.5011974573135376
z_degree_to_cn_residual,0,test-305,0.3974001350710103,0.02577933669090271
z_degree_to_cn_residual,0,test-306,0.5966030812834874,-0.10149183869361877
z_degree_to_cn_residual,0,test-307,-0.002679459971092827,0.10306808352470398
z_degree_to_cn_residual,0,test-308,0.6904677205888524,0.10306808352470398
z_degree_to_cn_residual,0,test-309,0.511973246478933,0.05462798476219177
z_degree_to_cn_residual,0,test-310,-0.06396091467381823,0.2886553704738617
z_degree_to_cn_residual,0,test-311,0.8880287062152161,0.19794711470603943
z_degree_to_cn_residual,0,test-312,0.000550437072462336,0.05538424849510193
z_degree_to_cn_residual,0,test-313,0.4185007999394532,0.11752709746360779
z_degree_to_cn_residual,0,test-314,0.12442211904305411,0.24238070845603943
z_degree_to_cn_residual,0,test-315,-0.0009230486758283437,0.017605870962142944
z_degree_to_cn_residual,0,test-316,0.5980680715538729,0.11371979117393494
z_degree_to_cn_residual,0,test-317,0.6253649081462749,0.13529667258262634
z_degree_to_cn_residual,0,test-318,-0.295747045488935,0.02577933669090271
z_degree_to_cn_residual,0,test-319,0.4185007999394532,0.11752709746360779
z_degree_to_cn_residual,0,test-320,-0.15981025222941134,0.3465772569179535
z_degree_to_cn_residual,0,test-321,-0.09993231907971788,0.2554191052913666
z_degree_to_cn_residual,0,test-322,0.5071241430143024,0.23544511198997498
z_degree_to_cn_residual,0,test-323,-0.0025667768776077267,0.0470639169216156
z_degree_to_cn_residual,0,test-324,-0.07427151148220186,0.2055879533290863
z_degree_to_cn_residual,0,test-325,0.5333369283305339,0.3465772569179535
z_degree_to_cn_residual,0,test-326,-0.002709528290634796,0.08185729384422302
z_degree_to_cn_residual,0,test-327,-0.12967205327110548,0.030151695013046265
z_degree_to_cn_residual,0,test-328,-0.4092811700187469,0.14310511946678162
z_degree_to_cn_residual,0,test-329,-0.0017051669314512175,-0.05191245675086975
z_degree_to_cn_residual,0,test-330,1.0184465975528079,0.062246888875961304
z_degree_to_cn_residual,0,test-331,-0.2930939733738713,0.13296517729759216
z_degree_to_cn_residual,0,test-332,-0.007796294345678415,0.03845223784446716
z_degree_to_cn_residual,0,test-333,-0.006236131996241855,-0.004092127084732056
z_degree_to_cn_residual,0,test-334,-0.003920084665472663,0.019101113080978394
z_degree_to_cn_residual,0,test-335,1.108891999074218,0.20777365565299988
z_degree_to_cn_residual,0,test-336,-0.09507910900607243,0.215580552816391
z_degree_to_cn_residual,0,test-337,0.5932148614802274,0.2554191052913666
z_degree_to_cn_residual,0,test-338,0.6188756690777434,0.2055879533290863
z_degree_to_cn_residual,0,test-339,0.5333369283305339,0.3465772569179535
z_degree_to_cn_residual,0,test-340,0.9300387057397879,0.3074670732021332
z_degree_to_cn_residual,0,test-341,0.48095292356538616,0.291998952627182
z_degree_to_cn_residual,0,test-342,-0.07427151148220186,0.2055879533290863
z_degree_to_cn_residual,0,test-343,-0.43015367383143543,0.27752265334129333
z_degree_to_cn_residual,0,test-344,-0.002483473901375505,0.339059442281723
z_degree_to_cn_residual,0,test-345,0.5963176677780939,0.05951404571533203
z_degree_to_cn_residual,0,test-346,0.6188756690777434,0.2055879533290863
z_degree_to_cn_residual,0,test-347,0.6188756690777434,0.2055879533290863
z_degree_to_cn_residual,0,test-348,0.6188756690777434,0.2055879533290863
z_degree_to_cn_residual,0,test-349,-0.26394703539593084,0.23986873030662537
z_degree_to_cn_residual,0,test-350,-0.006236131996241855,-0.004092127084732056
z_degree_to_cn_residual,0,test-351,-0.22552334649902314,0.22678908705711365
z_degree_to_cn_residual,0,test-352,-0.002483473901375505,0.339059442281723
z_degree_to_cn_residual,0,test-353,0.6730018624542556,0.20195969939231873
z_degree_to_cn_residual,0,test-354,-0.17162295933884167,0.2267356812953949
z_degree_to_cn_residual,0,test-355,-0.5908559921618184,-0.5765918493270874
z_degree_to_cn_residual,0,test-356,-0.0025667768776077267,0.0470639169216156
z_degree_to_cn_residual,0,test-357,-0.0025667768776077267,0.10760077834129333
z_degree_to_cn_residual,0,test-358,-0.0025667768776077267,0.10760077834129333
z_degree_to_cn_residual,0,test-359,-0.02637982311895648,-0.008407503366470337
z_degree_to_cn_residual,0,test-360,-0.1378403019224301,-0.005305439233779907
z_degree_to_cn_residual,0,test-361,0.4185007999394532,0.11752709746360779
z_degree_to_cn_residual,0,test-362,-0.31852856519640793,0.13975057005882263
z_degree_to_cn_residual,0,test-363,0.26383524768033195,0.22082671523094177
z_degree_to_cn_residual,0,test-364,-0.06396091467381823,0.2886553704738617
z_degree_to_cn_residual,0,test-365,-0.18602303754564287,0.23544511198997498
z_degree_to_cn_residual,0,test-366,-0.0017051669314512175,0.01298794150352478
z_degree_to_cn_residual,0,test-367,-0.5962537633065377,-0.004141718149185181
z_degree_to_cn_residual,0,test-368,1.0444369000321867,0.5328832864761353
z_degree_to_cn_residual,0,test-369,-0.002483473901375505,-0.002460390329360962
z_degree_to_cn_residual,0,test-370,0.6867460173654834,0.12287351489067078
z_degree_to_cn_residual,0,test-371,-0.0017051669314512175,-0.05191245675086975
z_degree_to_cn_residual,0,test-372,0.6188756690777434,0.2055879533290863
z_degree_to_cn_residual,0,test-373,-0.31951830065715553,0.28479036688804626
z_degree_to_cn_residual,0,test-374,0.5333369283305339,0.3465772569179535
z_degree_to_cn_residual,0,test-375,0.5980680715538729,0.215580552816391
z_degree_to_cn_residual,0,test-376,0.0920452145115791,0.12594422698020935
z_degree_to_cn_residual,0,test-377,-0.003920084665472663,0.019101113080978394
z_degree_to_cn_residual,0,test-378,-0.295747045488935,0.02577933669090271
z_degree_to_cn_residual,0,test-379,-0.003920084665472663,0.019101113080978394
z_degree_to_cn_residual,0,test-380,0.5980680715538729,0.11371979117393494
z_degree_to_cn_residual,0,test-381,0.6906105992764492,0.24179384112358093
z_degree_to_cn_residual,0,test-382,-0.0025667768776077267,0.10760077834129333
z_degree_to_cn_residual,0,test-383,-0.0025667768776077267,0.0470639169216156
z_degree_to_cn_residual,0,test-384,-0.018078891203757413,0.2419339120388031
z_degree_to_cn_residual,0,test-385,-0.0025667768776077267,0.10760077834129333
z_degree_to_cn_residual,0,test-386,-0.0025667768776077267,0.10760077834129333
z_degree_to_cn_residual,0,test-387,0.6904677205888524,0.10306808352470398
z_degree_to_cn_residual,0,test-388,0.5071241430143024,0.23544511198997498
z_degree_to_cn_residual,0,test-389,-0.002679459971092827,0.10306808352470398
z_degree_to_cn_residual,0,test-390,0.5932148614802274,0.2554191052913666
z_degree_to_cn_residual,0,test-391,0.5071241430143024,0.23544511198997498
z_degree_to_cn_residual,0,test-392,-0.002483473901375505,-0.002460390329360962
z_degree_to_cn_residual,0,test-393,-0.0017051669314512175,0.01298794150352478
z_degree_to_cn_residual,0,test-394,-0.002536581283496064,0.24179384112358093
z_degree_to_cn_residual,0,test-395,0.5634751272888399,0.03574690222740173
z_degree_to_cn_residual,0,test-396,-0.0025667768776077267,0.10760077834129333
z_degree_to_cn_residual,0,test-397,-0.011174017424812204,0.18454989790916443
z_degree_to_cn_residual,0,test-398,-0.003920084665472663,0.019101113080978394
z_degree_to_cn_residual,0,test-399,-0.18602303754564287,0.23544511198997498
z_degree_to_cn_residual,0,test-400,0.6904677205888524,0.10306808352470398
z_degree_to_cn_residual,0,test-401,0.6904677205888524,0.10306808352470398
z_degree_to_cn_residual,0,test-402,0.5963176677780939,0.05951404571533203
z_degree_to_cn_residual,0,test-403,-0.00961734087375331,-0.4540976583957672
z_degree_to_cn_residual,0,test-404,0.18103728275552644,0.2209835946559906
z_degree_to_cn_residual,0,test-405,-0.0017051669314512175,-0.00025597214698791504
z_degree_to_cn_residual,0,test-406,-0.26394703539593084,0.23986873030662537
z_degree_to_cn_residual,0,test-407,0.6906637066585698,0.339059442281723
z_degree_to_cn_residual,0,test-408,-0.006236131996241855,-0.004092127084732056
z_degree_to_cn_residual,0,test-409,0.6750682893561879,0.2419339120388031
z_degree_to_cn_residual,0,test-410,-0.0025667768776077267,0.0470639169216156
z_degree_to_cn_residual,0,test-411,-0.3678477635670827,0.062246888875961304
z_degree_to_cn_residual,0,test-412,1.0035331796620373,0.11371979117393494
z_degree_to_cn_residual,0,test-413,0.3974001350710103,0.02577933669090271
z_degree_to_cn_residual,0,test-414,0.14484892926646498,-0.060817986726760864
z_degree_to_cn_residual,0,test-415,0.6904376522693105,-0.0026525557041168213
z_degree_to_cn_residual,0,test-416,0.42920014516401445,0.23986873030662537
z_degree_to_cn_residual,0,test-417,-0.002709528290634796,0.08185729384422302
z_degree_to_cn_residual,0,test-418,-0.18602303754564287,0.23544511198997498
z_degree_to_cn_residual,0,test-419,0.42920014516401445,0.23986873030662537
z_degree_to_cn_residual,0,test-420,-0.10534341095846705,0.22718295454978943
z_degree_to_cn_residual,0,test-421,-0.34185746108770393,0.5328832864761353
z_degree_to_cn_residual,0,test-422,0.5980680715538729,0.11371979117393494
z_degree_to_cn_residual,0,test-423,-0.002679459971092827,0.10306808352470398
z_degree_to_cn_residual,0,test-424,0.6924563057315964,0.10808715224266052
z_degree_to_cn_residual,0,test-425,-0.0009230486758283437,0.017605870962142944
z_degree_to_cn_residual,0,test-426,1.2002713235742477,0.23544511198997498
z_degree_to_cn_residual,0,test-427,-0.06396091467381823,0.2886553704738617
z_degree_to_cn_residual,0,test-428,0.6906637066585698,0.339059442281723
z_degree_to_cn_residual,0,test-429,-0.12967205327110548,0.030151695013046265
z_degree_to_cn_residual,0,test-430,0.002865332104051953,0.1718502938747406
z_degree_to_cn_residual,0,test-431,-0.002679459971092827,0.10306808352470398
z_degree_to_cn_residual,0,test-432,-0.07427151148220186,0.2055879533290863
z_degree_to_cn_residual,0,test-433,0.33133944436357726,0.16657599806785583
z_degree_to_cn_residual,0,test-434,0.5980680715538729,0.215580552816391
z_degree_to_cn_residual,0,test-435,0.6892270958944726,0.019101113080978394
z_degree_to_cn_residual,0,test-436,0.027598705190133088,0.09571561217308044
z_degree_to_cn_residual,0,test-437,0.6288411122804236,-0.12721052765846252
z_degree_to_cn_residual,0,test-438,-0.1278380797400702,0.1024681031703949
z_degree_to_cn_residual,0,test-439,-0.0025667768776077267,0.10760077834129333
z_degree_to_cn_residual,0,test-440,0.9007472632761859,0.22718200087547302
z_degree_to_cn_residual,0,test-441,0.09689341725340761,-0.004141718149185181
z_degree_to_cn_residual,0,test-442,0.9986799695883919,0.2554191052913666
z_degree_to_cn_residual,0,test-443,1.0035331796620373,0.215580552816391
z_degree_to_cn_residual,0,test-444,-0.001592483837966117,0.02395901083946228
z_degree_to_cn_residual,0,test-445,1.2002713235742477,0.23544511198997498
z_degree_to_cn_residual,0,test-446,0.9388020364386984,0.3465772569179535
z_degree_to_cn_residual,0,test-447,0.9125892511224669,0.23544511198997498
z_degree_to_cn_residual,0,test-448,-0.0017051669314512175,-0.00025597214698791504
z_degree_to_cn_residual,0,test-449,0.6906637066585698,0.339059442281723
z_degree_to_cn_residual,0,test-450,0.6188756690777434,0.2055879533290863
z_degree_to_cn_residual,0,test-451,-0.6219808875579942,-0.12682238221168518
z_degree_to_cn_residual,0,test-452,-0.32077300936225667,0.25509342551231384
z_degree_to_cn_residual,0,test-453,0.7307645251010271,0.062246888875961304
z_degree_to_cn_residual,0,test-454,-0.09507910900607243,0.215580552816391
z_degree_to_cn_residual,0,test-455,0.6930446040093127,0.1364189088344574
z_degree_to_cn_residual,0,test-456,-0.06430606827952172,-0.12721052765846252
z_degree_to_cn_residual,0,test-457,-0.0025667768776077267,0.0470639169216156
z_degree_to_cn_residual,0,test-458,-0.15981025222941134,0.3465772569179535
z_degree_to_cn_residual,0,test-459,0.5634751272888399,0.030151695013046265
z_degree_to_cn_residual,0,test-460,0.9125892511224669,0.23544511198997498
z_degree_to_cn_residual,0,test-461,0.5932148614802274,0.2554191052913666
z_degree_to_cn_residual,0,test-462,-0.0022128532902202114,0.026010125875473022
z_degree_to_cn_residual,0,test-463,0.6905804036823375,0.10760077834129333
z_degree_to_cn_residual,0,test-464,0.6924563057315964,0.10808715224266052
z_degree_to_cn_residual,0,test-465,-0.0022128532902202114,0.026010125875473022
z_degree_to_cn_residual,0,test-466,0.42920014516401445,0.23986873030662537
z_degree_to_cn_residual,0,test-467,0.5023585253615721,-0.004141718149185181
z_degree_to_cn_residual,0,test-468,-0.18602303754564287,0.23544511198997498
z_degree_to_cn_residual,0,test-469,-0.09993231907971788,0.2554191052913666
z_degree_to_cn_residual,0,test-470,-0.001592483837966117,0.02395901083946228
z_degree_to_cn_residual,0,test-471,0.42920014516401445,0.23986873030662537
z_degree_to_cn_residual,0,test-472,-0.002536581283496064,0.24179384112358093
z_degree_to_cn_residual,0,test-473,0.3907357061859718,0.5899535417556763
z_degree_to_cn_residual,0,test-474,0.18103728275552644,0.2209835946559906
z_degree_to_cn_residual,0,test-475,0.629186265886127,0.2886553704738617
z_degree_to_cn_residual,0,test-476,-0.002679459971092827,0.10306808352470398
z_degree_to_cn_residual,0,test-477,-0.09507910900607243,0.11371979117393494
z_degree_to_cn_residual,0,test-478,0.5963176677780939,0.05951404571533203
z_degree_to_cn_residual,0,test-479,0.5071241430143024,0.23544511198997498
z_degree_to_cn_residual,0,test-480,0.7232900511466166,0.3087845742702484
z_degree_to_cn_residual,0,test-481,-0.003920084665472663,0.019101113080978394
z_degree_to_cn_residual,0,test-482,0.5634751272888399,0.03574690222740173
z_degree_to_cn_residual,0,test-483,0.4676238340609221,0.22678908705711365
z_degree_to_cn_residual,0,test-484,-0.002679459971092827,0.10306808352470398
z_degree_to_cn_residual,0,test-485,-0.295747045488935,0.02577933669090271
z_degree_to_cn_residual,0,test-486,-0.0017051669314512175,0.01298794150352478
z_degree_to_cn_residual,0,test-487,-0.21403955770147523,0.13746318221092224
z_degree_to_cn_residual,0,test-488,-0.002679459971092827,0.10306808352470398
z_degree_to_cn_residual,0,test-489,-0.002709528290634796,0.01525983214378357
z_degree_to_cn_residual,0,test-490,-0.0025667768776077267,0.0470639169216156
z_degree_to_cn_residual,0,test-491,-0.002679459971092827,0.10306808352470398
z_degree_to_cn_residual,0,test-492,0.6422000301412054,0.06979116797447205
z_degree_to_cn_residual,0,test-493,0.732166078719928,0.1357346475124359
z_degree_to_cn_residual,0,test-494,-0.002483473901375505,-0.002460390329360962
z_degree_to_cn_residual,0,test-495,-0.31852856519640793,0.13975057005882263
z_degree_to_cn_residual,0,test-496,-0.0025667768776077267,0.10760077834129333
z_degree_to_cn_residual,0,test-497,0.6917662213034395,-0.39546194672584534
z_degree_to_cn_residual,0,test-498,-0.003920084665472663,0.019101113080978394
z_degree_to_cn_residual,0,test-499,-0.530128441809577,0.1255851686000824
z_degree_to_cn_residual,0,test-500,-0.3024114743739735,0.5899535417556763
z_degree_to_cn_residual,0,test-501,0.6960125126639972,0.1718502938747406
z_degree_to_cn_residual,0,test-502,0.3974001350710103,0.02577933669090271
z_degree_to_cn_residual,0,test-503,-0.4555583161639697,0.20524224638938904
z_degree_to_cn_residual,0,test-504,-0.4681938869129151,0.17751964926719666
z_degree_to_cn_residual,0,test-505,0.629186265886127,0.2886553704738617
z_degree_to_cn_residual,0,test-506,-0.4092811700187469,0.14310511946678162
z_degree_to_cn_residual,0,test-507,-0.006401163194461921,0.12287351489067078
z_degree_to_cn_residual,0,test-508,-0.7439778312008087,0.21808966994285583
z_degree_to_cn_residual,0,test-509,0.400053207186074,0.13296517729759216
z_degree_to_cn_residual,0,test-510,0.9297295237162035,0.1978047788143158
z_degree_to_cn_residual,0,test-511,-0.06430606827952172,-0.12721052765846252
z_degree_to_degree,0,test-0,4.6443908991413725,4.891342639923096
z_degree_to_degree,0,test-1,3.9889840465642745,4.323256492614746
z_degree_to_degree,0,test-2,4.584967478670571,4.659307479858398
z_degree_to_degree,0,test-3,3.1780538303479453,3.523864269256592
z_degree_to_degree,0,test-4,4.77912349311153,4.8460187911987305
z_degree_to_degree,0,test-5,3.8066624897703196,4.0021071434021
z_degree_to_degree,0,test-6,5.966146739123692,6.162970542907715
z_degree_to_degree,0,test-7,3.6635616461296463,3.983306407928467
z_degree_to_degree,0,test-8,3.044522437723423,3.3652524948120117
z_degree_to_degree,0,test-9,3.6888794541139367,3.917640209197998
z_degree_to_degree,0,test-10,3.401197381662155,3.6780762672424316
z_degree_to_degree,0,test-11,3.9120230054281464,4.132002830505371
z_degree_to_degree,0,test-12,0.6931471805599453,1.592571496963501
z_degree_to_degree,0,test-13,4.74493212836325,5.035797595977783
z_degree_to_degree,0,test-14,4.0943445622221,4.63853645324707
z_degree_to_degree,0,test-15,1.791759469228055,2.322352409362793
z_degree_to_degree,0,test-16,4.394449154672439,4.6383280754089355
z_degree_to_degree,0,test-17,4.718498871295095,5.09089469909668
z_degree_to_degree,0,test-18,0.6931471805599453,1.592571496963501
z_degree_to_degree,0,test-19,3.044522437723423,3.3652524948120117
z_degree_to_degree,0,test-20,3.1780538303479458,3.799992084503174
z_degree_to_degree,0,test-21,3.465735902799726,3.7128260135650635
z_degree_to_degree,0,test-22,3.401197381662155,3.6780762672424316
z_degree_to_degree,0,test-23,1.0986122886681098,1.7317817211151123
z_degree_to_degree,0,test-24,3.5553480614894135,3.702998161315918
z_degree_to_degree,0,test-25,4.189654742026425,4.366308212280273
z_degree_to_degree,0,test-26,2.3025850929940455,2.790682554244995
z_degree_to_degree,0,test-27,3.465735902799726,3.7128260135650635
z_degree_to_degree,0,test-28,2.8903717578961645,3.193574905395508
z_degree_to_degree,0,test-29,3.688879454113936,3.8423328399658203
z_degree_to_degree,0,test-30,4.882801922586371,5.269716739654541
z_degree_to_degree,0,test-31,4.553876891600541,4.780148029327393
z_degree_to_degree,0,test-32,3.58351893845611,3.7524094581604004
z_degree_to_degree,0,test-33,3.58351893845611,4.211950778961182
z_degree_to_degree,0,test-34,3.1780538303479453,3.4478697776794434
z_degree_to_degree,0,test-35,2.772588722239781,3.187385320663452
z_degree_to_degree,0,test-36,1.3862943611198906,2.021838903427124
z_degree_to_degree,0,test-37,2.3025850929940455,2.790682554244995
z_degree_to_degree,0,test-38,3.9889840465642745,4.55357551574707
z_degree_to_degree,0,test-39,1.791759469228055,2.322352409362793
z_degree_to_degree,0,test-40,3.951243718581427,4.254774570465088
z_degree_to_degree,0,test-41,3.6888794541139367,3.917640209197998
z_degree_to_degree,0,test-42,6.040254711277414,6.40616512298584
z_degree_to_degree,0,test-43,2.4849066497880004,2.945101261138916
z_degree_to_degree,0,test-44,3.1780538303479453,3.4478697776794434
z_degree_to_degree,0,test-45,0.6931471805599453,1.592571496963501
z_degree_to_degree,0,test-46,4.941642422609304,5.21990442276001
z_degree_to_degree,0,test-47,0.0,1.2305080890655518
z_degree_to_degree,0,test-48,2.8903717578961645,3.193574905395508
z_degree_to_degree,0,test-49,6.040254711277414,6.40616512298584
z_degree_to_degree,0,test-50,3.332204510175204,3.6027214527130127
z_degree_to_degree,0,test-51,2.995732273553991,3.3947272300720215
z_degree_to_degree,0,test-52,6.327936783729195,6.526426315307617
z_degree_to_degree,0,test-53,2.8903717578961645,3.193574905395508
z_degree_to_degree,0,test-54,2.6390573296152584,3.102029323577881
z_degree_to_degree,0,test-55,4.927253685157204,5.2398176193237305
z_degree_to_degree,0,test-56,2.70805020110221,3.0788819789886475
z_degree_to_degree,0,test-57,5.272999558563747,5.695985317230225
z_degree_to_degree,0,test-58,3.9889840465642745,4.156807899475098
z_degree_to_degree,0,test-59,2.0794415416798357,2.7597248554229736
z_degree_to_degree,0,test-60,4.7535901911063645,5.021955966949463
z_degree_to_degree,0,test-61,2.1972245773362196,2.835757255554199
z_degree_to_degree,0,test-62,2.3978952727983707,3.095665454864502
z_degree_to_degree,0,test-63,1.3862943611198906,2.021838903427124
z_degree_to_degree,0,test-64,3.58351893845611,3.8033626079559326
z_degree_to_degree,0,test-65,2.8903717578961645,3.193574905395508
z_degree_to_degree,0,test-66,2.4849066497880004,3.020442247390747
z_degree_to_degree,0,test-67,2.4849066497880004,3.020442247390747
z_degree_to_degree,0,test-68,4.90527477843843,5.178327560424805
z_degree_to_degree,0,test-69,3.2188758248682006,3.668522834777832
z_degree_to_degree,0,test-70,2.995732273553991,3.3947272300720215
z_degree_to_degree,0,test-71,4.0943445622221,4.353026390075684
z_degree_to_degree,0,test-72,1.791759469228055,2.322352409362793
z_degree_to_degree,0,test-73,3.951243718581427,4.254774570465088
z_degree_to_degree,0,test-74,2.70805020110221,3.0788819789886475
z_degree_to_degree,0,test-75,3.044522437723423,3.3652524948120117
z_degree_to_degree,0,test-76,1.0986122886681098,1.7317817211151123
z_degree_to_degree,0,test-77,3.044522437723423,3.3652524948120117
z_degree_to_degree,0,test-78,1.3862943611198906,2.080120801925659
z_degree_to_degree,0,test-79,1.791759469228055,2.322352409362793
z_degree_to_degree,0,test-80,3.688879454113936,3.8423328399658203
z_degree_to_degree,0,test-81,3.58351893845611,3.9794862270355225
z_degree_to_degree,0,test-82,3.465735902799726,3.7128260135650635
z_degree_to_degree,0,test-83,4.025351690735149,4.586417198181152
z_degree_to_degree,0,test-84,4.718498871295094,4.982161521911621
z_degree_to_degree,0,test-85,3.9889840465642745,4.323256492614746
z_degree_to_degree,0,test-86,3.332204510175204,3.6027214527130127
z_degree_to_degree,0,test-87,2.70805020110221,3.0788819789886475
z_degree_to_degree,0,test-88,2.6390573296152584,3.102029323577881
z_degree_to_degree,0,test-89,3.332204510175204,3.6027214527130127
z_degree_to_degree,0,test-90,2.4849066497880004,2.945101261138916
z_degree_to_degree,0,test-91,2.0794415416798357,2.7597248554229736
z_degree_to_degree,0,test-92,3.1780538303479453,3.523864269256592
z_degree_to_degree,0,test-93,5.272999558563747,5.695985317230225
z_degree_to_degree,0,test-94,2.4849066497880004,2.945101261138916
z_degree_to_degree,0,test-95,3.401197381662156,3.850586175918579
z_degree_to_degree,0,test-96,7.50659178007084,7.467648506164551
z_degree_to_degree,0,test-97,4.465908118654584,4.686811447143555
z_degree_to_degree,0,test-98,2.3025850929940455,2.790682554244995
z_degree_to_degree,0,test-99,2.70805020110221,3.0788819789886475
z_degree_to_degree,0,test-100,3.58351893845611,3.9794862270355225
z_degree_to_degree,0,test-101,2.70805020110221,3.0788819789886475
z_degree_to_degree,0,test-102,4.02535169073515,4.789206504821777
z_degree_to_degree,0,test-103,2.772588722239781,3.187385320663452
z_degree_to_degree,0,test-104,2.1972245773362196,2.568394899368286
z_degree_to_degree,0,test-105,1.0986122886681098,1.7317817211151123
z_degree_to_degree,0,test-106,3.5263605246161616,4.145992279052734
z_degree_to_degree,0,test-107,0.6931471805599453,1.592571496963501
z_degree_to_degree,0,test-108,6.327936783729195,6.526426315307617
z_degree_to_degree,0,test-109,3.58351893845611,3.7524094581604004
z_degree_to_degree,0,test-110,2.0794415416798357,2.7597248554229736
z_degree_to_degree,0,test-111,2.8903717578961645,3.6865410804748535
z_degree_to_degree,0,test-112,5.0106352940962555,5.300649642944336
z_degree_to_degree,0,test-113,3.688879454113936,3.8423328399658203
z_degree_to_degree,0,test-114,1.3862943611198906,2.080120801925659
z_degree_to_degree,0,test-115,1.3862943611198906,2.021838903427124
z_degree_to_degree,0,test-116,7.3395376954076745,7.133947849273682
z_degree_to_degree,0,test-117,4.304065093204169,4.803902626037598
z_degree_to_degree,0,test-118,3.2188758248682006,3.668522834777832
z_degree_to_degree,0,test-119,6.733401891837358,6.826393127441406
z_degree_to_degree,0,test-120,2.4849066497880004,2.945101261138916
z_degree_to_degree,0,test-121,2.995732273553991,3.3947272300720215
z_degree_to_degree,0,test-122,3.58351893845611,3.9794862270355225
z_degree_to_degree,0,test-123,1.791759469228055,2.322352409362793
z_degree_to_degree,0,test-124,2.6390573296152584,3.102029323577881
z_degree_to_degree,0,test-125,2.1972245773362196,2.568394899368286
z_degree_to_degree,0,test-126,2.4849066497880004,2.945101261138916
z_degree_to_degree,0,test-127,1.791759469228055,2.322352409362793
z_degree_to_degree,0,test-128,3.6635616461296463,3.983306407928467
z_degree_to_degree,0,test-129,2.5649493574615367,3.2793092727661133
z_degree_to_degree,0,test-130,2.995732273553991,3.3947272300720215
z_degree_to_degree,0,test-131,3.044522437723423,3.3652524948120117
z_degree_to_degree,0,test-132,3.688879454113936,3.8423328399658203
z_degree_to_degree,0,test-133,5.560681631015528,5.899850845336914
z_degree_to_degree,0,test-134,2.1972245773362196,2.568394899368286
z_degree_to_degree,0,test-135,2.772588722239781,3.187385320663452
z_degree_to_degree,0,test-136,3.688879454113936,3.8423328399658203
z_degree_to_degree,0,test-137,2.1972245773362196,2.835757255554199
z_degree_to_degree,0,test-138,4.31748811353631,4.596713066101074
z_degree_to_degree,0,test-139,1.791759469228055,2.322352409362793
z_degree_to_degree,0,test-140,3.332204510175204,3.6027214527130127
z_degree_to_degree,0,test-141,4.276666119016055,4.394792079925537
z_degree_to_degree,0,test-142,2.70805020110221,3.0788819789886475
z_degree_to_degree,0,test-143,2.0794415416798357,2.7597248554229736
z_degree_to_degree,0,test-144,2.772588722239781,3.187385320663452
z_degree_to_degree,0,test-145,4.882801922586371,5.269716739654541
z_degree_to_degree,0,test-146,3.465735902799726,3.7128260135650635
z_degree_to_degree,0,test-147,3.332204510175204,3.6027214527130127
z_degree_to_degree,0,test-148,6.327936783729195,6.526426315307617
z_degree_to_degree,0,test-149,3.2188758248682006,3.668522834777832
z_degree_to_degree,0,test-150,3.931825632724326,4.299775123596191
z_degree_to_degree,0,test-151,3.295836866004329,3.653527021408081
z_degree_to_degree,0,test-152,3.4011973816621555,4.016085624694824
z_degree_to_degree,0,test-153,4.0943445622221,4.327399730682373
z_degree_to_degree,0,test-154,2.0794415416798357,2.7597248554229736
z_degree_to_degree,0,test-155,2.3025850929940455,2.790682554244995
z_degree_to_degree,0,test-156,5.4116460518550396,5.61773681640625
z_degree_to_degree,0,test-157,4.564348191467836,4.808061599731445
z_degree_to_degree,0,test-158,0.0,1.2305080890655518
z_degree_to_degree,0,test-159,2.70805020110221,3.0788819789886475
z_degree_to_degree,0,test-160,2.9444389791664403,3.7480950355529785
z_degree_to_degree,0,test-161,1.3862943611198906,2.080120801925659
z_degree_to_degree,0,test-162,2.8903717578961645,3.193574905395508
z_degree_to_degree,0,test-163,1.791759469228055,2.322352409362793
z_degree_to_degree,0,test-164,5.560681631015528,5.899850845336914
z_degree_to_degree,0,test-165,1.0986122886681098,1.7317817211151123
z_degree_to_degree,0,test-166,3.5553480614894135,3.702998161315918
z_degree_to_degree,0,test-167,4.499809670330265,4.667438507080078
z_degree_to_degree,0,test-168,3.5553480614894135,3.702998161315918
z_degree_to_degree,0,test-169,1.791759469228055,2.322352409362793
z_degree_to_degree,0,test-170,2.0794415416798357,2.7597248554229736
z_degree_to_degree,0,test-171,5.288267030694535,5.714765548706055
z_degree_to_degree,0,test-172,1.3862943611198906,2.080120801925659
z_degree_to_degree,0,test-173,2.4849066497880004,2.945101261138916
z_degree_to_degree,0,test-174,3.9120230054281464,4.132002830505371
z_degree_to_degree,0,test-175,4.499809670330265,4.667438507080078
z_degree_to_degree,0,test-176,4.867534450455582,5.254090785980225
z_degree_to_degree,0,test-177,4.718498871295095,5.09089469909668
z_degree_to_degree,0,test-178,3.465735902799726,3.7128260135650635
z_degree_to_degree,0,test-179,1.3862943611198906,2.080120801925659
z_degree_to_degree,0,test-180,3.58351893845611,4.211950778961182
z_degree_to_degree,0,test-181,3.58351893845611,3.7524094581604004
z_degree_to_degree,0,test-182,3.465735902799726,3.7128260135650635
z_degree_to_degree,0,test-183,0.0,1.2305080890655518
z_degree_to_degree,0,test-184,7.24422751560335,6.920697212219238
z_degree_to_degree,0,test-185,3.332204510175204,3.6027214527130127
z_degree_to_degree,0,test-186,3.401197381662155,3.6780762672424316
z_degree_to_degree,0,test-187,3.332204510175204,3.6027214527130127
z_degree_to_degree,0,test-188,2.4849066497880004,2.945101261138916
z_degree_to_degree,0,test-189,2.1972245773362196,2.568394899368286
z_degree_to_degree,0,test-190,2.70805020110221,3.0788819789886475
z_degree_to_degree,0,test-191,2.0794415416798357,2.7597248554229736
z_degree_to_degree,0,test-192,3.044522437723423,3.3652524948120117
z_degree_to_degree,0,test-193,2.995732273553991,3.3947272300720215
z_degree_to_degree,0,test-194,3.58351893845611,4.211950778961182
z_degree_to_degree,0,test-195,4.90527477843843,5.178327560424805
z_degree_to_degree,0,test-196,4.5217885770490405,4.719707489013672
z_degree_to_degree,0,test-197,2.4849066497880004,2.945101261138916
z_degree_to_degree,0,test-198,4.709530201312334,5.00360107421875
z_degree_to_degree,0,test-199,1.0986122886681098,1.7317817211151123
z_degree_to_degree,0,test-200,1.0986122886681098,1.7317817211151123
z_degree_to_degree,0,test-201,1.0986122886681098,1.7317817211151123
z_degree_to_degree,0,test-202,3.044522437723423,3.3652524948120117
z_degree_to_degree,0,test-203,2.4849066497880004,2.945101261138916
z_degree_to_degree,0,test-204,2.6390573296152584,3.102029323577881
z_degree_to_degree,0,test-205,2.1972245773362196,2.568394899368286
z_degree_to_degree,0,test-206,3.58351893845611,3.7524094581604004
z_degree_to_degree,0,test-207,4.2484952420493585,4.524980545043945
z_degree_to_degree,0,test-208,4.0943445622221,4.353026390075684
z_degree_to_degree,0,test-209,4.836281906951478,5.114699363708496
z_degree_to_degree,0,test-210,4.976733742420574,5.261902332305908
z_degree_to_degree,0,test-211,3.044522437723423,3.3652524948120117
z_degree_to_degree,0,test-212,4.499809670330265,4.715912818908691
z_degree_to_degree,0,test-213,1.3862943611198906,2.021838903427124
z_degree_to_degree,0,test-214,5.560681631015528,5.899850845336914
z_degree_to_degree,0,test-215,2.0794415416798357,2.7597248554229736
z_degree_to_degree,0,test-216,0.6931471805599453,1.592571496963501
z_degree_to_degree,0,test-217,1.791759469228055,2.322352409362793
z_degree_to_degree,0,test-218,3.044522437723423,3.3652524948120117
z_degree_to_degree,0,test-219,3.58351893845611,3.9794862270355225
z_degree_to_degree,0,test-220,2.70805020110221,3.462437629699707
z_degree_to_degree,0,test-221,2.995732273553991,3.3947272300720215
z_degree_to_degree,0,test-222,2.0794415416798357,2.7597248554229736
z_degree_to_degree,0,test-223,3.8712010109078907,4.268488883972168
z_degree_to_degree,0,test-224,0.0,1.2305080890655518
z_degree_to_degree,0,test-225,3.332204510175204,3.6027214527130127
z_degree_to_degree,0,test-226,2.0794415416798357,2.7597248554229736
z_degree_to_degree,0,test-227,2.772588722239781,3.187385320663452
z_degree_to_degree,0,test-228,1.791759469228055,2.322352409362793
z_degree_to_degree,0,test-229,2.1972245773362196,2.568394899368286
z_degree_to_degree,0,test-230,3.401197381662156,3.850586175918579
z_degree_to_degree,0,test-231,4.430816798843313,4.5457916259765625
z_degree_to_degree,0,test-232,4.276666119016055,4.441400527954102
z_degree_to_degree,0,test-233,1.791759469228055,2.345747947692871
z_degree_to_degree,0,test-234,3.58351893845611,3.9794862270355225
z_degree_to_degree,0,test-235,3.1780538303479453,3.523864269256592
z_degree_to_degree,0,test-236,2.8903717578961645,3.193574905395508
z_degree_to_degree,0,test-237,3.044522437723423,3.3652524948120117
z_degree_to_degree,0,test-238,5.780743515792329,5.7382049560546875
z_degree_to_degree,0,test-239,6.327936783729195,6.526426315307617
z_degree_to_degree,0,test-240,0.6931471805599453,1.592571496963501
z_degree_to_degree,0,test-241,2.4849066497880004,3.020442247390747
z_degree_to_degree,0,test-242,2.8903717578961645,3.193574905395508
z_degree_to_degree,0,test-243,2.1972245773362196,2.568394899368286
z_degree_to_degree,0,test-244,3.044522437723423,3.3652524948120117
z_degree_to_degree,0,test-245,2.70805020110221,3.0788819789886475
z_degree_to_degree,0,test-246,4.74493212836325,5.035797595977783
z_degree_to_degree,0,test-247,1.791759469228055,2.322352409362793
z_degree_to_degree,0,test-248,3.8066624897703196,4.0021071434021
z_degree_to_degree,0,test-249,3.951243718581427,4.254774570465088
z_degree_to_degree,0,test-250,1.3862943611198906,2.080120801925659
z_degree_to_degree,0,test-251,4.718498871295095,5.09089469909668
z_degree_to_degree,0,test-252,3.465735902799726,3.7128260135650635
z_degree_to_degree,0,test-253,2.70805020110221,3.0788819789886475
z_degree_to_degree,0,test-254,2.6390573296152584,3.102029323577881
z_degree_to_degree,0,test-255,5.19295685089021,5.374692916870117
z_degree_to_degree,0,test-256,0.0,1.2305080890655518
z_degree_to_degree,0,test-257,5.98141421125448,6.178916931152344
z_degree_to_degree,0,test-258,3.8712010109078907,4.04886531829834
z_degree_to_degree,0,test-259,2.9957322735539913,3.474095106124878
z_degree_to_degree,0,test-260,1.0986122886681098,1.7317817211151123
z_degree_to_degree,0,test-261,3.401197381662155,3.6780762672424316
z_degree_to_degree,0,test-262,2.995732273553991,3.3947272300720215
z_degree_to_degree,0,test-263,2.995732273553991,3.3947272300720215
z_degree_to_degree,0,test-264,4.1588830833596715,4.359653949737549
z_degree_to_degree,0,test-265,4.31748811353631,4.596713066101074
z_degree_to_degree,0,test-266,1.791759469228055,2.322352409362793
z_degree_to_degree,0,test-267,2.0794415416798357,2.7597248554229736
z_degree_to_degree,0,test-268,2.70805020110221,3.0788819789886475
z_degree_to_degree,0,test-269,6.476972362889683,6.7545599937438965
z_degree_to_degree,0,test-270,1.791759469228055,2.322352409362793
z_degree_to_degree,0,test-271,3.044522437723423,3.3652524948120117
z_degree_to_degree,0,test-272,3.737669618283368,3.967315196990967
z_degree_to_degree,0,test-273,3.1780538303479453,3.4478697776794434
z_degree_to_degree,0,test-274,2.772588722239781,3.187385320663452
z_degree_to_degree,0,test-275,2.70805020110221,3.0788819789886475
z_degree_to_degree,0,test-276,2.0794415416798357,2.6961593627929688
z_degree_to_degree,0,test-277,3.332204510175204,3.6027214527130127
z_degree_to_degree,0,test-278,5.220355825078324,5.408491611480713
z_degree_to_degree,0,test-279,3.6635616461296463,3.983306407928467
z_degree_to_degree,0,test-280,2.6390573296152584,3.102029323577881
z_degree_to_degree,0,test-281,2.4849066497880004,2.945101261138916
z_degree_to_degree,0,test-282,3.9512437185814275,4.517612457275391
z_degree_to_degree,0,test-283,2.995732273553991,3.3947272300720215
z_degree_to_degree,0,test-284,1.6094379124341003,2.199197769165039
z_degree_to_degree,0,test-285,2.70805020110221,3.0788819789886475
z_degree_to_degree,0,test-286,6.461468176353717,6.361408233642578
z_degree_to_degree,0,test-287,3.044522437723423,3.3652524948120117
z_degree_to_degree,0,test-288,3.4965075614664807,3.8223886489868164
z_degree_to_degree,0,test-289,4.499809670330265,4.758833885192871
z_degree_to_degree,0,test-290,2.8903717578961645,3.193574905395508
z_degree_to_degree,0,test-291,5.60947179518496,6.004063606262207
z_degree_to_degree,0,test-292,5.375278407684165,5.668490409851074
z_degree_to_degree,0,test-293,3.6888794541139367,3.917640209197998
z_degree_to_degree,0,test-294,2.1972245773362196,2.568394899368286
z_degree_to_degree,0,test-295,2.3025850929940455,2.790682554244995
z_degree_to_degree,0,test-296,3.7376696182833684,4.32188606262207
z_degree_to_degree,0,test-297,2.0794415416798357,2.6961593627929688
z_degree_to_degree,0,test-298,1.3862943611198906,2.021838903427124
z_degree_to_degree,0,test-299,3.1780538303479453,3.4478697776794434
z_degree_to_degree,0,test-300,2.995732273553991,3.3947272300720215
z_degree_to_degree,0,test-301,1.6094379124341003,2.199197769165039
z_degree_to_degree,0,test-302,2.4849066497880004,2.945101261138916
z_degree_to_degree,0,test-303,2.0794415416798357,2.7597248554229736
z_degree_to_degree,0,test-304,4.382026634673881,4.470169544219971
z_degree_to_degree,0,test-305,3.332204510175204,3.6027214527130127
z_degree_to_degree,0,test-306,5.556828061699537,5.963045120239258
z_degree_to_degree,0,test-307,2.0794415416798357,2.7597248554229736
z_degree_to_degree,0,test-308,2.0794415416798357,2.7597248554229736
z_degree_to_degree,0,test-309,3.58351893845611,3.8033626079559326
z_degree_to_degree,0,test-310,2.1972245773362196,2.568394899368286
z_degree_to_degree,0,test-311,3.8918202981106265,4.172983169555664
z_degree_to_degree,0,test-312,2.4849066497880004,3.194612503051758
z_degree_to_degree,0,test-313,6.733401891837358,6.826393127441406
z_degree_to_degree,0,test-314,4.941642422609304,5.21990442276001
z_degree_to_degree,0,test-315,1.9459101490553132,2.5213146209716797
z_degree_to_degree,0,test-316,2.8903717578961645,3.193574905395508
z_degree_to_degree,0,test-317,5.4116460518550396,5.61773681640625
z_degree_to_degree,0,test-318,3.332204510175204,3.6027214527130127
z_degree_to_degree,0,test-319,6.733401891837358,6.826393127441406
z_degree_to_degree,0,test-320,2.772588722239781,3.187385320663452
z_degree_to_degree,0,test-321,3.044522437723423,3.3652524948120117
z_degree_to_degree,0,test-322,2.995732273553991,3.3947272300720215
z_degree_to_degree,0,test-323,0.6931471805599453,1.592571496963501
z_degree_to_degree,0,test-324,2.4849066497880004,2.945101261138916
z_degree_to_degree,0,test-325,2.772588722239781,3.187385320663452
z_degree_to_degree,0,test-326,3.091042453358316,3.6847589015960693
z_degree_to_degree,0,test-327,3.401197381662156,3.850586175918579
z_degree_to_degree,0,test-328,3.688879454113936,3.8423328399658203
z_degree_to_degree,0,test-329,1.6094379124341003,2.199197769165039
z_degree_to_degree,0,test-330,3.5553480614894135,3.702998161315918
z_degree_to_degree,0,test-331,3.8712010109078907,4.144960880279541
z_degree_to_degree,0,test-332,2.70805020110221,3.462437629699707
z_degree_to_degree,0,test-333,2.8903717578961645,3.6865410804748535
z_degree_to_degree,0,test-334,2.4849066497880004,3.020442247390747
z_degree_to_degree,0,test-335,4.51085950651685,4.620018005371094
z_degree_to_degree,0,test-336,2.70805020110221,3.0788819789886475
z_degree_to_degree,0,test-337,3.044522437723423,3.3652524948120117
z_degree_to_degree,0,test-338,2.4849066497880004,2.945101261138916
z_degree_to_degree,0,test-339,2.772588722239781,3.187385320663452
z_degree_to_degree,0,test-340,4.143134726391533,4.413039684295654
z_degree_to_degree,0,test-341,3.931825632724326,4.299775123596191
z_degree_to_degree,0,test-342,2.4849066497880004,2.945101261138916
z_degree_to_degree,0,test-343,4.787491742782047,5.022341728210449
z_degree_to_degree,0,test-344,1.3862943611198906,2.021838903427124
z_degree_to_degree,0,test-345,3.1780538303479453,3.523864269256592
z_degree_to_degree,0,test-346,2.4849066497880004,2.945101261138916
z_degree_to_degree,0,test-347,2.4849066497880004,2.945101261138916
z_degree_to_degree,0,test-348,2.4849066497880004,2.945101261138916
z_degree_to_degree,0,test-349,3.401197381662155,3.6780762672424316
z_degree_to_degree,0,test-350,2.8903717578961645,3.6865410804748535
z_degree_to_degree,0,test-351,3.1780538303479453,3.4478697776794434
z_degree_to_degree,0,test-352,1.3862943611198906,2.021838903427124
z_degree_to_degree,0,test-353,4.882801922586371,5.269716739654541
z_degree_to_degree,0,test-354,4.23410650459726,4.506664752960205
z_degree_to_degree,0,test-355,5.6937321388027,5.613749027252197
z_degree_to_degree,0,test-356,0.6931471805599453,1.592571496963501
z_degree_to_degree,0,test-357,1.791759469228055,2.322352409362793
z_degree_to_degree,0,test-358,1.791759469228055,2.322352409362793
z_degree_to_degree,0,test-359,5.966146739123692,6.162970542907715
z_degree_to_degree,0,test-360,3.4965075614664807,3.8223886489868164
z_degree_to_degree,0,test-361,6.733401891837358,6.826393127441406
z_degree_to_degree,0,test-362,5.272999558563747,5.48889684677124
z_degree_to_degree,0,test-363,3.737669618283368,3.967315196990967
z_degree_to_degree,0,test-364,2.1972245773362196,2.568394899368286
z_degree_to_degree,0,test-365,2.995732273553991,3.3947272300720215
z_degree_to_degree,0,test-366,1.3862943611198906,2.080120801925659
z_degree_to_degree,0,test-367,6.327936783729195,6.526426315307617
z_degree_to_degree,0,test-368,4.430816798843313,4.5457916259765625
z_degree_to_degree,0,test-369,0.0,1.2305080890655518
z_degree_to_degree,0,test-370,2.6390573296152584,3.102029323577881
z_degree_to_degree,0,test-371,1.6094379124341003,2.199197769165039
z_degree_to_degree,0,test-372,2.4849066497880004,2.945101261138916
z_degree_to_degree,0,test-373,3.465735902799726,3.7128260135650635
z_degree_to_degree,0,test-374,2.772588722239781,3.187385320663452
z_degree_to_degree,0,test-375,2.70805020110221,3.0788819789886475
z_degree_to_degree,0,test-376,4.74493212836325,5.035797595977783
z_degree_to_degree,0,test-377,2.4849066497880004,3.020442247390747
z_degree_to_degree,0,test-378,3.332204510175204,3.6027214527130127
z_degree_to_degree,0,test-379,2.4849066497880004,3.020442247390747
z_degree_to_degree,0,test-380,2.8903717578961645,3.193574905395508
z_degree_to_degree,0,test-381,2.3025850929940455,2.790682554244995
z_degree_to_degree,0,test-382,1.791759469228055,2.322352409362793
z_degree_to_degree,0,test-383,0.6931471805599453,1.592571496963501
z_degree_to_degree,0,test-384,4.276666119016055,4.782798767089844
z_degree_to_degree,0,test-385,1.791759469228055,2.322352409362793
z_degree_to_degree,0,test-386,1.791759469228055,2.322352409362793
z_degree_to_degree,0,test-387,2.0794415416798357,2.7597248554229736
z_degree_to_degree,0,test-388,2.995732273553991,3.3947272300720215
z_degree_to_degree,0,test-389,2.0794415416798357,2.7597248554229736
z_degree_to_degree,0,test-390,3.044522437723423,3.3652524948120117
z_degree_to_degree,0,test-391,2.995732273553991,3.3947272300720215
z_degree_to_degree,0,test-392,0.0,1.2305080890655518
z_degree_to_degree,0,test-393,1.3862943611198906,2.080120801925659
z_degree_to_degree,0,test-394,2.3025850929940455,2.790682554244995
z_degree_to_degree,0,test-395,3.295836866004329,3.653527021408081
z_degree_to_degree,0,test-396,1.791759469228055,2.322352409362793
z_degree_to_degree,0,test-397,3.4011973816621555,4.016085624694824
z_degree_to_degree,0,test-398,2.4849066497880004,3.020442247390747
z_degree_to_degree,0,test-399,2.995732273553991,3.3947272300720215
z_degree_to_degree,0,test-400,2.0794415416798357,2.7597248554229736
z_degree_to_degree,0,test-401,2.0794415416798357,2.7597248554229736
z_degree_to_degree,0,test-402,3.1780538303479453,3.523864269256592
z_degree_to_degree,0,test-403,3.828641396489095,4.372039794921875
z_degree_to_degree,0,test-404,4.90527477843843,5.178327560424805
z_degree_to_degree,0,test-405,1.791759469228055,2.345747947692871
z_degree_to_degree,0,test-406,3.401197381662155,3.6780762672424316
z_degree_to_degree,0,test-407,1.3862943611198906,2.021838903427124
z_degree_to_degree,0,test-408,2.8903717578961645,3.6865410804748535
z_degree_to_degree,0,test-409,4.276666119016055,4.782798767089844
z_degree_to_degree,0,test-410,0.6931471805599453,1.592571496963501
z_degree_to_degree,0,test-411,3.5553480614894135,3.702998161315918
z_degree_to_degree,0,test-412,2.8903717578961645,3.193574905395508
z_degree_to_degree,0,test-413,3.332204510175204,3.6027214527130127
z_degree_to_degree,0,test-414,5.342334251964811,5.498816013336182
z_degree_to_degree,0,test-415,2.890371757896165,3.3154308795928955
z_degree_to_degree,0,test-416,3.401197381662155,3.6780762672424316
z_degree_to_degree,0,test-417,3.091042453358316,3.6847589015960693
z_degree_to_degree,0,test-418,2.995732273553991,3.3947272300720215
z_degree_to_degree,0,test-419,3.401197381662155,3.6780762672424316
z_degree_to_degree,0,test-420,4.787491742782046,5.058520317077637
z_degree_to_degree,0,test-421,4.430816798843313,4.5457916259765625
z_degree_to_degree,0,test-422,2.8903717578961645,3.193574905395508
z_degree_to_degree,0,test-423,2.0794415416798357,2.7597248554229736
z_degree_to_degree,0,test-424,3.1780538303479458,3.799992084503174
z_degree_to_degree,0,test-425,1.9459101490553132,2.5213146209716797
z_degree_to_degree,0,test-426,2.995732273553991,3.3947272300720215
z_degree_to_degree,0,test-427,2.1972245773362196,2.568394899368286
z_degree_to_degree,0,test-428,1.3862943611198906,2.021838903427124
z_degree_to_degree,0,test-429,3.401197381662156,3.850586175918579
z_degree_to_degree,0,test-430,3.332204510175204,3.9615211486816406
z_degree_to_degree,0,test-431,2.0794415416798357,2.7597248554229736
z_degree_to_degree,0,test-432,2.4849066497880004,2.945101261138916
z_degree_to_degree,0,test-433,3.6888794541139367,3.917640209197998
z_degree_to_degree,0,test-434,2.70805020110221,3.0788819789886475
z_degree_to_degree,0,test-435,2.4849066497880004,3.020442247390747
z_degree_to_degree,0,test-436,4.718498871295095,5.09089469909668
z_degree_to_degree,0,test-437,5.634789603169249,5.887511730194092
z_degree_to_degree,0,test-438,4.68213122712422,4.968497276306152
z_degree_to_degree,0,test-439,1.791759469228055,2.322352409362793
z_degree_to_degree,0,test-440,3.9889840465642745,4.156807899475098
z_degree_to_degree,0,test-441,6.327936783729195,6.526426315307617
z_degree_to_degree,0,test-442,3.044522437723423,3.3652524948120117
z_degree_to_degree,0,test-443,2.70805020110221,3.0788819789886475
z_degree_to_degree,0,test-444,1.0986122886681098,1.7317817211151123
z_degree_to_degree,0,test-445,2.995732273553991,3.3947272300720215
z_degree_to_degree,0,test-446,2.772588722239781,3.187385320663452
z_degree_to_degree,0,test-447,2.995732273553991,3.3947272300720215
z_degree_to_degree,0,test-448,1.791759469228055,2.345747947692871
z_degree_to_degree,0,test-449,1.3862943611198906,2.021838903427124
z_degree_to_degree,0,test-450,2.4849066497880004,2.945101261138916
z_degree_to_degree,0,test-451,7.50659178007084,7.467648506164551
z_degree_to_degree,0,test-452,3.951243718581427,4.254774570465088
z_degree_to_degree,0,test-453,3.5553480614894135,3.702998161315918
z_degree_to_degree,0,test-454,2.70805020110221,3.0788819789886475
z_degree_to_degree,0,test-455,3.258096538021482,3.8920764923095703
z_degree_to_degree,0,test-456,5.634789603169249,5.887511730194092
z_degree_to_degree,0,test-457,0.6931471805599453,1.592571496963501
z_degree_to_degree,0,test-458,2.772588722239781,3.187385320663452
z_degree_to_degree,0,test-459,3.401197381662156,3.850586175918579
z_degree_to_degree,0,test-460,2.995732273553991,3.3947272300720215
z_degree_to_degree,0,test-461,3.044522437723423,3.3652524948120117
z_degree_to_degree,0,test-462,2.1972245773362196,2.835757255554199
z_degree_to_degree,0,test-463,1.791759469228055,2.322352409362793
z_degree_to_degree,0,test-464,3.1780538303479458,3.799992084503174
z_degree_to_degree,0,test-465,2.1972245773362196,2.835757255554199
z_degree_to_degree,0,test-466,3.401197381662155,3.6780762672424316
z_degree_to_degree,0,test-467,6.327936783729195,6.526426315307617
z_degree_to_degree,0,test-468,2.995732273553991,3.3947272300720215
z_degree_to_degree,0,test-469,3.044522437723423,3.3652524948120117
z_degree_to_degree,0,test-470,1.0986122886681098,1.7317817211151123
z_degree_to_degree,0,test-471,3.401197381662155,3.6780762672424316
z_degree_to_degree,0,test-472,2.3025850929940455,2.790682554244995
z_degree_to_degree,0,test-473,6.040254711277414,6.40616512298584
z_degree_to_degree,0,test-474,4.90527477843843,5.178327560424805
z_degree_to_degree,0,test-475,2.1972245773362196,2.568394899368286
z_degree_to_degree,0,test-476,2.0794415416798357,2.7597248554229736
z_degree_to_degree,0,test-477,2.8903717578961645,3.193574905395508
z_degree_to_degree,0,test-478,3.1780538303479453,3.523864269256592
z_degree_to_degree,0,test-479,2.995732273553991,3.3947272300720215
z_degree_to_degree,0,test-480,4.276666119016055,4.394792079925537
z_degree_to_degree,0,test-481,2.4849066497880004,3.020442247390747
z_degree_to_degree,0,test-482,3.295836866004329,3.653527021408081
z_degree_to_degree,0,test-483,3.1780538303479453,3.4478697776794434
z_degree_to_degree,0,test-484,2.0794415416798357,2.7597248554229736
z_degree_to_degree,0,test-485,3.332204510175204,3.6027214527130127
z_degree_to_degree,0,test-486,1.3862943611198906,2.080120801925659
z_degree_to_degree,0,test-487,4.356708826689592,4.610837459564209
z_degree_to_degree,0,test-488,2.0794415416798357,2.7597248554229736
z_degree_to_degree,0,test-489,2.9957322735539913,3.474095106124878
z_degree_to_degree,0,test-490,0.6931471805599453,1.592571496963501
z_degree_to_degree,0,test-491,2.0794415416798357,2.7597248554229736
z_degree_to_degree,0,test-492,4.31748811353631,4.596713066101074
z_degree_to_degree,0,test-493,3.58351893845611,3.9794862270355225
z_degree_to_degree,0,test-494,0.0,1.2305080890655518
z_degree_to_degree,0,test-495,5.272999558563747,5.48889684677124
z_degree_to_degree,0,test-496,1.791759469228055,2.322352409362793
z_degree_to_degree,0,test-497,3.7376696182833684,4.32188606262207
z_degree_to_degree,0,test-498,2.4849066497880004,3.020442247390747
z_degree_to_degree,0,test-499,3.8712010109078907,4.04886531829834
z_degree_to_degree,0,test-500,6.040254711277414,6.40616512298584
z_degree_to_degree,0,test-501,3.332204510175204,3.9615211486816406
z_degree_to_degree,0,test-502,3.332204510175204,3.6027214527130127
z_degree_to_degree,0,test-503,4.700480365792417,4.9480180740356445
z_degree_to_degree,0,test-504,4.499809670330265,4.758833885192871
z_degree_to_degree,0,test-505,2.1972245773362196,2.568394899368286
z_degree_to_degree,0,test-506,3.688879454113936,3.8423328399658203
z_degree_to_degree,0,test-507,2.6390573296152584,3.102029323577881
z_degree_to_degree,0,test-508,4.276666119016055,4.497519493103027
z_degree_to_degree,0,test-509,3.8712010109078907,4.144960880279541
z_degree_to_degree,0,test-510,4.442651256490317,4.732519626617432
z_degree_to_degree,0,test-511,5.634789603169249,5.887511730194092
z_cn_to_cn_residual,0,test-0,0.4096507501383539,0.4959641098976135
z_cn_to_cn_residual,0,test-1,-0.257133548881196,-0.2602774500846863
z_cn_to_cn_residual,0,test-2,-0.026168497301778282,0.23172719776630402
z_cn_to_cn_residual,0,test-3,-0.09682951278185134,-0.1638670414686203
z_cn_to_cn_residual,0,test-4,1.030455039917754,0.86421138048172
z_cn_to_cn_residual,0,test-5,-0.40617432960244304,-0.4027552008628845
z_cn_to_cn_residual,0,test-6,1.072232465549153,0.6798703074455261
z_cn_to_cn_residual,0,test-7,-0.17653506637630972,-0.18395797908306122
z_cn_to_cn_residual,0,test-8,-0.09993231907971788,-0.16619233787059784
z_cn_to_cn_residual,0,test-9,-0.361807736196368,-0.35508912801742554
z_cn_to_cn_residual,0,test-10,0.834665253272179,0.9760149121284485
z_cn_to_cn_residual,0,test-11,0.6771872810461878,0.6110946536064148
z_cn_to_cn_residual,0,test-12,-0.0025667768776077267,-0.04978732764720917
z_cn_to_cn_residual,0,test-13,0.0920452145115791,0.3988974690437317
z_cn_to_cn_residual,0,test-14,0.1059855857541714,0.10044212639331818
z_cn_to_cn_residual,0,test-15,0.6905804036823375,0.6314430832862854
z_cn_to_cn_residual,0,test-16,0.487417210290867,0.5093310475349426
z_cn_to_cn_residual,0,test-17,0.027598705190133088,0.012263491749763489
z_cn_to_cn_residual,0,test-18,-0.0025667768776077267,-0.04978732764720917
z_cn_to_cn_residual,0,test-19,-0.09993231907971788,-0.16619233787059784
z_cn_to_cn_residual,0,test-20,-0.0006908748283487874,-0.04591540992259979
z_cn_to_cn_residual,0,test-21,0.37362887990278976,0.4095643162727356
z_cn_to_cn_residual,0,test-22,-0.26394703539593084,-0.2680191397666931
z_cn_to_cn_residual,0,test-23,-0.001592483837966117,-0.04777543246746063
z_cn_to_cn_residual,0,test-24,0.3252994169928626,0.524928867816925
z_cn_to_cn_residual,0,test-25,-0.5320508010865779,-0.5690045952796936
z_cn_to_cn_residual,0,test-26,0.6906105992764492,0.4882081151008606
z_cn_to_cn_residual,0,test-27,0.7790939880109542,0.6517001390457153
z_cn_to_cn_residual,0,test-28,0.5980680715538729,0.4107663035392761
z_cn_to_cn_residual,0,test-29,0.6893311186493629,0.6742377877235413
z_cn_to_cn_residual,0,test-30,0.6730018624542556,0.5336335301399231
z_cn_to_cn_residual,0,test-31,0.22033626837748216,0.481633722782135
z_cn_to_cn_residual,0,test-32,-0.31403642712572494,-0.31202131509780884
z_cn_to_cn_residual,0,test-33,0.6854469961951654,0.5225632786750793
z_cn_to_cn_residual,0,test-34,-0.22552334649902314,-0.21910373866558075
z_cn_to_cn_residual,0,test-35,-0.15981025222941134,-0.18135182559490204
z_cn_to_cn_residual,0,test-36,-0.002483473901375505,-0.04961507022380829
z_cn_to_cn_residual,0,test-37,-0.002536581283496064,-0.049725696444511414
z_cn_to_cn_residual,0,test-38,0.011027840012221813,-0.021766111254692078
z_cn_to_cn_residual,0,test-39,-0.0025667768776077267,-0.04978732764720917
z_cn_to_cn_residual,0,test-40,1.0655213517576338,0.8790786862373352
z_cn_to_cn_residual,0,test-41,0.33133944436357726,0.3712199330329895
z_cn_to_cn_residual,0,test-42,0.3907357061859718,0.4742477536201477
z_cn_to_cn_residual,0,test-43,-0.07427151148220186,-0.1471124142408371
z_cn_to_cn_residual,0,test-44,1.1607710146208674,0.9203115105628967
z_cn_to_cn_residual,0,test-45,-0.0025667768776077267,-0.04978732764720917
z_cn_to_cn_residual,0,test-46,0.12442211904305411,0.3175507187843323
z_cn_to_cn_residual,0,test-47,-0.002483473901375505,-0.04961507022380829
z_cn_to_cn_residual,0,test-48,0.5980680715538729,0.34004586935043335
z_cn_to_cn_residual,0,test-49,0.3907357061859718,0.18288590013980865
z_cn_to_cn_residual,0,test-50,0.3974001350710103,0.40270406007766724
z_cn_to_cn_residual,0,test-51,0.5071241430143024,0.37728601694107056
z_cn_to_cn_residual,0,test-52,-0.5962537633065377,-0.6203150153160095
z_cn_to_cn_residual,0,test-53,-0.09507910900607243,-0.16255752742290497
z_cn_to_cn_residual,0,test-54,-0.006401163194461921,-0.05770699679851532
z_cn_to_cn_residual,0,test-55,-0.5779234037185782,-0.6120592951774597
z_cn_to_cn_residual,0,test-56,-0.09507910900607243,-0.16255752742290497
z_cn_to_cn_residual,0,test-57,0.8783422192128343,0.7710577845573425
z_cn_to_cn_residual,0,test-58,-0.4855470978437046,-0.5590066313743591
z_cn_to_cn_residual,0,test-59,0.6904677205888524,0.5725458264350891
z_cn_to_cn_residual,0,test-60,-0.2474640255978244,-0.24759678542613983
z_cn_to_cn_residual,0,test-61,-0.0022128532902202114,-0.04905681312084198
z_cn_to_cn_residual,0,test-62,-0.0014682163898236727,-0.047519370913505554
z_cn_to_cn_residual,0,test-63,-0.002483473901375505,-0.04961507022380829
z_cn_to_cn_residual,0,test-64,-0.18117393408101218,-0.18471471965312958
z_cn_to_cn_residual,0,test-65,1.0035331796620373,0.9059162735939026
z_cn_to_cn_residual,0,test-66,-0.003920084665472663,-0.05258123576641083
z_cn_to_cn_residual,0,test-67,-0.003920084665472663,-0.05258123576641083
z_cn_to_cn_residual,0,test-68,-0.5121098978044188,-0.5712073445320129
z_cn_to_cn_residual,0,test-69,0.40889556438164,0.38692742586135864
z_cn_to_cn_residual,0,test-70,0.5071241430143024,0.5186565518379211
z_cn_to_cn_residual,0,test-71,0.34193555199200737,0.38377171754837036
z_cn_to_cn_residual,0,test-72,-0.0025667768776077267,-0.04978732764720917
z_cn_to_cn_residual,0,test-73,-0.32077300936225667,-0.31797856092453003
z_cn_to_cn_residual,0,test-74,-0.09507910900607243,-0.16255752742290497
z_cn_to_cn_residual,0,test-75,0.9986799695883919,0.9267879128456116
z_cn_to_cn_residual,0,test-76,-0.001592483837966117,-0.04777543246746063
z_cn_to_cn_residual,0,test-77,0.5932148614802274,0.5075955986976624
z_cn_to_cn_residual,0,test-78,-0.0017051669314512175,-0.04800872504711151
z_cn_to_cn_residual,0,test-79,-0.0025667768776077267,-0.04978732764720917
z_cn_to_cn_residual,0,test-80,0.6893311186493629,0.6885975003242493
z_cn_to_cn_residual,0,test-81,0.3267009706117635,0.37790805101394653
z_cn_to_cn_residual,0,test-82,1.066776060462735,0.8807390332221985
z_cn_to_cn_residual,0,test-83,-0.06306873591422772,-0.13576285541057587
z_cn_to_cn_residual,0,test-84,-0.3195190468888935,-0.3168659806251526
z_cn_to_cn_residual,0,test-85,-0.257133548881196,-0.2602774500846863
z_cn_to_cn_residual,0,test-86,0.3974001350710103,0.4818642735481262
z_cn_to_cn_residual,0,test-87,-0.09507910900607243,-0.16255752742290497
z_cn_to_cn_residual,0,test-88,-0.006401163194461921,-0.05770699679851532
z_cn_to_cn_residual,0,test-89,-0.295747045488935,-0.296048104763031
z_cn_to_cn_residual,0,test-90,-0.07427151148220186,-0.1471124142408371
z_cn_to_cn_residual,0,test-91,-0.002679459971092827,-0.05001990497112274
z_cn_to_cn_residual,0,test-92,0.5963176677780939,0.5711956024169922
z_cn_to_cn_residual,0,test-93,0.47287711110466973,0.48552578687667847
z_cn_to_cn_residual,0,test-94,-0.07427151148220186,-0.1471124142408371
z_cn_to_cn_residual,0,test-95,0.5634751272888399,0.2593076229095459
z_cn_to_cn_residual,0,test-96,-0.6219808875579942,0.01840190589427948
z_cn_to_cn_residual,0,test-97,-0.0948206319924906,-0.1623646467924118
z_cn_to_cn_residual,0,test-98,-0.002536581283496064,-0.049725696444511414
z_cn_to_cn_residual,0,test-99,-0.09507910900607243,-0.16255752742290497
z_cn_to_cn_residual,0,test-100,-0.3664462099481818,-0.3593730330467224
z_cn_to_cn_residual,0,test-101,0.5980680715538729,0.2775549292564392
z_cn_to_cn_residual,0,test-102,0.03377005795343527,0.022630050778388977
z_cn_to_cn_residual,0,test-103,-0.15981025222941134,-0.18135182559490204
z_cn_to_cn_residual,0,test-104,0.629186265886127,0.4633699059486389
z_cn_to_cn_residual,0,test-105,-0.001592483837966117,-0.04777543246746063
z_cn_to_cn_residual,0,test-106,0.689862177614176,0.5427625775337219
z_cn_to_cn_residual,0,test-107,-0.0025667768776077267,-0.04978732764720917
z_cn_to_cn_residual,0,test-108,0.09689341725340761,0.3544906973838806
z_cn_to_cn_residual,0,test-109,0.37911075343422035,0.4271083474159241
z_cn_to_cn_residual,0,test-110,-0.002679459971092827,-0.05001990497112274
z_cn_to_cn_residual,0,test-111,-0.006236131996241855,-0.05736558139324188
z_cn_to_cn_residual,0,test-112,0.4686965299979534,0.2502043843269348
z_cn_to_cn_residual,0,test-113,-0.4092811700187469,-0.40958505868911743
z_cn_to_cn_residual,0,test-114,-0.0017051669314512175,-0.04800872504711151
z_cn_to_cn_residual,0,test-115,0.6906637066585698,0.6289160847663879
z_cn_to_cn_residual,0,test-116,1.0402213320986424,0.4530887007713318
z_cn_to_cn_residual,0,test-117,0.6948211420213969,0.6434803605079651
z_cn_to_cn_residual,0,test-118,-0.2842516161783053,-0.28615647554397583
z_cn_to_cn_residual,0,test-119,0.706182872391234,0.8322237133979797
z_cn_to_cn_residual,0,test-120,0.6188756690777434,0.6163807511329651
z_cn_to_cn_residual,0,test-121,0.5071241430143024,0.38688212633132935
z_cn_to_cn_residual,0,test-122,0.732166078719928,0.7504284977912903
z_cn_to_cn_residual,0,test-123,0.6905804036823375,0.4581072926521301
z_cn_to_cn_residual,0,test-124,-0.006401163194461921,-0.05770699679851532
z_cn_to_cn_residual,0,test-125,-0.06396091467381823,-0.13667766749858856
z_cn_to_cn_residual,0,test-126,1.0243407771859079,0.3433517813682556
z_cn_to_cn_residual,0,test-127,-0.0025667768776077267,-0.04978732764720917
z_cn_to_cn_residual,0,test-128,-0.17653506637630972,-0.18395797908306122
z_cn_to_cn_residual,0,test-129,0.006243055183185751,-0.03161875903606415
z_cn_to_cn_residual,0,test-130,0.9125892511224669,0.8599478602409363
z_cn_to_cn_residual,0,test-131,0.5932148614802274,0.5277901291847229
z_cn_to_cn_residual,0,test-132,-0.4092811700187469,-0.40958505868911743
z_cn_to_cn_residual,0,test-133,-0.3910899774469028,-0.37507182359695435
z_cn_to_cn_residual,0,test-134,-0.06396091467381823,-0.13667766749858856
z_cn_to_cn_residual,0,test-135,0.5333369283305339,0.3899419903755188
z_cn_to_cn_residual,0,test-136,0.6893311186493629,0.7581513524055481
z_cn_to_cn_residual,0,test-137,-0.0022128532902202114,-0.04905681312084198
z_cn_to_cn_residual,0,test-138,-0.4564122585269044,-0.5160014033317566
z_cn_to_cn_residual,0,test-139,-0.0025667768776077267,-0.04978732764720917
z_cn_to_cn_residual,0,test-140,-0.295747045488935,-0.296048104763031
z_cn_to_cn_residual,0,test-141,0.7232900511466166,0.7743776440620422
z_cn_to_cn_residual,0,test-142,-0.09507910900607243,-0.16255752742290497
z_cn_to_cn_residual,0,test-143,-0.002679459971092827,-0.05001990497112274
z_cn_to_cn_residual,0,test-144,-0.15981025222941134,-0.18135182559490204
z_cn_to_cn_residual,0,test-145,-0.020145318105689636,-0.0861535519361496
z_cn_to_cn_residual,0,test-146,0.37362887990278976,0.38856083154678345
z_cn_to_cn_residual,0,test-147,-0.295747045488935,-0.296048104763031
z_cn_to_cn_residual,0,test-148,0.09689341725340761,0.39747554063796997
z_cn_to_cn_residual,0,test-149,-0.2842516161783053,-0.28615647554397583
z_cn_to_cn_residual,0,test-150,-0.21219425699455913,-0.20198576152324677
z_cn_to_cn_residual,0,test-151,0.5634751272888399,0.49347811937332153
z_cn_to_cn_residual,0,test-152,-0.011174017424812204,-0.06757502257823944
z_cn_to_cn_residual,0,test-153,0.2564389628481294,0.41377073526382446
z_cn_to_cn_residual,0,test-154,0.6904677205888524,0.58497554063797
z_cn_to_cn_residual,0,test-155,-0.002536581283496064,-0.049725696444511414
z_cn_to_cn_residual,0,test-156,1.2131515730483942,1.1460789442062378
z_cn_to_cn_residual,0,test-157,-0.11159319800623856,-0.17671863734722137
z_cn_to_cn_residual,0,test-158,-0.002483473901375505,-0.04961507022380829
z_cn_to_cn_residual,0,test-159,0.5980680715538729,0.4326058030128479
z_cn_to_cn_residual,0,test-160,-0.006236131996241855,-0.05736558139324188
z_cn_to_cn_residual,0,test-161,-0.0017051669314512175,-0.04800872504711151
z_cn_to_cn_residual,0,test-162,0.5980680715538729,0.4531119465827942
z_cn_to_cn_residual,0,test-163,-0.0025667768776077267,-0.04978732764720917
z_cn_to_cn_residual,0,test-164,0.30205720311304246,0.4292859435081482
z_cn_to_cn_residual,0,test-165,-0.001592483837966117,-0.04777543246746063
z_cn_to_cn_residual,0,test-166,-0.3678477635670827,-0.360670268535614
z_cn_to_cn_residual,0,test-167,-0.5737341020377579,-0.6102200150489807
z_cn_to_cn_residual,0,test-168,0.3252994169928626,0.4627203345298767
z_cn_to_cn_residual,0,test-169,-0.0025667768776077267,-0.04978732764720917
z_cn_to_cn_residual,0,test-170,-0.002679459971092827,-0.05001990497112274
z_cn_to_cn_residual,0,test-171,0.5694612141469256,0.674227774143219
z_cn_to_cn_residual,0,test-172,-0.0017051669314512175,-0.04800872504711151
z_cn_to_cn_residual,0,test-173,-0.07427151148220186,-0.1471124142408371
z_cn_to_cn_residual,0,test-174,1.1880129048121781,1.1840118169784546
z_cn_to_cn_residual,0,test-175,0.8125602590821327,0.8496606945991516
z_cn_to_cn_residual,0,test-176,-0.10231614743923174,-0.16817335784435272
z_cn_to_cn_residual,0,test-177,0.027598705190133088,0.012263491749763489
z_cn_to_cn_residual,0,test-178,-0.31951830065715553,-0.31686514616012573
z_cn_to_cn_residual,0,test-179,-0.0017051669314512175,-0.04800872504711151
z_cn_to_cn_residual,0,test-180,-0.007700184364779972,-0.06039218604564667
z_cn_to_cn_residual,0,test-181,-0.31403642712572494,-0.31202131509780884
z_cn_to_cn_residual,0,test-182,-0.31951830065715553,-0.31686514616012573
z_cn_to_cn_residual,0,test-183,-0.002483473901375505,-0.04961507022380829
z_cn_to_cn_residual,0,test-184,0.2690154096687156,0.45241308212280273
z_cn_to_cn_residual,0,test-185,-0.295747045488935,-0.296048104763031
z_cn_to_cn_residual,0,test-186,1.1223473257239598,0.9925389885902405
z_cn_to_cn_residual,0,test-187,-0.295747045488935,-0.296048104763031
z_cn_to_cn_residual,0,test-188,-0.07427151148220186,-0.1471124142408371
z_cn_to_cn_residual,0,test-189,-0.06396091467381823,-0.13667766749858856
z_cn_to_cn_residual,0,test-190,0.5980680715538729,0.45164352655410767
z_cn_to_cn_residual,0,test-191,-0.002679459971092827,-0.05001990497112274
z_cn_to_cn_residual,0,test-192,0.5932148614802274,0.602185070514679
z_cn_to_cn_residual,0,test-193,-0.18602303754564287,-0.18552176654338837
z_cn_to_cn_residual,0,test-194,-0.007700184364779972,-0.06039218604564667
z_cn_to_cn_residual,0,test-195,0.18103728275552644,0.34730035066604614
z_cn_to_cn_residual,0,test-196,-0.3419557546295762,-0.3369585871696472
z_cn_to_cn_residual,0,test-197,-0.07427151148220186,-0.1471124142408371
z_cn_to_cn_residual,0,test-198,-0.1325756172494532,-0.1788979023694992
z_cn_to_cn_residual,0,test-199,-0.001592483837966117,-0.04777543246746063
z_cn_to_cn_residual,0,test-200,-0.001592483837966117,-0.04777543246746063
z_cn_to_cn_residual,0,test-201,-0.001592483837966117,-0.04777543246746063
z_cn_to_cn_residual,0,test-202,-0.09993231907971788,-0.16619233787059784
z_cn_to_cn_residual,0,test-203,-0.07427151148220186,-0.1471124142408371
z_cn_to_cn_residual,0,test-204,0.6867460173654834,0.5200245976448059
z_cn_to_cn_residual,0,test-205,-0.06396091467381823,-0.13667766749858856
z_cn_to_cn_residual,0,test-206,-0.31403642712572494,-0.31202131509780884
z_cn_to_cn_residual,0,test-207,0.25559953693839854,0.2654302716255188
z_cn_to_cn_residual,0,test-208,-0.3512116285679379,-0.34537190198898315
z_cn_to_cn_residual,0,test-209,0.44701726623712135,0.6649952530860901
z_cn_to_cn_residual,0,test-210,0.27064323153028624,0.39450913667678833
z_cn_to_cn_residual,0,test-211,0.9986799695883919,0.6813679337501526
z_cn_to_cn_residual,0,test-212,-0.015324816569887118,-0.0761663168668747
z_cn_to_cn_residual,0,test-213,-0.002483473901375505,-0.04961507022380829
z_cn_to_cn_residual,0,test-214,0.707522311221207,0.6546944379806519
z_cn_to_cn_residual,0,test-215,-0.002679459971092827,-0.05001990497112274
z_cn_to_cn_residual,0,test-216,-0.0025667768776077267,-0.04978732764720917
z_cn_to_cn_residual,0,test-217,0.6905804036823375,0.5372235774993896
z_cn_to_cn_residual,0,test-218,-0.09993231907971788,-0.16619233787059784
z_cn_to_cn_residual,0,test-219,-0.3664462099481818,-0.3593730330467224
z_cn_to_cn_residual,0,test-220,-0.007796294345678415,-0.06059090793132782
z_cn_to_cn_residual,0,test-221,-0.18602303754564287,-0.18552176654338837
z_cn_to_cn_residual,0,test-222,-0.002679459971092827,-0.05001990497112274
z_cn_to_cn_residual,0,test-223,-0.20673482910021176,-0.1950167864561081
z_cn_to_cn_residual,0,test-224,-0.002483473901375505,-0.04961507022380829
z_cn_to_cn_residual,0,test-225,0.8028652431791747,0.8838940262794495
z_cn_to_cn_residual,0,test-226,-0.002679459971092827,-0.05001990497112274
z_cn_to_cn_residual,0,test-227,0.9388020364386984,0.8169522881507874
z_cn_to_cn_residual,0,test-228,-0.0025667768776077267,-0.04978732764720917
z_cn_to_cn_residual,0,test-229,-0.06396091467381823,-0.13667766749858856
z_cn_to_cn_residual,0,test-230,0.5634751272888399,0.5077407956123352
z_cn_to_cn_residual,0,test-231,-0.34185746108770393,-0.33687037229537964
z_cn_to_cn_residual,0,test-232,0.5836835270942388,0.4365197420120239
z_cn_to_cn_residual,0,test-233,-0.0017051669314512175,-0.04800872504711151
z_cn_to_cn_residual,0,test-234,-0.3664462099481818,-0.3593730330467224
z_cn_to_cn_residual,0,test-235,0.5963176677780939,0.43987011909484863
z_cn_to_cn_residual,0,test-236,-0.09507910900607243,-0.16255752742290497
z_cn_to_cn_residual,0,test-237,-0.09993231907971788,-0.16619233787059784
z_cn_to_cn_residual,0,test-238,1.1098178970570212,0.7789991497993469
z_cn_to_cn_residual,0,test-239,0.09689341725340761,0.15141136944293976
z_cn_to_cn_residual,0,test-240,-0.0025667768776077267,-0.04978732764720917
z_cn_to_cn_residual,0,test-241,-0.003920084665472663,-0.05258123576641083
z_cn_to_cn_residual,0,test-242,1.0035331796620373,0.7984312176704407
z_cn_to_cn_residual,0,test-243,0.629186265886127,0.36163467168807983
z_cn_to_cn_residual,0,test-244,-0.09993231907971788,-0.16619233787059784
z_cn_to_cn_residual,0,test-245,0.5980680715538729,0.4241510033607483
z_cn_to_cn_residual,0,test-246,-0.6011019660483662,-0.6225524544715881
z_cn_to_cn_residual,0,test-247,-0.0025667768776077267,-0.04978732764720917
z_cn_to_cn_residual,0,test-248,-0.40617432960244304,-0.4027552008628845
z_cn_to_cn_residual,0,test-249,-0.32077300936225667,-0.31797856092453003
z_cn_to_cn_residual,0,test-250,-0.0017051669314512175,-0.04800872504711151
z_cn_to_cn_residual,0,test-251,0.027598705190133088,0.012263491749763489
z_cn_to_cn_residual,0,test-252,-0.31951830065715553,-0.31686514616012573
z_cn_to_cn_residual,0,test-253,-0.09507910900607243,-0.16255752742290497
z_cn_to_cn_residual,0,test-254,-0.006401163194461921,-0.05770699679851532
z_cn_to_cn_residual,0,test-255,-0.2608500763576425,-0.26517075300216675
z_cn_to_cn_residual,0,test-256,-0.002483473901375505,-0.04961507022380829
z_cn_to_cn_residual,0,test-257,0.16442497939224665,0.4999917149543762
z_cn_to_cn_residual,0,test-258,0.8561659193103136,0.5735557675361633
z_cn_to_cn_residual,0,test-259,-0.002709528290634796,-0.05008213222026825
z_cn_to_cn_residual,0,test-260,-0.001592483837966117,-0.04777543246746063
z_cn_to_cn_residual,0,test-261,0.42920014516401445,0.3568922281265259
z_cn_to_cn_residual,0,test-262,0.9125892511224669,0.4393159747123718
z_cn_to_cn_residual,0,test-263,-0.18602303754564287,-0.18552176654338837
z_cn_to_cn_residual,0,test-264,-0.32690411934740055,-0.3234317898750305
z_cn_to_cn_residual,0,test-265,-0.4564122585269044,-0.5160014033317566
z_cn_to_cn_residual,0,test-266,0.6905804036823375,0.3806925415992737
z_cn_to_cn_residual,0,test-267,0.6904677205888524,0.3424890637397766
z_cn_to_cn_residual,0,test-268,-0.09507910900607243,-0.16255752742290497
z_cn_to_cn_residual,0,test-269,0.5380768797364144,0.3771914839744568
z_cn_to_cn_residual,0,test-270,-0.0025667768776077267,-0.04978732764720917
z_cn_to_cn_residual,0,test-271,0.9986799695883919,0.5781362652778625
z_cn_to_cn_residual,0,test-272,0.26383524768033195,0.2830437421798706
z_cn_to_cn_residual,0,test-273,0.4676238340609221,0.3265863060951233
z_cn_to_cn_residual,0,test-274,0.5333369283305339,0.31460845470428467
z_cn_to_cn_residual,0,test-275,-0.09507910900607243,-0.16255752742290497
z_cn_to_cn_residual,0,test-276,-0.0022128532902202114,-0.04905681312084198
z_cn_to_cn_residual,0,test-277,-0.295747045488935,-0.296048104763031
z_cn_to_cn_residual,0,test-278,0.4322971042023028,0.4258485436439514
z_cn_to_cn_residual,0,test-279,0.5166121141836355,0.5337441563606262
z_cn_to_cn_residual,0,test-280,-0.006401163194461921,-0.05770699679851532
z_cn_to_cn_residual,0,test-281,1.0243407771859079,0.8531656861305237
z_cn_to_cn_residual,0,test-282,-0.005713782933315264,-0.05628673732280731
z_cn_to_cn_residual,0,test-283,-0.18602303754564287,-0.18552176654338837
z_cn_to_cn_residual,0,test-284,-0.0017051669314512175,-0.04800872504711151
z_cn_to_cn_residual,0,test-285,-0.09507910900607243,-0.16255752742290497
z_cn_to_cn_residual,0,test-286,1.3462860490699626,1.0220624208450317
z_cn_to_cn_residual,0,test-287,-0.09993231907971788,-0.16619233787059784
z_cn_to_cn_residual,0,test-288,0.5553068786375152,0.42154115438461304
z_cn_to_cn_residual,0,test-289,0.2249532936470302,0.19852431118488312
z_cn_to_cn_residual,0,test-290,0.5980680715538729,0.48232680559158325
z_cn_to_cn_residual,0,test-291,0.5481549764268495,0.5985258221626282
z_cn_to_cn_residual,0,test-292,-0.8168566785177598,-0.8759296536445618
z_cn_to_cn_residual,0,test-293,0.33133944436357726,0.41204172372817993
z_cn_to_cn_residual,0,test-294,0.629186265886127,0.4728134274482727
z_cn_to_cn_residual,0,test-295,0.6906105992764492,0.5084076523780823
z_cn_to_cn_residual,0,test-296,-0.0013809592565058647,-0.04733972251415253
z_cn_to_cn_residual,0,test-297,-0.0022128532902202114,-0.04905681312084198
z_cn_to_cn_residual,0,test-298,0.6906637066585698,0.6528773903846741
z_cn_to_cn_residual,0,test-299,-0.22552334649902314,-0.21910373866558075
z_cn_to_cn_residual,0,test-300,0.5071241430143024,0.4533560872077942
z_cn_to_cn_residual,0,test-301,-0.0017051669314512175,-0.04800872504711151
z_cn_to_cn_residual,0,test-302,0.6188756690777434,0.6148822903633118
z_cn_to_cn_residual,0,test-303,-0.002679459971092827,-0.05001990497112274
z_cn_to_cn_residual,0,test-304,-0.3011881021227526,-0.30077022314071655
z_cn_to_cn_residual,0,test-305,0.3974001350710103,0.492634117603302
z_cn_to_cn_residual,0,test-306,0.5966030812834874,0.5724852681159973
z_cn_to_cn_residual,0,test-307,-0.002679459971092827,-0.05001990497112274
z_cn_to_cn_residual,0,test-308,0.6904677205888524,0.5093274712562561
z_cn_to_cn_residual,0,test-309,0.511973246478933,0.38872063159942627
z_cn_to_cn_residual,0,test-310,-0.06396091467381823,-0.13667766749858856
z_cn_to_cn_residual,0,test-311,0.8880287062152161,0.8572555184364319
z_cn_to_cn_residual,0,test-312,0.000550437072462336,-0.04335407912731171
z_cn_to_cn_residual,0,test-313,0.4185007999394532,0.5735898613929749
z_cn_to_cn_residual,0,test-314,0.12442211904305411,0.3686144948005676
z_cn_to_cn_residual,0,test-315,-0.0009230486758283437,-0.04639379680156708
z_cn_to_cn_residual,0,test-316,0.5980680715538729,0.5310028195381165
z_cn_to_cn_residual,0,test-317,0.6253649081462749,0.8022640347480774
z_cn_to_cn_residual,0,test-318,-0.295747045488935,-0.296048104763031
z_cn_to_cn_residual,0,test-319,0.4185007999394532,0.4084289073944092
z_cn_to_cn_residual,0,test-320,-0.15981025222941134,-0.18135182559490204
z_cn_to_cn_residual,0,test-321,-0.09993231907971788,-0.16619233787059784
z_cn_to_cn_residual,0,test-322,0.5071241430143024,0.4972875714302063
z_cn_to_cn_residual,0,test-323,-0.0025667768776077267,-0.04978732764720917
z_cn_to_cn_residual,0,test-324,-0.07427151148220186,-0.1471124142408371
z_cn_to_cn_residual,0,test-325,0.5333369283305339,0.48226815462112427
z_cn_to_cn_residual,0,test-326,-0.002709528290634796,-0.05008213222026825
z_cn_to_cn_residual,0,test-327,-0.12967205327110548,-0.17875675857067108
z_cn_to_cn_residual,0,test-328,-0.4092811700187469,-0.40958505868911743
z_cn_to_cn_residual,0,test-329,-0.0017051669314512175,-0.04800872504711151
z_cn_to_cn_residual,0,test-330,1.0184465975528079,1.0094269514083862
z_cn_to_cn_residual,0,test-331,-0.2930939733738713,-0.2937552332878113
z_cn_to_cn_residual,0,test-332,-0.007796294345678415,-0.06059090793132782
z_cn_to_cn_residual,0,test-333,-0.006236131996241855,-0.05736558139324188
z_cn_to_cn_residual,0,test-334,-0.003920084665472663,-0.05258123576641083
z_cn_to_cn_residual,0,test-335,1.108891999074218,1.2179063558578491
z_cn_to_cn_residual,0,test-336,-0.09507910900607243,-0.16255752742290497
z_cn_to_cn_residual,0,test-337,0.5932148614802274,0.5883820652961731
z_cn_to_cn_residual,0,test-338,0.6188756690777434,0.5690434575080872
z_cn_to_cn_residual,0,test-339,0.5333369283305339,0.5337662696838379
z_cn_to_cn_residual,0,test-340,0.9300387057397879,0.7938252091407776
z_cn_to_cn_residual,0,test-341,0.48095292356538616,0.47770148515701294
z_cn_to_cn_residual,0,test-342,-0.07427151148220186,-0.1471124142408371
z_cn_to_cn_residual,0,test-343,-0.43015367383143543,-0.07751958072185516
z_cn_to_cn_residual,0,test-344,-0.002483473901375505,-0.04961507022380829
z_cn_to_cn_residual,0,test-345,0.5963176677780939,0.5531652569770813
z_cn_to_cn_residual,0,test-346,0.6188756690777434,0.44292503595352173
z_cn_to_cn_residual,0,test-347,0.6188756690777434,0.5187850594520569
z_cn_to_cn_residual,0,test-348,0.6188756690777434,0.49891120195388794
z_cn_to_cn_residual,0,test-349,-0.26394703539593084,-0.2680191397666931
z_cn_to_cn_residual,0,test-350,-0.006236131996241855,-0.05736558139324188
z_cn_to_cn_residual,0,test-351,-0.22552334649902314,-0.21910373866558075
z_cn_to_cn_residual,0,test-352,-0.002483473901375505,-0.04961507022380829
z_cn_to_cn_residual,0,test-353,0.6730018624542556,0.3369458317756653
z_cn_to_cn_residual,0,test-354,-0.17162295933884167,-0.18317310512065887
z_cn_to_cn_residual,0,test-355,-0.5908559921618184,-0.6178506016731262
z_cn_to_cn_residual,0,test-356,-0.0025667768776077267,-0.04978732764720917
z_cn_to_cn_residual,0,test-357,-0.0025667768776077267,-0.04978732764720917
z_cn_to_cn_residual,0,test-358,-0.0025667768776077267,-0.04978732764720917
z_cn_to_cn_residual,0,test-359,-0.02637982311895648,0.27613365650177
z_cn_to_cn_residual,0,test-360,-0.1378403019224301,-0.17916683852672577
z_cn_to_cn_residual,0,test-361,0.4185007999394532,0.3687235116958618
z_cn_to_cn_residual,0,test-362,-0.31852856519640793,-0.31598883867263794
z_cn_to_cn_residual,0,test-363,0.26383524768033195,0.48203545808792114
z_cn_to_cn_residual,0,test-364,-0.06396091467381823,-0.13667766749858856
z_cn_to_cn_residual,0,test-365,-0.18602303754564287,-0.18552176654338837
z_cn_to_cn_residual,0,test-366,-0.0017051669314512175,-0.04800872504711151
z_cn_to_cn_residual,0,test-367,-0.5962537633065377,-0.6203150153160095
z_cn_to_cn_residual,0,test-368,1.0444369000321867,0.5856011509895325
z_cn_to_cn_residual,0,test-369,-0.002483473901375505,-0.04961507022380829
z_cn_to_cn_residual,0,test-370,0.6867460173654834,0.5085459351539612
z_cn_to_cn_residual,0,test-371,-0.0017051669314512175,-0.04800872504711151
z_cn_to_cn_residual,0,test-372,0.6188756690777434,0.4518398642539978
z_cn_to_cn_residual,0,test-373,-0.31951830065715553,-0.31686514616012573
z_cn_to_cn_residual,0,test-374,0.5333369283305339,0.5735281109809875
z_cn_to_cn_residual,0,test-375,0.5980680715538729,0.5335796475410461
z_cn_to_cn_residual,0,test-376,0.0920452145115791,0.3677740693092346
z_cn_to_cn_residual,0,test-377,-0.003920084665472663,-0.05258123576641083
z_cn_to_cn_residual,0,test-378,-0.295747045488935,-0.296048104763031
z_cn_to_cn_residual,0,test-379,-0.003920084665472663,-0.05258123576641083
z_cn_to_cn_residual,0,test-380,0.5980680715538729,0.4384027123451233
z_cn_to_cn_residual,0,test-381,0.6906105992764492,0.4785597324371338
z_cn_to_cn_residual,0,test-382,-0.0025667768776077267,-0.04978732764720917
z_cn_to_cn_residual,0,test-383,-0.0025667768776077267,-0.04978732764720917
z_cn_to_cn_residual,0,test-384,-0.018078891203757413,-0.08187179267406464
z_cn_to_cn_residual,0,test-385,-0.0025667768776077267,-0.04978732764720917
z_cn_to_cn_residual,0,test-386,-0.0025667768776077267,-0.04978732764720917
z_cn_to_cn_residual,0,test-387,0.6904677205888524,0.17785628139972687
z_cn_to_cn_residual,0,test-388,0.5071241430143024,0.7987068295478821
z_cn_to_cn_residual,0,test-389,-0.002679459971092827,-0.05001990497112274
z_cn_to_cn_residual,0,test-390,0.5932148614802274,0.5091748833656311
z_cn_to_cn_residual,0,test-391,0.5071241430143024,0.3402326703071594
z_cn_to_cn_residual,0,test-392,-0.002483473901375505,-0.04961507022380829
z_cn_to_cn_residual,0,test-393,-0.0017051669314512175,-0.04800872504711151
z_cn_to_cn_residual,0,test-394,-0.002536581283496064,-0.049725696444511414
z_cn_to_cn_residual,0,test-395,0.5634751272888399,0.3794603943824768
z_cn_to_cn_residual,0,test-396,-0.0025667768776077267,-0.04978732764720917
z_cn_to_cn_residual,0,test-397,-0.011174017424812204,-0.06757502257823944
z_cn_to_cn_residual,0,test-398,-0.003920084665472663,-0.05258123576641083
z_cn_to_cn_residual,0,test-399,-0.18602303754564287,-0.18552176654338837
z_cn_to_cn_residual,0,test-400,0.6904677205888524,0.4796752333641052
z_cn_to_cn_residual,0,test-401,0.6904677205888524,0.5656421780586243
z_cn_to_cn_residual,0,test-402,0.5963176677780939,0.5176041722297668
z_cn_to_cn_residual,0,test-403,-0.00961734087375331,-0.06435458362102509
z_cn_to_cn_residual,0,test-404,0.18103728275552644,0.3935322165489197
z_cn_to_cn_residual,0,test-405,-0.0017051669314512175,-0.04800872504711151
z_cn_to_cn_residual,0,test-406,-0.26394703539593084,-0.2680191397666931
z_cn_to_cn_residual,0,test-407,0.6906637066585698,0.5176952481269836
z_cn_to_cn_residual,0,test-408,-0.006236131996241855,-0.05736558139324188
z_cn_to_cn_residual,0,test-409,0.6750682893561879,0.6739069819450378
z_cn_to_cn_residual,0,test-410,-0.0025667768776077267,-0.04978732764720917
z_cn_to_cn_residual,0,test-411,-0.3678477635670827,-0.360670268535614
z_cn_to_cn_residual,0,test-412,1.0035331796620373,0.8247907757759094
z_cn_to_cn_residual,0,test-413,0.3974001350710103,0.4996400475502014
z_cn_to_cn_residual,0,test-414,0.14484892926646498,0.6053267121315002
z_cn_to_cn_residual,0,test-415,0.6904376522693105,0.4755116105079651
z_cn_to_cn_residual,0,test-416,0.42920014516401445,0.3665669560432434
z_cn_to_cn_residual,0,test-417,-0.002709528290634796,-0.05008213222026825
z_cn_to_cn_residual,0,test-418,-0.18602303754564287,-0.18552176654338837
z_cn_to_cn_residual,0,test-419,0.42920014516401445,0.5059786438941956
z_cn_to_cn_residual,0,test-420,-0.10534341095846705,-0.17095570266246796
z_cn_to_cn_residual,0,test-421,-0.34185746108770393,-0.33687037229537964
z_cn_to_cn_residual,0,test-422,0.5980680715538729,0.53354412317276
z_cn_to_cn_residual,0,test-423,-0.002679459971092827,-0.05001990497112274
z_cn_to_cn_residual,0,test-424,0.6924563057315964,0.37087392807006836
z_cn_to_cn_residual,0,test-425,-0.0009230486758283437,-0.04639379680156708
z_cn_to_cn_residual,0,test-426,1.2002713235742477,1.0330160856246948
z_cn_to_cn_residual,0,test-427,-0.06396091467381823,-0.13667766749858856
z_cn_to_cn_residual,0,test-428,0.6906637066585698,0.5176952481269836
z_cn_to_cn_residual,0,test-429,-0.12967205327110548,-0.17875675857067108
z_cn_to_cn_residual,0,test-430,0.002865332104051953,-0.03858010470867157
z_cn_to_cn_residual,0,test-431,-0.002679459971092827,-0.05001990497112274
z_cn_to_cn_residual,0,test-432,-0.07427151148220186,-0.1471124142408371
z_cn_to_cn_residual,0,test-433,0.33133944436357726,0.3303688168525696
z_cn_to_cn_residual,0,test-434,0.5980680715538729,0.43793946504592896
z_cn_to_cn_residual,0,test-435,0.6892270958944726,0.5431240200996399
z_cn_to_cn_residual,0,test-436,0.027598705190133088,0.012263491749763489
z_cn_to_cn_residual,0,test-437,0.6288411122804236,0.3920363783836365
z_cn_to_cn_residual,0,test-438,-0.1278380797400702,-0.17866913974285126
z_cn_to_cn_residual,0,test-439,-0.0025667768776077267,-0.04978732764720917
z_cn_to_cn_residual,0,test-440,0.9007472632761859,0.8742057681083679
z_cn_to_cn_residual,0,test-441,0.09689341725340761,0.16683675348758698
z_cn_to_cn_residual,0,test-442,0.9986799695883919,0.7210072875022888
z_cn_to_cn_residual,0,test-443,1.0035331796620373,0.863192617893219
z_cn_to_cn_residual,0,test-444,-0.001592483837966117,-0.04777543246746063
z_cn_to_cn_residual,0,test-445,1.2002713235742477,0.9032962918281555
z_cn_to_cn_residual,0,test-446,0.9388020364386984,0.8333984017372131
z_cn_to_cn_residual,0,test-447,0.9125892511224669,0.510789692401886
z_cn_to_cn_residual,0,test-448,-0.0017051669314512175,-0.04800872504711151
z_cn_to_cn_residual,0,test-449,0.6906637066585698,0.5176952481269836
z_cn_to_cn_residual,0,test-450,0.6188756690777434,0.4968908429145813
z_cn_to_cn_residual,0,test-451,-0.6219808875579942,-0.006111308932304382
z_cn_to_cn_residual,0,test-452,-0.32077300936225667,-0.31797856092453003
z_cn_to_cn_residual,0,test-453,0.7307645251010271,0.3928976058959961
z_cn_to_cn_residual,0,test-454,-0.09507910900607243,-0.16255752742290497
z_cn_to_cn_residual,0,test-455,0.6930446040093127,0.5357344746589661
z_cn_to_cn_residual,0,test-456,-0.06430606827952172,-0.13703255355358124
z_cn_to_cn_residual,0,test-457,-0.0025667768776077267,-0.04978732764720917
z_cn_to_cn_residual,0,test-458,-0.15981025222941134,-0.18135182559490204
z_cn_to_cn_residual,0,test-459,0.5634751272888399,0.5458574891090393
z_cn_to_cn_residual,0,test-460,0.9125892511224669,0.7600606083869934
z_cn_to_cn_residual,0,test-461,0.5932148614802274,0.43019914627075195
z_cn_to_cn_residual,0,test-462,-0.0022128532902202114,-0.04905681312084198
z_cn_to_cn_residual,0,test-463,0.6905804036823375,0.49725228548049927
z_cn_to_cn_residual,0,test-464,0.6924563057315964,0.4794781804084778
z_cn_to_cn_residual,0,test-465,-0.0022128532902202114,-0.04905681312084198
z_cn_to_cn_residual,0,test-466,0.42920014516401445,0.47008270025253296
z_cn_to_cn_residual,0,test-467,0.5023585253615721,0.46909642219543457
z_cn_to_cn_residual,0,test-468,-0.18602303754564287,-0.18552176654338837
z_cn_to_cn_residual,0,test-469,-0.09993231907971788,-0.16619233787059784
z_cn_to_cn_residual,0,test-470,-0.001592483837966117,-0.04777543246746063
z_cn_to_cn_residual,0,test-471,0.42920014516401445,0.42150670289993286
z_cn_to_cn_residual,0,test-472,-0.002536581283496064,-0.049725696444511414
z_cn_to_cn_residual,0,test-473,0.3907357061859718,0.3660748600959778
z_cn_to_cn_residual,0,test-474,0.18103728275552644,0.307500422000885
z_cn_to_cn_residual,0,test-475,0.629186265886127,0.4728134274482727
z_cn_to_cn_residual,0,test-476,-0.002679459971092827,-0.05001990497112274
z_cn_to_cn_residual,0,test-477,-0.09507910900607243,-0.16255752742290497
z_cn_to_cn_residual,0,test-478,0.5963176677780939,0.5350518822669983
z_cn_to_cn_residual,0,test-479,0.5071241430143024,0.40414053201675415
z_cn_to_cn_residual,0,test-480,0.7232900511466166,0.5880146622657776
z_cn_to_cn_residual,0,test-481,-0.003920084665472663,-0.05258123576641083
z_cn_to_cn_residual,0,test-482,0.5634751272888399,0.5498227477073669
z_cn_to_cn_residual,0,test-483,0.4676238340609221,0.41402918100357056
z_cn_to_cn_residual,0,test-484,-0.002679459971092827,-0.05001990497112274
z_cn_to_cn_residual,0,test-485,-0.295747045488935,-0.296048104763031
z_cn_to_cn_residual,0,test-486,-0.0017051669314512175,-0.04800872504711151
z_cn_to_cn_residual,0,test-487,-0.21403955770147523,-0.2043471783399582
z_cn_to_cn_residual,0,test-488,-0.002679459971092827,-0.05001990497112274
z_cn_to_cn_residual,0,test-489,-0.002709528290634796,-0.05008213222026825
z_cn_to_cn_residual,0,test-490,-0.0025667768776077267,-0.04978732764720917
z_cn_to_cn_residual,0,test-491,-0.002679459971092827,-0.05001990497112274
z_cn_to_cn_residual,0,test-492,0.6422000301412054,0.47344493865966797
z_cn_to_cn_residual,0,test-493,0.732166078719928,0.7118399739265442
z_cn_to_cn_residual,0,test-494,-0.002483473901375505,-0.04961507022380829
z_cn_to_cn_residual,0,test-495,-0.31852856519640793,-0.31598883867263794
z_cn_to_cn_residual,0,test-496,-0.0025667768776077267,-0.04978732764720917
z_cn_to_cn_residual,0,test-497,0.6917662213034395,0.49924856424331665
z_cn_to_cn_residual,0,test-498,-0.003920084665472663,-0.05258123576641083
z_cn_to_cn_residual,0,test-499,-0.530128441809577,-0.569296658039093
z_cn_to_cn_residual,0,test-500,-0.3024114743739735,-0.3018351197242737
z_cn_to_cn_residual,0,test-501,0.6960125126639972,0.5238834023475647
z_cn_to_cn_residual,0,test-502,0.3974001350710103,0.3720875382423401
z_cn_to_cn_residual,0,test-503,-0.4555583161639697,-0.1676759570837021
z_cn_to_cn_residual,0,test-504,-0.4681938869129151,-0.5403710007667542
z_cn_to_cn_residual,0,test-505,0.629186265886127,0.4275057911872864
z_cn_to_cn_residual,0,test-506,-0.4092811700187469,-0.40958505868911743
z_cn_to_cn_residual,0,test-507,-0.006401163194461921,-0.05770699679851532
z_cn_to_cn_residual,0,test-508,-0.7439778312008087,-0.7275956273078918
z_cn_to_cn_residual,0,test-509,0.400053207186074,0.34048956632614136
z_cn_to_cn_residual,0,test-510,0.9297295237162035,1.010670781135559
z_cn_to_cn_residual,0,test-511,-0.06430606827952172,-0.13703255355358124
z_cn_to_degree,1,test-0,4.6443908991413725,4.1134443283081055
z_cn_to_degree,1,test-1,3.9889840465642745,3.9732959270477295
z_cn_to_degree,1,test-2,4.584967478670571,5.210339546203613
z_cn_to_degree,1,test-3,3.1780538303479453,3.392163038253784
z_cn_to_degree,1,test-4,4.77912349311153,4.4667863845825195
z_cn_to_degree,1,test-5,3.8066624897703196,4.186701774597168
z_cn_to_degree,1,test-6,5.966146739123692,5.052127838134766
z_cn_to_degree,1,test-7,3.6635616461296463,3.8028695583343506
z_cn_to_degree,1,test-8,3.044522437723423,3.4218318462371826
z_cn_to_degree,1,test-9,3.6888794541139367,4.150108337402344
z_cn_to_degree,1,test-10,3.401197381662155,3.0322186946868896
z_cn_to_degree,1,test-11,3.9120230054281464,4.22706413269043
z_cn_to_degree,1,test-12,0.6931471805599453,2.7496755123138428
z_cn_to_degree,1,test-13,4.74493212836325,3.4063327312469482
z_cn_to_degree,1,test-14,4.0943445622221,2.989302396774292
z_cn_to_degree,1,test-15,1.791759469228055,2.2724387645721436
z_cn_to_degree,1,test-16,4.394449154672439,3.5604398250579834
z_cn_to_degree,1,test-17,4.718498871295095,2.7384774684906006
z_cn_to_degree,1,test-18,0.6931471805599453,2.7496755123138428
z_cn_to_degree,1,test-19,3.044522437723423,3.4218318462371826
z_cn_to_degree,1,test-20,3.1780538303479458,2.7489726543426514
z_cn_to_degree,1,test-21,3.465735902799726,4.697397232055664
z_cn_to_degree,1,test-22,3.401197381662155,3.975126028060913
z_cn_to_degree,1,test-23,1.0986122886681098,2.749302625656128
z_cn_to_degree,1,test-24,3.5553480614894135,3.6172292232513428
z_cn_to_degree,1,test-25,4.189654742026425,4.972943305969238
z_cn_to_degree,1,test-26,2.3025850929940455,2.6481988430023193
z_cn_to_degree,1,test-27,3.465735902799726,4.3192138671875
z_cn_to_degree,1,test-28,2.8903717578961645,4.694805145263672
z_cn_to_degree,1,test-29,3.688879454113936,4.07077693939209
z_cn_to_degree,1,test-30,4.882801922586371,3.273390531539917
z_cn_to_degree,1,test-31,4.553876891600541,3.390500783920288
z_cn_to_degree,1,test-32,3.58351893845611,4.025774955749512
z_cn_to_degree,1,test-33,3.58351893845611,3.4558303356170654
z_cn_to_degree,1,test-34,3.1780538303479453,3.899097204208374
z_cn_to_degree,1,test-35,2.772588722239781,3.7881410121917725
z_cn_to_degree,1,test-36,1.3862943611198906,2.7496354579925537
z_cn_to_degree,1,test-37,2.3025850929940455,2.749662160873413
z_cn_to_degree,1,test-38,3.9889840465642745,2.7446019649505615
z_cn_to_degree,1,test-39,1.791759469228055,2.7496755123138428
z_cn_to_degree,1,test-40,3.951243718581427,4.4503679275512695
z_cn_to_degree,1,test-41,3.6888794541139367,3.4683854579925537
z_cn_to_degree,1,test-42,6.040254711277414,4.363495826721191
z_cn_to_degree,1,test-43,2.4849066497880004,3.176823377609253
z_cn_to_degree,1,test-44,3.1780538303479453,3.779413938522339
z_cn_to_degree,1,test-45,0.6931471805599453,2.7496755123138428
z_cn_to_degree,1,test-46,4.941642422609304,4.609841346740723
z_cn_to_degree,1,test-47,0.0,2.7496354579925537
z_cn_to_degree,1,test-48,2.8903717578961645,4.261172294616699
z_cn_to_degree,1,test-49,6.040254711277414,4.637323379516602
z_cn_to_degree,1,test-50,3.332204510175204,3.5207269191741943
z_cn_to_degree,1,test-51,2.995732273553991,4.471367835998535
z_cn_to_degree,1,test-52,6.327936783729195,5.39744758605957
z_cn_to_degree,1,test-53,2.8903717578961645,3.37542986869812
z_cn_to_degree,1,test-54,2.6390573296152584,2.751110792160034
z_cn_to_degree,1,test-55,4.927253685157204,5.429937362670898
z_cn_to_degree,1,test-56,2.70805020110221,3.37542986869812
z_cn_to_degree,1,test-57,5.272999558563747,3.889808416366577
z_cn_to_degree,1,test-58,3.9889840465642745,4.590886116027832
z_cn_to_degree,1,test-59,2.0794415416798357,3.14374041557312
z_cn_to_degree,1,test-60,4.7535901911063645,3.9505727291107178
z_cn_to_degree,1,test-61,2.1972245773362196,2.7495410442352295
z_cn_to_degree,1,test-62,2.3978952727983707,2.7492635250091553
z_cn_to_degree,1,test-63,1.3862943611198906,2.7496354579925537
z_cn_to_degree,1,test-64,3.58351893845611,3.8069674968719482
z_cn_to_degree,1,test-65,2.8903717578961645,3.221916913986206
z_cn_to_degree,1,test-66,2.4849066497880004,2.7501752376556396
z_cn_to_degree,1,test-67,2.4849066497880004,2.7501752376556396
z_cn_to_degree,1,test-68,4.90527477843843,4.848422050476074
z_cn_to_degree,1,test-69,3.2188758248682006,4.192992210388184
z_cn_to_degree,1,test-70,2.995732273553991,3.543020009994507
z_cn_to_degree,1,test-71,4.0943445622221,3.614265203475952
z_cn_to_degree,1,test-72,1.791759469228055,2.7496755123138428
z_cn_to_degree,1,test-73,3.951243718581427,4.043295860290527
z_cn_to_degree,1,test-74,2.70805020110221,3.37542986869812
z_cn_to_degree,1,test-75,3.044522437723423,3.3747622966766357
z_cn_to_degree,1,test-76,1.0986122886681098,2.749302625656128
z_cn_to_degree,1,test-77,3.044522437723423,3.1591365337371826
z_cn_to_degree,1,test-78,1.3862943611198906,2.7493512630462646
z_cn_to_degree,1,test-79,1.791759469228055,2.7496755123138428
z_cn_to_degree,1,test-80,3.688879454113936,4.324845314025879
z_cn_to_degree,1,test-81,3.58351893845611,4.261722564697266
z_cn_to_degree,1,test-82,3.465735902799726,4.058839797973633
z_cn_to_degree,1,test-83,4.025351690735149,3.079237699508667
z_cn_to_degree,1,test-84,4.718498871295094,4.040027618408203
z_cn_to_degree,1,test-85,3.9889840465642745,3.9732959270477295
z_cn_to_degree,1,test-86,3.332204510175204,4.045668601989746
z_cn_to_degree,1,test-87,2.70805020110221,3.37542986869812
z_cn_to_degree,1,test-88,2.6390573296152584,2.751110792160034
z_cn_to_degree,1,test-89,3.332204510175204,3.978261709213257
z_cn_to_degree,1,test-90,2.4849066497880004,3.176823377609253
z_cn_to_degree,1,test-91,2.0794415416798357,2.7497174739837646
z_cn_to_degree,1,test-92,3.1780538303479453,3.263725996017456
z_cn_to_degree,1,test-93,5.272999558563747,3.865755796432495
z_cn_to_degree,1,test-94,2.4849066497880004,3.176823377609253
z_cn_to_degree,1,test-95,3.401197381662156,4.610754013061523
z_cn_to_degree,1,test-96,7.50659178007084,7.774944305419922
z_cn_to_degree,1,test-97,4.465908118654584,3.3729588985443115
z_cn_to_degree,1,test-98,2.3025850929940455,2.749662160873413
z_cn_to_degree,1,test-99,2.70805020110221,3.37542986869812
z_cn_to_degree,1,test-100,3.58351893845611,4.162195205688477
z_cn_to_degree,1,test-101,2.70805020110221,4.222111701965332
z_cn_to_degree,1,test-102,4.02535169073515,2.7437703609466553
z_cn_to_degree,1,test-103,2.772588722239781,3.7881410121917725
z_cn_to_degree,1,test-104,2.1972245773362196,3.2363860607147217
z_cn_to_degree,1,test-105,1.0986122886681098,2.749302625656128
z_cn_to_degree,1,test-106,3.5263605246161616,2.533996343612671
z_cn_to_degree,1,test-107,0.6931471805599453,2.7496755123138428
z_cn_to_degree,1,test-108,6.327936783729195,3.4776198863983154
z_cn_to_degree,1,test-109,3.58351893845611,2.975391149520874
z_cn_to_degree,1,test-110,2.0794415416798357,2.7497174739837646
z_cn_to_degree,1,test-111,2.8903717578961645,2.7510507106781006
z_cn_to_degree,1,test-112,5.0106352940962555,5.227831840515137
z_cn_to_degree,1,test-113,3.688879454113936,4.179732322692871
z_cn_to_degree,1,test-114,1.3862943611198906,2.7493512630462646
z_cn_to_degree,1,test-115,1.3862943611198906,3.0989434719085693
z_cn_to_degree,1,test-116,7.3395376954076745,7.594479560852051
z_cn_to_degree,1,test-117,4.304065093204169,1.9679296016693115
z_cn_to_degree,1,test-118,3.2188758248682006,3.9484355449676514
z_cn_to_degree,1,test-119,6.733401891837358,3.9160430431365967
z_cn_to_degree,1,test-120,2.4849066497880004,2.9176480770111084
z_cn_to_degree,1,test-121,2.995732273553991,3.91327166557312
z_cn_to_degree,1,test-122,3.58351893845611,3.9032113552093506
z_cn_to_degree,1,test-123,1.791759469228055,3.350886106491089
z_cn_to_degree,1,test-124,2.6390573296152584,2.751110792160034
z_cn_to_degree,1,test-125,2.1972245773362196,3.0868661403656006
z_cn_to_degree,1,test-126,2.4849066497880004,5.5950212478637695
z_cn_to_degree,1,test-127,1.791759469228055,2.7496755123138428
z_cn_to_degree,1,test-128,3.6635616461296463,3.8028695583343506
z_cn_to_degree,1,test-129,2.5649493574615367,2.7463862895965576
z_cn_to_degree,1,test-130,2.995732273553991,4.234051704406738
z_cn_to_degree,1,test-131,3.044522437723423,3.5710790157318115
z_cn_to_degree,1,test-132,3.688879454113936,4.179732322692871
z_cn_to_degree,1,test-133,5.560681631015528,4.2140350341796875
z_cn_to_degree,1,test-134,2.1972245773362196,3.0868661403656006
z_cn_to_degree,1,test-135,2.772588722239781,4.270401954650879
z_cn_to_degree,1,test-136,3.688879454113936,3.41617751121521
z_cn_to_degree,1,test-137,2.1972245773362196,2.7495410442352295
z_cn_to_degree,1,test-138,4.31748811353631,4.244753837585449
z_cn_to_degree,1,test-139,1.791759469228055,2.7496755123138428
z_cn_to_degree,1,test-140,3.332204510175204,3.978261709213257
z_cn_to_degree,1,test-141,4.276666119016055,4.379022598266602
z_cn_to_degree,1,test-142,2.70805020110221,3.37542986869812
z_cn_to_degree,1,test-143,2.0794415416798357,2.7497174739837646
z_cn_to_degree,1,test-144,2.772588722239781,3.7881410121917725
z_cn_to_degree,1,test-145,4.882801922586371,2.756274938583374
z_cn_to_degree,1,test-146,3.465735902799726,4.688337326049805
z_cn_to_degree,1,test-147,3.332204510175204,3.978261709213257
z_cn_to_degree,1,test-148,6.327936783729195,4.56166934967041
z_cn_to_degree,1,test-149,3.2188758248682006,3.9484355449676514
z_cn_to_degree,1,test-150,3.931825632724326,3.8678834438323975
z_cn_to_degree,1,test-151,3.295836866004329,3.457524061203003
z_cn_to_degree,1,test-152,3.4011973816621555,2.7528998851776123
z_cn_to_degree,1,test-153,4.0943445622221,4.033409118652344
z_cn_to_degree,1,test-154,2.0794415416798357,2.5840117931365967
z_cn_to_degree,1,test-155,2.3025850929940455,2.749662160873413
z_cn_to_degree,1,test-156,5.4116460518550396,4.447498321533203
z_cn_to_degree,1,test-157,4.564348191467836,3.498777151107788
z_cn_to_degree,1,test-158,0.0,2.7496354579925537
z_cn_to_degree,1,test-159,2.70805020110221,3.4787919521331787
z_cn_to_degree,1,test-160,2.9444389791664403,2.7510507106781006
z_cn_to_degree,1,test-161,1.3862943611198906,2.7493512630462646
z_cn_to_degree,1,test-162,2.8903717578961645,3.3705852031707764
z_cn_to_degree,1,test-163,1.791759469228055,2.7496755123138428
z_cn_to_degree,1,test-164,5.560681631015528,4.188381195068359
z_cn_to_degree,1,test-165,1.0986122886681098,2.749302625656128
z_cn_to_degree,1,test-166,3.5553480614894135,4.165844917297363
z_cn_to_degree,1,test-167,4.499809670330265,5.437381744384766
z_cn_to_degree,1,test-168,3.5553480614894135,3.6655070781707764
z_cn_to_degree,1,test-169,1.791759469228055,2.7496755123138428
z_cn_to_degree,1,test-170,2.0794415416798357,2.7497174739837646
z_cn_to_degree,1,test-171,5.288267030694535,3.8571012020111084
z_cn_to_degree,1,test-172,1.3862943611198906,2.7493512630462646
z_cn_to_degree,1,test-173,2.4849066497880004,3.176823377609253
z_cn_to_degree,1,test-174,3.9120230054281464,3.3994204998016357
z_cn_to_degree,1,test-175,4.499809670330265,3.8073747158050537
z_cn_to_degree,1,test-176,4.867534450455582,3.440816640853882
z_cn_to_degree,1,test-177,4.718498871295095,2.7384774684906006
z_cn_to_degree,1,test-178,3.465735902799726,4.040036201477051
z_cn_to_degree,1,test-179,1.3862943611198906,2.7493512630462646
z_cn_to_degree,1,test-180,3.58351893845611,2.751599073410034
z_cn_to_degree,1,test-181,3.58351893845611,4.025774955749512
z_cn_to_degree,1,test-182,3.465735902799726,4.040036201477051
z_cn_to_degree,1,test-183,0.0,2.7496354579925537
z_cn_to_degree,1,test-184,7.24422751560335,6.5459136962890625
z_cn_to_degree,1,test-185,3.332204510175204,3.978261709213257
z_cn_to_degree,1,test-186,3.401197381662155,3.248713254928589
z_cn_to_degree,1,test-187,3.332204510175204,3.978261709213257
z_cn_to_degree,1,test-188,2.4849066497880004,3.176823377609253
z_cn_to_degree,1,test-189,2.1972245773362196,3.0868661403656006
z_cn_to_degree,1,test-190,2.70805020110221,3.2917087078094482
z_cn_to_degree,1,test-191,2.0794415416798357,2.7497174739837646
z_cn_to_degree,1,test-192,3.044522437723423,3.117892026901245
z_cn_to_degree,1,test-193,2.995732273553991,3.8112475872039795
z_cn_to_degree,1,test-194,3.58351893845611,2.751599073410034
z_cn_to_degree,1,test-195,4.90527477843843,4.447242736816406
z_cn_to_degree,1,test-196,4.5217885770490405,4.098415374755859
z_cn_to_degree,1,test-197,2.4849066497880004,3.176823377609253
z_cn_to_degree,1,test-198,4.709530201312334,3.654000997543335
z_cn_to_degree,1,test-199,1.0986122886681098,2.749302625656128
z_cn_to_degree,1,test-200,1.0986122886681098,2.749302625656128
z_cn_to_degree,1,test-201,1.0986122886681098,2.749302625656128
z_cn_to_degree,1,test-202,3.044522437723423,3.4218318462371826
z_cn_to_degree,1,test-203,2.4849066497880004,3.176823377609253
z_cn_to_degree,1,test-204,2.6390573296152584,3.588635206222534
z_cn_to_degree,1,test-205,2.1972245773362196,3.0868661403656006
z_cn_to_degree,1,test-206,3.58351893845611,4.025774955749512
z_cn_to_degree,1,test-207,4.2484952420493585,4.446260452270508
z_cn_to_degree,1,test-208,4.0943445622221,4.122520446777344
z_cn_to_degree,1,test-209,4.836281906951478,4.2060346603393555
z_cn_to_degree,1,test-210,4.976733742420574,4.1890869140625
z_cn_to_degree,1,test-211,3.044522437723423,3.5733249187469482
z_cn_to_degree,1,test-212,4.499809670330265,2.7544543743133545
z_cn_to_degree,1,test-213,1.3862943611198906,2.7496354579925537
z_cn_to_degree,1,test-214,5.560681631015528,4.259646415710449
z_cn_to_degree,1,test-215,2.0794415416798357,2.7497174739837646
z_cn_to_degree,1,test-216,0.6931471805599453,2.7496755123138428
z_cn_to_degree,1,test-217,1.791759469228055,3.7385013103485107
z_cn_to_degree,1,test-218,3.044522437723423,3.4218318462371826
z_cn_to_degree,1,test-219,3.58351893845611,4.162195205688477
z_cn_to_degree,1,test-220,2.70805020110221,2.7516353130340576
z_cn_to_degree,1,test-221,2.995732273553991,3.8112475872039795
z_cn_to_degree,1,test-222,2.0794415416798357,2.7497174739837646
z_cn_to_degree,1,test-223,3.8712010109078907,3.8551242351531982
z_cn_to_degree,1,test-224,0.0,2.7496354579925537
z_cn_to_degree,1,test-225,3.332204510175204,3.4069173336029053
z_cn_to_degree,1,test-226,2.0794415416798357,2.7497174739837646
z_cn_to_degree,1,test-227,2.772588722239781,3.8266618251800537
z_cn_to_degree,1,test-228,1.791759469228055,2.7496755123138428
z_cn_to_degree,1,test-229,2.1972245773362196,3.0868661403656006
z_cn_to_degree,1,test-230,3.401197381662156,3.519986867904663
z_cn_to_degree,1,test-231,4.430816798843313,4.0981550216674805
z_cn_to_degree,1,test-232,4.276666119016055,5.739459991455078
z_cn_to_degree,1,test-233,1.791759469228055,2.7493512630462646
z_cn_to_degree,1,test-234,3.58351893845611,4.162195205688477
z_cn_to_degree,1,test-235,3.1780538303479453,4.200091361999512
z_cn_to_degree,1,test-236,2.8903717578961645,3.37542986869812
z_cn_to_degree,1,test-237,3.044522437723423,3.4218318462371826
z_cn_to_degree,1,test-238,5.780743515792329,4.137426376342773
z_cn_to_degree,1,test-239,6.327936783729195,5.302181243896484
z_cn_to_degree,1,test-240,0.6931471805599453,2.7496755123138428
z_cn_to_degree,1,test-241,2.4849066497880004,2.7501752376556396
z_cn_to_degree,1,test-242,2.8903717578961645,3.296651601791382
z_cn_to_degree,1,test-243,2.1972245773362196,3.6214702129364014
z_cn_to_degree,1,test-244,3.044522437723423,3.4218318462371826
z_cn_to_degree,1,test-245,2.70805020110221,3.8918769359588623
z_cn_to_degree,1,test-246,4.74493212836325,5.388860702514648
z_cn_to_degree,1,test-247,1.791759469228055,2.7496755123138428
z_cn_to_degree,1,test-248,3.8066624897703196,4.186701774597168
z_cn_to_degree,1,test-249,3.951243718581427,4.043295860290527
z_cn_to_degree,1,test-250,1.3862943611198906,2.7493512630462646
z_cn_to_degree,1,test-251,4.718498871295095,2.7384774684906006
z_cn_to_degree,1,test-252,3.465735902799726,4.040036201477051
z_cn_to_degree,1,test-253,2.70805020110221,3.37542986869812
z_cn_to_degree,1,test-254,2.6390573296152584,2.751110792160034
z_cn_to_degree,1,test-255,5.19295685089021,3.9820382595062256
z_cn_to_degree,1,test-256,0.0,2.7496354579925537
z_cn_to_degree,1,test-257,5.98141421125448,4.127712249755859
z_cn_to_degree,1,test-258,3.8712010109078907,4.9595136642456055
z_cn_to_degree,1,test-259,2.9957322735539913,2.749727964401245
z_cn_to_degree,1,test-260,1.0986122886681098,2.749302625656128
z_cn_to_degree,1,test-261,3.401197381662155,4.505990028381348
z_cn_to_degree,1,test-262,2.995732273553991,4.04049015045166
z_cn_to_degree,1,test-263,2.995732273553991,3.8112475872039795
z_cn_to_degree,1,test-264,4.1588830833596715,4.059237480163574
z_cn_to_degree,1,test-265,4.31748811353631,4.244753837585449
z_cn_to_degree,1,test-266,1.791759469228055,2.858733892440796
z_cn_to_degree,1,test-267,2.0794415416798357,4.335853576660156
z_cn_to_degree,1,test-268,2.70805020110221,3.37542986869812
z_cn_to_degree,1,test-269,6.476972362889683,7.2043657302856445
z_cn_to_degree,1,test-270,1.791759469228055,2.7496755123138428
z_cn_to_degree,1,test-271,3.044522437723423,4.368035316467285
z_cn_to_degree,1,test-272,3.737669618283368,4.684389114379883
z_cn_to_degree,1,test-273,3.1780538303479453,4.276523590087891
z_cn_to_degree,1,test-274,2.772588722239781,4.062323570251465
z_cn_to_degree,1,test-275,2.70805020110221,3.37542986869812
z_cn_to_degree,1,test-276,2.0794415416798357,2.7495410442352295
z_cn_to_degree,1,test-277,3.332204510175204,3.978261709213257
z_cn_to_degree,1,test-278,5.220355825078324,4.310671806335449
z_cn_to_degree,1,test-279,3.6635616461296463,3.2231662273406982
z_cn_to_degree,1,test-280,2.6390573296152584,2.751110792160034
z_cn_to_degree,1,test-281,2.4849066497880004,3.609980344772339
z_cn_to_degree,1,test-282,3.9512437185814275,2.750852346420288
z_cn_to_degree,1,test-283,2.995732273553991,3.8112475872039795
z_cn_to_degree,1,test-284,1.6094379124341003,2.7493512630462646
z_cn_to_degree,1,test-285,2.70805020110221,3.37542986869812
z_cn_to_degree,1,test-286,6.461468176353717,5.297834396362305
z_cn_to_degree,1,test-287,3.044522437723423,3.4218318462371826
z_cn_to_degree,1,test-288,3.4965075614664807,4.345210075378418
z_cn_to_degree,1,test-289,4.499809670330265,4.488720893859863
z_cn_to_degree,1,test-290,2.8903717578961645,3.2569472789764404
z_cn_to_degree,1,test-291,5.60947179518496,4.999268531799316
z_cn_to_degree,1,test-292,5.375278407684165,5.794475555419922
z_cn_to_degree,1,test-293,3.6888794541139367,4.217174530029297
z_cn_to_degree,1,test-294,2.1972245773362196,3.4593799114227295
z_cn_to_degree,1,test-295,2.3025850929940455,3.293278455734253
z_cn_to_degree,1,test-296,3.7376696182833684,2.7492330074310303
z_cn_to_degree,1,test-297,2.0794415416798357,2.7495410442352295
z_cn_to_degree,1,test-298,1.3862943611198906,3.300583600997925
z_cn_to_degree,1,test-299,3.1780538303479453,3.899097204208374
z_cn_to_degree,1,test-300,2.995732273553991,3.247924566268921
z_cn_to_degree,1,test-301,1.6094379124341003,2.7493512630462646
z_cn_to_degree,1,test-302,2.4849066497880004,2.7467153072357178
z_cn_to_degree,1,test-303,2.0794415416798357,2.7497174739837646
z_cn_to_degree,1,test-304,4.382026634673881,3.99239182472229
z_cn_to_degree,1,test-305,3.332204510175204,3.5726497173309326
z_cn_to_degree,1,test-306,5.556828061699537,4.763498306274414
z_cn_to_degree,1,test-307,2.0794415416798357,2.7497174739837646
z_cn_to_degree,1,test-308,2.0794415416798357,3.0836875438690186
z_cn_to_degree,1,test-309,3.58351893845611,3.748807668685913
z_cn_to_degree,1,test-310,2.1972245773362196,3.0868661403656006
z_cn_to_degree,1,test-311,3.8918202981106265,4.385214805603027
z_cn_to_degree,1,test-312,2.4849066497880004,2.7485053539276123
z_cn_to_degree,1,test-313,6.733401891837358,5.2462921142578125
z_cn_to_degree,1,test-314,4.941642422609304,4.090653419494629
z_cn_to_degree,1,test-315,1.9459101490553132,2.7490556240081787
z_cn_to_degree,1,test-316,2.8903717578961645,3.3424298763275146
z_cn_to_degree,1,test-317,5.4116460518550396,5.002992630004883
z_cn_to_degree,1,test-318,3.332204510175204,3.978261709213257
z_cn_to_degree,1,test-319,6.733401891837358,5.622190475463867
z_cn_to_degree,1,test-320,2.772588722239781,3.7881410121917725
z_cn_to_degree,1,test-321,3.044522437723423,3.4218318462371826
z_cn_to_degree,1,test-322,2.995732273553991,3.542907476425171
z_cn_to_degree,1,test-323,0.6931471805599453,2.7496755123138428
z_cn_to_degree,1,test-324,2.4849066497880004,3.176823377609253
z_cn_to_degree,1,test-325,2.772588722239781,3.0040433406829834
z_cn_to_degree,1,test-326,3.091042453358316,2.749727964401245
z_cn_to_degree,1,test-327,3.401197381662156,3.632258176803589
z_cn_to_degree,1,test-328,3.688879454113936,4.179732322692871
z_cn_to_degree,1,test-329,1.6094379124341003,2.7493512630462646
z_cn_to_degree,1,test-330,3.5553480614894135,3.4286906719207764
z_cn_to_degree,1,test-331,3.8712010109078907,3.9713714122772217
z_cn_to_degree,1,test-332,2.70805020110221,2.7516353130340576
z_cn_to_degree,1,test-333,2.8903717578961645,2.7510507106781006
z_cn_to_degree,1,test-334,2.4849066497880004,2.7501752376556396
z_cn_to_degree,1,test-335,4.51085950651685,3.535860776901245
z_cn_to_degree,1,test-336,2.70805020110221,3.37542986869812
z_cn_to_degree,1,test-337,3.044522437723423,3.2205770015716553
z_cn_to_degree,1,test-338,2.4849066497880004,3.0074527263641357
z_cn_to_degree,1,test-339,2.772588722239781,3.426518201828003
z_cn_to_degree,1,test-340,4.143134726391533,3.2542617321014404
z_cn_to_degree,1,test-341,3.931825632724326,3.3893373012542725
z_cn_to_degree,1,test-342,2.4849066497880004,3.176823377609253
z_cn_to_degree,1,test-343,4.787491742782047,6.490797996520996
z_cn_to_degree,1,test-344,1.3862943611198906,2.7496354579925537
z_cn_to_degree,1,test-345,3.1780538303479453,3.366499662399292
z_cn_to_degree,1,test-346,2.4849066497880004,3.4128177165985107
z_cn_to_degree,1,test-347,2.4849066497880004,3.0313260555267334
z_cn_to_degree,1,test-348,2.4849066497880004,3.1526572704315186
z_cn_to_degree,1,test-349,3.401197381662155,3.975126028060913
z_cn_to_degree,1,test-350,2.8903717578961645,2.7510507106781006
z_cn_to_degree,1,test-351,3.1780538303479453,3.899097204208374
z_cn_to_degree,1,test-352,1.3862943611198906,2.7496354579925537
z_cn_to_degree,1,test-353,4.882801922586371,2.940582036972046
z_cn_to_degree,1,test-354,4.23410650459726,3.7985427379608154
z_cn_to_degree,1,test-355,5.6937321388027,5.407007217407227
z_cn_to_degree,1,test-356,0.6931471805599453,2.7496755123138428
z_cn_to_degree,1,test-357,1.791759469228055,2.7496755123138428
z_cn_to_degree,1,test-358,1.791759469228055,2.7496755123138428
z_cn_to_degree,1,test-359,5.966146739123692,5.093877792358398
z_cn_to_degree,1,test-360,3.4965075614664807,3.6934401988983154
z_cn_to_degree,1,test-361,6.733401891837358,5.767169952392578
z_cn_to_degree,1,test-362,5.272999558563747,4.0374555587768555
z_cn_to_degree,1,test-363,3.737669618283368,3.309410810470581
z_cn_to_degree,1,test-364,2.1972245773362196,3.0868661403656006
z_cn_to_degree,1,test-365,2.995732273553991,3.8112475872039795
z_cn_to_degree,1,test-366,1.3862943611198906,2.7493512630462646
z_cn_to_degree,1,test-367,6.327936783729195,5.39744758605957
z_cn_to_degree,1,test-368,4.430816798843313,4.669997215270996
z_cn_to_degree,1,test-369,0.0,2.7496354579925537
z_cn_to_degree,1,test-370,2.6390573296152584,3.7915732860565186
z_cn_to_degree,1,test-371,1.6094379124341003,2.7493512630462646
z_cn_to_degree,1,test-372,2.4849066497880004,4.126758575439453
z_cn_to_degree,1,test-373,3.465735902799726,4.040036201477051
z_cn_to_degree,1,test-374,2.772588722239781,3.26880145072937
z_cn_to_degree,1,test-375,2.70805020110221,2.8464295864105225
z_cn_to_degree,1,test-376,4.74493212836325,4.585659027099609
z_cn_to_degree,1,test-377,2.4849066497880004,2.7501752376556396
z_cn_to_degree,1,test-378,3.332204510175204,3.978261709213257
z_cn_to_degree,1,test-379,2.4849066497880004,2.7501752376556396
z_cn_to_degree,1,test-380,2.8903717578961645,3.5628716945648193
z_cn_to_degree,1,test-381,2.3025850929940455,3.1849629878997803
z_cn_to_degree,1,test-382,1.791759469228055,2.7496755123138428
z_cn_to_degree,1,test-383,0.6931471805599453,2.7496755123138428
z_cn_to_degree,1,test-384,4.276666119016055,2.7554948329925537
z_cn_to_degree,1,test-385,1.791759469228055,2.7496755123138428
z_cn_to_degree,1,test-386,1.791759469228055,2.7496755123138428
z_cn_to_degree,1,test-387,2.0794415416798357,3.870814085006714
z_cn_to_degree,1,test-388,2.995732273553991,1.9416863918304443
z_cn_to_degree,1,test-389,2.0794415416798357,2.7497174739837646
z_cn_to_degree,1,test-390,3.044522437723423,2.9140937328338623
z_cn_to_degree,1,test-391,2.995732273553991,4.209526062011719
z_cn_to_degree,1,test-392,0.0,2.7496354579925537
z_cn_to_degree,1,test-393,1.3862943611198906,2.7493512630462646
z_cn_to_degree,1,test-394,2.3025850929940455,2.749662160873413
z_cn_to_degree,1,test-395,3.295836866004329,3.5233943462371826
z_cn_to_degree,1,test-396,1.791759469228055,2.7496755123138428
z_cn_to_degree,1,test-397,3.4011973816621555,2.7528998851776123
z_cn_to_degree,1,test-398,2.4849066497880004,2.7501752376556396
z_cn_to_degree,1,test-399,2.995732273553991,3.8112475872039795
z_cn_to_degree,1,test-400,2.0794415416798357,3.1744868755340576
z_cn_to_degree,1,test-401,2.0794415416798357,3.046940565109253
z_cn_to_degree,1,test-402,3.1780538303479453,3.3361728191375732
z_cn_to_degree,1,test-403,3.828641396489095,2.7523105144500732
z_cn_to_degree,1,test-404,4.90527477843843,4.071654319763184
z_cn_to_degree,1,test-405,1.791759469228055,2.7493512630462646
z_cn_to_degree,1,test-406,3.401197381662155,3.975126028060913
z_cn_to_degree,1,test-407,1.3862943611198906,3.7915761470794678
z_cn_to_degree,1,test-408,2.8903717578961645,2.7510507106781006
z_cn_to_degree,1,test-409,4.276666119016055,2.3894259929656982
z_cn_to_degree,1,test-410,0.6931471805599453,2.7496755123138428
z_cn_to_degree,1,test-411,3.5553480614894135,4.165844917297363
z_cn_to_degree,1,test-412,2.8903717578961645,2.647120237350464
z_cn_to_degree,1,test-413,3.332204510175204,3.5524489879608154
z_cn_to_degree,1,test-414,5.342334251964811,5.14957332611084
z_cn_to_degree,1,test-415,2.890371757896165,3.0006043910980225
z_cn_to_degree,1,test-416,3.401197381662155,2.962486982345581
z_cn_to_degree,1,test-417,3.091042453358316,2.749727964401245
z_cn_to_degree,1,test-418,2.995732273553991,3.8112475872039795
z_cn_to_degree,1,test-419,3.401197381662155,3.3853118419647217
z_cn_to_degree,1,test-420,4.787491742782046,3.4597203731536865
z_cn_to_degree,1,test-421,4.430816798843313,4.0981550216674805
z_cn_to_degree,1,test-422,2.8903717578961645,3.2093684673309326
z_cn_to_degree,1,test-423,2.0794415416798357,2.7497174739837646
z_cn_to_degree,1,test-424,3.1780538303479458,3.9106662273406982
z_cn_to_degree,1,test-425,1.9459101490553132,2.7490556240081787
z_cn_to_degree,1,test-426,2.995732273553991,3.4807775020599365
z_cn_to_degree,1,test-427,2.1972245773362196,3.0868661403656006
z_cn_to_degree,1,test-428,1.3862943611198906,3.7915761470794678
z_cn_to_degree,1,test-429,3.401197381662156,3.632258176803589
z_cn_to_degree,1,test-430,3.332204510175204,2.7476413249969482
z_cn_to_degree,1,test-431,2.0794415416798357,2.7497174739837646
z_cn_to_degree,1,test-432,2.4849066497880004,3.176823377609253
z_cn_to_degree,1,test-433,3.6888794541139367,3.2291362285614014
z_cn_to_degree,1,test-434,2.70805020110221,3.8863131999969482
z_cn_to_degree,1,test-435,2.4849066497880004,3.291480779647827
z_cn_to_degree,1,test-436,4.718498871295095,2.7384774684906006
z_cn_to_degree,1,test-437,5.634789603169249,4.579756736755371
z_cn_to_degree,1,test-438,4.68213122712422,3.6185290813446045
z_cn_to_degree,1,test-439,1.791759469228055,2.7496755123138428
z_cn_to_degree,1,test-440,3.9889840465642745,3.663663625717163
z_cn_to_degree,1,test-441,6.327936783729195,4.9825439453125
z_cn_to_degree,1,test-442,3.044522437723423,3.7807719707489014
z_cn_to_degree,1,test-443,2.70805020110221,2.9799182415008545
z_cn_to_degree,1,test-444,1.0986122886681098,2.749302625656128
z_cn_to_degree,1,test-445,2.995732273553991,3.535067319869995
z_cn_to_degree,1,test-446,2.772588722239781,3.141993284225464
z_cn_to_degree,1,test-447,2.995732273553991,4.041536331176758
z_cn_to_degree,1,test-448,1.791759469228055,2.7493512630462646
z_cn_to_degree,1,test-449,1.3862943611198906,3.7915761470794678
z_cn_to_degree,1,test-450,2.4849066497880004,4.2633867263793945
z_cn_to_degree,1,test-451,7.50659178007084,8.01315975189209
z_cn_to_degree,1,test-452,3.951243718581427,4.043295860290527
z_cn_to_degree,1,test-453,3.5553480614894135,5.346144676208496
z_cn_to_degree,1,test-454,2.70805020110221,3.37542986869812
z_cn_to_degree,1,test-455,3.258096538021482,2.912421941757202
z_cn_to_degree,1,test-456,5.634789603169249,3.089832067489624
z_cn_to_degree,1,test-457,0.6931471805599453,2.7496755123138428
z_cn_to_degree,1,test-458,2.772588722239781,3.7881410121917725
z_cn_to_degree,1,test-459,3.401197381662156,3.241842031478882
z_cn_to_degree,1,test-460,2.995732273553991,4.016457557678223
z_cn_to_degree,1,test-461,3.044522437723423,3.494170904159546
z_cn_to_degree,1,test-462,2.1972245773362196,2.7495410442352295
z_cn_to_degree,1,test-463,1.791759469228055,3.1451070308685303
z_cn_to_degree,1,test-464,3.1780538303479458,3.1790902614593506
z_cn_to_degree,1,test-465,2.1972245773362196,2.7495410442352295
z_cn_to_degree,1,test-466,3.401197381662155,3.0115067958831787
z_cn_to_degree,1,test-467,6.327936783729195,5.1965131759643555
z_cn_to_degree,1,test-468,2.995732273553991,3.8112475872039795
z_cn_to_degree,1,test-469,3.044522437723423,3.4218318462371826
z_cn_to_degree,1,test-470,1.0986122886681098,2.749302625656128
z_cn_to_degree,1,test-471,3.401197381662155,3.5775935649871826
z_cn_to_degree,1,test-472,2.3025850929940455,2.749662160873413
z_cn_to_degree,1,test-473,6.040254711277414,3.842244863510132
z_cn_to_degree,1,test-474,4.90527477843843,4.58236026763916
z_cn_to_degree,1,test-475,2.1972245773362196,3.4593799114227295
z_cn_to_degree,1,test-476,2.0794415416798357,2.7497174739837646
z_cn_to_degree,1,test-477,2.8903717578961645,3.37542986869812
z_cn_to_degree,1,test-478,3.1780538303479453,3.2405059337615967
z_cn_to_degree,1,test-479,2.995732273553991,3.0199506282806396
z_cn_to_degree,1,test-480,4.276666119016055,4.134592056274414
z_cn_to_degree,1,test-481,2.4849066497880004,2.7501752376556396
z_cn_to_degree,1,test-482,3.295836866004329,3.3384950160980225
z_cn_to_degree,1,test-483,3.1780538303479453,3.566558599472046
z_cn_to_degree,1,test-484,2.0794415416798357,2.7497174739837646
z_cn_to_degree,1,test-485,3.332204510175204,3.978261709213257
z_cn_to_degree,1,test-486,1.3862943611198906,2.7493512630462646
z_cn_to_degree,1,test-487,4.356708826689592,3.872213125228882
z_cn_to_degree,1,test-488,2.0794415416798357,2.7497174739837646
z_cn_to_degree,1,test-489,2.9957322735539913,2.749727964401245
z_cn_to_degree,1,test-490,0.6931471805599453,2.7496755123138428
z_cn_to_degree,1,test-491,2.0794415416798357,2.7497174739837646
z_cn_to_degree,1,test-492,4.31748811353631,5.0910749435424805
z_cn_to_degree,1,test-493,3.58351893845611,4.207995414733887
z_cn_to_degree,1,test-494,0.0,2.7496354579925537
z_cn_to_degree,1,test-495,5.272999558563747,4.0374555587768555
z_cn_to_degree,1,test-496,1.791759469228055,2.7496755123138428
z_cn_to_degree,1,test-497,3.7376696182833684,3.0783727169036865
z_cn_to_degree,1,test-498,2.4849066497880004,2.7501752376556396
z_cn_to_degree,1,test-499,3.8712010109078907,4.961325645446777
z_cn_to_degree,1,test-500,6.040254711277414,3.9955599308013916
z_cn_to_degree,1,test-501,3.332204510175204,3.321190595626831
z_cn_to_degree,1,test-502,3.332204510175204,3.7549312114715576
z_cn_to_degree,1,test-503,4.700480365792417,7.2023210525512695
z_cn_to_degree,1,test-504,4.499809670330265,4.421567916870117
z_cn_to_degree,1,test-505,2.1972245773362196,2.671741247177124
z_cn_to_degree,1,test-506,3.688879454113936,4.179732322692871
z_cn_to_degree,1,test-507,2.6390573296152584,2.751110792160034
z_cn_to_degree,1,test-508,4.276666119016055,5.148829460144043
z_cn_to_degree,1,test-509,3.8712010109078907,4.849381446838379
z_cn_to_degree,1,test-510,4.442651256490317,3.4292056560516357
z_cn_to_degree,1,test-511,5.634789603169249,3.089832067489624
z_residual_to_degree,1,test-0,4.6443908991413725,3.2979776859283447
z_residual_to_degree,1,test-1,3.9889840465642745,3.4310786724090576
z_residual_to_degree,1,test-2,4.584967478670571,3.432792901992798
z_residual_to_degree,1,test-3,3.1780538303479453,3.4443163871765137
z_residual_to_degree,1,test-4,4.77912349311153,3.282541275024414
z_residual_to_degree,1,test-5,3.8066624897703196,3.3519577980041504
z_residual_to_degree,1,test-6,5.966146739123692,3.703585386276245
z_residual_to_degree,1,test-7,3.6635616461296463,3.3991858959198
z_residual_to_degree,1,test-8,3.044522437723423,3.688882827758789
z_residual_to_degree,1,test-9,3.6888794541139367,4.092007160186768
z_residual_to_degree,1,test-10,3.401197381662155,3.6986215114593506
z_residual_to_degree,1,test-11,3.9120230054281464,3.4116737842559814
z_residual_to_degree,1,test-12,0.6931471805599453,2.951911687850952
z_residual_to_degree,1,test-13,4.74493212836325,3.374302864074707
z_residual_to_degree,1,test-14,4.0943445622221,3.893185615539551
z_residual_to_degree,1,test-15,1.791759469228055,3.2010116577148438
z_residual_to_degree,1,test-16,4.394449154672439,3.616001844406128
z_residual_to_degree,1,test-17,4.718498871295095,4.091279029846191
z_residual_to_degree,1,test-18,0.6931471805599453,2.6171469688415527
z_residual_to_degree,1,test-19,3.044522437723423,5.843327045440674
z_residual_to_degree,1,test-20,3.1780538303479458,3.501595973968506
z_residual_to_degree,1,test-21,3.465735902799726,3.433011770248413
z_residual_to_degree,1,test-22,3.401197381662155,3.669769287109375
z_residual_to_degree,1,test-23,1.0986122886681098,1.8969749212265015
z_residual_to_degree,1,test-24,3.5553480614894135,3.189332962036133
z_residual_to_degree,1,test-25,4.189654742026425,2.5997869968414307
z_residual_to_degree,1,test-26,2.3025850929940455,3.214398145675659
z_residual_to_degree,1,test-27,3.465735902799726,3.5522444248199463
z_residual_to_degree,1,test-28,2.8903717578961645,3.5817933082580566
z_residual_to_degree,1,test-29,3.688879454113936,3.3526458740234375
z_residual_to_degree,1,test-30,4.882801922586371,3.9094080924987793
z_residual_to_degree,1,test-31,4.553876891600541,3.6207334995269775
z_residual_to_degree,1,test-32,3.58351893845611,3.746075391769409
z_residual_to_degree,1,test-33,3.58351893845611,3.4987423419952393
z_residual_to_degree,1,test-34,3.1780538303479453,2.8850138187408447
z_residual_to_degree,1,test-35,2.772588722239781,3.019967555999756
z_residual_to_degree,1,test-36,1.3862943611198906,3.0947742462158203
z_residual_to_degree,1,test-37,2.3025850929940455,2.0116689205169678
z_residual_to_degree,1,test-38,3.9889840465642745,3.552957057952881
z_residual_to_degree,1,test-39,1.791759469228055,3.548478126525879
z_residual_to_degree,1,test-40,3.951243718581427,2.9602317810058594
z_residual_to_degree,1,test-41,3.6888794541139367,3.929490327835083
z_residual_to_degree,1,test-42,6.040254711277414,4.105136394500732
z_residual_to_degree,1,test-43,2.4849066497880004,3.520508050918579
z_residual_to_degree,1,test-44,3.1780538303479453,3.469076633453369
z_residual_to_degree,1,test-45,0.6931471805599453,1.1959640979766846
z_residual_to_degree,1,test-46,4.941642422609304,3.577908515930176
z_residual_to_degree,1,test-47,0.0,1.6531428098678589
z_residual_to_degree,1,test-48,2.8903717578961645,3.7873220443725586
z_residual_to_degree,1,test-49,6.040254711277414,4.0237579345703125
z_residual_to_degree,1,test-50,3.332204510175204,3.6112782955169678
z_residual_to_degree,1,test-51,2.995732273553991,3.328540086746216
z_residual_to_degree,1,test-52,6.327936783729195,4.704673767089844
z_residual_to_degree,1,test-53,2.8903717578961645,3.207555055618286
z_residual_to_degree,1,test-54,2.6390573296152584,3.2874035835266113
z_residual_to_degree,1,test-55,4.927253685157204,3.6005823612213135
z_residual_to_degree,1,test-56,2.70805020110221,3.6110997200012207
z_residual_to_degree,1,test-57,5.272999558563747,3.5672078132629395
z_residual_to_degree,1,test-58,3.9889840465642745,3.677750825881958
z_residual_to_degree,1,test-59,2.0794415416798357,3.4718785285949707
z_residual_to_degree,1,test-60,4.7535901911063645,3.6102216243743896
z_residual_to_degree,1,test-61,2.1972245773362196,0.6792147159576416
z_residual_to_degree,1,test-62,2.3978952727983707,4.988120079040527
z_residual_to_degree,1,test-63,1.3862943611198906,-0.6507256031036377
z_residual_to_degree,1,test-64,3.58351893845611,3.541280508041382
z_residual_to_degree,1,test-65,2.8903717578961645,3.482138156890869
z_residual_to_degree,1,test-66,2.4849066497880004,3.5268445014953613
z_residual_to_degree,1,test-67,2.4849066497880004,3.235077142715454
z_residual_to_degree,1,test-68,4.90527477843843,4.2233452796936035
z_residual_to_degree,1,test-69,3.2188758248682006,3.337212324142456
z_residual_to_degree,1,test-70,2.995732273553991,3.2642788887023926
z_residual_to_degree,1,test-71,4.0943445622221,3.6135165691375732
z_residual_to_degree,1,test-72,1.791759469228055,2.4801242351531982
z_residual_to_degree,1,test-73,3.951243718581427,3.2953953742980957
z_residual_to_degree,1,test-74,2.70805020110221,3.469780921936035
z_residual_to_degree,1,test-75,3.044522437723423,3.279036045074463
z_residual_to_degree,1,test-76,1.0986122886681098,2.456481456756592
z_residual_to_degree,1,test-77,3.044522437723423,3.3202197551727295
z_residual_to_degree,1,test-78,1.3862943611198906,1.9996428489685059
z_residual_to_degree,1,test-79,1.791759469228055,3.422807455062866
z_residual_to_degree,1,test-80,3.688879454113936,3.281090021133423
z_residual_to_degree,1,test-81,3.58351893845611,3.295027256011963
z_residual_to_degree,1,test-82,3.465735902799726,3.1860904693603516
z_residual_to_degree,1,test-83,4.025351690735149,4.487477779388428
z_residual_to_degree,1,test-84,4.718498871295094,5.431055068969727
z_residual_to_degree,1,test-85,3.9889840465642745,3.445063591003418
z_residual_to_degree,1,test-86,3.332204510175204,4.006850719451904
z_residual_to_degree,1,test-87,2.70805020110221,3.9233009815216064
z_residual_to_degree,1,test-88,2.6390573296152584,3.193598985671997
z_residual_to_degree,1,test-89,3.332204510175204,3.6913225650787354
z_residual_to_degree,1,test-90,2.4849066497880004,4.016579627990723
z_residual_to_degree,1,test-91,2.0794415416798357,3.477466106414795
z_residual_to_degree,1,test-92,3.1780538303479453,3.796663284301758
z_residual_to_degree,1,test-93,5.272999558563747,3.6533586978912354
z_residual_to_degree,1,test-94,2.4849066497880004,5.347402095794678
z_residual_to_degree,1,test-95,3.401197381662156,3.686608076095581
z_residual_to_degree,1,test-96,7.50659178007084,3.994896173477173
z_residual_to_degree,1,test-97,4.465908118654584,4.341690540313721
z_residual_to_degree,1,test-98,2.3025850929940455,3.3871405124664307
z_residual_to_degree,1,test-99,2.70805020110221,3.16261887550354
z_residual_to_degree,1,test-100,3.58351893845611,3.49666428565979
z_residual_to_degree,1,test-101,2.70805020110221,3.1924846172332764
z_residual_to_degree,1,test-102,4.02535169073515,2.4670510292053223
z_residual_to_degree,1,test-103,2.772588722239781,3.276657819747925
z_residual_to_degree,1,test-104,2.1972245773362196,3.4032254219055176
z_residual_to_degree,1,test-105,1.0986122886681098,2.8778491020202637
z_residual_to_degree,1,test-106,3.5263605246161616,3.233839273452759
z_residual_to_degree,1,test-107,0.6931471805599453,0.7156367301940918
z_residual_to_degree,1,test-108,6.327936783729195,3.933790922164917
z_residual_to_degree,1,test-109,3.58351893845611,3.1834933757781982
z_residual_to_degree,1,test-110,2.0794415416798357,3.6887521743774414
z_residual_to_degree,1,test-111,2.8903717578961645,3.113551139831543
z_residual_to_degree,1,test-112,5.0106352940962555,3.6227691173553467
z_residual_to_degree,1,test-113,3.688879454113936,3.47976016998291
z_residual_to_degree,1,test-114,1.3862943611198906,3.1514978408813477
z_residual_to_degree,1,test-115,1.3862943611198906,3.3189423084259033
z_residual_to_degree,1,test-116,7.3395376954076745,3.9909141063690186
z_residual_to_degree,1,test-117,4.304065093204169,4.202023983001709
z_residual_to_degree,1,test-118,3.2188758248682006,4.29498815536499
z_residual_to_degree,1,test-119,6.733401891837358,4.909297943115234
z_residual_to_degree,1,test-120,2.4849066497880004,3.3922324180603027
z_residual_to_degree,1,test-121,2.995732273553991,3.4265596866607666
z_residual_to_degree,1,test-122,3.58351893845611,3.4842772483825684
z_residual_to_degree,1,test-123,1.791759469228055,3.720120906829834
z_residual_to_degree,1,test-124,2.6390573296152584,3.73171329498291
z_residual_to_degree,1,test-125,2.1972245773362196,3.1512458324432373
z_residual_to_degree,1,test-126,2.4849066497880004,3.667633056640625
z_residual_to_degree,1,test-127,1.791759469228055,2.493114948272705
z_residual_to_degree,1,test-128,3.6635616461296463,3.410081386566162
z_residual_to_degree,1,test-129,2.5649493574615367,2.8876285552978516
z_residual_to_degree,1,test-130,2.995732273553991,3.2996761798858643
z_residual_to_degree,1,test-131,3.044522437723423,3.5075485706329346
z_residual_to_degree,1,test-132,3.688879454113936,3.2500104904174805
z_residual_to_degree,1,test-133,5.560681631015528,3.4905591011047363
z_residual_to_degree,1,test-134,2.1972245773362196,2.8828656673431396
z_residual_to_degree,1,test-135,2.772588722239781,3.2946627140045166
z_residual_to_degree,1,test-136,3.688879454113936,3.161431312561035
z_residual_to_degree,1,test-137,2.1972245773362196,1.7126312255859375
z_residual_to_degree,1,test-138,4.31748811353631,5.387298583984375
z_residual_to_degree,1,test-139,1.791759469228055,3.299287796020508
z_residual_to_degree,1,test-140,3.332204510175204,3.1327149868011475
z_residual_to_degree,1,test-141,4.276666119016055,3.6583876609802246
z_residual_to_degree,1,test-142,2.70805020110221,3.64011287689209
z_residual_to_degree,1,test-143,2.0794415416798357,3.2796547412872314
z_residual_to_degree,1,test-144,2.772588722239781,3.7136030197143555
z_residual_to_degree,1,test-145,4.882801922586371,3.9079954624176025
z_residual_to_degree,1,test-146,3.465735902799726,3.2104671001434326
z_residual_to_degree,1,test-147,3.332204510175204,3.756277561187744
z_residual_to_degree,1,test-148,6.327936783729195,5.103787422180176
z_residual_to_degree,1,test-149,3.2188758248682006,3.8423819541931152
z_residual_to_degree,1,test-150,3.931825632724326,3.5353381633758545
z_residual_to_degree,1,test-151,3.295836866004329,3.266324043273926
z_residual_to_degree,1,test-152,3.4011973816621555,2.9588236808776855
z_residual_to_degree,1,test-153,4.0943445622221,3.348618984222412
z_residual_to_degree,1,test-154,2.0794415416798357,3.419990301132202
z_residual_to_degree,1,test-155,2.3025850929940455,3.9838173389434814
z_residual_to_degree,1,test-156,5.4116460518550396,3.156874895095825
z_residual_to_degree,1,test-157,4.564348191467836,4.599643707275391
z_residual_to_degree,1,test-158,0.0,1.233607530593872
z_residual_to_degree,1,test-159,2.70805020110221,3.939242362976074
z_residual_to_degree,1,test-160,2.9444389791664403,3.1836092472076416
z_residual_to_degree,1,test-161,1.3862943611198906,4.2323760986328125
z_residual_to_degree,1,test-162,2.8903717578961645,3.4507527351379395
z_residual_to_degree,1,test-163,1.791759469228055,3.7283921241760254
z_residual_to_degree,1,test-164,5.560681631015528,3.7398462295532227
z_residual_to_degree,1,test-165,1.0986122886681098,1.6007802486419678
z_residual_to_degree,1,test-166,3.5553480614894135,3.9588327407836914
z_residual_to_degree,1,test-167,4.499809670330265,3.196321964263916
z_residual_to_degree,1,test-168,3.5553480614894135,3.414510726928711
z_residual_to_degree,1,test-169,1.791759469228055,3.150250196456909
z_residual_to_degree,1,test-170,2.0794415416798357,3.7687110900878906
z_residual_to_degree,1,test-171,5.288267030694535,4.2935075759887695
z_residual_to_degree,1,test-172,1.3862943611198906,3.22780179977417
z_residual_to_degree,1,test-173,2.4849066497880004,3.5802977085113525
z_residual_to_degree,1,test-174,3.9120230054281464,3.1406967639923096
z_residual_to_degree,1,test-175,4.499809670330265,3.5584769248962402
z_residual_to_degree,1,test-176,4.867534450455582,3.9002861976623535
z_residual_to_degree,1,test-177,4.718498871295095,4.293424606323242
z_residual_to_degree,1,test-178,3.465735902799726,2.941223382949829
z_residual_to_degree,1,test-179,1.3862943611198906,1.7754368782043457
z_residual_to_degree,1,test-180,3.58351893845611,3.222900867462158
z_residual_to_degree,1,test-181,3.58351893845611,3.179649829864502
z_residual_to_degree,1,test-182,3.465735902799726,4.257936477661133
z_residual_to_degree,1,test-183,0.0,2.1675961017608643
z_residual_to_degree,1,test-184,7.24422751560335,3.9724559783935547
z_residual_to_degree,1,test-185,3.332204510175204,3.2230453491210938
z_residual_to_degree,1,test-186,3.401197381662155,3.221757650375366
z_residual_to_degree,1,test-187,3.332204510175204,3.4222090244293213
z_residual_to_degree,1,test-188,2.4849066497880004,3.700594186782837
z_residual_to_degree,1,test-189,2.1972245773362196,3.2751080989837646
z_residual_to_degree,1,test-190,2.70805020110221,3.632394552230835
z_residual_to_degree,1,test-191,2.0794415416798357,3.513664484024048
z_residual_to_degree,1,test-192,3.044522437723423,3.2003273963928223
z_residual_to_degree,1,test-193,2.995732273553991,3.4438207149505615
z_residual_to_degree,1,test-194,3.58351893845611,3.4874932765960693
z_residual_to_degree,1,test-195,4.90527477843843,4.441095352172852
z_residual_to_degree,1,test-196,4.5217885770490405,3.5981767177581787
z_residual_to_degree,1,test-197,2.4849066497880004,3.4000985622406006
z_residual_to_degree,1,test-198,4.709530201312334,3.7352328300476074
z_residual_to_degree,1,test-199,1.0986122886681098,2.878201723098755
z_residual_to_degree,1,test-200,1.0986122886681098,1.7505531311035156
z_residual_to_degree,1,test-201,1.0986122886681098,3.6206772327423096
z_residual_to_degree,1,test-202,3.044522437723423,3.1771836280822754
z_residual_to_degree,1,test-203,2.4849066497880004,4.7475786209106445
z_residual_to_degree,1,test-204,2.6390573296152584,3.2828164100646973
z_residual_to_degree,1,test-205,2.1972245773362196,3.551870822906494
z_residual_to_degree,1,test-206,3.58351893845611,2.89626407623291
z_residual_to_degree,1,test-207,4.2484952420493585,3.429287910461426
z_residual_to_degree,1,test-208,4.0943445622221,3.724777936935425
z_residual_to_degree,1,test-209,4.836281906951478,3.5903637409210205
z_residual_to_degree,1,test-210,4.976733742420574,3.6315102577209473
z_residual_to_degree,1,test-211,3.044522437723423,3.29960298538208
z_residual_to_degree,1,test-212,4.499809670330265,3.6699273586273193
z_residual_to_degree,1,test-213,1.3862943611198906,3.2836170196533203
z_residual_to_degree,1,test-214,5.560681631015528,3.509747266769409
z_residual_to_degree,1,test-215,2.0794415416798357,3.6655678749084473
z_residual_to_degree,1,test-216,0.6931471805599453,1.2213516235351562
z_residual_to_degree,1,test-217,1.791759469228055,4.528713226318359
z_residual_to_degree,1,test-218,3.044522437723423,3.067861557006836
z_residual_to_degree,1,test-219,3.58351893845611,3.231782913208008
z_residual_to_degree,1,test-220,2.70805020110221,3.741089105606079
z_residual_to_degree,1,test-221,2.995732273553991,3.826483726501465
z_residual_to_degree,1,test-222,2.0794415416798357,1.9733288288116455
z_residual_to_degree,1,test-223,3.8712010109078907,3.168105363845825
z_residual_to_degree,1,test-224,0.0,1.8116750717163086
z_residual_to_degree,1,test-225,3.332204510175204,3.182448387145996
z_residual_to_degree,1,test-226,2.0794415416798357,3.670149326324463
z_residual_to_degree,1,test-227,2.772588722239781,3.077939033508301
z_residual_to_degree,1,test-228,1.791759469228055,3.4360601902008057
z_residual_to_degree,1,test-229,2.1972245773362196,3.4656496047973633
z_residual_to_degree,1,test-230,3.401197381662156,3.6009528636932373
z_residual_to_degree,1,test-231,4.430816798843313,3.6575849056243896
z_residual_to_degree,1,test-232,4.276666119016055,3.634035587310791
z_residual_to_degree,1,test-233,1.791759469228055,2.2320380210876465
z_residual_to_degree,1,test-234,3.58351893845611,3.1551713943481445
z_residual_to_degree,1,test-235,3.1780538303479453,3.691072702407837
z_residual_to_degree,1,test-236,2.8903717578961645,3.725126266479492
z_residual_to_degree,1,test-237,3.044522437723423,3.253450393676758
z_residual_to_degree,1,test-238,5.780743515792329,4.103799819946289
z_residual_to_degree,1,test-239,6.327936783729195,4.182506084442139
z_residual_to_degree,1,test-240,0.6931471805599453,-0.34579992294311523
z_residual_to_degree,1,test-241,2.4849066497880004,3.2732794284820557
z_residual_to_degree,1,test-242,2.8903717578961645,3.2560079097747803
z_residual_to_degree,1,test-243,2.1972245773362196,3.5809335708618164
z_residual_to_degree,1,test-244,3.044522437723423,3.750641345977783
z_residual_to_degree,1,test-245,2.70805020110221,3.375136137008667
z_residual_to_degree,1,test-246,4.74493212836325,3.5685970783233643
z_residual_to_degree,1,test-247,1.791759469228055,5.663440704345703
z_residual_to_degree,1,test-248,3.8066624897703196,3.782867908477783
z_residual_to_degree,1,test-249,3.951243718581427,3.61669659614563
z_residual_to_degree,1,test-250,1.3862943611198906,2.753596067428589
z_residual_to_degree,1,test-251,4.718498871295095,5.512056350708008
z_residual_to_degree,1,test-252,3.465735902799726,3.24507737159729
z_residual_to_degree,1,test-253,2.70805020110221,3.237860918045044
z_residual_to_degree,1,test-254,2.6390573296152584,3.581627368927002
z_residual_to_degree,1,test-255,5.19295685089021,3.391155242919922
z_residual_to_degree,1,test-256,0.0,1.803891658782959
z_residual_to_degree,1,test-257,5.98141421125448,3.843284845352173
z_residual_to_degree,1,test-258,3.8712010109078907,3.293370485305786
z_residual_to_degree,1,test-259,2.9957322735539913,3.9488000869750977
z_residual_to_degree,1,test-260,1.0986122886681098,3.4047653675079346
z_residual_to_degree,1,test-261,3.401197381662155,3.6780126094818115
z_residual_to_degree,1,test-262,2.995732273553991,3.066725254058838
z_residual_to_degree,1,test-263,2.995732273553991,3.188446044921875
z_residual_to_degree,1,test-264,4.1588830833596715,3.475733995437622
z_residual_to_degree,1,test-265,4.31748811353631,4.486556529998779
z_residual_to_degree,1,test-266,1.791759469228055,3.1867878437042236
z_residual_to_degree,1,test-267,2.0794415416798357,3.3224399089813232
z_residual_to_degree,1,test-268,2.70805020110221,3.778221368789673
z_residual_to_degree,1,test-269,6.476972362889683,3.5494935512542725
z_residual_to_degree,1,test-270,1.791759469228055,3.2627477645874023
z_residual_to_degree,1,test-271,3.044522437723423,3.299081563949585
z_residual_to_degree,1,test-272,3.737669618283368,3.8839619159698486
z_residual_to_degree,1,test-273,3.1780538303479453,3.422297477722168
z_residual_to_degree,1,test-274,2.772588722239781,3.7232117652893066
z_residual_to_degree,1,test-275,2.70805020110221,3.268800735473633
z_residual_to_degree,1,test-276,2.0794415416798357,3.5303618907928467
z_residual_to_degree,1,test-277,3.332204510175204,5.073782444000244
z_residual_to_degree,1,test-278,5.220355825078324,3.5947208404541016
z_residual_to_degree,1,test-279,3.6635616461296463,3.1930689811706543
z_residual_to_degree,1,test-280,2.6390573296152584,1.6763734817504883
z_residual_to_degree,1,test-281,2.4849066497880004,3.3319520950317383
z_residual_to_degree,1,test-282,3.9512437185814275,4.257460594177246
z_residual_to_degree,1,test-283,2.995732273553991,3.3605217933654785
z_residual_to_degree,1,test-284,1.6094379124341003,2.6172327995300293
z_residual_to_degree,1,test-285,2.70805020110221,2.9573676586151123
z_residual_to_degree,1,test-286,6.461468176353717,3.620004653930664
z_residual_to_degree,1,test-287,3.044522437723423,3.2579433917999268
z_residual_to_degree,1,test-288,3.4965075614664807,3.6464357376098633
z_residual_to_degree,1,test-289,4.499809670330265,3.501173496246338
z_residual_to_degree,1,test-290,2.8903717578961645,3.2367794513702393
z_residual_to_degree,1,test-291,5.60947179518496,3.616389274597168
z_residual_to_degree,1,test-292,5.375278407684165,4.555238246917725
z_residual_to_degree,1,test-293,3.6888794541139367,3.887913942337036
z_residual_to_degree,1,test-294,2.1972245773362196,3.3316640853881836
z_residual_to_degree,1,test-295,2.3025850929940455,3.132601022720337
z_residual_to_degree,1,test-296,3.7376696182833684,5.3915557861328125
z_residual_to_degree,1,test-297,2.0794415416798357,2.2923667430877686
z_residual_to_degree,1,test-298,1.3862943611198906,3.2479488849639893
z_residual_to_degree,1,test-299,3.1780538303479453,3.6027979850769043
z_residual_to_degree,1,test-300,2.995732273553991,3.3019418716430664
z_residual_to_degree,1,test-301,1.6094379124341003,2.902611255645752
z_residual_to_degree,1,test-302,2.4849066497880004,3.4614498615264893
z_residual_to_degree,1,test-303,2.0794415416798357,3.2365922927856445
z_residual_to_degree,1,test-304,4.382026634673881,4.2393083572387695
z_residual_to_degree,1,test-305,3.332204510175204,3.198984146118164
z_residual_to_degree,1,test-306,5.556828061699537,3.474128484725952
z_residual_to_degree,1,test-307,2.0794415416798357,3.5609121322631836
z_residual_to_degree,1,test-308,2.0794415416798357,3.1410369873046875
z_residual_to_degree,1,test-309,3.58351893845611,3.838198661804199
z_residual_to_degree,1,test-310,2.1972245773362196,3.1837375164031982
z_residual_to_degree,1,test-311,3.8918202981106265,3.4662070274353027
z_residual_to_degree,1,test-312,2.4849066497880004,4.538573265075684
z_residual_to_degree,1,test-313,6.733401891837358,4.946671009063721
z_residual_to_degree,1,test-314,4.941642422609304,3.268240213394165
z_residual_to_degree,1,test-315,1.9459101490553132,0.20924925804138184
z_residual_to_degree,1,test-316,2.8903717578961645,3.246943235397339
z_residual_to_degree,1,test-317,5.4116460518550396,3.481027364730835
z_residual_to_degree,1,test-318,3.332204510175204,3.243980646133423
z_residual_to_degree,1,test-319,6.733401891837358,4.04703950881958
z_residual_to_degree,1,test-320,2.772588722239781,3.710606098175049
z_residual_to_degree,1,test-321,3.044522437723423,3.674274206161499
z_residual_to_degree,1,test-322,2.995732273553991,2.943000555038452
z_residual_to_degree,1,test-323,0.6931471805599453,3.1307454109191895
z_residual_to_degree,1,test-324,2.4849066497880004,3.82224178314209
z_residual_to_degree,1,test-325,2.772588722239781,3.450974464416504
z_residual_to_degree,1,test-326,3.091042453358316,5.073796272277832
z_residual_to_degree,1,test-327,3.401197381662156,3.270378351211548
z_residual_to_degree,1,test-328,3.688879454113936,3.216845750808716
z_residual_to_degree,1,test-329,1.6094379124341003,3.930654764175415
z_residual_to_degree,1,test-330,3.5553480614894135,3.7177226543426514
z_residual_to_degree,1,test-331,3.8712010109078907,4.153538703918457
z_residual_to_degree,1,test-332,2.70805020110221,2.8887734413146973
z_residual_to_degree,1,test-333,2.8903717578961645,2.0260047912597656
z_residual_to_degree,1,test-334,2.4849066497880004,3.405317544937134
z_residual_to_degree,1,test-335,4.51085950651685,3.4099581241607666
z_residual_to_degree,1,test-336,2.70805020110221,4.181829929351807
z_residual_to_degree,1,test-337,3.044522437723423,3.8821094036102295
z_residual_to_degree,1,test-338,2.4849066497880004,3.1441142559051514
z_residual_to_degree,1,test-339,2.772588722239781,3.5541977882385254
z_residual_to_degree,1,test-340,4.143134726391533,3.575140953063965
z_residual_to_degree,1,test-341,3.931825632724326,3.3370707035064697
z_residual_to_degree,1,test-342,2.4849066497880004,5.939553260803223
z_residual_to_degree,1,test-343,4.787491742782047,3.8366265296936035
z_residual_to_degree,1,test-344,1.3862943611198906,3.214963912963867
z_residual_to_degree,1,test-345,3.1780538303479453,3.5481889247894287
z_residual_to_degree,1,test-346,2.4849066497880004,4.304416656494141
z_residual_to_degree,1,test-347,2.4849066497880004,3.0831868648529053
z_residual_to_degree,1,test-348,2.4849066497880004,3.174201011657715
z_residual_to_degree,1,test-349,3.401197381662155,1.2826647758483887
z_residual_to_degree,1,test-350,2.8903717578961645,1.010615348815918
z_residual_to_degree,1,test-351,3.1780538303479453,2.7807724475860596
z_residual_to_degree,1,test-352,1.3862943611198906,1.9451411962509155
z_residual_to_degree,1,test-353,4.882801922586371,4.395816802978516
z_residual_to_degree,1,test-354,4.23410650459726,3.6808481216430664
z_residual_to_degree,1,test-355,5.6937321388027,4.307378768920898
z_residual_to_degree,1,test-356,0.6931471805599453,0.9600799083709717
z_residual_to_degree,1,test-357,1.791759469228055,2.1343493461608887
z_residual_to_degree,1,test-358,1.791759469228055,3.9566142559051514
z_residual_to_degree,1,test-359,5.966146739123692,3.527799606323242
z_residual_to_degree,1,test-360,3.4965075614664807,3.2977657318115234
z_residual_to_degree,1,test-361,6.733401891837358,4.984054088592529
z_residual_to_degree,1,test-362,5.272999558563747,3.3209750652313232
z_residual_to_degree,1,test-363,3.737669618283368,3.921966552734375
z_residual_to_degree,1,test-364,2.1972245773362196,2.300609588623047
z_residual_to_degree,1,test-365,2.995732273553991,3.765676736831665
z_residual_to_degree,1,test-366,1.3862943611198906,3.4006659984588623
z_residual_to_degree,1,test-367,6.327936783729195,2.745220899581909
z_residual_to_degree,1,test-368,4.430816798843313,3.576906681060791
z_residual_to_degree,1,test-369,0.0,3.27752685546875
z_residual_to_degree,1,test-370,2.6390573296152584,3.3678717613220215
z_residual_to_degree,1,test-371,1.6094379124341003,4.789247512817383
z_residual_to_degree,1,test-372,2.4849066497880004,3.7172040939331055
z_residual_to_degree,1,test-373,3.465735902799726,3.9024221897125244
z_residual_to_degree,1,test-374,2.772588722239781,3.17136549949646
z_residual_to_degree,1,test-375,2.70805020110221,3.064530849456787
z_residual_to_degree,1,test-376,4.74493212836325,3.5819919109344482
z_residual_to_degree,1,test-377,2.4849066497880004,3.5331220626831055
z_residual_to_degree,1,test-378,3.332204510175204,3.658205032348633
z_residual_to_degree,1,test-379,2.4849066497880004,2.0403289794921875
z_residual_to_degree,1,test-380,2.8903717578961645,3.281460762023926
z_residual_to_degree,1,test-381,2.3025850929940455,4.1877970695495605
z_residual_to_degree,1,test-382,1.791759469228055,3.2573115825653076
z_residual_to_degree,1,test-383,0.6931471805599453,1.462794303894043
z_residual_to_degree,1,test-384,4.276666119016055,3.301119804382324
z_residual_to_degree,1,test-385,1.791759469228055,3.326862335205078
z_residual_to_degree,1,test-386,1.791759469228055,3.763848066329956
z_residual_to_degree,1,test-387,2.0794415416798357,3.249373435974121
z_residual_to_degree,1,test-388,2.995732273553991,3.7568747997283936
z_residual_to_degree,1,test-389,2.0794415416798357,3.460942029953003
z_residual_to_degree,1,test-390,3.044522437723423,3.4788310527801514
z_residual_to_degree,1,test-391,2.995732273553991,3.358747720718384
z_residual_to_degree,1,test-392,0.0,2.3163344860076904
z_residual_to_degree,1,test-393,1.3862943611198906,3.0488431453704834
z_residual_to_degree,1,test-394,2.3025850929940455,3.9136054515838623
z_residual_to_degree,1,test-395,3.295836866004329,3.451845169067383
z_residual_to_degree,1,test-396,1.791759469228055,3.4252727031707764
z_residual_to_degree,1,test-397,3.4011973816621555,3.593745231628418
z_residual_to_degree,1,test-398,2.4849066497880004,4.066958904266357
z_residual_to_degree,1,test-399,2.995732273553991,3.3672709465026855
z_residual_to_degree,1,test-400,2.0794415416798357,3.9172356128692627
z_residual_to_degree,1,test-401,2.0794415416798357,3.3796703815460205
z_residual_to_degree,1,test-402,3.1780538303479453,3.2382848262786865
z_residual_to_degree,1,test-403,3.828641396489095,3.3322396278381348
z_residual_to_degree,1,test-404,4.90527477843843,3.731598138809204
z_residual_to_degree,1,test-405,1.791759469228055,3.3890912532806396
z_residual_to_degree,1,test-406,3.401197381662155,3.0934433937072754
z_residual_to_degree,1,test-407,1.3862943611198906,3.1568331718444824
z_residual_to_degree,1,test-408,2.8903717578961645,2.321216583251953
z_residual_to_degree,1,test-409,4.276666119016055,3.562973737716675
z_residual_to_degree,1,test-410,0.6931471805599453,2.8642287254333496
z_residual_to_degree,1,test-411,3.5553480614894135,4.012247562408447
z_residual_to_degree,1,test-412,2.8903717578961645,3.253056049346924
z_residual_to_degree,1,test-413,3.332204510175204,3.754192352294922
z_residual_to_degree,1,test-414,5.342334251964811,3.43485164642334
z_residual_to_degree,1,test-415,2.890371757896165,3.4397013187408447
z_residual_to_degree,1,test-416,3.401197381662155,3.452104330062866
z_residual_to_degree,1,test-417,3.091042453358316,3.939572334289551
z_residual_to_degree,1,test-418,2.995732273553991,3.349857807159424
z_residual_to_degree,1,test-419,3.401197381662155,3.7996959686279297
z_residual_to_degree,1,test-420,4.787491742782046,3.7959399223327637
z_residual_to_degree,1,test-421,4.430816798843313,3.6219429969787598
z_residual_to_degree,1,test-422,2.8903717578961645,3.2605488300323486
z_residual_to_degree,1,test-423,2.0794415416798357,2.3929812908172607
z_residual_to_degree,1,test-424,3.1780538303479458,3.699221134185791
z_residual_to_degree,1,test-425,1.9459101490553132,3.535304307937622
z_residual_to_degree,1,test-426,2.995732273553991,3.1931440830230713
z_residual_to_degree,1,test-427,2.1972245773362196,3.766967535018921
z_residual_to_degree,1,test-428,1.3862943611198906,3.1041786670684814
z_residual_to_degree,1,test-429,3.401197381662156,4.773865222930908
z_residual_to_degree,1,test-430,3.332204510175204,2.9348673820495605
z_residual_to_degree,1,test-431,2.0794415416798357,3.0409371852874756
z_residual_to_degree,1,test-432,2.4849066497880004,3.2937464714050293
z_residual_to_degree,1,test-433,3.6888794541139367,3.139634609222412
z_residual_to_degree,1,test-434,2.70805020110221,3.4686360359191895
z_residual_to_degree,1,test-435,2.4849066497880004,2.9345922470092773
z_residual_to_degree,1,test-436,4.718498871295095,3.811380624771118
z_residual_to_degree,1,test-437,5.634789603169249,4.064963340759277
z_residual_to_degree,1,test-438,4.68213122712422,4.243709564208984
z_residual_to_degree,1,test-439,1.791759469228055,3.0820977687835693
z_residual_to_degree,1,test-440,3.9889840465642745,3.4649856090545654
z_residual_to_degree,1,test-441,6.327936783729195,3.854799747467041
z_residual_to_degree,1,test-442,3.044522437723423,3.3040380477905273
z_residual_to_degree,1,test-443,2.70805020110221,3.147557258605957
z_residual_to_degree,1,test-444,1.0986122886681098,1.0385594367980957
z_residual_to_degree,1,test-445,2.995732273553991,3.399075508117676
z_residual_to_degree,1,test-446,2.772588722239781,3.2009129524230957
z_residual_to_degree,1,test-447,2.995732273553991,3.5513875484466553
z_residual_to_degree,1,test-448,1.791759469228055,2.623450994491577
z_residual_to_degree,1,test-449,1.3862943611198906,3.153116226196289
z_residual_to_degree,1,test-450,2.4849066497880004,3.6104319095611572
z_residual_to_degree,1,test-451,7.50659178007084,4.108512878417969
z_residual_to_degree,1,test-452,3.951243718581427,3.66094970703125
z_residual_to_degree,1,test-453,3.5553480614894135,3.7829408645629883
z_residual_to_degree,1,test-454,2.70805020110221,3.4173660278320312
z_residual_to_degree,1,test-455,3.258096538021482,3.1889870166778564
z_residual_to_degree,1,test-456,5.634789603169249,4.881572723388672
z_residual_to_degree,1,test-457,0.6931471805599453,3.7277374267578125
z_residual_to_degree,1,test-458,2.772588722239781,4.067786693572998
z_residual_to_degree,1,test-459,3.401197381662156,3.7688724994659424
z_residual_to_degree,1,test-460,2.995732273553991,3.67575740814209
z_residual_to_degree,1,test-461,3.044522437723423,4.519697666168213
z_residual_to_degree,1,test-462,2.1972245773362196,2.3219614028930664
z_residual_to_degree,1,test-463,1.791759469228055,3.2558634281158447
z_residual_to_degree,1,test-464,3.1780538303479458,4.771958351135254
z_residual_to_degree,1,test-465,2.1972245773362196,1.050755500793457
z_residual_to_degree,1,test-466,3.401197381662155,4.603276252746582
z_residual_to_degree,1,test-467,6.327936783729195,3.9593420028686523
z_residual_to_degree,1,test-468,2.995732273553991,3.4786264896392822
z_residual_to_degree,1,test-469,3.044522437723423,3.184194803237915
z_residual_to_degree,1,test-470,1.0986122886681098,4.393367290496826
z_residual_to_degree,1,test-471,3.401197381662155,3.2852630615234375
z_residual_to_degree,1,test-472,2.3025850929940455,3.0753583908081055
z_residual_to_degree,1,test-473,6.040254711277414,5.162341117858887
z_residual_to_degree,1,test-474,4.90527477843843,3.9451866149902344
z_residual_to_degree,1,test-475,2.1972245773362196,3.349062204360962
z_residual_to_degree,1,test-476,2.0794415416798357,2.500215530395508
z_residual_to_degree,1,test-477,2.8903717578961645,1.4729256629943848
z_residual_to_degree,1,test-478,3.1780538303479453,3.3185834884643555
z_residual_to_degree,1,test-479,2.995732273553991,3.3346705436706543
z_residual_to_degree,1,test-480,4.276666119016055,3.324342727661133
z_residual_to_degree,1,test-481,2.4849066497880004,3.551783323287964
z_residual_to_degree,1,test-482,3.295836866004329,3.5983986854553223
z_residual_to_degree,1,test-483,3.1780538303479453,3.2371068000793457
z_residual_to_degree,1,test-484,2.0794415416798357,3.7813258171081543
z_residual_to_degree,1,test-485,3.332204510175204,3.1873319149017334
z_residual_to_degree,1,test-486,1.3862943611198906,3.9933643341064453
z_residual_to_degree,1,test-487,4.356708826689592,4.491960525512695
z_residual_to_degree,1,test-488,2.0794415416798357,3.0231494903564453
z_residual_to_degree,1,test-489,2.9957322735539913,3.933584451675415
z_residual_to_degree,1,test-490,0.6931471805599453,3.2043514251708984
z_residual_to_degree,1,test-491,2.0794415416798357,2.094360828399658
z_residual_to_degree,1,test-492,4.31748811353631,3.7991068363189697
z_residual_to_degree,1,test-493,3.58351893845611,3.527355909347534
z_residual_to_degree,1,test-494,0.0,2.303173303604126
z_residual_to_degree,1,test-495,5.272999558563747,5.596879482269287
z_residual_to_degree,1,test-496,1.791759469228055,3.349388599395752
z_residual_to_degree,1,test-497,3.7376696182833684,3.6340014934539795
z_residual_to_degree,1,test-498,2.4849066497880004,3.050053358078003
z_residual_to_degree,1,test-499,3.8712010109078907,3.2194595336914062
z_residual_to_degree,1,test-500,6.040254711277414,4.114324569702148
z_residual_to_degree,1,test-501,3.332204510175204,3.1699986457824707
z_residual_to_degree,1,test-502,3.332204510175204,3.2452902793884277
z_residual_to_degree,1,test-503,4.700480365792417,3.6576950550079346
z_residual_to_degree,1,test-504,4.499809670330265,3.591830015182495
z_residual_to_degree,1,test-505,2.1972245773362196,3.0998733043670654
z_residual_to_degree,1,test-506,3.688879454113936,3.597431182861328
z_residual_to_degree,1,test-507,2.6390573296152584,4.599676132202148
z_residual_to_degree,1,test-508,4.276666119016055,3.284224271774292
z_residual_to_degree,1,test-509,3.8712010109078907,3.6319634914398193
z_residual_to_degree,1,test-510,4.442651256490317,3.2432737350463867
z_residual_to_degree,1,test-511,5.634789603169249,4.653846263885498
z_degree_to_cn_residual,1,test-0,0.4096507501383539,0.35171326994895935
z_degree_to_cn_residual,1,test-1,-0.257133548881196,0.31345996260643005
z_degree_to_cn_residual,1,test-2,-0.026168497301778282,0.21947604417800903
z_degree_to_cn_residual,1,test-3,-0.09682951278185134,0.05951404571533203
z_degree_to_cn_residual,1,test-4,1.030455039917754,0.0395561158657074
z_degree_to_cn_residual,1,test-5,-0.40617432960244304,0.3369215428829193
z_degree_to_cn_residual,1,test-6,1.072232465549153,-0.008407503366470337
z_degree_to_cn_residual,1,test-7,-0.17653506637630972,0.14234456419944763
z_degree_to_cn_residual,1,test-8,-0.09993231907971788,0.2554191052913666
z_degree_to_cn_residual,1,test-9,-0.361807736196368,0.16657599806785583
z_degree_to_cn_residual,1,test-10,0.834665253272179,0.23986873030662537
z_degree_to_cn_residual,1,test-11,0.6771872810461878,0.3409779965877533
z_degree_to_cn_residual,1,test-12,-0.0025667768776077267,0.0470639169216156
z_degree_to_cn_residual,1,test-13,0.0920452145115791,0.12594422698020935
z_degree_to_cn_residual,1,test-14,0.1059855857541714,0.14646729826927185
z_degree_to_cn_residual,1,test-15,0.6905804036823375,0.10760077834129333
z_degree_to_cn_residual,1,test-16,0.487417210290867,0.11403664946556091
z_degree_to_cn_residual,1,test-17,0.027598705190133088,0.09571561217308044
z_degree_to_cn_residual,1,test-18,-0.0025667768776077267,0.0470639169216156
z_degree_to_cn_residual,1,test-19,-0.09993231907971788,0.2554191052913666
z_degree_to_cn_residual,1,test-20,-0.0006908748283487874,0.10808715224266052
z_degree_to_cn_residual,1,test-21,0.37362887990278976,0.28479036688804626
z_degree_to_cn_residual,1,test-22,-0.26394703539593084,0.23986873030662537
z_degree_to_cn_residual,1,test-23,-0.001592483837966117,0.02395901083946228
z_degree_to_cn_residual,1,test-24,0.3252994169928626,0.062246888875961304
z_degree_to_cn_residual,1,test-25,-0.5320508010865779,0.23010537028312683
z_degree_to_cn_residual,1,test-26,0.6906105992764492,0.24179384112358093
z_degree_to_cn_residual,1,test-27,0.7790939880109542,0.28479036688804626
z_degree_to_cn_residual,1,test-28,0.5980680715538729,0.11371979117393494
z_degree_to_cn_residual,1,test-29,0.6893311186493629,0.14310511946678162
z_degree_to_cn_residual,1,test-30,0.6730018624542556,0.20195969939231873
z_degree_to_cn_residual,1,test-31,0.22033626837748216,0.1612597405910492
z_degree_to_cn_residual,1,test-32,-0.31403642712572494,0.3705994188785553
z_degree_to_cn_residual,1,test-33,0.6854469961951654,-0.1654624044895172
z_degree_to_cn_residual,1,test-34,-0.22552334649902314,0.22678908705711365
z_degree_to_cn_residual,1,test-35,-0.15981025222941134,0.3465772569179535
z_degree_to_cn_residual,1,test-36,-0.002483473901375505,0.339059442281723
z_degree_to_cn_residual,1,test-37,-0.002536581283496064,0.24179384112358093
z_degree_to_cn_residual,1,test-38,0.011027840012221813,-0.08250704407691956
z_degree_to_cn_residual,1,test-39,-0.0025667768776077267,0.10760077834129333
z_degree_to_cn_residual,1,test-40,1.0655213517576338,0.25509342551231384
z_degree_to_cn_residual,1,test-41,0.33133944436357726,0.16657599806785583
z_degree_to_cn_residual,1,test-42,0.3907357061859718,0.5899535417556763
z_degree_to_cn_residual,1,test-43,-0.07427151148220186,0.2055879533290863
z_degree_to_cn_residual,1,test-44,1.1607710146208674,0.22678908705711365
z_degree_to_cn_residual,1,test-45,-0.0025667768776077267,0.0470639169216156
z_degree_to_cn_residual,1,test-46,0.12442211904305411,0.24238070845603943
z_degree_to_cn_residual,1,test-47,-0.002483473901375505,-0.002460390329360962
z_degree_to_cn_residual,1,test-48,0.5980680715538729,0.11371979117393494
z_degree_to_cn_residual,1,test-49,0.3907357061859718,0.5899535417556763
z_degree_to_cn_residual,1,test-50,0.3974001350710103,0.02577933669090271
z_degree_to_cn_residual,1,test-51,0.5071241430143024,0.23544511198997498
z_degree_to_cn_residual,1,test-52,-0.5962537633065377,-0.004141718149185181
z_degree_to_cn_residual,1,test-53,-0.09507910900607243,0.11371979117393494
z_degree_to_cn_residual,1,test-54,-0.006401163194461921,0.12287351489067078
z_degree_to_cn_residual,1,test-55,-0.5779234037185782,-0.06187906861305237
z_degree_to_cn_residual,1,test-56,-0.09507910900607243,0.215580552816391
z_degree_to_cn_residual,1,test-57,0.8783422192128343,0.26792821288108826
z_degree_to_cn_residual,1,test-58,-0.4855470978437046,0.22718200087547302
z_degree_to_cn_residual,1,test-59,0.6904677205888524,0.10306808352470398
z_degree_to_cn_residual,1,test-60,-0.2474640255978244,0.2542911469936371
z_degree_to_cn_residual,1,test-61,-0.0022128532902202114,0.026010125875473022
z_degree_to_cn_residual,1,test-62,-0.0014682163898236727,0.04565581679344177
z_degree_to_cn_residual,1,test-63,-0.002483473901375505,0.339059442281723
z_degree_to_cn_residual,1,test-64,-0.18117393408101218,0.05462798476219177
z_degree_to_cn_residual,1,test-65,1.0035331796620373,0.11371979117393494
z_degree_to_cn_residual,1,test-66,-0.003920084665472663,0.019101113080978394
z_degree_to_cn_residual,1,test-67,-0.003920084665472663,0.019101113080978394
z_degree_to_cn_residual,1,test-68,-0.5121098978044188,0.2209835946559906
z_degree_to_cn_residual,1,test-69,0.40889556438164,0.13671597838401794
z_degree_to_cn_residual,1,test-70,0.5071241430143024,0.23544511198997498
z_degree_to_cn_residual,1,test-71,0.34193555199200737,0.06418856978416443
z_degree_to_cn_residual,1,test-72,-0.0025667768776077267,0.10760077834129333
z_degree_to_cn_residual,1,test-73,-0.32077300936225667,0.25509342551231384
z_degree_to_cn_residual,1,test-74,-0.09507910900607243,0.215580552816391
z_degree_to_cn_residual,1,test-75,0.9986799695883919,0.2554191052913666
z_degree_to_cn_residual,1,test-76,-0.001592483837966117,0.02395901083946228
z_degree_to_cn_residual,1,test-77,0.5932148614802274,0.2554191052913666
z_degree_to_cn_residual,1,test-78,-0.0017051669314512175,0.01298794150352478
z_degree_to_cn_residual,1,test-79,-0.0025667768776077267,0.10760077834129333
z_degree_to_cn_residual,1,test-80,0.6893311186493629,0.14310511946678162
z_degree_to_cn_residual,1,test-81,0.3267009706117635,0.1357346475124359
z_degree_to_cn_residual,1,test-82,1.066776060462735,0.28479036688804626
z_degree_to_cn_residual,1,test-83,-0.06306873591422772,-0.002773195505142212
z_degree_to_cn_residual,1,test-84,-0.3195190468888935,0.283878892660141
z_degree_to_cn_residual,1,test-85,-0.257133548881196,0.31345996260643005
z_degree_to_cn_residual,1,test-86,0.3974001350710103,0.02577933669090271
z_degree_to_cn_residual,1,test-87,-0.09507910900607243,0.215580552816391
z_degree_to_cn_residual,1,test-88,-0.006401163194461921,0.12287351489067078
z_degree_to_cn_residual,1,test-89,-0.295747045488935,0.02577933669090271
z_degree_to_cn_residual,1,test-90,-0.07427151148220186,0.2055879533290863
z_degree_to_cn_residual,1,test-91,-0.002679459971092827,0.10306808352470398
z_degree_to_cn_residual,1,test-92,0.5963176677780939,0.05951404571533203
z_degree_to_cn_residual,1,test-93,0.47287711110466973,0.26792821288108826
z_degree_to_cn_residual,1,test-94,-0.07427151148220186,0.2055879533290863
z_degree_to_cn_residual,1,test-95,0.5634751272888399,0.030151695013046265
z_degree_to_cn_residual,1,test-96,-0.6219808875579942,-0.12682238221168518
z_degree_to_cn_residual,1,test-97,-0.0948206319924906,0.1363888680934906
z_degree_to_cn_residual,1,test-98,-0.002536581283496064,0.24179384112358093
z_degree_to_cn_residual,1,test-99,-0.09507910900607243,0.215580552816391
z_degree_to_cn_residual,1,test-100,-0.3664462099481818,0.1357346475124359
z_degree_to_cn_residual,1,test-101,0.5980680715538729,0.215580552816391
z_degree_to_cn_residual,1,test-102,0.03377005795343527,0.027584165334701538
z_degree_to_cn_residual,1,test-103,-0.15981025222941134,0.3465772569179535
z_degree_to_cn_residual,1,test-104,0.629186265886127,0.2886553704738617
z_degree_to_cn_residual,1,test-105,-0.001592483837966117,0.02395901083946228
z_degree_to_cn_residual,1,test-106,0.689862177614176,-0.08796778321266174
z_degree_to_cn_residual,1,test-107,-0.0025667768776077267,0.0470639169216156
z_degree_to_cn_residual,1,test-108,0.09689341725340761,-0.004141718149185181
z_degree_to_cn_residual,1,test-109,0.37911075343422035,0.3705994188785553
z_degree_to_cn_residual,1,test-110,-0.002679459971092827,0.10306808352470398
z_degree_to_cn_residual,1,test-111,-0.006236131996241855,-0.004092127084732056
z_degree_to_cn_residual,1,test-112,0.4686965299979534,0.2881675660610199
z_degree_to_cn_residual,1,test-113,-0.4092811700187469,0.14310511946678162
z_degree_to_cn_residual,1,test-114,-0.0017051669314512175,0.01298794150352478
z_degree_to_cn_residual,1,test-115,0.6906637066585698,0.339059442281723
z_degree_to_cn_residual,1,test-116,1.0402213320986424,-0.04165735840797424
z_degree_to_cn_residual,1,test-117,0.6948211420213969,0.22078809142112732
z_degree_to_cn_residual,1,test-118,-0.2842516161783053,0.13671597838401794
z_degree_to_cn_residual,1,test-119,0.706182872391234,0.11752709746360779
z_degree_to_cn_residual,1,test-120,0.6188756690777434,0.2055879533290863
z_degree_to_cn_residual,1,test-121,0.5071241430143024,0.23544511198997498
z_degree_to_cn_residual,1,test-122,0.732166078719928,0.1357346475124359
z_degree_to_cn_residual,1,test-123,0.6905804036823375,0.10760077834129333
z_degree_to_cn_residual,1,test-124,-0.006401163194461921,0.12287351489067078
z_degree_to_cn_residual,1,test-125,-0.06396091467381823,0.2886553704738617
z_degree_to_cn_residual,1,test-126,1.0243407771859079,0.2055879533290863
z_degree_to_cn_residual,1,test-127,-0.0025667768776077267,0.10760077834129333
z_degree_to_cn_residual,1,test-128,-0.17653506637630972,0.14234456419944763
z_degree_to_cn_residual,1,test-129,0.006243055183185751,0.06475171446800232
z_degree_to_cn_residual,1,test-130,0.9125892511224669,0.23544511198997498
z_degree_to_cn_residual,1,test-131,0.5932148614802274,0.2554191052913666
z_degree_to_cn_residual,1,test-132,-0.4092811700187469,0.14310511946678162
z_degree_to_cn_residual,1,test-133,-0.3910899774469028,0.1604653298854828
z_degree_to_cn_residual,1,test-134,-0.06396091467381823,0.2886553704738617
z_degree_to_cn_residual,1,test-135,0.5333369283305339,0.3465772569179535
z_degree_to_cn_residual,1,test-136,0.6893311186493629,0.14310511946678162
z_degree_to_cn_residual,1,test-137,-0.0022128532902202114,0.026010125875473022
z_degree_to_cn_residual,1,test-138,-0.4564122585269044,0.06979116797447205
z_degree_to_cn_residual,1,test-139,-0.0025667768776077267,0.10760077834129333
z_degree_to_cn_residual,1,test-140,-0.295747045488935,0.02577933669090271
z_degree_to_cn_residual,1,test-141,0.7232900511466166,0.3087845742702484
z_degree_to_cn_residual,1,test-142,-0.09507910900607243,0.215580552816391
z_degree_to_cn_residual,1,test-143,-0.002679459971092827,0.10306808352470398
z_degree_to_cn_residual,1,test-144,-0.15981025222941134,0.3465772569179535
z_degree_to_cn_residual,1,test-145,-0.020145318105689636,0.20195969939231873
z_degree_to_cn_residual,1,test-146,0.37362887990278976,0.28479036688804626
z_degree_to_cn_residual,1,test-147,-0.295747045488935,0.02577933669090271
z_degree_to_cn_residual,1,test-148,0.09689341725340761,-0.004141718149185181
z_degree_to_cn_residual,1,test-149,-0.2842516161783053,0.13671597838401794
z_degree_to_cn_residual,1,test-150,-0.21219425699455913,0.291998952627182
z_degree_to_cn_residual,1,test-151,0.5634751272888399,0.03574690222740173
z_degree_to_cn_residual,1,test-152,-0.011174017424812204,0.18454989790916443
z_degree_to_cn_residual,1,test-153,0.2564389628481294,0.2077217996120453
z_degree_to_cn_residual,1,test-154,0.6904677205888524,0.10306808352470398
z_degree_to_cn_residual,1,test-155,-0.002536581283496064,0.24179384112358093
z_degree_to_cn_residual,1,test-156,1.2131515730483942,0.13529667258262634
z_degree_to_cn_residual,1,test-157,-0.11159319800623856,0.20215710997581482
z_degree_to_cn_residual,1,test-158,-0.002483473901375505,-0.002460390329360962
z_degree_to_cn_residual,1,test-159,0.5980680715538729,0.215580552816391
z_degree_to_cn_residual,1,test-160,-0.006236131996241855,-0.005863577127456665
z_degree_to_cn_residual,1,test-161,-0.0017051669314512175,0.01298794150352478
z_degree_to_cn_residual,1,test-162,0.5980680715538729,0.11371979117393494
z_degree_to_cn_residual,1,test-163,-0.0025667768776077267,0.10760077834129333
z_degree_to_cn_residual,1,test-164,0.30205720311304246,0.1604653298854828
z_degree_to_cn_residual,1,test-165,-0.001592483837966117,0.02395901083946228
z_degree_to_cn_residual,1,test-166,-0.3678477635670827,0.062246888875961304
z_degree_to_cn_residual,1,test-167,-0.5737341020377579,0.08352991938591003
z_degree_to_cn_residual,1,test-168,0.3252994169928626,0.062246888875961304
z_degree_to_cn_residual,1,test-169,-0.0025667768776077267,0.10760077834129333
z_degree_to_cn_residual,1,test-170,-0.002679459971092827,0.10306808352470398
z_degree_to_cn_residual,1,test-171,0.5694612141469256,0.2740832269191742
z_degree_to_cn_residual,1,test-172,-0.0017051669314512175,0.01298794150352478
z_degree_to_cn_residual,1,test-173,-0.07427151148220186,0.2055879533290863
z_degree_to_cn_residual,1,test-174,1.1880129048121781,0.3409779965877533
z_degree_to_cn_residual,1,test-175,0.8125602590821327,0.08352991938591003
z_degree_to_cn_residual,1,test-176,-0.10231614743923174,0.19243821501731873
z_degree_to_cn_residual,1,test-177,0.027598705190133088,0.09571561217308044
z_degree_to_cn_residual,1,test-178,-0.31951830065715553,0.28479036688804626
z_degree_to_cn_residual,1,test-179,-0.0017051669314512175,0.01298794150352478
z_degree_to_cn_residual,1,test-180,-0.007700184364779972,-0.1654624044895172
z_degree_to_cn_residual,1,test-181,-0.31403642712572494,0.3705994188785553
z_degree_to_cn_residual,1,test-182,-0.31951830065715553,0.28479036688804626
z_degree_to_cn_residual,1,test-183,-0.002483473901375505,-0.002460390329360962
z_degree_to_cn_residual,1,test-184,0.2690154096687156,0.018969625234603882
z_degree_to_cn_residual,1,test-185,-0.295747045488935,0.02577933669090271
z_degree_to_cn_residual,1,test-186,1.1223473257239598,0.23986873030662537
z_degree_to_cn_residual,1,test-187,-0.295747045488935,0.02577933669090271
z_degree_to_cn_residual,1,test-188,-0.07427151148220186,0.2055879533290863
z_degree_to_cn_residual,1,test-189,-0.06396091467381823,0.2886553704738617
z_degree_to_cn_residual,1,test-190,0.5980680715538729,0.215580552816391
z_degree_to_cn_residual,1,test-191,-0.002679459971092827,0.10306808352470398
z_degree_to_cn_residual,1,test-192,0.5932148614802274,0.2554191052913666
z_degree_to_cn_residual,1,test-193,-0.18602303754564287,0.23544511198997498
z_degree_to_cn_residual,1,test-194,-0.007700184364779972,-0.1654624044895172
z_degree_to_cn_residual,1,test-195,0.18103728275552644,0.2209835946559906
z_degree_to_cn_residual,1,test-196,-0.3419557546295762,0.4808116853237152
z_degree_to_cn_residual,1,test-197,-0.07427151148220186,0.2055879533290863
z_degree_to_cn_residual,1,test-198,-0.1325756172494532,0.06996068358421326
z_degree_to_cn_residual,1,test-199,-0.001592483837966117,0.02395901083946228
z_degree_to_cn_residual,1,test-200,-0.001592483837966117,0.02395901083946228
z_degree_to_cn_residual,1,test-201,-0.001592483837966117,0.02395901083946228
z_degree_to_cn_residual,1,test-202,-0.09993231907971788,0.2554191052913666
z_degree_to_cn_residual,1,test-203,-0.07427151148220186,0.2055879533290863
z_degree_to_cn_residual,1,test-204,0.6867460173654834,0.12287351489067078
z_degree_to_cn_residual,1,test-205,-0.06396091467381823,0.2886553704738617
z_degree_to_cn_residual,1,test-206,-0.31403642712572494,0.3705994188785553
z_degree_to_cn_residual,1,test-207,0.25559953693839854,-0.0399419367313385
z_degree_to_cn_residual,1,test-208,-0.3512116285679379,0.06418856978416443
z_degree_to_cn_residual,1,test-209,0.44701726623712135,-0.03272238373756409
z_degree_to_cn_residual,1,test-210,0.27064323153028624,0.26527222990989685
z_degree_to_cn_residual,1,test-211,0.9986799695883919,0.2554191052913666
z_degree_to_cn_residual,1,test-212,-0.015324816569887118,0.18724068999290466
z_degree_to_cn_residual,1,test-213,-0.002483473901375505,0.339059442281723
z_degree_to_cn_residual,1,test-214,0.707522311221207,0.1604653298854828
z_degree_to_cn_residual,1,test-215,-0.002679459971092827,0.10306808352470398
z_degree_to_cn_residual,1,test-216,-0.0025667768776077267,0.0470639169216156
z_degree_to_cn_residual,1,test-217,0.6905804036823375,0.10760077834129333
z_degree_to_cn_residual,1,test-218,-0.09993231907971788,0.2554191052913666
z_degree_to_cn_residual,1,test-219,-0.3664462099481818,0.1357346475124359
z_degree_to_cn_residual,1,test-220,-0.007796294345678415,0.03845223784446716
z_degree_to_cn_residual,1,test-221,-0.18602303754564287,0.23544511198997498
z_degree_to_cn_residual,1,test-222,-0.002679459971092827,0.10306808352470398
z_degree_to_cn_residual,1,test-223,-0.20673482910021176,0.27374371886253357
z_degree_to_cn_residual,1,test-224,-0.002483473901375505,-0.002460390329360962
z_degree_to_cn_residual,1,test-225,0.8028652431791747,0.02577933669090271
z_degree_to_cn_residual,1,test-226,-0.002679459971092827,0.10306808352470398
z_degree_to_cn_residual,1,test-227,0.9388020364386984,0.3465772569179535
z_degree_to_cn_residual,1,test-228,-0.0025667768776077267,0.10760077834129333
z_degree_to_cn_residual,1,test-229,-0.06396091467381823,0.2886553704738617
z_degree_to_cn_residual,1,test-230,0.5634751272888399,0.030151695013046265
z_degree_to_cn_residual,1,test-231,-0.34185746108770393,0.5328832864761353
z_degree_to_cn_residual,1,test-232,0.5836835270942388,0.2786353528499603
z_degree_to_cn_residual,1,test-233,-0.0017051669314512175,-0.00025597214698791504
z_degree_to_cn_residual,1,test-234,-0.3664462099481818,0.1357346475124359
z_degree_to_cn_residual,1,test-235,0.5963176677780939,0.05951404571533203
z_degree_to_cn_residual,1,test-236,-0.09507910900607243,0.11371979117393494
z_degree_to_cn_residual,1,test-237,-0.09993231907971788,0.2554191052913666
z_degree_to_cn_residual,1,test-238,1.1098178970570212,-0.5042613744735718
z_degree_to_cn_residual,1,test-239,0.09689341725340761,-0.004141718149185181
z_degree_to_cn_residual,1,test-240,-0.0025667768776077267,0.0470639169216156
z_degree_to_cn_residual,1,test-241,-0.003920084665472663,0.019101113080978394
z_degree_to_cn_residual,1,test-242,1.0035331796620373,0.11371979117393494
z_degree_to_cn_residual,1,test-243,0.629186265886127,0.2886553704738617
z_degree_to_cn_residual,1,test-244,-0.09993231907971788,0.2554191052913666
z_degree_to_cn_residual,1,test-245,0.5980680715538729,0.215580552816391
z_degree_to_cn_residual,1,test-246,-0.6011019660483662,0.12594422698020935
z_degree_to_cn_residual,1,test-247,-0.0025667768776077267,0.10760077834129333
z_degree_to_cn_residual,1,test-248,-0.40617432960244304,0.3369215428829193
z_degree_to_cn_residual,1,test-249,-0.32077300936225667,0.25509342551231384
z_degree_to_cn_residual,1,test-250,-0.0017051669314512175,0.01298794150352478
z_degree_to_cn_residual,1,test-251,0.027598705190133088,0.09571561217308044
z_degree_to_cn_residual,1,test-252,-0.31951830065715553,0.28479036688804626
z_degree_to_cn_residual,1,test-253,-0.09507910900607243,0.215580552816391
z_degree_to_cn_residual,1,test-254,-0.006401163194461921,0.12287351489067078
z_degree_to_cn_residual,1,test-255,-0.2608500763576425,0.2932678163051605
z_degree_to_cn_residual,1,test-256,-0.002483473901375505,-0.002460390329360962
z_degree_to_cn_residual,1,test-257,0.16442497939224665,-0.008365541696548462
z_degree_to_cn_residual,1,test-258,0.8561659193103136,0.1255851686000824
z_degree_to_cn_residual,1,test-259,-0.002709528290634796,0.01525983214378357
z_degree_to_cn_residual,1,test-260,-0.001592483837966117,0.02395901083946228
z_degree_to_cn_residual,1,test-261,0.42920014516401445,0.23986873030662537
z_degree_to_cn_residual,1,test-262,0.9125892511224669,0.23544511198997498
z_degree_to_cn_residual,1,test-263,-0.18602303754564287,0.23544511198997498
z_degree_to_cn_residual,1,test-264,-0.32690411934740055,0.0095272958278656
z_degree_to_cn_residual,1,test-265,-0.4564122585269044,0.06979116797447205
z_degree_to_cn_residual,1,test-266,0.6905804036823375,0.10760077834129333
z_degree_to_cn_residual,1,test-267,0.6904677205888524,0.10306808352470398
z_degree_to_cn_residual,1,test-268,-0.09507910900607243,0.215580552816391
z_degree_to_cn_residual,1,test-269,0.5380768797364144,-0.2987317144870758
z_degree_to_cn_residual,1,test-270,-0.0025667768776077267,0.10760077834129333
z_degree_to_cn_residual,1,test-271,0.9986799695883919,0.2554191052913666
z_degree_to_cn_residual,1,test-272,0.26383524768033195,0.22082671523094177
z_degree_to_cn_residual,1,test-273,0.4676238340609221,0.22678908705711365
z_degree_to_cn_residual,1,test-274,0.5333369283305339,0.3465772569179535
z_degree_to_cn_residual,1,test-275,-0.09507910900607243,0.215580552816391
z_degree_to_cn_residual,1,test-276,-0.0022128532902202114,-0.029343515634536743
z_degree_to_cn_residual,1,test-277,-0.295747045488935,0.02577933669090271
z_degree_to_cn_residual,1,test-278,0.4322971042023028,0.2559910714626312
z_degree_to_cn_residual,1,test-279,0.5166121141836355,0.14234456419944763
z_degree_to_cn_residual,1,test-280,-0.006401163194461921,0.12287351489067078
z_degree_to_cn_residual,1,test-281,1.0243407771859079,0.2055879533290863
z_degree_to_cn_residual,1,test-282,-0.005713782933315264,-0.16706934571266174
z_degree_to_cn_residual,1,test-283,-0.18602303754564287,0.23544511198997498
z_degree_to_cn_residual,1,test-284,-0.0017051669314512175,-0.05191245675086975
z_degree_to_cn_residual,1,test-285,-0.09507910900607243,0.215580552816391
z_degree_to_cn_residual,1,test-286,1.3462860490699626,-0.4708273708820343
z_degree_to_cn_residual,1,test-287,-0.09993231907971788,0.2554191052913666
z_degree_to_cn_residual,1,test-288,0.5553068786375152,-0.005305439233779907
z_degree_to_cn_residual,1,test-289,0.2249532936470302,0.17751964926719666
z_degree_to_cn_residual,1,test-290,0.5980680715538729,0.11371979117393494
z_degree_to_cn_residual,1,test-291,0.5481549764268495,-0.07944241166114807
z_degree_to_cn_residual,1,test-292,-0.8168566785177598,-0.4545649588108063
z_degree_to_cn_residual,1,test-293,0.33133944436357726,0.16657599806785583
z_degree_to_cn_residual,1,test-294,0.629186265886127,0.2886553704738617
z_degree_to_cn_residual,1,test-295,0.6906105992764492,0.24179384112358093
z_degree_to_cn_residual,1,test-296,-0.0013809592565058647,-0.39546194672584534
z_degree_to_cn_residual,1,test-297,-0.0022128532902202114,-0.029343515634536743
z_degree_to_cn_residual,1,test-298,0.6906637066585698,0.339059442281723
z_degree_to_cn_residual,1,test-299,-0.22552334649902314,0.22678908705711365
z_degree_to_cn_residual,1,test-300,0.5071241430143024,0.23544511198997498
z_degree_to_cn_residual,1,test-301,-0.0017051669314512175,-0.05191245675086975
z_degree_to_cn_residual,1,test-302,0.6188756690777434,0.2055879533290863
z_degree_to_cn_residual,1,test-303,-0.002679459971092827,0.10306808352470398
z_degree_to_cn_residual,1,test-304,-0.3011881021227526,0.5011974573135376
z_degree_to_cn_residual,1,test-305,0.3974001350710103,0.02577933669090271
z_degree_to_cn_residual,1,test-306,0.5966030812834874,-0.10149183869361877
z_degree_to_cn_residual,1,test-307,-0.002679459971092827,0.10306808352470398
z_degree_to_cn_residual,1,test-308,0.6904677205888524,0.10306808352470398
z_degree_to_cn_residual,1,test-309,0.511973246478933,0.05462798476219177
z_degree_to_cn_residual,1,test-310,-0.06396091467381823,0.2886553704738617
z_degree_to_cn_residual,1,test-311,0.8880287062152161,0.19794711470603943
z_degree_to_cn_residual,1,test-312,0.000550437072462336,0.05538424849510193
z_degree_to_cn_residual,1,test-313,0.4185007999394532,0.11752709746360779
z_degree_to_cn_residual,1,test-314,0.12442211904305411,0.24238070845603943
z_degree_to_cn_residual,1,test-315,-0.0009230486758283437,0.017605870962142944
z_degree_to_cn_residual,1,test-316,0.5980680715538729,0.11371979117393494
z_degree_to_cn_residual,1,test-317,0.6253649081462749,0.13529667258262634
z_degree_to_cn_residual,1,test-318,-0.295747045488935,0.02577933669090271
z_degree_to_cn_residual,1,test-319,0.4185007999394532,0.11752709746360779
z_degree_to_cn_residual,1,test-320,-0.15981025222941134,0.3465772569179535
z_degree_to_cn_residual,1,test-321,-0.09993231907971788,0.2554191052913666
z_degree_to_cn_residual,1,test-322,0.5071241430143024,0.23544511198997498
z_degree_to_cn_residual,1,test-323,-0.0025667768776077267,0.0470639169216156
z_degree_to_cn_residual,1,test-324,-0.07427151148220186,0.2055879533290863
z_degree_to_cn_residual,1,test-325,0.5333369283305339,0.3465772569179535
z_degree_to_cn_residual,1,test-326,-0.002709528290634796,0.08185729384422302
z_degree_to_cn_residual,1,test-327,-0.12967205327110548,0.030151695013046265
z_degree_to_cn_residual,1,test-328,-0.4092811700187469,0.14310511946678162
z_degree_to_cn_residual,1,test-329,-0.0017051669314512175,-0.05191245675086975
z_degree_to_cn_residual,1,test-330,1.0184465975528079,0.062246888875961304
z_degree_to_cn_residual,1,test-331,-0.2930939733738713,0.13296517729759216
z_degree_to_cn_residual,1,test-332,-0.007796294345678415,0.03845223784446716
z_degree_to_cn_residual,1,test-333,-0.006236131996241855,-0.004092127084732056
z_degree_to_cn_residual,1,test-334,-0.003920084665472663,0.019101113080978394
z_degree_to_cn_residual,1,test-335,1.108891999074218,0.20777365565299988
z_degree_to_cn_residual,1,test-336,-0.09507910900607243,0.215580552816391
z_degree_to_cn_residual,1,test-337,0.5932148614802274,0.2554191052913666
z_degree_to_cn_residual,1,test-338,0.6188756690777434,0.2055879533290863
z_degree_to_cn_residual,1,test-339,0.5333369283305339,0.3465772569179535
z_degree_to_cn_residual,1,test-340,0.9300387057397879,0.3074670732021332
z_degree_to_cn_residual,1,test-341,0.48095292356538616,0.291998952627182
z_degree_to_cn_residual,1,test-342,-0.07427151148220186,0.2055879533290863
z_degree_to_cn_residual,1,test-343,-0.43015367383143543,0.27752265334129333
z_degree_to_cn_residual,1,test-344,-0.002483473901375505,0.339059442281723
z_degree_to_cn_residual,1,test-345,0.5963176677780939,0.05951404571533203
z_degree_to_cn_residual,1,test-346,0.6188756690777434,0.2055879533290863
z_degree_to_cn_residual,1,test-347,0.6188756690777434,0.2055879533290863
z_degree_to_cn_residual,1,test-348,0.6188756690777434,0.2055879533290863
z_degree_to_cn_residual,1,test-349,-0.26394703539593084,0.23986873030662537
z_degree_to_cn_residual,1,test-350,-0.006236131996241855,-0.004092127084732056
z_degree_to_cn_residual,1,test-351,-0.22552334649902314,0.22678908705711365
z_degree_to_cn_residual,1,test-352,-0.002483473901375505,0.339059442281723
z_degree_to_cn_residual,1,test-353,0.6730018624542556,0.20195969939231873
z_degree_to_cn_residual,1,test-354,-0.17162295933884167,0.2267356812953949
z_degree_to_cn_residual,1,test-355,-0.5908559921618184,-0.5765918493270874
z_degree_to_cn_residual,1,test-356,-0.0025667768776077267,0.0470639169216156
z_degree_to_cn_residual,1,test-357,-0.0025667768776077267,0.10760077834129333
z_degree_to_cn_residual,1,test-358,-0.0025667768776077267,0.10760077834129333
z_degree_to_cn_residual,1,test-359,-0.02637982311895648,-0.008407503366470337
z_degree_to_cn_residual,1,test-360,-0.1378403019224301,-0.005305439233779907
z_degree_to_cn_residual,1,test-361,0.4185007999394532,0.11752709746360779
z_degree_to_cn_residual,1,test-362,-0.31852856519640793,0.13975057005882263
z_degree_to_cn_residual,1,test-363,0.26383524768033195,0.22082671523094177
z_degree_to_cn_residual,1,test-364,-0.06396091467381823,0.2886553704738617
z_degree_to_cn_residual,1,test-365,-0.18602303754564287,0.23544511198997498
z_degree_to_cn_residual,1,test-366,-0.0017051669314512175,0.01298794150352478
z_degree_to_cn_residual,1,test-367,-0.5962537633065377,-0.004141718149185181
z_degree_to_cn_residual,1,test-368,1.0444369000321867,0.5328832864761353
z_degree_to_cn_residual,1,test-369,-0.002483473901375505,-0.002460390329360962
z_degree_to_cn_residual,1,test-370,0.6867460173654834,0.12287351489067078
z_degree_to_cn_residual,1,test-371,-0.0017051669314512175,-0.05191245675086975
z_degree_to_cn_residual,1,test-372,0.6188756690777434,0.2055879533290863
z_degree_to_cn_residual,1,test-373,-0.31951830065715553,0.28479036688804626
z_degree_to_cn_residual,1,test-374,0.5333369283305339,0.3465772569179535
z_degree_to_cn_residual,1,test-375,0.5980680715538729,0.215580552816391
z_degree_to_cn_residual,1,test-376,0.0920452145115791,0.12594422698020935
z_degree_to_cn_residual,1,test-377,-0.003920084665472663,0.019101113080978394
z_degree_to_cn_residual,1,test-378,-0.295747045488935,0.02577933669090271
z_degree_to_cn_residual,1,test-379,-0.003920084665472663,0.019101113080978394
z_degree_to_cn_residual,1,test-380,0.5980680715538729,0.11371979117393494
z_degree_to_cn_residual,1,test-381,0.6906105992764492,0.24179384112358093
z_degree_to_cn_residual,1,test-382,-0.0025667768776077267,0.10760077834129333
z_degree_to_cn_residual,1,test-383,-0.0025667768776077267,0.0470639169216156
z_degree_to_cn_residual,1,test-384,-0.018078891203757413,0.2419339120388031
z_degree_to_cn_residual,1,test-385,-0.0025667768776077267,0.10760077834129333
z_degree_to_cn_residual,1,test-386,-0.0025667768776077267,0.10760077834129333
z_degree_to_cn_residual,1,test-387,0.6904677205888524,0.10306808352470398
z_degree_to_cn_residual,1,test-388,0.5071241430143024,0.23544511198997498
z_degree_to_cn_residual,1,test-389,-0.002679459971092827,0.10306808352470398
z_degree_to_cn_residual,1,test-390,0.5932148614802274,0.2554191052913666
z_degree_to_cn_residual,1,test-391,0.5071241430143024,0.23544511198997498
z_degree_to_cn_residual,1,test-392,-0.002483473901375505,-0.002460390329360962
z_degree_to_cn_residual,1,test-393,-0.0017051669314512175,0.01298794150352478
z_degree_to_cn_residual,1,test-394,-0.002536581283496064,0.24179384112358093
z_degree_to_cn_residual,1,test-395,0.5634751272888399,0.03574690222740173
z_degree_to_cn_residual,1,test-396,-0.0025667768776077267,0.10760077834129333
z_degree_to_cn_residual,1,test-397,-0.011174017424812204,0.18454989790916443
z_degree_to_cn_residual,1,test-398,-0.003920084665472663,0.019101113080978394
z_degree_to_cn_residual,1,test-399,-0.18602303754564287,0.23544511198997498
z_degree_to_cn_residual,1,test-400,0.6904677205888524,0.10306808352470398
z_degree_to_cn_residual,1,test-401,0.6904677205888524,0.10306808352470398
z_degree_to_cn_residual,1,test-402,0.5963176677780939,0.05951404571533203
z_degree_to_cn_residual,1,test-403,-0.00961734087375331,-0.4540976583957672
z_degree_to_cn_residual,1,test-404,0.18103728275552644,0.2209835946559906
z_degree_to_cn_residual,1,test-405,-0.0017051669314512175,-0.00025597214698791504
z_degree_to_cn_residual,1,test-406,-0.26394703539593084,0.23986873030662537
z_degree_to_cn_residual,1,test-407,0.6906637066585698,0.339059442281723
z_degree_to_cn_residual,1,test-408,-0.006236131996241855,-0.004092127084732056
z_degree_to_cn_residual,1,test-409,0.6750682893561879,0.2419339120388031
z_degree_to_cn_residual,1,test-410,-0.0025667768776077267,0.0470639169216156
z_degree_to_cn_residual,1,test-411,-0.3678477635670827,0.062246888875961304
z_degree_to_cn_residual,1,test-412,1.0035331796620373,0.11371979117393494
z_degree_to_cn_residual,1,test-413,0.3974001350710103,0.02577933669090271
z_degree_to_cn_residual,1,test-414,0.14484892926646498,-0.060817986726760864
z_degree_to_cn_residual,1,test-415,0.6904376522693105,-0.0026525557041168213
z_degree_to_cn_residual,1,test-416,0.42920014516401445,0.23986873030662537
z_degree_to_cn_residual,1,test-417,-0.002709528290634796,0.08185729384422302
z_degree_to_cn_residual,1,test-418,-0.18602303754564287,0.23544511198997498
z_degree_to_cn_residual,1,test-419,0.42920014516401445,0.23986873030662537
z_degree_to_cn_residual,1,test-420,-0.10534341095846705,0.22718295454978943
z_degree_to_cn_residual,1,test-421,-0.34185746108770393,0.5328832864761353
z_degree_to_cn_residual,1,test-422,0.5980680715538729,0.11371979117393494
z_degree_to_cn_residual,1,test-423,-0.002679459971092827,0.10306808352470398
z_degree_to_cn_residual,1,test-424,0.6924563057315964,0.10808715224266052
z_degree_to_cn_residual,1,test-425,-0.0009230486758283437,0.017605870962142944
z_degree_to_cn_residual,1,test-426,1.2002713235742477,0.23544511198997498
z_degree_to_cn_residual,1,test-427,-0.06396091467381823,0.2886553704738617
z_degree_to_cn_residual,1,test-428,0.6906637066585698,0.339059442281723
z_degree_to_cn_residual,1,test-429,-0.12967205327110548,0.030151695013046265
z_degree_to_cn_residual,1,test-430,0.002865332104051953,0.1718502938747406
z_degree_to_cn_residual,1,test-431,-0.002679459971092827,0.10306808352470398
z_degree_to_cn_residual,1,test-432,-0.07427151148220186,0.2055879533290863
z_degree_to_cn_residual,1,test-433,0.33133944436357726,0.16657599806785583
z_degree_to_cn_residual,1,test-434,0.5980680715538729,0.215580552816391
z_degree_to_cn_residual,1,test-435,0.6892270958944726,0.019101113080978394
z_degree_to_cn_residual,1,test-436,0.027598705190133088,0.09571561217308044
z_degree_to_cn_residual,1,test-437,0.6288411122804236,-0.12721052765846252
z_degree_to_cn_residual,1,test-438,-0.1278380797400702,0.1024681031703949
z_degree_to_cn_residual,1,test-439,-0.0025667768776077267,0.10760077834129333
z_degree_to_cn_residual,1,test-440,0.9007472632761859,0.22718200087547302
z_degree_to_cn_residual,1,test-441,0.09689341725340761,-0.004141718149185181
z_degree_to_cn_residual,1,test-442,0.9986799695883919,0.2554191052913666
z_degree_to_cn_residual,1,test-443,1.0035331796620373,0.215580552816391
z_degree_to_cn_residual,1,test-444,-0.001592483837966117,0.02395901083946228
z_degree_to_cn_residual,1,test-445,1.2002713235742477,0.23544511198997498
z_degree_to_cn_residual,1,test-446,0.9388020364386984,0.3465772569179535
z_degree_to_cn_residual,1,test-447,0.9125892511224669,0.23544511198997498
z_degree_to_cn_residual,1,test-448,-0.0017051669314512175,-0.00025597214698791504
z_degree_to_cn_residual,1,test-449,0.6906637066585698,0.339059442281723
z_degree_to_cn_residual,1,test-450,0.6188756690777434,0.2055879533290863
z_degree_to_cn_residual,1,test-451,-0.6219808875579942,-0.12682238221168518
z_degree_to_cn_residual,1,test-452,-0.32077300936225667,0.25509342551231384
z_degree_to_cn_residual,1,test-453,0.7307645251010271,0.062246888875961304
z_degree_to_cn_residual,1,test-454,-0.09507910900607243,0.215580552816391
z_degree_to_cn_residual,1,test-455,0.6930446040093127,0.1364189088344574
z_degree_to_cn_residual,1,test-456,-0.06430606827952172,-0.12721052765846252
z_degree_to_cn_residual,1,test-457,-0.0025667768776077267,0.0470639169216156
z_degree_to_cn_residual,1,test-458,-0.15981025222941134,0.3465772569179535
z_degree_to_cn_residual,1,test-459,0.5634751272888399,0.030151695013046265
z_degree_to_cn_residual,1,test-460,0.9125892511224669,0.23544511198997498
z_degree_to_cn_residual,1,test-461,0.5932148614802274,0.2554191052913666
z_degree_to_cn_residual,1,test-462,-0.0022128532902202114,0.026010125875473022
z_degree_to_cn_residual,1,test-463,0.6905804036823375,0.10760077834129333
z_degree_to_cn_residual,1,test-464,0.6924563057315964,0.10808715224266052
z_degree_to_cn_residual,1,test-465,-0.0022128532902202114,0.026010125875473022
z_degree_to_cn_residual,1,test-466,0.42920014516401445,0.23986873030662537
z_degree_to_cn_residual,1,test-467,0.5023585253615721,-0.004141718149185181
z_degree_to_cn_residual,1,test-468,-0.18602303754564287,0.23544511198997498
z_degree_to_cn_residual,1,test-469,-0.09993231907971788,0.2554191052913666
z_degree_to_cn_residual,1,test-470,-0.001592483837966117,0.02395901083946228
z_degree_to_cn_residual,1,test-471,0.42920014516401445,0.23986873030662537
z_degree_to_cn_residual,1,test-472,-0.002536581283496064,0.24179384112358093
z_degree_to_cn_residual,1,test-473,0.3907357061859718,0.5899535417556763
z_degree_to_cn_residual,1,test-474,0.18103728275552644,0.2209835946559906
z_degree_to_cn_residual,1,test-475,0.629186265886127,0.2886553704738617
z_degree_to_cn_residual,1,test-476,-0.002679459971092827,0.10306808352470398
z_degree_to_cn_residual,1,test-477,-0.09507910900607243,0.11371979117393494
z_degree_to_cn_residual,1,test-478,0.5963176677780939,0.05951404571533203
z_degree_to_cn_residual,1,test-479,0.5071241430143024,0.23544511198997498
z_degree_to_cn_residual,1,test-480,0.7232900511466166,0.3087845742702484
z_degree_to_cn_residual,1,test-481,-0.003920084665472663,0.019101113080978394
z_degree_to_cn_residual,1,test-482,0.5634751272888399,0.03574690222740173
z_degree_to_cn_residual,1,test-483,0.4676238340609221,0.22678908705711365
z_degree_to_cn_residual,1,test-484,-0.002679459971092827,0.10306808352470398
z_degree_to_cn_residual,1,test-485,-0.295747045488935,0.02577933669090271
z_degree_to_cn_residual,1,test-486,-0.0017051669314512175,0.01298794150352478
z_degree_to_cn_residual,1,test-487,-0.21403955770147523,0.13746318221092224
z_degree_to_cn_residual,1,test-488,-0.002679459971092827,0.10306808352470398
z_degree_to_cn_residual,1,test-489,-0.002709528290634796,0.01525983214378357
z_degree_to_cn_residual,1,test-490,-0.0025667768776077267,0.0470639169216156
z_degree_to_cn_residual,1,test-491,-0.002679459971092827,0.10306808352470398
z_degree_to_cn_residual,1,test-492,0.6422000301412054,0.06979116797447205
z_degree_to_cn_residual,1,test-493,0.732166078719928,0.1357346475124359
z_degree_to_cn_residual,1,test-494,-0.002483473901375505,-0.002460390329360962
z_degree_to_cn_residual,1,test-495,-0.31852856519640793,0.13975057005882263
z_degree_to_cn_residual,1,test-496,-0.0025667768776077267,0.10760077834129333
z_degree_to_cn_residual,1,test-497,0.6917662213034395,-0.39546194672584534
z_degree_to_cn_residual,1,test-498,-0.003920084665472663,0.019101113080978394
z_degree_to_cn_residual,1,test-499,-0.530128441809577,0.1255851686000824
z_degree_to_cn_residual,1,test-500,-0.3024114743739735,0.5899535417556763
z_degree_to_cn_residual,1,test-501,0.6960125126639972,0.1718502938747406
z_degree_to_cn_residual,1,test-502,0.3974001350710103,0.02577933669090271
z_degree_to_cn_residual,1,test-503,-0.4555583161639697,0.20524224638938904
z_degree_to_cn_residual,1,test-504,-0.4681938869129151,0.17751964926719666
z_degree_to_cn_residual,1,test-505,0.629186265886127,0.2886553704738617
z_degree_to_cn_residual,1,test-506,-0.4092811700187469,0.14310511946678162
z_degree_to_cn_residual,1,test-507,-0.006401163194461921,0.12287351489067078
z_degree_to_cn_residual,1,test-508,-0.7439778312008087,0.21808966994285583
z_degree_to_cn_residual,1,test-509,0.400053207186074,0.13296517729759216
z_degree_to_cn_residual,1,test-510,0.9297295237162035,0.1978047788143158
z_degree_to_cn_residual,1,test-511,-0.06430606827952172,-0.12721052765846252
z_degree_to_degree,1,test-0,4.6443908991413725,4.891342639923096
z_degree_to_degree,1,test-1,3.9889840465642745,4.323256492614746
z_degree_to_degree,1,test-2,4.584967478670571,4.659307479858398
z_degree_to_degree,1,test-3,3.1780538303479453,3.523864269256592
z_degree_to_degree,1,test-4,4.77912349311153,4.8460187911987305
z_degree_to_degree,1,test-5,3.8066624897703196,4.0021071434021
z_degree_to_degree,1,test-6,5.966146739123692,6.162970542907715
z_degree_to_degree,1,test-7,3.6635616461296463,3.983306407928467
z_degree_to_degree,1,test-8,3.044522437723423,3.3652524948120117
z_degree_to_degree,1,test-9,3.6888794541139367,3.917640209197998
z_degree_to_degree,1,test-10,3.401197381662155,3.6780762672424316
z_degree_to_degree,1,test-11,3.9120230054281464,4.132002830505371
z_degree_to_degree,1,test-12,0.6931471805599453,1.592571496963501
z_degree_to_degree,1,test-13,4.74493212836325,5.035797595977783
z_degree_to_degree,1,test-14,4.0943445622221,4.63853645324707
z_degree_to_degree,1,test-15,1.791759469228055,2.322352409362793
z_degree_to_degree,1,test-16,4.394449154672439,4.6383280754089355
z_degree_to_degree,1,test-17,4.718498871295095,5.09089469909668
z_degree_to_degree,1,test-18,0.6931471805599453,1.592571496963501
z_degree_to_degree,1,test-19,3.044522437723423,3.3652524948120117
z_degree_to_degree,1,test-20,3.1780538303479458,3.799992084503174
z_degree_to_degree,1,test-21,3.465735902799726,3.7128260135650635
z_degree_to_degree,1,test-22,3.401197381662155,3.6780762672424316
z_degree_to_degree,1,test-23,1.0986122886681098,1.7317817211151123
z_degree_to_degree,1,test-24,3.5553480614894135,3.702998161315918
z_degree_to_degree,1,test-25,4.189654742026425,4.366308212280273
z_degree_to_degree,1,test-26,2.3025850929940455,2.790682554244995
z_degree_to_degree,1,test-27,3.465735902799726,3.7128260135650635
z_degree_to_degree,1,test-28,2.8903717578961645,3.193574905395508
z_degree_to_degree,1,test-29,3.688879454113936,3.8423328399658203
z_degree_to_degree,1,test-30,4.882801922586371,5.269716739654541
z_degree_to_degree,1,test-31,4.553876891600541,4.780148029327393
z_degree_to_degree,1,test-32,3.58351893845611,3.7524094581604004
z_degree_to_degree,1,test-33,3.58351893845611,4.211950778961182
z_degree_to_degree,1,test-34,3.1780538303479453,3.4478697776794434
z_degree_to_degree,1,test-35,2.772588722239781,3.187385320663452
z_degree_to_degree,1,test-36,1.3862943611198906,2.021838903427124
z_degree_to_degree,1,test-37,2.3025850929940455,2.790682554244995
z_degree_to_degree,1,test-38,3.9889840465642745,4.55357551574707
z_degree_to_degree,1,test-39,1.791759469228055,2.322352409362793
z_degree_to_degree,1,test-40,3.951243718581427,4.254774570465088
z_degree_to_degree,1,test-41,3.6888794541139367,3.917640209197998
z_degree_to_degree,1,test-42,6.040254711277414,6.40616512298584
z_degree_to_degree,1,test-43,2.4849066497880004,2.945101261138916
z_degree_to_degree,1,test-44,3.1780538303479453,3.4478697776794434
z_degree_to_degree,1,test-45,0.6931471805599453,1.592571496963501
z_degree_to_degree,1,test-46,4.941642422609304,5.21990442276001
z_degree_to_degree,1,test-47,0.0,1.2305080890655518
z_degree_to_degree,1,test-48,2.8903717578961645,3.193574905395508
z_degree_to_degree,1,test-49,6.040254711277414,6.40616512298584
z_degree_to_degree,1,test-50,3.332204510175204,3.6027214527130127
z_degree_to_degree,1,test-51,2.995732273553991,3.3947272300720215
z_degree_to_degree,1,test-52,6.327936783729195,6.526426315307617
z_degree_to_degree,1,test-53,2.8903717578961645,3.193574905395508
z_degree_to_degree,1,test-54,2.6390573296152584,3.102029323577881
z_degree_to_degree,1,test-55,4.927253685157204,5.2398176193237305
z_degree_to_degree,1,test-56,2.70805020110221,3.0788819789886475
z_degree_to_degree,1,test-57,5.272999558563747,5.695985317230225
z_degree_to_degree,1,test-58,3.9889840465642745,4.156807899475098
z_degree_to_degree,1,test-59,2.0794415416798357,2.7597248554229736
z_degree_to_degree,1,test-60,4.7535901911063645,5.021955966949463
z_degree_to_degree,1,test-61,2.1972245773362196,2.835757255554199
z_degree_to_degree,1,test-62,2.3978952727983707,3.095665454864502
z_degree_to_degree,1,test-63,1.3862943611198906,2.021838903427124
z_degree_to_degree,1,test-64,3.58351893845611,3.8033626079559326
z_degree_to_degree,1,test-65,2.8903717578961645,3.193574905395508
z_degree_to_degree,1,test-66,2.4849066497880004,3.020442247390747
z_degree_to_degree,1,test-67,2.4849066497880004,3.020442247390747
z_degree_to_degree,1,test-68,4.90527477843843,5.178327560424805
z_degree_to_degree,1,test-69,3.2188758248682006,3.668522834777832
z_degree_to_degree,1,test-70,2.995732273553991,3.3947272300720215
z_degree_to_degree,1,test-71,4.0943445622221,4.353026390075684
z_degree_to_degree,1,test-72,1.791759469228055,2.322352409362793
z_degree_to_degree,1,test-73,3.951243718581427,4.254774570465088
z_degree_to_degree,1,test-74,2.70805020110221,3.0788819789886475
z_degree_to_degree,1,test-75,3.044522437723423,3.3652524948120117
z_degree_to_degree,1,test-76,1.0986122886681098,1.7317817211151123
z_degree_to_degree,1,test-77,3.044522437723423,3.3652524948120117
z_degree_to_degree,1,test-78,1.3862943611198906,2.080120801925659
z_degree_to_degree,1,test-79,1.791759469228055,2.322352409362793
z_degree_to_degree,1,test-80,3.688879454113936,3.8423328399658203
z_degree_to_degree,1,test-81,3.58351893845611,3.9794862270355225
z_degree_to_degree,1,test-82,3.465735902799726,3.7128260135650635
z_degree_to_degree,1,test-83,4.025351690735149,4.586417198181152
z_degree_to_degree,1,test-84,4.718498871295094,4.982161521911621
z_degree_to_degree,1,test-85,3.9889840465642745,4.323256492614746
z_degree_to_degree,1,test-86,3.332204510175204,3.6027214527130127
z_degree_to_degree,1,test-87,2.70805020110221,3.0788819789886475
z_degree_to_degree,1,test-88,2.6390573296152584,3.102029323577881
z_degree_to_degree,1,test-89,3.332204510175204,3.6027214527130127
z_degree_to_degree,1,test-90,2.4849066497880004,2.945101261138916
z_degree_to_degree,1,test-91,2.0794415416798357,2.7597248554229736
z_degree_to_degree,1,test-92,3.1780538303479453,3.523864269256592
z_degree_to_degree,1,test-93,5.272999558563747,5.695985317230225
z_degree_to_degree,1,test-94,2.4849066497880004,2.945101261138916
z_degree_to_degree,1,test-95,3.401197381662156,3.850586175918579
z_degree_to_degree,1,test-96,7.50659178007084,7.467648506164551
z_degree_to_degree,1,test-97,4.465908118654584,4.686811447143555
z_degree_to_degree,1,test-98,2.3025850929940455,2.790682554244995
z_degree_to_degree,1,test-99,2.70805020110221,3.0788819789886475
z_degree_to_degree,1,test-100,3.58351893845611,3.9794862270355225
z_degree_to_degree,1,test-101,2.70805020110221,3.0788819789886475
z_degree_to_degree,1,test-102,4.02535169073515,4.789206504821777
z_degree_to_degree,1,test-103,2.772588722239781,3.187385320663452
z_degree_to_degree,1,test-104,2.1972245773362196,2.568394899368286
z_degree_to_degree,1,test-105,1.0986122886681098,1.7317817211151123
z_degree_to_degree,1,test-106,3.5263605246161616,4.145992279052734
z_degree_to_degree,1,test-107,0.6931471805599453,1.592571496963501
z_degree_to_degree,1,test-108,6.327936783729195,6.526426315307617
z_degree_to_degree,1,test-109,3.58351893845611,3.7524094581604004
z_degree_to_degree,1,test-110,2.0794415416798357,2.7597248554229736
z_degree_to_degree,1,test-111,2.8903717578961645,3.6865410804748535
z_degree_to_degree,1,test-112,5.0106352940962555,5.300649642944336
z_degree_to_degree,1,test-113,3.688879454113936,3.8423328399658203
z_degree_to_degree,1,test-114,1.3862943611198906,2.080120801925659
z_degree_to_degree,1,test-115,1.3862943611198906,2.021838903427124
z_degree_to_degree,1,test-116,7.3395376954076745,7.133947849273682
z_degree_to_degree,1,test-117,4.304065093204169,4.803902626037598
z_degree_to_degree,1,test-118,3.2188758248682006,3.668522834777832
z_degree_to_degree,1,test-119,6.733401891837358,6.826393127441406
z_degree_to_degree,1,test-120,2.4849066497880004,2.945101261138916
z_degree_to_degree,1,test-121,2.995732273553991,3.3947272300720215
z_degree_to_degree,1,test-122,3.58351893845611,3.9794862270355225
z_degree_to_degree,1,test-123,1.791759469228055,2.322352409362793
z_degree_to_degree,1,test-124,2.6390573296152584,3.102029323577881
z_degree_to_degree,1,test-125,2.1972245773362196,2.568394899368286
z_degree_to_degree,1,test-126,2.4849066497880004,2.945101261138916
z_degree_to_degree,1,test-127,1.791759469228055,2.322352409362793
z_degree_to_degree,1,test-128,3.6635616461296463,3.983306407928467
z_degree_to_degree,1,test-129,2.5649493574615367,3.2793092727661133
z_degree_to_degree,1,test-130,2.995732273553991,3.3947272300720215
z_degree_to_degree,1,test-131,3.044522437723423,3.3652524948120117
z_degree_to_degree,1,test-132,3.688879454113936,3.8423328399658203
z_degree_to_degree,1,test-133,5.560681631015528,5.899850845336914
z_degree_to_degree,1,test-134,2.1972245773362196,2.568394899368286
z_degree_to_degree,1,test-135,2.772588722239781,3.187385320663452
z_degree_to_degree,1,test-136,3.688879454113936,3.8423328399658203
z_degree_to_degree,1,test-137,2.1972245773362196,2.835757255554199
z_degree_to_degree,1,test-138,4.31748811353631,4.596713066101074
z_degree_to_degree,1,test-139,1.791759469228055,2.322352409362793
z_degree_to_degree,1,test-140,3.332204510175204,3.6027214527130127
z_degree_to_degree,1,test-141,4.276666119016055,4.394792079925537
z_degree_to_degree,1,test-142,2.70805020110221,3.0788819789886475
z_degree_to_degree,1,test-143,2.0794415416798357,2.7597248554229736
z_degree_to_degree,1,test-144,2.772588722239781,3.187385320663452
z_degree_to_degree,1,test-145,4.882801922586371,5.269716739654541
z_degree_to_degree,1,test-146,3.465735902799726,3.7128260135650635
z_degree_to_degree,1,test-147,3.332204510175204,3.6027214527130127
z_degree_to_degree,1,test-148,6.327936783729195,6.526426315307617
z_degree_to_degree,1,test-149,3.2188758248682006,3.668522834777832
z_degree_to_degree,1,test-150,3.931825632724326,4.299775123596191
z_degree_to_degree,1,test-151,3.295836866004329,3.653527021408081
z_degree_to_degree,1,test-152,3.4011973816621555,4.016085624694824
z_degree_to_degree,1,test-153,4.0943445622221,4.327399730682373
z_degree_to_degree,1,test-154,2.0794415416798357,2.7597248554229736
z_degree_to_degree,1,test-155,2.3025850929940455,2.790682554244995
z_degree_to_degree,1,test-156,5.4116460518550396,5.61773681640625
z_degree_to_degree,1,test-157,4.564348191467836,4.808061599731445
z_degree_to_degree,1,test-158,0.0,1.2305080890655518
z_degree_to_degree,1,test-159,2.70805020110221,3.0788819789886475
z_degree_to_degree,1,test-160,2.9444389791664403,3.7480950355529785
z_degree_to_degree,1,test-161,1.3862943611198906,2.080120801925659
z_degree_to_degree,1,test-162,2.8903717578961645,3.193574905395508
z_degree_to_degree,1,test-163,1.791759469228055,2.322352409362793
z_degree_to_degree,1,test-164,5.560681631015528,5.899850845336914
z_degree_to_degree,1,test-165,1.0986122886681098,1.7317817211151123
z_degree_to_degree,1,test-166,3.5553480614894135,3.702998161315918
z_degree_to_degree,1,test-167,4.499809670330265,4.667438507080078
z_degree_to_degree,1,test-168,3.5553480614894135,3.702998161315918
z_degree_to_degree,1,test-169,1.791759469228055,2.322352409362793
z_degree_to_degree,1,test-170,2.0794415416798357,2.7597248554229736
z_degree_to_degree,1,test-171,5.288267030694535,5.714765548706055
z_degree_to_degree,1,test-172,1.3862943611198906,2.080120801925659
z_degree_to_degree,1,test-173,2.4849066497880004,2.945101261138916
z_degree_to_degree,1,test-174,3.9120230054281464,4.132002830505371
z_degree_to_degree,1,test-175,4.499809670330265,4.667438507080078
z_degree_to_degree,1,test-176,4.867534450455582,5.254090785980225
z_degree_to_degree,1,test-177,4.718498871295095,5.09089469909668
z_degree_to_degree,1,test-178,3.465735902799726,3.7128260135650635
z_degree_to_degree,1,test-179,1.3862943611198906,2.080120801925659
z_degree_to_degree,1,test-180,3.58351893845611,4.211950778961182
z_degree_to_degree,1,test-181,3.58351893845611,3.7524094581604004
z_degree_to_degree,1,test-182,3.465735902799726,3.7128260135650635
z_degree_to_degree,1,test-183,0.0,1.2305080890655518
z_degree_to_degree,1,test-184,7.24422751560335,6.920697212219238
z_degree_to_degree,1,test-185,3.332204510175204,3.6027214527130127
z_degree_to_degree,1,test-186,3.401197381662155,3.6780762672424316
z_degree_to_degree,1,test-187,3.332204510175204,3.6027214527130127
z_degree_to_degree,1,test-188,2.4849066497880004,2.945101261138916
z_degree_to_degree,1,test-189,2.1972245773362196,2.568394899368286
z_degree_to_degree,1,test-190,2.70805020110221,3.0788819789886475
z_degree_to_degree,1,test-191,2.0794415416798357,2.7597248554229736
z_degree_to_degree,1,test-192,3.044522437723423,3.3652524948120117
z_degree_to_degree,1,test-193,2.995732273553991,3.3947272300720215
z_degree_to_degree,1,test-194,3.58351893845611,4.211950778961182
z_degree_to_degree,1,test-195,4.90527477843843,5.178327560424805
z_degree_to_degree,1,test-196,4.5217885770490405,4.719707489013672
z_degree_to_degree,1,test-197,2.4849066497880004,2.945101261138916
z_degree_to_degree,1,test-198,4.709530201312334,5.00360107421875
z_degree_to_degree,1,test-199,1.0986122886681098,1.7317817211151123
z_degree_to_degree,1,test-200,1.0986122886681098,1.7317817211151123
z_degree_to_degree,1,test-201,1.0986122886681098,1.7317817211151123
z_degree_to_degree,1,test-202,3.044522437723423,3.3652524948120117
z_degree_to_degree,1,test-203,2.4849066497880004,2.945101261138916
z_degree_to_degree,1,test-204,2.6390573296152584,3.102029323577881
z_degree_to_degree,1,test-205,2.1972245773362196,2.568394899368286
z_degree_to_degree,1,test-206,3.58351893845611,3.7524094581604004
z_degree_to_degree,1,test-207,4.2484952420493585,4.524980545043945
z_degree_to_degree,1,test-208,4.0943445622221,4.353026390075684
z_degree_to_degree,1,test-209,4.836281906951478,5.114699363708496
z_degree_to_degree,1,test-210,4.976733742420574,5.261902332305908
z_degree_to_degree,1,test-211,3.044522437723423,3.3652524948120117
z_degree_to_degree,1,test-212,4.499809670330265,4.715912818908691
z_degree_to_degree,1,test-213,1.3862943611198906,2.021838903427124
z_degree_to_degree,1,test-214,5.560681631015528,5.899850845336914
z_degree_to_degree,1,test-215,2.0794415416798357,2.7597248554229736
z_degree_to_degree,1,test-216,0.6931471805599453,1.592571496963501
z_degree_to_degree,1,test-217,1.791759469228055,2.322352409362793
z_degree_to_degree,1,test-218,3.044522437723423,3.3652524948120117
z_degree_to_degree,1,test-219,3.58351893845611,3.9794862270355225
z_degree_to_degree,1,test-220,2.70805020110221,3.462437629699707
z_degree_to_degree,1,test-221,2.995732273553991,3.3947272300720215
z_degree_to_degree,1,test-222,2.0794415416798357,2.7597248554229736
z_degree_to_degree,1,test-223,3.8712010109078907,4.268488883972168
z_degree_to_degree,1,test-224,0.0,1.2305080890655518
z_degree_to_degree,1,test-225,3.332204510175204,3.6027214527130127
z_degree_to_degree,1,test-226,2.0794415416798357,2.7597248554229736
z_degree_to_degree,1,test-227,2.772588722239781,3.187385320663452
z_degree_to_degree,1,test-228,1.791759469228055,2.322352409362793
z_degree_to_degree,1,test-229,2.1972245773362196,2.568394899368286
z_degree_to_degree,1,test-230,3.401197381662156,3.850586175918579
z_degree_to_degree,1,test-231,4.430816798843313,4.5457916259765625
z_degree_to_degree,1,test-232,4.276666119016055,4.441400527954102
z_degree_to_degree,1,test-233,1.791759469228055,2.345747947692871
z_degree_to_degree,1,test-234,3.58351893845611,3.9794862270355225
z_degree_to_degree,1,test-235,3.1780538303479453,3.523864269256592
z_degree_to_degree,1,test-236,2.8903717578961645,3.193574905395508
z_degree_to_degree,1,test-237,3.044522437723423,3.3652524948120117
z_degree_to_degree,1,test-238,5.780743515792329,5.7382049560546875
z_degree_to_degree,1,test-239,6.327936783729195,6.526426315307617
z_degree_to_degree,1,test-240,0.6931471805599453,1.592571496963501
z_degree_to_degree,1,test-241,2.4849066497880004,3.020442247390747
z_degree_to_degree,1,test-242,2.8903717578961645,3.193574905395508
z_degree_to_degree,1,test-243,2.1972245773362196,2.568394899368286
z_degree_to_degree,1,test-244,3.044522437723423,3.3652524948120117
z_degree_to_degree,1,test-245,2.70805020110221,3.0788819789886475
z_degree_to_degree,1,test-246,4.74493212836325,5.035797595977783
z_degree_to_degree,1,test-247,1.791759469228055,2.322352409362793
z_degree_to_degree,1,test-248,3.8066624897703196,4.0021071434021
z_degree_to_degree,1,test-249,3.951243718581427,4.254774570465088
z_degree_to_degree,1,test-250,1.3862943611198906,2.080120801925659
z_degree_to_degree,1,test-251,4.718498871295095,5.09089469909668
z_degree_to_degree,1,test-252,3.465735902799726,3.7128260135650635
z_degree_to_degree,1,test-253,2.70805020110221,3.0788819789886475
z_degree_to_degree,1,test-254,2.6390573296152584,3.102029323577881
z_degree_to_degree,1,test-255,5.19295685089021,5.374692916870117
z_degree_to_degree,1,test-256,0.0,1.2305080890655518
z_degree_to_degree,1,test-257,5.98141421125448,6.178916931152344
z_degree_to_degree,1,test-258,3.8712010109078907,4.04886531829834
z_degree_to_degree,1,test-259,2.9957322735539913,3.474095106124878
z_degree_to_degree,1,test-260,1.0986122886681098,1.7317817211151123
z_degree_to_degree,1,test-261,3.401197381662155,3.6780762672424316
z_degree_to_degree,1,test-262,2.995732273553991,3.3947272300720215
z_degree_to_degree,1,test-263,2.995732273553991,3.3947272300720215
z_degree_to_degree,1,test-264,4.1588830833596715,4.359653949737549
z_degree_to_degree,1,test-265,4.31748811353631,4.596713066101074
z_degree_to_degree,1,test-266,1.791759469228055,2.322352409362793
z_degree_to_degree,1,test-267,2.0794415416798357,2.7597248554229736
z_degree_to_degree,1,test-268,2.70805020110221,3.0788819789886475
z_degree_to_degree,1,test-269,6.476972362889683,6.7545599937438965
z_degree_to_degree,1,test-270,1.791759469228055,2.322352409362793
z_degree_to_degree,1,test-271,3.044522437723423,3.3652524948120117
z_degree_to_degree,1,test-272,3.737669618283368,3.967315196990967
z_degree_to_degree,1,test-273,3.1780538303479453,3.4478697776794434
z_degree_to_degree,1,test-274,2.772588722239781,3.187385320663452
z_degree_to_degree,1,test-275,2.70805020110221,3.0788819789886475
z_degree_to_degree,1,test-276,2.0794415416798357,2.6961593627929688
z_degree_to_degree,1,test-277,3.332204510175204,3.6027214527130127
z_degree_to_degree,1,test-278,5.220355825078324,5.408491611480713
z_degree_to_degree,1,test-279,3.6635616461296463,3.983306407928467
z_degree_to_degree,1,test-280,2.6390573296152584,3.102029323577881
z_degree_to_degree,1,test-281,2.4849066497880004,2.945101261138916
z_degree_to_degree,1,test-282,3.9512437185814275,4.517612457275391
z_degree_to_degree,1,test-283,2.995732273553991,3.3947272300720215
z_degree_to_degree,1,test-284,1.6094379124341003,2.199197769165039
z_degree_to_degree,1,test-285,2.70805020110221,3.0788819789886475
z_degree_to_degree,1,test-286,6.461468176353717,6.361408233642578
z_degree_to_degree,1,test-287,3.044522437723423,3.3652524948120117
z_degree_to_degree,1,test-288,3.4965075614664807,3.8223886489868164
z_degree_to_degree,1,test-289,4.499809670330265,4.758833885192871
z_degree_to_degree,1,test-290,2.8903717578961645,3.193574905395508
z_degree_to_degree,1,test-291,5.60947179518496,6.004063606262207
z_degree_to_degree,1,test-292,5.375278407684165,5.668490409851074
z_degree_to_degree,1,test-293,3.6888794541139367,3.917640209197998
z_degree_to_degree,1,test-294,2.1972245773362196,2.568394899368286
z_degree_to_degree,1,test-295,2.3025850929940455,2.790682554244995
z_degree_to_degree,1,test-296,3.7376696182833684,4.32188606262207
z_degree_to_degree,1,test-297,2.0794415416798357,2.6961593627929688
z_degree_to_degree,1,test-298,1.3862943611198906,2.021838903427124
z_degree_to_degree,1,test-299,3.1780538303479453,3.4478697776794434
z_degree_to_degree,1,test-300,2.995732273553991,3.3947272300720215
z_degree_to_degree,1,test-301,1.6094379124341003,2.199197769165039
z_degree_to_degree,1,test-302,2.4849066497880004,2.945101261138916
z_degree_to_degree,1,test-303,2.0794415416798357,2.7597248554229736
z_degree_to_degree,1,test-304,4.382026634673881,4.470169544219971
z_degree_to_degree,1,test-305,3.332204510175204,3.6027214527130127
z_degree_to_degree,1,test-306,5.556828061699537,5.963045120239258
z_degree_to_degree,1,test-307,2.0794415416798357,2.7597248554229736
z_degree_to_degree,1,test-308,2.0794415416798357,2.7597248554229736
z_degree_to_degree,1,test-309,3.58351893845611,3.8033626079559326
z_degree_to_degree,1,test-310,2.1972245773362196,2.568394899368286
z_degree_to_degree,1,test-311,3.8918202981106265,4.172983169555664
z_degree_to_degree,1,test-312,2.4849066497880004,3.194612503051758
z_degree_to_degree,1,test-313,6.733401891837358,6.826393127441406
z_degree_to_degree,1,test-314,4.941642422609304,5.21990442276001
z_degree_to_degree,1,test-315,1.9459101490553132,2.5213146209716797
z_degree_to_degree,1,test-316,2.8903717578961645,3.193574905395508
z_degree_to_degree,1,test-317,5.4116460518550396,5.61773681640625
z_degree_to_degree,1,test-318,3.332204510175204,3.6027214527130127
z_degree_to_degree,1,test-319,6.733401891837358,6.826393127441406
z_degree_to_degree,1,test-320,2.772588722239781,3.187385320663452
z_degree_to_degree,1,test-321,3.044522437723423,3.3652524948120117
z_degree_to_degree,1,test-322,2.995732273553991,3.3947272300720215
z_degree_to_degree,1,test-323,0.6931471805599453,1.592571496963501
z_degree_to_degree,1,test-324,2.4849066497880004,2.945101261138916
z_degree_to_degree,1,test-325,2.772588722239781,3.187385320663452
z_degree_to_degree,1,test-326,3.091042453358316,3.6847589015960693
z_degree_to_degree,1,test-327,3.401197381662156,3.850586175918579
z_degree_to_degree,1,test-328,3.688879454113936,3.8423328399658203
z_degree_to_degree,1,test-329,1.6094379124341003,2.199197769165039
z_degree_to_degree,1,test-330,3.5553480614894135,3.702998161315918
z_degree_to_degree,1,test-331,3.8712010109078907,4.144960880279541
z_degree_to_degree,1,test-332,2.70805020110221,3.462437629699707
z_degree_to_degree,1,test-333,2.8903717578961645,3.6865410804748535
z_degree_to_degree,1,test-334,2.4849066497880004,3.020442247390747
z_degree_to_degree,1,test-335,4.51085950651685,4.620018005371094
z_degree_to_degree,1,test-336,2.70805020110221,3.0788819789886475
z_degree_to_degree,1,test-337,3.044522437723423,3.3652524948120117
z_degree_to_degree,1,test-338,2.4849066497880004,2.945101261138916
z_degree_to_degree,1,test-339,2.772588722239781,3.187385320663452
z_degree_to_degree,1,test-340,4.143134726391533,4.413039684295654
z_degree_to_degree,1,test-341,3.931825632724326,4.299775123596191
z_degree_to_degree,1,test-342,2.4849066497880004,2.945101261138916
z_degree_to_degree,1,test-343,4.787491742782047,5.022341728210449
z_degree_to_degree,1,test-344,1.3862943611198906,2.021838903427124
z_degree_to_degree,1,test-345,3.1780538303479453,3.523864269256592
z_degree_to_degree,1,test-346,2.4849066497880004,2.945101261138916
z_degree_to_degree,1,test-347,2.4849066497880004,2.945101261138916
z_degree_to_degree,1,test-348,2.4849066497880004,2.945101261138916
z_degree_to_degree,1,test-349,3.401197381662155,3.6780762672424316
z_degree_to_degree,1,test-350,2.8903717578961645,3.6865410804748535
z_degree_to_degree,1,test-351,3.1780538303479453,3.4478697776794434
z_degree_to_degree,1,test-352,1.3862943611198906,2.021838903427124
z_degree_to_degree,1,test-353,4.882801922586371,5.269716739654541
z_degree_to_degree,1,test-354,4.23410650459726,4.506664752960205
z_degree_to_degree,1,test-355,5.6937321388027,5.613749027252197
z_degree_to_degree,1,test-356,0.6931471805599453,1.592571496963501
z_degree_to_degree,1,test-357,1.791759469228055,2.322352409362793
z_degree_to_degree,1,test-358,1.791759469228055,2.322352409362793
z_degree_to_degree,1,test-359,5.966146739123692,6.162970542907715
z_degree_to_degree,1,test-360,3.4965075614664807,3.8223886489868164
z_degree_to_degree,1,test-361,6.733401891837358,6.826393127441406
z_degree_to_degree,1,test-362,5.272999558563747,5.48889684677124
z_degree_to_degree,1,test-363,3.737669618283368,3.967315196990967
z_degree_to_degree,1,test-364,2.1972245773362196,2.568394899368286
z_degree_to_degree,1,test-365,2.995732273553991,3.3947272300720215
z_degree_to_degree,1,test-366,1.3862943611198906,2.080120801925659
z_degree_to_degree,1,test-367,6.327936783729195,6.526426315307617
z_degree_to_degree,1,test-368,4.430816798843313,4.5457916259765625
z_degree_to_degree,1,test-369,0.0,1.2305080890655518
z_degree_to_degree,1,test-370,2.6390573296152584,3.102029323577881
z_degree_to_degree,1,test-371,1.6094379124341003,2.199197769165039
z_degree_to_degree,1,test-372,2.4849066497880004,2.945101261138916
z_degree_to_degree,1,test-373,3.465735902799726,3.7128260135650635
z_degree_to_degree,1,test-374,2.772588722239781,3.187385320663452
z_degree_to_degree,1,test-375,2.70805020110221,3.0788819789886475
z_degree_to_degree,1,test-376,4.74493212836325,5.035797595977783
z_degree_to_degree,1,test-377,2.4849066497880004,3.020442247390747
z_degree_to_degree,1,test-378,3.332204510175204,3.6027214527130127
z_degree_to_degree,1,test-379,2.4849066497880004,3.020442247390747
z_degree_to_degree,1,test-380,2.8903717578961645,3.193574905395508
z_degree_to_degree,1,test-381,2.3025850929940455,2.790682554244995
z_degree_to_degree,1,test-382,1.791759469228055,2.322352409362793
z_degree_to_degree,1,test-383,0.6931471805599453,1.592571496963501
z_degree_to_degree,1,test-384,4.276666119016055,4.782798767089844
z_degree_to_degree,1,test-385,1.791759469228055,2.322352409362793
z_degree_to_degree,1,test-386,1.791759469228055,2.322352409362793
z_degree_to_degree,1,test-387,2.0794415416798357,2.7597248554229736
z_degree_to_degree,1,test-388,2.995732273553991,3.3947272300720215
z_degree_to_degree,1,test-389,2.0794415416798357,2.7597248554229736
z_degree_to_degree,1,test-390,3.044522437723423,3.3652524948120117
z_degree_to_degree,1,test-391,2.995732273553991,3.3947272300720215
z_degree_to_degree,1,test-392,0.0,1.2305080890655518
z_degree_to_degree,1,test-393,1.3862943611198906,2.080120801925659
z_degree_to_degree,1,test-394,2.3025850929940455,2.790682554244995
z_degree_to_degree,1,test-395,3.295836866004329,3.653527021408081
z_degree_to_degree,1,test-396,1.791759469228055,2.322352409362793
z_degree_to_degree,1,test-397,3.4011973816621555,4.016085624694824
z_degree_to_degree,1,test-398,2.4849066497880004,3.020442247390747
z_degree_to_degree,1,test-399,2.995732273553991,3.3947272300720215
z_degree_to_degree,1,test-400,2.0794415416798357,2.7597248554229736
z_degree_to_degree,1,test-401,2.0794415416798357,2.7597248554229736
z_degree_to_degree,1,test-402,3.1780538303479453,3.523864269256592
z_degree_to_degree,1,test-403,3.828641396489095,4.372039794921875
z_degree_to_degree,1,test-404,4.90527477843843,5.178327560424805
z_degree_to_degree,1,test-405,1.791759469228055,2.345747947692871
z_degree_to_degree,1,test-406,3.401197381662155,3.6780762672424316
z_degree_to_degree,1,test-407,1.3862943611198906,2.021838903427124
z_degree_to_degree,1,test-408,2.8903717578961645,3.6865410804748535
z_degree_to_degree,1,test-409,4.276666119016055,4.782798767089844
z_degree_to_degree,1,test-410,0.6931471805599453,1.592571496963501
z_degree_to_degree,1,test-411,3.5553480614894135,3.702998161315918
z_degree_to_degree,1,test-412,2.8903717578961645,3.193574905395508
z_degree_to_degree,1,test-413,3.332204510175204,3.6027214527130127
z_degree_to_degree,1,test-414,5.342334251964811,5.498816013336182
z_degree_to_degree,1,test-415,2.890371757896165,3.3154308795928955
z_degree_to_degree,1,test-416,3.401197381662155,3.6780762672424316
z_degree_to_degree,1,test-417,3.091042453358316,3.6847589015960693
z_degree_to_degree,1,test-418,2.995732273553991,3.3947272300720215
z_degree_to_degree,1,test-419,3.401197381662155,3.6780762672424316
z_degree_to_degree,1,test-420,4.787491742782046,5.058520317077637
z_degree_to_degree,1,test-421,4.430816798843313,4.5457916259765625
z_degree_to_degree,1,test-422,2.8903717578961645,3.193574905395508
z_degree_to_degree,1,test-423,2.0794415416798357,2.7597248554229736
z_degree_to_degree,1,test-424,3.1780538303479458,3.799992084503174
z_degree_to_degree,1,test-425,1.9459101490553132,2.5213146209716797
z_degree_to_degree,1,test-426,2.995732273553991,3.3947272300720215
z_degree_to_degree,1,test-427,2.1972245773362196,2.568394899368286
z_degree_to_degree,1,test-428,1.3862943611198906,2.021838903427124
z_degree_to_degree,1,test-429,3.401197381662156,3.850586175918579
z_degree_to_degree,1,test-430,3.332204510175204,3.9615211486816406
z_degree_to_degree,1,test-431,2.0794415416798357,2.7597248554229736
z_degree_to_degree,1,test-432,2.4849066497880004,2.945101261138916
z_degree_to_degree,1,test-433,3.6888794541139367,3.917640209197998
z_degree_to_degree,1,test-434,2.70805020110221,3.0788819789886475
z_degree_to_degree,1,test-435,2.4849066497880004,3.020442247390747
z_degree_to_degree,1,test-436,4.718498871295095,5.09089469909668
z_degree_to_degree,1,test-437,5.634789603169249,5.887511730194092
z_degree_to_degree,1,test-438,4.68213122712422,4.968497276306152
z_degree_to_degree,1,test-439,1.791759469228055,2.322352409362793
z_degree_to_degree,1,test-440,3.9889840465642745,4.156807899475098
z_degree_to_degree,1,test-441,6.327936783729195,6.526426315307617
z_degree_to_degree,1,test-442,3.044522437723423,3.3652524948120117
z_degree_to_degree,1,test-443,2.70805020110221,3.0788819789886475
z_degree_to_degree,1,test-444,1.0986122886681098,1.7317817211151123
z_degree_to_degree,1,test-445,2.995732273553991,3.3947272300720215
z_degree_to_degree,1,test-446,2.772588722239781,3.187385320663452
z_degree_to_degree,1,test-447,2.995732273553991,3.3947272300720215
z_degree_to_degree,1,test-448,1.791759469228055,2.345747947692871
z_degree_to_degree,1,test-449,1.3862943611198906,2.021838903427124
z_degree_to_degree,1,test-450,2.4849066497880004,2.945101261138916
z_degree_to_degree,1,test-451,7.50659178007084,7.467648506164551
z_degree_to_degree,1,test-452,3.951243718581427,4.254774570465088
z_degree_to_degree,1,test-453,3.5553480614894135,3.702998161315918
z_degree_to_degree,1,test-454,2.70805020110221,3.0788819789886475
z_degree_to_degree,1,test-455,3.258096538021482,3.8920764923095703
z_degree_to_degree,1,test-456,5.634789603169249,5.887511730194092
z_degree_to_degree,1,test-457,0.6931471805599453,1.592571496963501
z_degree_to_degree,1,test-458,2.772588722239781,3.187385320663452
z_degree_to_degree,1,test-459,3.401197381662156,3.850586175918579
z_degree_to_degree,1,test-460,2.995732273553991,3.3947272300720215
z_degree_to_degree,1,test-461,3.044522437723423,3.3652524948120117
z_degree_to_degree,1,test-462,2.1972245773362196,2.835757255554199
z_degree_to_degree,1,test-463,1.791759469228055,2.322352409362793
z_degree_to_degree,1,test-464,3.1780538303479458,3.799992084503174
z_degree_to_degree,1,test-465,2.1972245773362196,2.835757255554199
z_degree_to_degree,1,test-466,3.401197381662155,3.6780762672424316
z_degree_to_degree,1,test-467,6.327936783729195,6.526426315307617
z_degree_to_degree,1,test-468,2.995732273553991,3.3947272300720215
z_degree_to_degree,1,test-469,3.044522437723423,3.3652524948120117
z_degree_to_degree,1,test-470,1.0986122886681098,1.7317817211151123
z_degree_to_degree,1,test-471,3.401197381662155,3.6780762672424316
z_degree_to_degree,1,test-472,2.3025850929940455,2.790682554244995
z_degree_to_degree,1,test-473,6.040254711277414,6.40616512298584
z_degree_to_degree,1,test-474,4.90527477843843,5.178327560424805
z_degree_to_degree,1,test-475,2.1972245773362196,2.568394899368286
z_degree_to_degree,1,test-476,2.0794415416798357,2.7597248554229736
z_degree_to_degree,1,test-477,2.8903717578961645,3.193574905395508
z_degree_to_degree,1,test-478,3.1780538303479453,3.523864269256592
z_degree_to_degree,1,test-479,2.995732273553991,3.3947272300720215
z_degree_to_degree,1,test-480,4.276666119016055,4.394792079925537
z_degree_to_degree,1,test-481,2.4849066497880004,3.020442247390747
z_degree_to_degree,1,test-482,3.295836866004329,3.653527021408081
z_degree_to_degree,1,test-483,3.1780538303479453,3.4478697776794434
z_degree_to_degree,1,test-484,2.0794415416798357,2.7597248554229736
z_degree_to_degree,1,test-485,3.332204510175204,3.6027214527130127
z_degree_to_degree,1,test-486,1.3862943611198906,2.080120801925659
z_degree_to_degree,1,test-487,4.356708826689592,4.610837459564209
z_degree_to_degree,1,test-488,2.0794415416798357,2.7597248554229736
z_degree_to_degree,1,test-489,2.9957322735539913,3.474095106124878
z_degree_to_degree,1,test-490,0.6931471805599453,1.592571496963501
z_degree_to_degree,1,test-491,2.0794415416798357,2.7597248554229736
z_degree_to_degree,1,test-492,4.31748811353631,4.596713066101074
z_degree_to_degree,1,test-493,3.58351893845611,3.9794862270355225
z_degree_to_degree,1,test-494,0.0,1.2305080890655518
z_degree_to_degree,1,test-495,5.272999558563747,5.48889684677124
z_degree_to_degree,1,test-496,1.791759469228055,2.322352409362793
z_degree_to_degree,1,test-497,3.7376696182833684,4.32188606262207
z_degree_to_degree,1,test-498,2.4849066497880004,3.020442247390747
z_degree_to_degree,1,test-499,3.8712010109078907,4.04886531829834
z_degree_to_degree,1,test-500,6.040254711277414,6.40616512298584
z_degree_to_degree,1,test-501,3.332204510175204,3.9615211486816406
z_degree_to_degree,1,test-502,3.332204510175204,3.6027214527130127
z_degree_to_degree,1,test-503,4.700480365792417,4.9480180740356445
z_degree_to_degree,1,test-504,4.499809670330265,4.758833885192871
z_degree_to_degree,1,test-505,2.1972245773362196,2.568394899368286
z_degree_to_degree,1,test-506,3.688879454113936,3.8423328399658203
z_degree_to_degree,1,test-507,2.6390573296152584,3.102029323577881
z_degree_to_degree,1,test-508,4.276666119016055,4.497519493103027
z_degree_to_degree,1,test-509,3.8712010109078907,4.144960880279541
z_degree_to_degree,1,test-510,4.442651256490317,4.732519626617432
z_degree_to_degree,1,test-511,5.634789603169249,5.887511730194092
z_cn_to_cn_residual,1,test-0,0.4096507501383539,0.4959641098976135
z_cn_to_cn_residual,1,test-1,-0.257133548881196,-0.2602774500846863
z_cn_to_cn_residual,1,test-2,-0.026168497301778282,0.23172719776630402
z_cn_to_cn_residual,1,test-3,-0.09682951278185134,-0.1638670414686203
z_cn_to_cn_residual,1,test-4,1.030455039917754,0.86421138048172
z_cn_to_cn_residual,1,test-5,-0.40617432960244304,-0.4027552008628845
z_cn_to_cn_residual,1,test-6,1.072232465549153,0.6798703074455261
z_cn_to_cn_residual,1,test-7,-0.17653506637630972,-0.18395797908306122
z_cn_to_cn_residual,1,test-8,-0.09993231907971788,-0.16619233787059784
z_cn_to_cn_residual,1,test-9,-0.361807736196368,-0.35508912801742554
z_cn_to_cn_residual,1,test-10,0.834665253272179,0.9760149121284485
z_cn_to_cn_residual,1,test-11,0.6771872810461878,0.6110946536064148
z_cn_to_cn_residual,1,test-12,-0.0025667768776077267,-0.04978732764720917
z_cn_to_cn_residual,1,test-13,0.0920452145115791,0.3988974690437317
z_cn_to_cn_residual,1,test-14,0.1059855857541714,0.10044212639331818
z_cn_to_cn_residual,1,test-15,0.6905804036823375,0.6314430832862854
z_cn_to_cn_residual,1,test-16,0.487417210290867,0.5093310475349426
z_cn_to_cn_residual,1,test-17,0.027598705190133088,0.012263491749763489
z_cn_to_cn_residual,1,test-18,-0.0025667768776077267,-0.04978732764720917
z_cn_to_cn_residual,1,test-19,-0.09993231907971788,-0.16619233787059784
z_cn_to_cn_residual,1,test-20,-0.0006908748283487874,-0.04591540992259979
z_cn_to_cn_residual,1,test-21,0.37362887990278976,0.4095643162727356
z_cn_to_cn_residual,1,test-22,-0.26394703539593084,-0.2680191397666931
z_cn_to_cn_residual,1,test-23,-0.001592483837966117,-0.04777543246746063
z_cn_to_cn_residual,1,test-24,0.3252994169928626,0.524928867816925
z_cn_to_cn_residual,1,test-25,-0.5320508010865779,-0.5690045952796936
z_cn_to_cn_residual,1,test-26,0.6906105992764492,0.4882081151008606
z_cn_to_cn_residual,1,test-27,0.7790939880109542,0.6517001390457153
z_cn_to_cn_residual,1,test-28,0.5980680715538729,0.4107663035392761
z_cn_to_cn_residual,1,test-29,0.6893311186493629,0.6742377877235413
z_cn_to_cn_residual,1,test-30,0.6730018624542556,0.5336335301399231
z_cn_to_cn_residual,1,test-31,0.22033626837748216,0.481633722782135
z_cn_to_cn_residual,1,test-32,-0.31403642712572494,-0.31202131509780884
z_cn_to_cn_residual,1,test-33,0.6854469961951654,0.5225632786750793
z_cn_to_cn_residual,1,test-34,-0.22552334649902314,-0.21910373866558075
z_cn_to_cn_residual,1,test-35,-0.15981025222941134,-0.18135182559490204
z_cn_to_cn_residual,1,test-36,-0.002483473901375505,-0.04961507022380829
z_cn_to_cn_residual,1,test-37,-0.002536581283496064,-0.049725696444511414
z_cn_to_cn_residual,1,test-38,0.011027840012221813,-0.021766111254692078
z_cn_to_cn_residual,1,test-39,-0.0025667768776077267,-0.04978732764720917
z_cn_to_cn_residual,1,test-40,1.0655213517576338,0.8790786862373352
z_cn_to_cn_residual,1,test-41,0.33133944436357726,0.3712199330329895
z_cn_to_cn_residual,1,test-42,0.3907357061859718,0.4742477536201477
z_cn_to_cn_residual,1,test-43,-0.07427151148220186,-0.1471124142408371
z_cn_to_cn_residual,1,test-44,1.1607710146208674,0.9203115105628967
z_cn_to_cn_residual,1,test-45,-0.0025667768776077267,-0.04978732764720917
z_cn_to_cn_residual,1,test-46,0.12442211904305411,0.3175507187843323
z_cn_to_cn_residual,1,test-47,-0.002483473901375505,-0.04961507022380829
z_cn_to_cn_residual,1,test-48,0.5980680715538729,0.34004586935043335
z_cn_to_cn_residual,1,test-49,0.3907357061859718,0.18288590013980865
z_cn_to_cn_residual,1,test-50,0.3974001350710103,0.40270406007766724
z_cn_to_cn_residual,1,test-51,0.5071241430143024,0.37728601694107056
z_cn_to_cn_residual,1,test-52,-0.5962537633065377,-0.6203150153160095
z_cn_to_cn_residual,1,test-53,-0.09507910900607243,-0.16255752742290497
z_cn_to_cn_residual,1,test-54,-0.006401163194461921,-0.05770699679851532
z_cn_to_cn_residual,1,test-55,-0.5779234037185782,-0.6120592951774597
z_cn_to_cn_residual,1,test-56,-0.09507910900607243,-0.16255752742290497
z_cn_to_cn_residual,1,test-57,0.8783422192128343,0.7710577845573425
z_cn_to_cn_residual,1,test-58,-0.4855470978437046,-0.5590066313743591
z_cn_to_cn_residual,1,test-59,0.6904677205888524,0.5725458264350891
z_cn_to_cn_residual,1,test-60,-0.2474640255978244,-0.24759678542613983
z_cn_to_cn_residual,1,test-61,-0.0022128532902202114,-0.04905681312084198
z_cn_to_cn_residual,1,test-62,-0.0014682163898236727,-0.047519370913505554
z_cn_to_cn_residual,1,test-63,-0.002483473901375505,-0.04961507022380829
z_cn_to_cn_residual,1,test-64,-0.18117393408101218,-0.18471471965312958
z_cn_to_cn_residual,1,test-65,1.0035331796620373,0.9059162735939026
z_cn_to_cn_residual,1,test-66,-0.003920084665472663,-0.05258123576641083
z_cn_to_cn_residual,1,test-67,-0.003920084665472663,-0.05258123576641083
z_cn_to_cn_residual,1,test-68,-0.5121098978044188,-0.5712073445320129
z_cn_to_cn_residual,1,test-69,0.40889556438164,0.38692742586135864
z_cn_to_cn_residual,1,test-70,0.5071241430143024,0.5186565518379211
z_cn_to_cn_residual,1,test-71,0.34193555199200737,0.38377171754837036
z_cn_to_cn_residual,1,test-72,-0.0025667768776077267,-0.04978732764720917
z_cn_to_cn_residual,1,test-73,-0.32077300936225667,-0.31797856092453003
z_cn_to_cn_residual,1,test-74,-0.09507910900607243,-0.16255752742290497
z_cn_to_cn_residual,1,test-75,0.9986799695883919,0.9267879128456116
z_cn_to_cn_residual,1,test-76,-0.001592483837966117,-0.04777543246746063
z_cn_to_cn_residual,1,test-77,0.5932148614802274,0.5075955986976624
z_cn_to_cn_residual,1,test-78,-0.0017051669314512175,-0.04800872504711151
z_cn_to_cn_residual,1,test-79,-0.0025667768776077267,-0.04978732764720917
z_cn_to_cn_residual,1,test-80,0.6893311186493629,0.6885975003242493
z_cn_to_cn_residual,1,test-81,0.3267009706117635,0.37790805101394653
z_cn_to_cn_residual,1,test-82,1.066776060462735,0.8807390332221985
z_cn_to_cn_residual,1,test-83,-0.06306873591422772,-0.13576285541057587
z_cn_to_cn_residual,1,test-84,-0.3195190468888935,-0.3168659806251526
z_cn_to_cn_residual,1,test-85,-0.257133548881196,-0.2602774500846863
z_cn_to_cn_residual,1,test-86,0.3974001350710103,0.4818642735481262
z_cn_to_cn_residual,1,test-87,-0.09507910900607243,-0.16255752742290497
z_cn_to_cn_residual,1,test-88,-0.006401163194461921,-0.05770699679851532
z_cn_to_cn_residual,1,test-89,-0.295747045488935,-0.296048104763031
z_cn_to_cn_residual,1,test-90,-0.07427151148220186,-0.1471124142408371
z_cn_to_cn_residual,1,test-91,-0.002679459971092827,-0.05001990497112274
z_cn_to_cn_residual,1,test-92,0.5963176677780939,0.5711956024169922
z_cn_to_cn_residual,1,test-93,0.47287711110466973,0.48552578687667847
z_cn_to_cn_residual,1,test-94,-0.07427151148220186,-0.1471124142408371
z_cn_to_cn_residual,1,test-95,0.5634751272888399,0.2593076229095459
z_cn_to_cn_residual,1,test-96,-0.6219808875579942,0.01840190589427948
z_cn_to_cn_residual,1,test-97,-0.0948206319924906,-0.1623646467924118
z_cn_to_cn_residual,1,test-98,-0.002536581283496064,-0.049725696444511414
z_cn_to_cn_residual,1,test-99,-0.09507910900607243,-0.16255752742290497
z_cn_to_cn_residual,1,test-100,-0.3664462099481818,-0.3593730330467224
z_cn_to_cn_residual,1,test-101,0.5980680715538729,0.2775549292564392
z_cn_to_cn_residual,1,test-102,0.03377005795343527,0.022630050778388977
z_cn_to_cn_residual,1,test-103,-0.15981025222941134,-0.18135182559490204
z_cn_to_cn_residual,1,test-104,0.629186265886127,0.4633699059486389
z_cn_to_cn_residual,1,test-105,-0.001592483837966117,-0.04777543246746063
z_cn_to_cn_residual,1,test-106,0.689862177614176,0.5427625775337219
z_cn_to_cn_residual,1,test-107,-0.0025667768776077267,-0.04978732764720917
z_cn_to_cn_residual,1,test-108,0.09689341725340761,0.3544906973838806
z_cn_to_cn_residual,1,test-109,0.37911075343422035,0.4271083474159241
z_cn_to_cn_residual,1,test-110,-0.002679459971092827,-0.05001990497112274
z_cn_to_cn_residual,1,test-111,-0.006236131996241855,-0.05736558139324188
z_cn_to_cn_residual,1,test-112,0.4686965299979534,0.2502043843269348
z_cn_to_cn_residual,1,test-113,-0.4092811700187469,-0.40958505868911743
z_cn_to_cn_residual,1,test-114,-0.0017051669314512175,-0.04800872504711151
z_cn_to_cn_residual,1,test-115,0.6906637066585698,0.6289160847663879
z_cn_to_cn_residual,1,test-116,1.0402213320986424,0.4530887007713318
z_cn_to_cn_residual,1,test-117,0.6948211420213969,0.6434803605079651
z_cn_to_cn_residual,1,test-118,-0.2842516161783053,-0.28615647554397583
z_cn_to_cn_residual,1,test-119,0.706182872391234,0.8322237133979797
z_cn_to_cn_residual,1,test-120,0.6188756690777434,0.6163807511329651
z_cn_to_cn_residual,1,test-121,0.5071241430143024,0.38688212633132935
z_cn_to_cn_residual,1,test-122,0.732166078719928,0.7504284977912903
z_cn_to_cn_residual,1,test-123,0.6905804036823375,0.4581072926521301
z_cn_to_cn_residual,1,test-124,-0.006401163194461921,-0.05770699679851532
z_cn_to_cn_residual,1,test-125,-0.06396091467381823,-0.13667766749858856
z_cn_to_cn_residual,1,test-126,1.0243407771859079,0.3433517813682556
z_cn_to_cn_residual,1,test-127,-0.0025667768776077267,-0.04978732764720917
z_cn_to_cn_residual,1,test-128,-0.17653506637630972,-0.18395797908306122
z_cn_to_cn_residual,1,test-129,0.006243055183185751,-0.03161875903606415
z_cn_to_cn_residual,1,test-130,0.9125892511224669,0.8599478602409363
z_cn_to_cn_residual,1,test-131,0.5932148614802274,0.5277901291847229
z_cn_to_cn_residual,1,test-132,-0.4092811700187469,-0.40958505868911743
z_cn_to_cn_residual,1,test-133,-0.3910899774469028,-0.37507182359695435
z_cn_to_cn_residual,1,test-134,-0.06396091467381823,-0.13667766749858856
z_cn_to_cn_residual,1,test-135,0.5333369283305339,0.3899419903755188
z_cn_to_cn_residual,1,test-136,0.6893311186493629,0.7581513524055481
z_cn_to_cn_residual,1,test-137,-0.0022128532902202114,-0.04905681312084198
z_cn_to_cn_residual,1,test-138,-0.4564122585269044,-0.5160014033317566
z_cn_to_cn_residual,1,test-139,-0.0025667768776077267,-0.04978732764720917
z_cn_to_cn_residual,1,test-140,-0.295747045488935,-0.296048104763031
z_cn_to_cn_residual,1,test-141,0.7232900511466166,0.7743776440620422
z_cn_to_cn_residual,1,test-142,-0.09507910900607243,-0.16255752742290497
z_cn_to_cn_residual,1,test-143,-0.002679459971092827,-0.05001990497112274
z_cn_to_cn_residual,1,test-144,-0.15981025222941134,-0.18135182559490204
z_cn_to_cn_residual,1,test-145,-0.020145318105689636,-0.0861535519361496
z_cn_to_cn_residual,1,test-146,0.37362887990278976,0.38856083154678345
z_cn_to_cn_residual,1,test-147,-0.295747045488935,-0.296048104763031
z_cn_to_cn_residual,1,test-148,0.09689341725340761,0.39747554063796997
z_cn_to_cn_residual,1,test-149,-0.2842516161783053,-0.28615647554397583
z_cn_to_cn_residual,1,test-150,-0.21219425699455913,-0.20198576152324677
z_cn_to_cn_residual,1,test-151,0.5634751272888399,0.49347811937332153
z_cn_to_cn_residual,1,test-152,-0.011174017424812204,-0.06757502257823944
z_cn_to_cn_residual,1,test-153,0.2564389628481294,0.41377073526382446
z_cn_to_cn_residual,1,test-154,0.6904677205888524,0.58497554063797
z_cn_to_cn_residual,1,test-155,-0.002536581283496064,-0.049725696444511414
z_cn_to_cn_residual,1,test-156,1.2131515730483942,1.1460789442062378
z_cn_to_cn_residual,1,test-157,-0.11159319800623856,-0.17671863734722137
z_cn_to_cn_residual,1,test-158,-0.002483473901375505,-0.04961507022380829
z_cn_to_cn_residual,1,test-159,0.5980680715538729,0.4326058030128479
z_cn_to_cn_residual,1,test-160,-0.006236131996241855,-0.05736558139324188
z_cn_to_cn_residual,1,test-161,-0.0017051669314512175,-0.04800872504711151
z_cn_to_cn_residual,1,test-162,0.5980680715538729,0.4531119465827942
z_cn_to_cn_residual,1,test-163,-0.0025667768776077267,-0.04978732764720917
z_cn_to_cn_residual,1,test-164,0.30205720311304246,0.4292859435081482
z_cn_to_cn_residual,1,test-165,-0.001592483837966117,-0.04777543246746063
z_cn_to_cn_residual,1,test-166,-0.3678477635670827,-0.360670268535614
z_cn_to_cn_residual,1,test-167,-0.5737341020377579,-0.6102200150489807
z_cn_to_cn_residual,1,test-168,0.3252994169928626,0.4627203345298767
z_cn_to_cn_residual,1,test-169,-0.0025667768776077267,-0.04978732764720917
z_cn_to_cn_residual,1,test-170,-0.002679459971092827,-0.05001990497112274
z_cn_to_cn_residual,1,test-171,0.5694612141469256,0.674227774143219
z_cn_to_cn_residual,1,test-172,-0.0017051669314512175,-0.04800872504711151
z_cn_to_cn_residual,1,test-173,-0.07427151148220186,-0.1471124142408371
z_cn_to_cn_residual,1,test-174,1.1880129048121781,1.1840118169784546
z_cn_to_cn_residual,1,test-175,0.8125602590821327,0.8496606945991516
z_cn_to_cn_residual,1,test-176,-0.10231614743923174,-0.16817335784435272
z_cn_to_cn_residual,1,test-177,0.027598705190133088,0.012263491749763489
z_cn_to_cn_residual,1,test-178,-0.31951830065715553,-0.31686514616012573
z_cn_to_cn_residual,1,test-179,-0.0017051669314512175,-0.04800872504711151
z_cn_to_cn_residual,1,test-180,-0.007700184364779972,-0.06039218604564667
z_cn_to_cn_residual,1,test-181,-0.31403642712572494,-0.31202131509780884
z_cn_to_cn_residual,1,test-182,-0.31951830065715553,-0.31686514616012573
z_cn_to_cn_residual,1,test-183,-0.002483473901375505,-0.04961507022380829
z_cn_to_cn_residual,1,test-184,0.2690154096687156,0.45241308212280273
z_cn_to_cn_residual,1,test-185,-0.295747045488935,-0.296048104763031
z_cn_to_cn_residual,1,test-186,1.1223473257239598,0.9925389885902405
z_cn_to_cn_residual,1,test-187,-0.295747045488935,-0.296048104763031
z_cn_to_cn_residual,1,test-188,-0.07427151148220186,-0.1471124142408371
z_cn_to_cn_residual,1,test-189,-0.06396091467381823,-0.13667766749858856
z_cn_to_cn_residual,1,test-190,0.5980680715538729,0.45164352655410767
z_cn_to_cn_residual,1,test-191,-0.002679459971092827,-0.05001990497112274
z_cn_to_cn_residual,1,test-192,0.5932148614802274,0.602185070514679
z_cn_to_cn_residual,1,test-193,-0.18602303754564287,-0.18552176654338837
z_cn_to_cn_residual,1,test-194,-0.007700184364779972,-0.06039218604564667
z_cn_to_cn_residual,1,test-195,0.18103728275552644,0.34730035066604614
z_cn_to_cn_residual,1,test-196,-0.3419557546295762,-0.3369585871696472
z_cn_to_cn_residual,1,test-197,-0.07427151148220186,-0.1471124142408371
z_cn_to_cn_residual,1,test-198,-0.1325756172494532,-0.1788979023694992
z_cn_to_cn_residual,1,test-199,-0.001592483837966117,-0.04777543246746063
z_cn_to_cn_residual,1,test-200,-0.001592483837966117,-0.04777543246746063
z_cn_to_cn_residual,1,test-201,-0.001592483837966117,-0.04777543246746063
z_cn_to_cn_residual,1,test-202,-0.09993231907971788,-0.16619233787059784
z_cn_to_cn_residual,1,test-203,-0.07427151148220186,-0.1471124142408371
z_cn_to_cn_residual,1,test-204,0.6867460173654834,0.5200245976448059
z_cn_to_cn_residual,1,test-205,-0.06396091467381823,-0.13667766749858856
z_cn_to_cn_residual,1,test-206,-0.31403642712572494,-0.31202131509780884
z_cn_to_cn_residual,1,test-207,0.25559953693839854,0.2654302716255188
z_cn_to_cn_residual,1,test-208,-0.3512116285679379,-0.34537190198898315
z_cn_to_cn_residual,1,test-209,0.44701726623712135,0.6649952530860901
z_cn_to_cn_residual,1,test-210,0.27064323153028624,0.39450913667678833
z_cn_to_cn_residual,1,test-211,0.9986799695883919,0.6813679337501526
z_cn_to_cn_residual,1,test-212,-0.015324816569887118,-0.0761663168668747
z_cn_to_cn_residual,1,test-213,-0.002483473901375505,-0.04961507022380829
z_cn_to_cn_residual,1,test-214,0.707522311221207,0.6546944379806519
z_cn_to_cn_residual,1,test-215,-0.002679459971092827,-0.05001990497112274
z_cn_to_cn_residual,1,test-216,-0.0025667768776077267,-0.04978732764720917
z_cn_to_cn_residual,1,test-217,0.6905804036823375,0.5372235774993896
z_cn_to_cn_residual,1,test-218,-0.09993231907971788,-0.16619233787059784
z_cn_to_cn_residual,1,test-219,-0.3664462099481818,-0.3593730330467224
z_cn_to_cn_residual,1,test-220,-0.007796294345678415,-0.06059090793132782
z_cn_to_cn_residual,1,test-221,-0.18602303754564287,-0.18552176654338837
z_cn_to_cn_residual,1,test-222,-0.002679459971092827,-0.05001990497112274
z_cn_to_cn_residual,1,test-223,-0.20673482910021176,-0.1950167864561081
z_cn_to_cn_residual,1,test-224,-0.002483473901375505,-0.04961507022380829
z_cn_to_cn_residual,1,test-225,0.8028652431791747,0.8838940262794495
z_cn_to_cn_residual,1,test-226,-0.002679459971092827,-0.05001990497112274
z_cn_to_cn_residual,1,test-227,0.9388020364386984,0.8169522881507874
z_cn_to_cn_residual,1,test-228,-0.0025667768776077267,-0.04978732764720917
z_cn_to_cn_residual,1,test-229,-0.06396091467381823,-0.13667766749858856
z_cn_to_cn_residual,1,test-230,0.5634751272888399,0.5077407956123352
z_cn_to_cn_residual,1,test-231,-0.34185746108770393,-0.33687037229537964
z_cn_to_cn_residual,1,test-232,0.5836835270942388,0.4365197420120239
z_cn_to_cn_residual,1,test-233,-0.0017051669314512175,-0.04800872504711151
z_cn_to_cn_residual,1,test-234,-0.3664462099481818,-0.3593730330467224
z_cn_to_cn_residual,1,test-235,0.5963176677780939,0.43987011909484863
z_cn_to_cn_residual,1,test-236,-0.09507910900607243,-0.16255752742290497
z_cn_to_cn_residual,1,test-237,-0.09993231907971788,-0.16619233787059784
z_cn_to_cn_residual,1,test-238,1.1098178970570212,0.7789991497993469
z_cn_to_cn_residual,1,test-239,0.09689341725340761,0.15141136944293976
z_cn_to_cn_residual,1,test-240,-0.0025667768776077267,-0.04978732764720917
z_cn_to_cn_residual,1,test-241,-0.003920084665472663,-0.05258123576641083
z_cn_to_cn_residual,1,test-242,1.0035331796620373,0.7984312176704407
z_cn_to_cn_residual,1,test-243,0.629186265886127,0.36163467168807983
z_cn_to_cn_residual,1,test-244,-0.09993231907971788,-0.16619233787059784
z_cn_to_cn_residual,1,test-245,0.5980680715538729,0.4241510033607483
z_cn_to_cn_residual,1,test-246,-0.6011019660483662,-0.6225524544715881
z_cn_to_cn_residual,1,test-247,-0.0025667768776077267,-0.04978732764720917
z_cn_to_cn_residual,1,test-248,-0.40617432960244304,-0.4027552008628845
z_cn_to_cn_residual,1,test-249,-0.32077300936225667,-0.31797856092453003
z_cn_to_cn_residual,1,test-250,-0.0017051669314512175,-0.04800872504711151
z_cn_to_cn_residual,1,test-251,0.027598705190133088,0.012263491749763489
z_cn_to_cn_residual,1,test-252,-0.31951830065715553,-0.31686514616012573
z_cn_to_cn_residual,1,test-253,-0.09507910900607243,-0.16255752742290497
z_cn_to_cn_residual,1,test-254,-0.006401163194461921,-0.05770699679851532
z_cn_to_cn_residual,1,test-255,-0.2608500763576425,-0.26517075300216675
z_cn_to_cn_residual,1,test-256,-0.002483473901375505,-0.04961507022380829
z_cn_to_cn_residual,1,test-257,0.16442497939224665,0.4999917149543762
z_cn_to_cn_residual,1,test-258,0.8561659193103136,0.5735557675361633
z_cn_to_cn_residual,1,test-259,-0.002709528290634796,-0.05008213222026825
z_cn_to_cn_residual,1,test-260,-0.001592483837966117,-0.04777543246746063
z_cn_to_cn_residual,1,test-261,0.42920014516401445,0.3568922281265259
z_cn_to_cn_residual,1,test-262,0.9125892511224669,0.4393159747123718
z_cn_to_cn_residual,1,test-263,-0.18602303754564287,-0.18552176654338837
z_cn_to_cn_residual,1,test-264,-0.32690411934740055,-0.3234317898750305
z_cn_to_cn_residual,1,test-265,-0.4564122585269044,-0.5160014033317566
z_cn_to_cn_residual,1,test-266,0.6905804036823375,0.3806925415992737
z_cn_to_cn_residual,1,test-267,0.6904677205888524,0.3424890637397766
z_cn_to_cn_residual,1,test-268,-0.09507910900607243,-0.16255752742290497
z_cn_to_cn_residual,1,test-269,0.5380768797364144,0.3771914839744568
z_cn_to_cn_residual,1,test-270,-0.0025667768776077267,-0.04978732764720917
z_cn_to_cn_residual,1,test-271,0.9986799695883919,0.5781362652778625
z_cn_to_cn_residual,1,test-272,0.26383524768033195,0.2830437421798706
z_cn_to_cn_residual,1,test-273,0.4676238340609221,0.3265863060951233
z_cn_to_cn_residual,1,test-274,0.5333369283305339,0.31460845470428467
z_cn_to_cn_residual,1,test-275,-0.09507910900607243,-0.16255752742290497
z_cn_to_cn_residual,1,test-276,-0.0022128532902202114,-0.04905681312084198
z_cn_to_cn_residual,1,test-277,-0.295747045488935,-0.296048104763031
z_cn_to_cn_residual,1,test-278,0.4322971042023028,0.4258485436439514
z_cn_to_cn_residual,1,test-279,0.5166121141836355,0.5337441563606262
z_cn_to_cn_residual,1,test-280,-0.006401163194461921,-0.05770699679851532
z_cn_to_cn_residual,1,test-281,1.0243407771859079,0.8531656861305237
z_cn_to_cn_residual,1,test-282,-0.005713782933315264,-0.05628673732280731
z_cn_to_cn_residual,1,test-283,-0.18602303754564287,-0.18552176654338837
z_cn_to_cn_residual,1,test-284,-0.0017051669314512175,-0.04800872504711151
z_cn_to_cn_residual,1,test-285,-0.09507910900607243,-0.16255752742290497
z_cn_to_cn_residual,1,test-286,1.3462860490699626,1.0220624208450317
z_cn_to_cn_residual,1,test-287,-0.09993231907971788,-0.16619233787059784
z_cn_to_cn_residual,1,test-288,0.5553068786375152,0.42154115438461304
z_cn_to_cn_residual,1,test-289,0.2249532936470302,0.19852431118488312
z_cn_to_cn_residual,1,test-290,0.5980680715538729,0.48232680559158325
z_cn_to_cn_residual,1,test-291,0.5481549764268495,0.5985258221626282
z_cn_to_cn_residual,1,test-292,-0.8168566785177598,-0.8759296536445618
z_cn_to_cn_residual,1,test-293,0.33133944436357726,0.41204172372817993
z_cn_to_cn_residual,1,test-294,0.629186265886127,0.4728134274482727
z_cn_to_cn_residual,1,test-295,0.6906105992764492,0.5084076523780823
z_cn_to_cn_residual,1,test-296,-0.0013809592565058647,-0.04733972251415253
z_cn_to_cn_residual,1,test-297,-0.0022128532902202114,-0.04905681312084198
z_cn_to_cn_residual,1,test-298,0.6906637066585698,0.6528773903846741
z_cn_to_cn_residual,1,test-299,-0.22552334649902314,-0.21910373866558075
z_cn_to_cn_residual,1,test-300,0.5071241430143024,0.4533560872077942
z_cn_to_cn_residual,1,test-301,-0.0017051669314512175,-0.04800872504711151
z_cn_to_cn_residual,1,test-302,0.6188756690777434,0.6148822903633118
z_cn_to_cn_residual,1,test-303,-0.002679459971092827,-0.05001990497112274
z_cn_to_cn_residual,1,test-304,-0.3011881021227526,-0.30077022314071655
z_cn_to_cn_residual,1,test-305,0.3974001350710103,0.492634117603302
z_cn_to_cn_residual,1,test-306,0.5966030812834874,0.5724852681159973
z_cn_to_cn_residual,1,test-307,-0.002679459971092827,-0.05001990497112274
z_cn_to_cn_residual,1,test-308,0.6904677205888524,0.5093274712562561
z_cn_to_cn_residual,1,test-309,0.511973246478933,0.38872063159942627
z_cn_to_cn_residual,1,test-310,-0.06396091467381823,-0.13667766749858856
z_cn_to_cn_residual,1,test-311,0.8880287062152161,0.8572555184364319
z_cn_to_cn_residual,1,test-312,0.000550437072462336,-0.04335407912731171
z_cn_to_cn_residual,1,test-313,0.4185007999394532,0.5735898613929749
z_cn_to_cn_residual,1,test-314,0.12442211904305411,0.3686144948005676
z_cn_to_cn_residual,1,test-315,-0.0009230486758283437,-0.04639379680156708
z_cn_to_cn_residual,1,test-316,0.5980680715538729,0.5310028195381165
z_cn_to_cn_residual,1,test-317,0.6253649081462749,0.8022640347480774
z_cn_to_cn_residual,1,test-318,-0.295747045488935,-0.296048104763031
z_cn_to_cn_residual,1,test-319,0.4185007999394532,0.4084289073944092
z_cn_to_cn_residual,1,test-320,-0.15981025222941134,-0.18135182559490204
z_cn_to_cn_residual,1,test-321,-0.09993231907971788,-0.16619233787059784
z_cn_to_cn_residual,1,test-322,0.5071241430143024,0.4972875714302063
z_cn_to_cn_residual,1,test-323,-0.0025667768776077267,-0.04978732764720917
z_cn_to_cn_residual,1,test-324,-0.07427151148220186,-0.1471124142408371
z_cn_to_cn_residual,1,test-325,0.5333369283305339,0.48226815462112427
z_cn_to_cn_residual,1,test-326,-0.002709528290634796,-0.05008213222026825
z_cn_to_cn_residual,1,test-327,-0.12967205327110548,-0.17875675857067108
z_cn_to_cn_residual,1,test-328,-0.4092811700187469,-0.40958505868911743
z_cn_to_cn_residual,1,test-329,-0.0017051669314512175,-0.04800872504711151
z_cn_to_cn_residual,1,test-330,1.0184465975528079,1.0094269514083862
z_cn_to_cn_residual,1,test-331,-0.2930939733738713,-0.2937552332878113
z_cn_to_cn_residual,1,test-332,-0.007796294345678415,-0.06059090793132782
z_cn_to_cn_residual,1,test-333,-0.006236131996241855,-0.05736558139324188
z_cn_to_cn_residual,1,test-334,-0.003920084665472663,-0.05258123576641083
z_cn_to_cn_residual,1,test-335,1.108891999074218,1.2179063558578491
z_cn_to_cn_residual,1,test-336,-0.09507910900607243,-0.16255752742290497
z_cn_to_cn_residual,1,test-337,0.5932148614802274,0.5883820652961731
z_cn_to_cn_residual,1,test-338,0.6188756690777434,0.5690434575080872
z_cn_to_cn_residual,1,test-339,0.5333369283305339,0.5337662696838379
z_cn_to_cn_residual,1,test-340,0.9300387057397879,0.7938252091407776
z_cn_to_cn_residual,1,test-341,0.48095292356538616,0.47770148515701294
z_cn_to_cn_residual,1,test-342,-0.07427151148220186,-0.1471124142408371
z_cn_to_cn_residual,1,test-343,-0.43015367383143543,-0.07751958072185516
z_cn_to_cn_residual,1,test-344,-0.002483473901375505,-0.04961507022380829
z_cn_to_cn_residual,1,test-345,0.5963176677780939,0.5531652569770813
z_cn_to_cn_residual,1,test-346,0.6188756690777434,0.44292503595352173
z_cn_to_cn_residual,1,test-347,0.6188756690777434,0.5187850594520569
z_cn_to_cn_residual,1,test-348,0.6188756690777434,0.49891120195388794
z_cn_to_cn_residual,1,test-349,-0.26394703539593084,-0.2680191397666931
z_cn_to_cn_residual,1,test-350,-0.006236131996241855,-0.05736558139324188
z_cn_to_cn_residual,1,test-351,-0.22552334649902314,-0.21910373866558075
z_cn_to_cn_residual,1,test-352,-0.002483473901375505,-0.04961507022380829
z_cn_to_cn_residual,1,test-353,0.6730018624542556,0.3369458317756653
z_cn_to_cn_residual,1,test-354,-0.17162295933884167,-0.18317310512065887
z_cn_to_cn_residual,1,test-355,-0.5908559921618184,-0.6178506016731262
z_cn_to_cn_residual,1,test-356,-0.0025667768776077267,-0.04978732764720917
z_cn_to_cn_residual,1,test-357,-0.0025667768776077267,-0.04978732764720917
z_cn_to_cn_residual,1,test-358,-0.0025667768776077267,-0.04978732764720917
z_cn_to_cn_residual,1,test-359,-0.02637982311895648,0.27613365650177
z_cn_to_cn_residual,1,test-360,-0.1378403019224301,-0.17916683852672577
z_cn_to_cn_residual,1,test-361,0.4185007999394532,0.3687235116958618
z_cn_to_cn_residual,1,test-362,-0.31852856519640793,-0.31598883867263794
z_cn_to_cn_residual,1,test-363,0.26383524768033195,0.48203545808792114
z_cn_to_cn_residual,1,test-364,-0.06396091467381823,-0.13667766749858856
z_cn_to_cn_residual,1,test-365,-0.18602303754564287,-0.18552176654338837
z_cn_to_cn_residual,1,test-366,-0.0017051669314512175,-0.04800872504711151
z_cn_to_cn_residual,1,test-367,-0.5962537633065377,-0.6203150153160095
z_cn_to_cn_residual,1,test-368,1.0444369000321867,0.5856011509895325
z_cn_to_cn_residual,1,test-369,-0.002483473901375505,-0.04961507022380829
z_cn_to_cn_residual,1,test-370,0.6867460173654834,0.5085459351539612
z_cn_to_cn_residual,1,test-371,-0.0017051669314512175,-0.04800872504711151
z_cn_to_cn_residual,1,test-372,0.6188756690777434,0.4518398642539978
z_cn_to_cn_residual,1,test-373,-0.31951830065715553,-0.31686514616012573
z_cn_to_cn_residual,1,test-374,0.5333369283305339,0.5735281109809875
z_cn_to_cn_residual,1,test-375,0.5980680715538729,0.5335796475410461
z_cn_to_cn_residual,1,test-376,0.0920452145115791,0.3677740693092346
z_cn_to_cn_residual,1,test-377,-0.003920084665472663,-0.05258123576641083
z_cn_to_cn_residual,1,test-378,-0.295747045488935,-0.296048104763031
z_cn_to_cn_residual,1,test-379,-0.003920084665472663,-0.05258123576641083
z_cn_to_cn_residual,1,test-380,0.5980680715538729,0.4384027123451233
z_cn_to_cn_residual,1,test-381,0.6906105992764492,0.4785597324371338
z_cn_to_cn_residual,1,test-382,-0.0025667768776077267,-0.04978732764720917
z_cn_to_cn_residual,1,test-383,-0.0025667768776077267,-0.04978732764720917
z_cn_to_cn_residual,1,test-384,-0.018078891203757413,-0.08187179267406464
z_cn_to_cn_residual,1,test-385,-0.0025667768776077267,-0.04978732764720917
z_cn_to_cn_residual,1,test-386,-0.0025667768776077267,-0.04978732764720917
z_cn_to_cn_residual,1,test-387,0.6904677205888524,0.17785628139972687
z_cn_to_cn_residual,1,test-388,0.5071241430143024,0.7987068295478821
z_cn_to_cn_residual,1,test-389,-0.002679459971092827,-0.05001990497112274
z_cn_to_cn_residual,1,test-390,0.5932148614802274,0.5091748833656311
z_cn_to_cn_residual,1,test-391,0.5071241430143024,0.3402326703071594
z_cn_to_cn_residual,1,test-392,-0.002483473901375505,-0.04961507022380829
z_cn_to_cn_residual,1,test-393,-0.0017051669314512175,-0.04800872504711151
z_cn_to_cn_residual,1,test-394,-0.002536581283496064,-0.049725696444511414
z_cn_to_cn_residual,1,test-395,0.5634751272888399,0.3794603943824768
z_cn_to_cn_residual,1,test-396,-0.0025667768776077267,-0.04978732764720917
z_cn_to_cn_residual,1,test-397,-0.011174017424812204,-0.06757502257823944
z_cn_to_cn_residual,1,test-398,-0.003920084665472663,-0.05258123576641083
z_cn_to_cn_residual,1,test-399,-0.18602303754564287,-0.18552176654338837
z_cn_to_cn_residual,1,test-400,0.6904677205888524,0.4796752333641052
z_cn_to_cn_residual,1,test-401,0.6904677205888524,0.5656421780586243
z_cn_to_cn_residual,1,test-402,0.5963176677780939,0.5176041722297668
z_cn_to_cn_residual,1,test-403,-0.00961734087375331,-0.06435458362102509
z_cn_to_cn_residual,1,test-404,0.18103728275552644,0.3935322165489197
z_cn_to_cn_residual,1,test-405,-0.0017051669314512175,-0.04800872504711151
z_cn_to_cn_residual,1,test-406,-0.26394703539593084,-0.2680191397666931
z_cn_to_cn_residual,1,test-407,0.6906637066585698,0.5176952481269836
z_cn_to_cn_residual,1,test-408,-0.006236131996241855,-0.05736558139324188
z_cn_to_cn_residual,1,test-409,0.6750682893561879,0.6739069819450378
z_cn_to_cn_residual,1,test-410,-0.0025667768776077267,-0.04978732764720917
z_cn_to_cn_residual,1,test-411,-0.3678477635670827,-0.360670268535614
z_cn_to_cn_residual,1,test-412,1.0035331796620373,0.8247907757759094
z_cn_to_cn_residual,1,test-413,0.3974001350710103,0.4996400475502014
z_cn_to_cn_residual,1,test-414,0.14484892926646498,0.6053267121315002
z_cn_to_cn_residual,1,test-415,0.6904376522693105,0.4755116105079651
z_cn_to_cn_residual,1,test-416,0.42920014516401445,0.3665669560432434
z_cn_to_cn_residual,1,test-417,-0.002709528290634796,-0.05008213222026825
z_cn_to_cn_residual,1,test-418,-0.18602303754564287,-0.18552176654338837
z_cn_to_cn_residual,1,test-419,0.42920014516401445,0.5059786438941956
z_cn_to_cn_residual,1,test-420,-0.10534341095846705,-0.17095570266246796
z_cn_to_cn_residual,1,test-421,-0.34185746108770393,-0.33687037229537964
z_cn_to_cn_residual,1,test-422,0.5980680715538729,0.53354412317276
z_cn_to_cn_residual,1,test-423,-0.002679459971092827,-0.05001990497112274
z_cn_to_cn_residual,1,test-424,0.6924563057315964,0.37087392807006836
z_cn_to_cn_residual,1,test-425,-0.0009230486758283437,-0.04639379680156708
z_cn_to_cn_residual,1,test-426,1.2002713235742477,1.0330160856246948
z_cn_to_cn_residual,1,test-427,-0.06396091467381823,-0.13667766749858856
z_cn_to_cn_residual,1,test-428,0.6906637066585698,0.5176952481269836
z_cn_to_cn_residual,1,test-429,-0.12967205327110548,-0.17875675857067108
z_cn_to_cn_residual,1,test-430,0.002865332104051953,-0.03858010470867157
z_cn_to_cn_residual,1,test-431,-0.002679459971092827,-0.05001990497112274
z_cn_to_cn_residual,1,test-432,-0.07427151148220186,-0.1471124142408371
z_cn_to_cn_residual,1,test-433,0.33133944436357726,0.3303688168525696
z_cn_to_cn_residual,1,test-434,0.5980680715538729,0.43793946504592896
z_cn_to_cn_residual,1,test-435,0.6892270958944726,0.5431240200996399
z_cn_to_cn_residual,1,test-436,0.027598705190133088,0.012263491749763489
z_cn_to_cn_residual,1,test-437,0.6288411122804236,0.3920363783836365
z_cn_to_cn_residual,1,test-438,-0.1278380797400702,-0.17866913974285126
z_cn_to_cn_residual,1,test-439,-0.0025667768776077267,-0.04978732764720917
z_cn_to_cn_residual,1,test-440,0.9007472632761859,0.8742057681083679
z_cn_to_cn_residual,1,test-441,0.09689341725340761,0.16683675348758698
z_cn_to_cn_residual,1,test-442,0.9986799695883919,0.7210072875022888
z_cn_to_cn_residual,1,test-443,1.0035331796620373,0.863192617893219
z_cn_to_cn_residual,1,test-444,-0.001592483837966117,-0.04777543246746063
z_cn_to_cn_residual,1,test-445,1.2002713235742477,0.9032962918281555
z_cn_to_cn_residual,1,test-446,0.9388020364386984,0.8333984017372131
z_cn_to_cn_residual,1,test-447,0.9125892511224669,0.510789692401886
z_cn_to_cn_residual,1,test-448,-0.0017051669314512175,-0.04800872504711151
z_cn_to_cn_residual,1,test-449,0.6906637066585698,0.5176952481269836
z_cn_to_cn_residual,1,test-450,0.6188756690777434,0.4968908429145813
z_cn_to_cn_residual,1,test-451,-0.6219808875579942,-0.006111308932304382
z_cn_to_cn_residual,1,test-452,-0.32077300936225667,-0.31797856092453003
z_cn_to_cn_residual,1,test-453,0.7307645251010271,0.3928976058959961
z_cn_to_cn_residual,1,test-454,-0.09507910900607243,-0.16255752742290497
z_cn_to_cn_residual,1,test-455,0.6930446040093127,0.5357344746589661
z_cn_to_cn_residual,1,test-456,-0.06430606827952172,-0.13703255355358124
z_cn_to_cn_residual,1,test-457,-0.0025667768776077267,-0.04978732764720917
z_cn_to_cn_residual,1,test-458,-0.15981025222941134,-0.18135182559490204
z_cn_to_cn_residual,1,test-459,0.5634751272888399,0.5458574891090393
z_cn_to_cn_residual,1,test-460,0.9125892511224669,0.7600606083869934
z_cn_to_cn_residual,1,test-461,0.5932148614802274,0.43019914627075195
z_cn_to_cn_residual,1,test-462,-0.0022128532902202114,-0.04905681312084198
z_cn_to_cn_residual,1,test-463,0.6905804036823375,0.49725228548049927
z_cn_to_cn_residual,1,test-464,0.6924563057315964,0.4794781804084778
z_cn_to_cn_residual,1,test-465,-0.0022128532902202114,-0.04905681312084198
z_cn_to_cn_residual,1,test-466,0.42920014516401445,0.47008270025253296
z_cn_to_cn_residual,1,test-467,0.5023585253615721,0.46909642219543457
z_cn_to_cn_residual,1,test-468,-0.18602303754564287,-0.18552176654338837
z_cn_to_cn_residual,1,test-469,-0.09993231907971788,-0.16619233787059784
z_cn_to_cn_residual,1,test-470,-0.001592483837966117,-0.04777543246746063
z_cn_to_cn_residual,1,test-471,0.42920014516401445,0.42150670289993286
z_cn_to_cn_residual,1,test-472,-0.002536581283496064,-0.049725696444511414
z_cn_to_cn_residual,1,test-473,0.3907357061859718,0.3660748600959778
z_cn_to_cn_residual,1,test-474,0.18103728275552644,0.307500422000885
z_cn_to_cn_residual,1,test-475,0.629186265886127,0.4728134274482727
z_cn_to_cn_residual,1,test-476,-0.002679459971092827,-0.05001990497112274
z_cn_to_cn_residual,1,test-477,-0.09507910900607243,-0.16255752742290497
z_cn_to_cn_residual,1,test-478,0.5963176677780939,0.5350518822669983
z_cn_to_cn_residual,1,test-479,0.5071241430143024,0.40414053201675415
z_cn_to_cn_residual,1,test-480,0.7232900511466166,0.5880146622657776
z_cn_to_cn_residual,1,test-481,-0.003920084665472663,-0.05258123576641083
z_cn_to_cn_residual,1,test-482,0.5634751272888399,0.5498227477073669
z_cn_to_cn_residual,1,test-483,0.4676238340609221,0.41402918100357056
z_cn_to_cn_residual,1,test-484,-0.002679459971092827,-0.05001990497112274
z_cn_to_cn_residual,1,test-485,-0.295747045488935,-0.296048104763031
z_cn_to_cn_residual,1,test-486,-0.0017051669314512175,-0.04800872504711151
z_cn_to_cn_residual,1,test-487,-0.21403955770147523,-0.2043471783399582
z_cn_to_cn_residual,1,test-488,-0.002679459971092827,-0.05001990497112274
z_cn_to_cn_residual,1,test-489,-0.002709528290634796,-0.05008213222026825
z_cn_to_cn_residual,1,test-490,-0.0025667768776077267,-0.04978732764720917
z_cn_to_cn_residual,1,test-491,-0.002679459971092827,-0.05001990497112274
z_cn_to_cn_residual,1,test-492,0.6422000301412054,0.47344493865966797
z_cn_to_cn_residual,1,test-493,0.732166078719928,0.7118399739265442
z_cn_to_cn_residual,1,test-494,-0.002483473901375505,-0.04961507022380829
z_cn_to_cn_residual,1,test-495,-0.31852856519640793,-0.31598883867263794
z_cn_to_cn_residual,1,test-496,-0.0025667768776077267,-0.04978732764720917
z_cn_to_cn_residual,1,test-497,0.6917662213034395,0.49924856424331665
z_cn_to_cn_residual,1,test-498,-0.003920084665472663,-0.05258123576641083
z_cn_to_cn_residual,1,test-499,-0.530128441809577,-0.569296658039093
z_cn_to_cn_residual,1,test-500,-0.3024114743739735,-0.3018351197242737
z_cn_to_cn_residual,1,test-501,0.6960125126639972,0.5238834023475647
z_cn_to_cn_residual,1,test-502,0.3974001350710103,0.3720875382423401
z_cn_to_cn_residual,1,test-503,-0.4555583161639697,-0.1676759570837021
z_cn_to_cn_residual,1,test-504,-0.4681938869129151,-0.5403710007667542
z_cn_to_cn_residual,1,test-505,0.629186265886127,0.4275057911872864
z_cn_to_cn_residual,1,test-506,-0.4092811700187469,-0.40958505868911743
z_cn_to_cn_residual,1,test-507,-0.006401163194461921,-0.05770699679851532
z_cn_to_cn_residual,1,test-508,-0.7439778312008087,-0.7275956273078918
z_cn_to_cn_residual,1,test-509,0.400053207186074,0.34048956632614136
z_cn_to_cn_residual,1,test-510,0.9297295237162035,1.010670781135559
z_cn_to_cn_residual,1,test-511,-0.06430606827952172,-0.13703255355358124
z_cn_to_degree,2,test-0,4.6443908991413725,4.1134443283081055
z_cn_to_degree,2,test-1,3.9889840465642745,3.9732959270477295
z_cn_to_degree,2,test-2,4.584967478670571,5.210339546203613
z_cn_to_degree,2,test-3,3.1780538303479453,3.392163038253784
z_cn_to_degree,2,test-4,4.77912349311153,4.4667863845825195
z_cn_to_degree,2,test-5,3.8066624897703196,4.186701774597168
z_cn_to_degree,2,test-6,5.966146739123692,5.052127838134766
z_cn_to_degree,2,test-7,3.6635616461296463,3.8028695583343506
z_cn_to_degree,2,test-8,3.044522437723423,3.4218318462371826
z_cn_to_degree,2,test-9,3.6888794541139367,4.150108337402344
z_cn_to_degree,2,test-10,3.401197381662155,3.0322186946868896
z_cn_to_degree,2,test-11,3.9120230054281464,4.22706413269043
z_cn_to_degree,2,test-12,0.6931471805599453,2.7496755123138428
z_cn_to_degree,2,test-13,4.74493212836325,3.4063327312469482
z_cn_to_degree,2,test-14,4.0943445622221,2.989302396774292
z_cn_to_degree,2,test-15,1.791759469228055,2.2724387645721436
z_cn_to_degree,2,test-16,4.394449154672439,3.5604398250579834
z_cn_to_degree,2,test-17,4.718498871295095,2.7384774684906006
z_cn_to_degree,2,test-18,0.6931471805599453,2.7496755123138428
z_cn_to_degree,2,test-19,3.044522437723423,3.4218318462371826
z_cn_to_degree,2,test-20,3.1780538303479458,2.7489726543426514
z_cn_to_degree,2,test-21,3.465735902799726,4.697397232055664
z_cn_to_degree,2,test-22,3.401197381662155,3.975126028060913
z_cn_to_degree,2,test-23,1.0986122886681098,2.749302625656128
z_cn_to_degree,2,test-24,3.5553480614894135,3.6172292232513428
z_cn_to_degree,2,test-25,4.189654742026425,4.972943305969238
z_cn_to_degree,2,test-26,2.3025850929940455,2.6481988430023193
z_cn_to_degree,2,test-27,3.465735902799726,4.3192138671875
z_cn_to_degree,2,test-28,2.8903717578961645,4.694805145263672
z_cn_to_degree,2,test-29,3.688879454113936,4.07077693939209
z_cn_to_degree,2,test-30,4.882801922586371,3.273390531539917
z_cn_to_degree,2,test-31,4.553876891600541,3.390500783920288
z_cn_to_degree,2,test-32,3.58351893845611,4.025774955749512
z_cn_to_degree,2,test-33,3.58351893845611,3.4558303356170654
z_cn_to_degree,2,test-34,3.1780538303479453,3.899097204208374
z_cn_to_degree,2,test-35,2.772588722239781,3.7881410121917725
z_cn_to_degree,2,test-36,1.3862943611198906,2.7496354579925537
z_cn_to_degree,2,test-37,2.3025850929940455,2.749662160873413
z_cn_to_degree,2,test-38,3.9889840465642745,2.7446019649505615
z_cn_to_degree,2,test-39,1.791759469228055,2.7496755123138428
z_cn_to_degree,2,test-40,3.951243718581427,4.4503679275512695
z_cn_to_degree,2,test-41,3.6888794541139367,3.4683854579925537
z_cn_to_degree,2,test-42,6.040254711277414,4.363495826721191
z_cn_to_degree,2,test-43,2.4849066497880004,3.176823377609253
z_cn_to_degree,2,test-44,3.1780538303479453,3.779413938522339
z_cn_to_degree,2,test-45,0.6931471805599453,2.7496755123138428
z_cn_to_degree,2,test-46,4.941642422609304,4.609841346740723
z_cn_to_degree,2,test-47,0.0,2.7496354579925537
z_cn_to_degree,2,test-48,2.8903717578961645,4.261172294616699
z_cn_to_degree,2,test-49,6.040254711277414,4.637323379516602
z_cn_to_degree,2,test-50,3.332204510175204,3.5207269191741943
z_cn_to_degree,2,test-51,2.995732273553991,4.471367835998535
z_cn_to_degree,2,test-52,6.327936783729195,5.39744758605957
z_cn_to_degree,2,test-53,2.8903717578961645,3.37542986869812
z_cn_to_degree,2,test-54,2.6390573296152584,2.751110792160034
z_cn_to_degree,2,test-55,4.927253685157204,5.429937362670898
z_cn_to_degree,2,test-56,2.70805020110221,3.37542986869812
z_cn_to_degree,2,test-57,5.272999558563747,3.889808416366577
z_cn_to_degree,2,test-58,3.9889840465642745,4.590886116027832
z_cn_to_degree,2,test-59,2.0794415416798357,3.14374041557312
z_cn_to_degree,2,test-60,4.7535901911063645,3.9505727291107178
z_cn_to_degree,2,test-61,2.1972245773362196,2.7495410442352295
z_cn_to_degree,2,test-62,2.3978952727983707,2.7492635250091553
z_cn_to_degree,2,test-63,1.3862943611198906,2.7496354579925537
z_cn_to_degree,2,test-64,3.58351893845611,3.8069674968719482
z_cn_to_degree,2,test-65,2.8903717578961645,3.221916913986206
z_cn_to_degree,2,test-66,2.4849066497880004,2.7501752376556396
z_cn_to_degree,2,test-67,2.4849066497880004,2.7501752376556396
z_cn_to_degree,2,test-68,4.90527477843843,4.848422050476074
z_cn_to_degree,2,test-69,3.2188758248682006,4.192992210388184
z_cn_to_degree,2,test-70,2.995732273553991,3.543020009994507
z_cn_to_degree,2,test-71,4.0943445622221,3.614265203475952
z_cn_to_degree,2,test-72,1.791759469228055,2.7496755123138428
z_cn_to_degree,2,test-73,3.951243718581427,4.043295860290527
z_cn_to_degree,2,test-74,2.70805020110221,3.37542986869812
z_cn_to_degree,2,test-75,3.044522437723423,3.3747622966766357
z_cn_to_degree,2,test-76,1.0986122886681098,2.749302625656128
z_cn_to_degree,2,test-77,3.044522437723423,3.1591365337371826
z_cn_to_degree,2,test-78,1.3862943611198906,2.7493512630462646
z_cn_to_degree,2,test-79,1.791759469228055,2.7496755123138428
z_cn_to_degree,2,test-80,3.688879454113936,4.324845314025879
z_cn_to_degree,2,test-81,3.58351893845611,4.261722564697266
z_cn_to_degree,2,test-82,3.465735902799726,4.058839797973633
z_cn_to_degree,2,test-83,4.025351690735149,3.079237699508667
z_cn_to_degree,2,test-84,4.718498871295094,4.040027618408203
z_cn_to_degree,2,test-85,3.9889840465642745,3.9732959270477295
z_cn_to_degree,2,test-86,3.332204510175204,4.045668601989746
z_cn_to_degree,2,test-87,2.70805020110221,3.37542986869812
z_cn_to_degree,2,test-88,2.6390573296152584,2.751110792160034
z_cn_to_degree,2,test-89,3.332204510175204,3.978261709213257
z_cn_to_degree,2,test-90,2.4849066497880004,3.176823377609253
z_cn_to_degree,2,test-91,2.0794415416798357,2.7497174739837646
z_cn_to_degree,2,test-92,3.1780538303479453,3.263725996017456
z_cn_to_degree,2,test-93,5.272999558563747,3.865755796432495
z_cn_to_degree,2,test-94,2.4849066497880004,3.176823377609253
z_cn_to_degree,2,test-95,3.401197381662156,4.610754013061523
z_cn_to_degree,2,test-96,7.50659178007084,7.774944305419922
z_cn_to_degree,2,test-97,4.465908118654584,3.3729588985443115
z_cn_to_degree,2,test-98,2.3025850929940455,2.749662160873413
z_cn_to_degree,2,test-99,2.70805020110221,3.37542986869812
z_cn_to_degree,2,test-100,3.58351893845611,4.162195205688477
z_cn_to_degree,2,test-101,2.70805020110221,4.222111701965332
z_cn_to_degree,2,test-102,4.02535169073515,2.7437703609466553
z_cn_to_degree,2,test-103,2.772588722239781,3.7881410121917725
z_cn_to_degree,2,test-104,2.1972245773362196,3.2363860607147217
z_cn_to_degree,2,test-105,1.0986122886681098,2.749302625656128
z_cn_to_degree,2,test-106,3.5263605246161616,2.533996343612671
z_cn_to_degree,2,test-107,0.6931471805599453,2.7496755123138428
z_cn_to_degree,2,test-108,6.327936783729195,3.4776198863983154
z_cn_to_degree,2,test-109,3.58351893845611,2.975391149520874
z_cn_to_degree,2,test-110,2.0794415416798357,2.7497174739837646
z_cn_to_degree,2,test-111,2.8903717578961645,2.7510507106781006
z_cn_to_degree,2,test-112,5.0106352940962555,5.227831840515137
z_cn_to_degree,2,test-113,3.688879454113936,4.179732322692871
z_cn_to_degree,2,test-114,1.3862943611198906,2.7493512630462646
z_cn_to_degree,2,test-115,1.3862943611198906,3.0989434719085693
z_cn_to_degree,2,test-116,7.3395376954076745,7.594479560852051
z_cn_to_degree,2,test-117,4.304065093204169,1.9679296016693115
z_cn_to_degree,2,test-118,3.2188758248682006,3.9484355449676514
z_cn_to_degree,2,test-119,6.733401891837358,3.9160430431365967
z_cn_to_degree,2,test-120,2.4849066497880004,2.9176480770111084
z_cn_to_degree,2,test-121,2.995732273553991,3.91327166557312
z_cn_to_degree,2,test-122,3.58351893845611,3.9032113552093506
z_cn_to_degree,2,test-123,1.791759469228055,3.350886106491089
z_cn_to_degree,2,test-124,2.6390573296152584,2.751110792160034
z_cn_to_degree,2,test-125,2.1972245773362196,3.0868661403656006
z_cn_to_degree,2,test-126,2.4849066497880004,5.5950212478637695
z_cn_to_degree,2,test-127,1.791759469228055,2.7496755123138428
z_cn_to_degree,2,test-128,3.6635616461296463,3.8028695583343506
z_cn_to_degree,2,test-129,2.5649493574615367,2.7463862895965576
z_cn_to_degree,2,test-130,2.995732273553991,4.234051704406738
z_cn_to_degree,2,test-131,3.044522437723423,3.5710790157318115
z_cn_to_degree,2,test-132,3.688879454113936,4.179732322692871
z_cn_to_degree,2,test-133,5.560681631015528,4.2140350341796875
z_cn_to_degree,2,test-134,2.1972245773362196,3.0868661403656006
z_cn_to_degree,2,test-135,2.772588722239781,4.270401954650879
z_cn_to_degree,2,test-136,3.688879454113936,3.41617751121521
z_cn_to_degree,2,test-137,2.1972245773362196,2.7495410442352295
z_cn_to_degree,2,test-138,4.31748811353631,4.244753837585449
z_cn_to_degree,2,test-139,1.791759469228055,2.7496755123138428
z_cn_to_degree,2,test-140,3.332204510175204,3.978261709213257
z_cn_to_degree,2,test-141,4.276666119016055,4.379022598266602
z_cn_to_degree,2,test-142,2.70805020110221,3.37542986869812
z_cn_to_degree,2,test-143,2.0794415416798357,2.7497174739837646
z_cn_to_degree,2,test-144,2.772588722239781,3.7881410121917725
z_cn_to_degree,2,test-145,4.882801922586371,2.756274938583374
z_cn_to_degree,2,test-146,3.465735902799726,4.688337326049805
z_cn_to_degree,2,test-147,3.332204510175204,3.978261709213257
z_cn_to_degree,2,test-148,6.327936783729195,4.56166934967041
z_cn_to_degree,2,test-149,3.2188758248682006,3.9484355449676514
z_cn_to_degree,2,test-150,3.931825632724326,3.8678834438323975
z_cn_to_degree,2,test-151,3.295836866004329,3.457524061203003
z_cn_to_degree,2,test-152,3.4011973816621555,2.7528998851776123
z_cn_to_degree,2,test-153,4.0943445622221,4.033409118652344
z_cn_to_degree,2,test-154,2.0794415416798357,2.5840117931365967
z_cn_to_degree,2,test-155,2.3025850929940455,2.749662160873413
z_cn_to_degree,2,test-156,5.4116460518550396,4.447498321533203
z_cn_to_degree,2,test-157,4.564348191467836,3.498777151107788
z_cn_to_degree,2,test-158,0.0,2.7496354579925537
z_cn_to_degree,2,test-159,2.70805020110221,3.4787919521331787
z_cn_to_degree,2,test-160,2.9444389791664403,2.7510507106781006
z_cn_to_degree,2,test-161,1.3862943611198906,2.7493512630462646
z_cn_to_degree,2,test-162,2.8903717578961645,3.3705852031707764
z_cn_to_degree,2,test-163,1.791759469228055,2.7496755123138428
z_cn_to_degree,2,test-164,5.560681631015528,4.188381195068359
z_cn_to_degree,2,test-165,1.0986122886681098,2.749302625656128
z_cn_to_degree,2,test-166,3.5553480614894135,4.165844917297363
z_cn_to_degree,2,test-167,4.499809670330265,5.437381744384766
z_cn_to_degree,2,test-168,3.5553480614894135,3.6655070781707764
z_cn_to_degree,2,test-169,1.791759469228055,2.7496755123138428
z_cn_to_degree,2,test-170,2.0794415416798357,2.7497174739837646
z_cn_to_degree,2,test-171,5.288267030694535,3.8571012020111084
z_cn_to_degree,2,test-172,1.3862943611198906,2.7493512630462646
z_cn_to_degree,2,test-173,2.4849066497880004,3.176823377609253
z_cn_to_degree,2,test-174,3.9120230054281464,3.3994204998016357
z_cn_to_degree,2,test-175,4.499809670330265,3.8073747158050537
z_cn_to_degree,2,test-176,4.867534450455582,3.440816640853882
z_cn_to_degree,2,test-177,4.718498871295095,2.7384774684906006
z_cn_to_degree,2,test-178,3.465735902799726,4.040036201477051
z_cn_to_degree,2,test-179,1.3862943611198906,2.7493512630462646
z_cn_to_degree,2,test-180,3.58351893845611,2.751599073410034
z_cn_to_degree,2,test-181,3.58351893845611,4.025774955749512
z_cn_to_degree,2,test-182,3.465735902799726,4.040036201477051
z_cn_to_degree,2,test-183,0.0,2.7496354579925537
z_cn_to_degree,2,test-184,7.24422751560335,6.5459136962890625
z_cn_to_degree,2,test-185,3.332204510175204,3.978261709213257
z_cn_to_degree,2,test-186,3.401197381662155,3.248713254928589
z_cn_to_degree,2,test-187,3.332204510175204,3.978261709213257
z_cn_to_degree,2,test-188,2.4849066497880004,3.176823377609253
z_cn_to_degree,2,test-189,2.1972245773362196,3.0868661403656006
z_cn_to_degree,2,test-190,2.70805020110221,3.2917087078094482
z_cn_to_degree,2,test-191,2.0794415416798357,2.7497174739837646
z_cn_to_degree,2,test-192,3.044522437723423,3.117892026901245
z_cn_to_degree,2,test-193,2.995732273553991,3.8112475872039795
z_cn_to_degree,2,test-194,3.58351893845611,2.751599073410034
z_cn_to_degree,2,test-195,4.90527477843843,4.447242736816406
z_cn_to_degree,2,test-196,4.5217885770490405,4.098415374755859
z_cn_to_degree,2,test-197,2.4849066497880004,3.176823377609253
z_cn_to_degree,2,test-198,4.709530201312334,3.654000997543335
z_cn_to_degree,2,test-199,1.0986122886681098,2.749302625656128
z_cn_to_degree,2,test-200,1.0986122886681098,2.749302625656128
z_cn_to_degree,2,test-201,1.0986122886681098,2.749302625656128
z_cn_to_degree,2,test-202,3.044522437723423,3.4218318462371826
z_cn_to_degree,2,test-203,2.4849066497880004,3.176823377609253
z_cn_to_degree,2,test-204,2.6390573296152584,3.588635206222534
z_cn_to_degree,2,test-205,2.1972245773362196,3.0868661403656006
z_cn_to_degree,2,test-206,3.58351893845611,4.025774955749512
z_cn_to_degree,2,test-207,4.2484952420493585,4.446260452270508
z_cn_to_degree,2,test-208,4.0943445622221,4.122520446777344
z_cn_to_degree,2,test-209,4.836281906951478,4.2060346603393555
z_cn_to_degree,2,test-210,4.976733742420574,4.1890869140625
z_cn_to_degree,2,test-211,3.044522437723423,3.5733249187469482
z_cn_to_degree,2,test-212,4.499809670330265,2.7544543743133545
z_cn_to_degree,2,test-213,1.3862943611198906,2.7496354579925537
z_cn_to_degree,2,test-214,5.560681631015528,4.259646415710449
z_cn_to_degree,2,test-215,2.0794415416798357,2.7497174739837646
z_cn_to_degree,2,test-216,0.6931471805599453,2.7496755123138428
z_cn_to_degree,2,test-217,1.791759469228055,3.7385013103485107
z_cn_to_degree,2,test-218,3.044522437723423,3.4218318462371826
z_cn_to_degree,2,test-219,3.58351893845611,4.162195205688477
z_cn_to_degree,2,test-220,2.70805020110221,2.7516353130340576
z_cn_to_degree,2,test-221,2.995732273553991,3.8112475872039795
z_cn_to_degree,2,test-222,2.0794415416798357,2.7497174739837646
z_cn_to_degree,2,test-223,3.8712010109078907,3.8551242351531982
z_cn_to_degree,2,test-224,0.0,2.7496354579925537
z_cn_to_degree,2,test-225,3.332204510175204,3.4069173336029053
z_cn_to_degree,2,test-226,2.0794415416798357,2.7497174739837646
z_cn_to_degree,2,test-227,2.772588722239781,3.8266618251800537
z_cn_to_degree,2,test-228,1.791759469228055,2.7496755123138428
z_cn_to_degree,2,test-229,2.1972245773362196,3.0868661403656006
z_cn_to_degree,2,test-230,3.401197381662156,3.519986867904663
z_cn_to_degree,2,test-231,4.430816798843313,4.0981550216674805
z_cn_to_degree,2,test-232,4.276666119016055,5.739459991455078
z_cn_to_degree,2,test-233,1.791759469228055,2.7493512630462646
z_cn_to_degree,2,test-234,3.58351893845611,4.162195205688477
z_cn_to_degree,2,test-235,3.1780538303479453,4.200091361999512
z_cn_to_degree,2,test-236,2.8903717578961645,3.37542986869812
z_cn_to_degree,2,test-237,3.044522437723423,3.4218318462371826
z_cn_to_degree,2,test-238,5.780743515792329,4.137426376342773
z_cn_to_degree,2,test-239,6.327936783729195,5.302181243896484
z_cn_to_degree,2,test-240,0.6931471805599453,2.7496755123138428
z_cn_to_degree,2,test-241,2.4849066497880004,2.7501752376556396
z_cn_to_degree,2,test-242,2.8903717578961645,3.296651601791382
z_cn_to_degree,2,test-243,2.1972245773362196,3.6214702129364014
z_cn_to_degree,2,test-244,3.044522437723423,3.4218318462371826
z_cn_to_degree,2,test-245,2.70805020110221,3.8918769359588623
z_cn_to_degree,2,test-246,4.74493212836325,5.388860702514648
z_cn_to_degree,2,test-247,1.791759469228055,2.7496755123138428
z_cn_to_degree,2,test-248,3.8066624897703196,4.186701774597168
z_cn_to_degree,2,test-249,3.951243718581427,4.043295860290527
z_cn_to_degree,2,test-250,1.3862943611198906,2.7493512630462646
z_cn_to_degree,2,test-251,4.718498871295095,2.7384774684906006
z_cn_to_degree,2,test-252,3.465735902799726,4.040036201477051
z_cn_to_degree,2,test-253,2.70805020110221,3.37542986869812
z_cn_to_degree,2,test-254,2.6390573296152584,2.751110792160034
z_cn_to_degree,2,test-255,5.19295685089021,3.9820382595062256
z_cn_to_degree,2,test-256,0.0,2.7496354579925537
z_cn_to_degree,2,test-257,5.98141421125448,4.127712249755859
z_cn_to_degree,2,test-258,3.8712010109078907,4.9595136642456055
z_cn_to_degree,2,test-259,2.9957322735539913,2.749727964401245
z_cn_to_degree,2,test-260,1.0986122886681098,2.749302625656128
z_cn_to_degree,2,test-261,3.401197381662155,4.505990028381348
z_cn_to_degree,2,test-262,2.995732273553991,4.04049015045166
z_cn_to_degree,2,test-263,2.995732273553991,3.8112475872039795
z_cn_to_degree,2,test-264,4.1588830833596715,4.059237480163574
z_cn_to_degree,2,test-265,4.31748811353631,4.244753837585449
z_cn_to_degree,2,test-266,1.791759469228055,2.858733892440796
z_cn_to_degree,2,test-267,2.0794415416798357,4.335853576660156
z_cn_to_degree,2,test-268,2.70805020110221,3.37542986869812
z_cn_to_degree,2,test-269,6.476972362889683,7.2043657302856445
z_cn_to_degree,2,test-270,1.791759469228055,2.7496755123138428
z_cn_to_degree,2,test-271,3.044522437723423,4.368035316467285
z_cn_to_degree,2,test-272,3.737669618283368,4.684389114379883
z_cn_to_degree,2,test-273,3.1780538303479453,4.276523590087891
z_cn_to_degree,2,test-274,2.772588722239781,4.062323570251465
z_cn_to_degree,2,test-275,2.70805020110221,3.37542986869812
z_cn_to_degree,2,test-276,2.0794415416798357,2.7495410442352295
z_cn_to_degree,2,test-277,3.332204510175204,3.978261709213257
z_cn_to_degree,2,test-278,5.220355825078324,4.310671806335449
z_cn_to_degree,2,test-279,3.6635616461296463,3.2231662273406982
z_cn_to_degree,2,test-280,2.6390573296152584,2.751110792160034
z_cn_to_degree,2,test-281,2.4849066497880004,3.609980344772339
z_cn_to_degree,2,test-282,3.9512437185814275,2.750852346420288
z_cn_to_degree,2,test-283,2.995732273553991,3.8112475872039795
z_cn_to_degree,2,test-284,1.6094379124341003,2.7493512630462646
z_cn_to_degree,2,test-285,2.70805020110221,3.37542986869812
z_cn_to_degree,2,test-286,6.461468176353717,5.297834396362305
z_cn_to_degree,2,test-287,3.044522437723423,3.4218318462371826
z_cn_to_degree,2,test-288,3.4965075614664807,4.345210075378418
z_cn_to_degree,2,test-289,4.499809670330265,4.488720893859863
z_cn_to_degree,2,test-290,2.8903717578961645,3.2569472789764404
z_cn_to_degree,2,test-291,5.60947179518496,4.999268531799316
z_cn_to_degree,2,test-292,5.375278407684165,5.794475555419922
z_cn_to_degree,2,test-293,3.6888794541139367,4.217174530029297
z_cn_to_degree,2,test-294,2.1972245773362196,3.4593799114227295
z_cn_to_degree,2,test-295,2.3025850929940455,3.293278455734253
z_cn_to_degree,2,test-296,3.7376696182833684,2.7492330074310303
z_cn_to_degree,2,test-297,2.0794415416798357,2.7495410442352295
z_cn_to_degree,2,test-298,1.3862943611198906,3.300583600997925
z_cn_to_degree,2,test-299,3.1780538303479453,3.899097204208374
z_cn_to_degree,2,test-300,2.995732273553991,3.247924566268921
z_cn_to_degree,2,test-301,1.6094379124341003,2.7493512630462646
z_cn_to_degree,2,test-302,2.4849066497880004,2.7467153072357178
z_cn_to_degree,2,test-303,2.0794415416798357,2.7497174739837646
z_cn_to_degree,2,test-304,4.382026634673881,3.99239182472229
z_cn_to_degree,2,test-305,3.332204510175204,3.5726497173309326
z_cn_to_degree,2,test-306,5.556828061699537,4.763498306274414
z_cn_to_degree,2,test-307,2.0794415416798357,2.7497174739837646
z_cn_to_degree,2,test-308,2.0794415416798357,3.0836875438690186
z_cn_to_degree,2,test-309,3.58351893845611,3.748807668685913
z_cn_to_degree,2,test-310,2.1972245773362196,3.0868661403656006
z_cn_to_degree,2,test-311,3.8918202981106265,4.385214805603027
z_cn_to_degree,2,test-312,2.4849066497880004,2.7485053539276123
z_cn_to_degree,2,test-313,6.733401891837358,5.2462921142578125
z_cn_to_degree,2,test-314,4.941642422609304,4.090653419494629
z_cn_to_degree,2,test-315,1.9459101490553132,2.7490556240081787
z_cn_to_degree,2,test-316,2.8903717578961645,3.3424298763275146
z_cn_to_degree,2,test-317,5.4116460518550396,5.002992630004883
z_cn_to_degree,2,test-318,3.332204510175204,3.978261709213257
z_cn_to_degree,2,test-319,6.733401891837358,5.622190475463867
z_cn_to_degree,2,test-320,2.772588722239781,3.7881410121917725
z_cn_to_degree,2,test-321,3.044522437723423,3.4218318462371826
z_cn_to_degree,2,test-322,2.995732273553991,3.542907476425171
z_cn_to_degree,2,test-323,0.6931471805599453,2.7496755123138428
z_cn_to_degree,2,test-324,2.4849066497880004,3.176823377609253
z_cn_to_degree,2,test-325,2.772588722239781,3.0040433406829834
z_cn_to_degree,2,test-326,3.091042453358316,2.749727964401245
z_cn_to_degree,2,test-327,3.401197381662156,3.632258176803589
z_cn_to_degree,2,test-328,3.688879454113936,4.179732322692871
z_cn_to_degree,2,test-329,1.6094379124341003,2.7493512630462646
z_cn_to_degree,2,test-330,3.5553480614894135,3.4286906719207764
z_cn_to_degree,2,test-331,3.8712010109078907,3.9713714122772217
z_cn_to_degree,2,test-332,2.70805020110221,2.7516353130340576
z_cn_to_degree,2,test-333,2.8903717578961645,2.7510507106781006
z_cn_to_degree,2,test-334,2.4849066497880004,2.7501752376556396
z_cn_to_degree,2,test-335,4.51085950651685,3.535860776901245
z_cn_to_degree,2,test-336,2.70805020110221,3.37542986869812
z_cn_to_degree,2,test-337,3.044522437723423,3.2205770015716553
z_cn_to_degree,2,test-338,2.4849066497880004,3.0074527263641357
z_cn_to_degree,2,test-339,2.772588722239781,3.426518201828003
z_cn_to_degree,2,test-340,4.143134726391533,3.2542617321014404
z_cn_to_degree,2,test-341,3.931825632724326,3.3893373012542725
z_cn_to_degree,2,test-342,2.4849066497880004,3.176823377609253
z_cn_to_degree,2,test-343,4.787491742782047,6.490797996520996
z_cn_to_degree,2,test-344,1.3862943611198906,2.7496354579925537
z_cn_to_degree,2,test-345,3.1780538303479453,3.366499662399292
z_cn_to_degree,2,test-346,2.4849066497880004,3.4128177165985107
z_cn_to_degree,2,test-347,2.4849066497880004,3.0313260555267334
z_cn_to_degree,2,test-348,2.4849066497880004,3.1526572704315186
z_cn_to_degree,2,test-349,3.401197381662155,3.975126028060913
z_cn_to_degree,2,test-350,2.8903717578961645,2.7510507106781006
z_cn_to_degree,2,test-351,3.1780538303479453,3.899097204208374
z_cn_to_degree,2,test-352,1.3862943611198906,2.7496354579925537
z_cn_to_degree,2,test-353,4.882801922586371,2.940582036972046
z_cn_to_degree,2,test-354,4.23410650459726,3.7985427379608154
z_cn_to_degree,2,test-355,5.6937321388027,5.407007217407227
z_cn_to_degree,2,test-356,0.6931471805599453,2.7496755123138428
z_cn_to_degree,2,test-357,1.791759469228055,2.7496755123138428
z_cn_to_degree,2,test-358,1.791759469228055,2.7496755123138428
z_cn_to_degree,2,test-359,5.966146739123692,5.093877792358398
z_cn_to_degree,2,test-360,3.4965075614664807,3.6934401988983154
z_cn_to_degree,2,test-361,6.733401891837358,5.767169952392578
z_cn_to_degree,2,test-362,5.272999558563747,4.0374555587768555
z_cn_to_degree,2,test-363,3.737669618283368,3.309410810470581
z_cn_to_degree,2,test-364,2.1972245773362196,3.0868661403656006
z_cn_to_degree,2,test-365,2.995732273553991,3.8112475872039795
z_cn_to_degree,2,test-366,1.3862943611198906,2.7493512630462646
z_cn_to_degree,2,test-367,6.327936783729195,5.39744758605957
z_cn_to_degree,2,test-368,4.430816798843313,4.669997215270996
z_cn_to_degree,2,test-369,0.0,2.7496354579925537
z_cn_to_degree,2,test-370,2.6390573296152584,3.7915732860565186
z_cn_to_degree,2,test-371,1.6094379124341003,2.7493512630462646
z_cn_to_degree,2,test-372,2.4849066497880004,4.126758575439453
z_cn_to_degree,2,test-373,3.465735902799726,4.040036201477051
z_cn_to_degree,2,test-374,2.772588722239781,3.26880145072937
z_cn_to_degree,2,test-375,2.70805020110221,2.8464295864105225
z_cn_to_degree,2,test-376,4.74493212836325,4.585659027099609
z_cn_to_degree,2,test-377,2.4849066497880004,2.7501752376556396
z_cn_to_degree,2,test-378,3.332204510175204,3.978261709213257
z_cn_to_degree,2,test-379,2.4849066497880004,2.7501752376556396
z_cn_to_degree,2,test-380,2.8903717578961645,3.5628716945648193
z_cn_to_degree,2,test-381,2.3025850929940455,3.1849629878997803
z_cn_to_degree,2,test-382,1.791759469228055,2.7496755123138428
z_cn_to_degree,2,test-383,0.6931471805599453,2.7496755123138428
z_cn_to_degree,2,test-384,4.276666119016055,2.7554948329925537
z_cn_to_degree,2,test-385,1.791759469228055,2.7496755123138428
z_cn_to_degree,2,test-386,1.791759469228055,2.7496755123138428
z_cn_to_degree,2,test-387,2.0794415416798357,3.870814085006714
z_cn_to_degree,2,test-388,2.995732273553991,1.9416863918304443
z_cn_to_degree,2,test-389,2.0794415416798357,2.7497174739837646
z_cn_to_degree,2,test-390,3.044522437723423,2.9140937328338623
z_cn_to_degree,2,test-391,2.995732273553991,4.209526062011719
z_cn_to_degree,2,test-392,0.0,2.7496354579925537
z_cn_to_degree,2,test-393,1.3862943611198906,2.7493512630462646
z_cn_to_degree,2,test-394,2.3025850929940455,2.749662160873413
z_cn_to_degree,2,test-395,3.295836866004329,3.5233943462371826
z_cn_to_degree,2,test-396,1.791759469228055,2.7496755123138428
z_cn_to_degree,2,test-397,3.4011973816621555,2.7528998851776123
z_cn_to_degree,2,test-398,2.4849066497880004,2.7501752376556396
z_cn_to_degree,2,test-399,2.995732273553991,3.8112475872039795
z_cn_to_degree,2,test-400,2.0794415416798357,3.1744868755340576
z_cn_to_degree,2,test-401,2.0794415416798357,3.046940565109253
z_cn_to_degree,2,test-402,3.1780538303479453,3.3361728191375732
z_cn_to_degree,2,test-403,3.828641396489095,2.7523105144500732
z_cn_to_degree,2,test-404,4.90527477843843,4.071654319763184
z_cn_to_degree,2,test-405,1.791759469228055,2.7493512630462646
z_cn_to_degree,2,test-406,3.401197381662155,3.975126028060913
z_cn_to_degree,2,test-407,1.3862943611198906,3.7915761470794678
z_cn_to_degree,2,test-408,2.8903717578961645,2.7510507106781006
z_cn_to_degree,2,test-409,4.276666119016055,2.3894259929656982
z_cn_to_degree,2,test-410,0.6931471805599453,2.7496755123138428
z_cn_to_degree,2,test-411,3.5553480614894135,4.165844917297363
z_cn_to_degree,2,test-412,2.8903717578961645,2.647120237350464
z_cn_to_degree,2,test-413,3.332204510175204,3.5524489879608154
z_cn_to_degree,2,test-414,5.342334251964811,5.14957332611084
z_cn_to_degree,2,test-415,2.890371757896165,3.0006043910980225
z_cn_to_degree,2,test-416,3.401197381662155,2.962486982345581
z_cn_to_degree,2,test-417,3.091042453358316,2.749727964401245
z_cn_to_degree,2,test-418,2.995732273553991,3.8112475872039795
z_cn_to_degree,2,test-419,3.401197381662155,3.3853118419647217
z_cn_to_degree,2,test-420,4.787491742782046,3.4597203731536865
z_cn_to_degree,2,test-421,4.430816798843313,4.0981550216674805
z_cn_to_degree,2,test-422,2.8903717578961645,3.2093684673309326
z_cn_to_degree,2,test-423,2.0794415416798357,2.7497174739837646
z_cn_to_degree,2,test-424,3.1780538303479458,3.9106662273406982
z_cn_to_degree,2,test-425,1.9459101490553132,2.7490556240081787
z_cn_to_degree,2,test-426,2.995732273553991,3.4807775020599365
z_cn_to_degree,2,test-427,2.1972245773362196,3.0868661403656006
z_cn_to_degree,2,test-428,1.3862943611198906,3.7915761470794678
z_cn_to_degree,2,test-429,3.401197381662156,3.632258176803589
z_cn_to_degree,2,test-430,3.332204510175204,2.7476413249969482
z_cn_to_degree,2,test-431,2.0794415416798357,2.7497174739837646
z_cn_to_degree,2,test-432,2.4849066497880004,3.176823377609253
z_cn_to_degree,2,test-433,3.6888794541139367,3.2291362285614014
z_cn_to_degree,2,test-434,2.70805020110221,3.8863131999969482
z_cn_to_degree,2,test-435,2.4849066497880004,3.291480779647827
z_cn_to_degree,2,test-436,4.718498871295095,2.7384774684906006
z_cn_to_degree,2,test-437,5.634789603169249,4.579756736755371
z_cn_to_degree,2,test-438,4.68213122712422,3.6185290813446045
z_cn_to_degree,2,test-439,1.791759469228055,2.7496755123138428
z_cn_to_degree,2,test-440,3.9889840465642745,3.663663625717163
z_cn_to_degree,2,test-441,6.327936783729195,4.9825439453125
z_cn_to_degree,2,test-442,3.044522437723423,3.7807719707489014
z_cn_to_degree,2,test-443,2.70805020110221,2.9799182415008545
z_cn_to_degree,2,test-444,1.0986122886681098,2.749302625656128
z_cn_to_degree,2,test-445,2.995732273553991,3.535067319869995
z_cn_to_degree,2,test-446,2.772588722239781,3.141993284225464
z_cn_to_degree,2,test-447,2.995732273553991,4.041536331176758
z_cn_to_degree,2,test-448,1.791759469228055,2.7493512630462646
z_cn_to_degree,2,test-449,1.3862943611198906,3.7915761470794678
z_cn_to_degree,2,test-450,2.4849066497880004,4.2633867263793945
z_cn_to_degree,2,test-451,7.50659178007084,8.01315975189209
z_cn_to_degree,2,test-452,3.951243718581427,4.043295860290527
z_cn_to_degree,2,test-453,3.5553480614894135,5.346144676208496
z_cn_to_degree,2,test-454,2.70805020110221,3.37542986869812
z_cn_to_degree,2,test-455,3.258096538021482,2.912421941757202
z_cn_to_degree,2,test-456,5.634789603169249,3.089832067489624
z_cn_to_degree,2,test-457,0.6931471805599453,2.7496755123138428
z_cn_to_degree,2,test-458,2.772588722239781,3.7881410121917725
z_cn_to_degree,2,test-459,3.401197381662156,3.241842031478882
z_cn_to_degree,2,test-460,2.995732273553991,4.016457557678223
z_cn_to_degree,2,test-461,3.044522437723423,3.494170904159546
z_cn_to_degree,2,test-462,2.1972245773362196,2.7495410442352295
z_cn_to_degree,2,test-463,1.791759469228055,3.1451070308685303
z_cn_to_degree,2,test-464,3.1780538303479458,3.1790902614593506
z_cn_to_degree,2,test-465,2.1972245773362196,2.7495410442352295
z_cn_to_degree,2,test-466,3.401197381662155,3.0115067958831787
z_cn_to_degree,2,test-467,6.327936783729195,5.1965131759643555
z_cn_to_degree,2,test-468,2.995732273553991,3.8112475872039795
z_cn_to_degree,2,test-469,3.044522437723423,3.4218318462371826
z_cn_to_degree,2,test-470,1.0986122886681098,2.749302625656128
z_cn_to_degree,2,test-471,3.401197381662155,3.5775935649871826
z_cn_to_degree,2,test-472,2.3025850929940455,2.749662160873413
z_cn_to_degree,2,test-473,6.040254711277414,3.842244863510132
z_cn_to_degree,2,test-474,4.90527477843843,4.58236026763916
z_cn_to_degree,2,test-475,2.1972245773362196,3.4593799114227295
z_cn_to_degree,2,test-476,2.0794415416798357,2.7497174739837646
z_cn_to_degree,2,test-477,2.8903717578961645,3.37542986869812
z_cn_to_degree,2,test-478,3.1780538303479453,3.2405059337615967
z_cn_to_degree,2,test-479,2.995732273553991,3.0199506282806396
z_cn_to_degree,2,test-480,4.276666119016055,4.134592056274414
z_cn_to_degree,2,test-481,2.4849066497880004,2.7501752376556396
z_cn_to_degree,2,test-482,3.295836866004329,3.3384950160980225
z_cn_to_degree,2,test-483,3.1780538303479453,3.566558599472046
z_cn_to_degree,2,test-484,2.0794415416798357,2.7497174739837646
z_cn_to_degree,2,test-485,3.332204510175204,3.978261709213257
z_cn_to_degree,2,test-486,1.3862943611198906,2.7493512630462646
z_cn_to_degree,2,test-487,4.356708826689592,3.872213125228882
z_cn_to_degree,2,test-488,2.0794415416798357,2.7497174739837646
z_cn_to_degree,2,test-489,2.9957322735539913,2.749727964401245
z_cn_to_degree,2,test-490,0.6931471805599453,2.7496755123138428
z_cn_to_degree,2,test-491,2.0794415416798357,2.7497174739837646
z_cn_to_degree,2,test-492,4.31748811353631,5.0910749435424805
z_cn_to_degree,2,test-493,3.58351893845611,4.207995414733887
z_cn_to_degree,2,test-494,0.0,2.7496354579925537
z_cn_to_degree,2,test-495,5.272999558563747,4.0374555587768555
z_cn_to_degree,2,test-496,1.791759469228055,2.7496755123138428
z_cn_to_degree,2,test-497,3.7376696182833684,3.0783727169036865
z_cn_to_degree,2,test-498,2.4849066497880004,2.7501752376556396
z_cn_to_degree,2,test-499,3.8712010109078907,4.961325645446777
z_cn_to_degree,2,test-500,6.040254711277414,3.9955599308013916
z_cn_to_degree,2,test-501,3.332204510175204,3.321190595626831
z_cn_to_degree,2,test-502,3.332204510175204,3.7549312114715576
z_cn_to_degree,2,test-503,4.700480365792417,7.2023210525512695
z_cn_to_degree,2,test-504,4.499809670330265,4.421567916870117
z_cn_to_degree,2,test-505,2.1972245773362196,2.671741247177124
z_cn_to_degree,2,test-506,3.688879454113936,4.179732322692871
z_cn_to_degree,2,test-507,2.6390573296152584,2.751110792160034
z_cn_to_degree,2,test-508,4.276666119016055,5.148829460144043
z_cn_to_degree,2,test-509,3.8712010109078907,4.849381446838379
z_cn_to_degree,2,test-510,4.442651256490317,3.4292056560516357
z_cn_to_degree,2,test-511,5.634789603169249,3.089832067489624
z_residual_to_degree,2,test-0,4.6443908991413725,3.2979776859283447
z_residual_to_degree,2,test-1,3.9889840465642745,3.4310786724090576
z_residual_to_degree,2,test-2,4.584967478670571,3.432792901992798
z_residual_to_degree,2,test-3,3.1780538303479453,3.4443163871765137
z_residual_to_degree,2,test-4,4.77912349311153,3.282541275024414
z_residual_to_degree,2,test-5,3.8066624897703196,3.3519577980041504
z_residual_to_degree,2,test-6,5.966146739123692,3.703585386276245
z_residual_to_degree,2,test-7,3.6635616461296463,3.3991858959198
z_residual_to_degree,2,test-8,3.044522437723423,3.688882827758789
z_residual_to_degree,2,test-9,3.6888794541139367,4.092007160186768
z_residual_to_degree,2,test-10,3.401197381662155,3.6986215114593506
z_residual_to_degree,2,test-11,3.9120230054281464,3.4116737842559814
z_residual_to_degree,2,test-12,0.6931471805599453,2.951911687850952
z_residual_to_degree,2,test-13,4.74493212836325,3.374302864074707
z_residual_to_degree,2,test-14,4.0943445622221,3.893185615539551
z_residual_to_degree,2,test-15,1.791759469228055,3.2010116577148438
z_residual_to_degree,2,test-16,4.394449154672439,3.616001844406128
z_residual_to_degree,2,test-17,4.718498871295095,4.091279029846191
z_residual_to_degree,2,test-18,0.6931471805599453,2.6171469688415527
z_residual_to_degree,2,test-19,3.044522437723423,5.843327045440674
z_residual_to_degree,2,test-20,3.1780538303479458,3.501595973968506
z_residual_to_degree,2,test-21,3.465735902799726,3.433011770248413
z_residual_to_degree,2,test-22,3.401197381662155,3.669769287109375
z_residual_to_degree,2,test-23,1.0986122886681098,1.8969749212265015
z_residual_to_degree,2,test-24,3.5553480614894135,3.189332962036133
z_residual_to_degree,2,test-25,4.189654742026425,2.5997869968414307
z_residual_to_degree,2,test-26,2.3025850929940455,3.214398145675659
z_residual_to_degree,2,test-27,3.465735902799726,3.5522444248199463
z_residual_to_degree,2,test-28,2.8903717578961645,3.5817933082580566
z_residual_to_degree,2,test-29,3.688879454113936,3.3526458740234375
z_residual_to_degree,2,test-30,4.882801922586371,3.9094080924987793
z_residual_to_degree,2,test-31,4.553876891600541,3.6207334995269775
z_residual_to_degree,2,test-32,3.58351893845611,3.746075391769409
z_residual_to_degree,2,test-33,3.58351893845611,3.4987423419952393
z_residual_to_degree,2,test-34,3.1780538303479453,2.8850138187408447
z_residual_to_degree,2,test-35,2.772588722239781,3.019967555999756
z_residual_to_degree,2,test-36,1.3862943611198906,3.0947742462158203
z_residual_to_degree,2,test-37,2.3025850929940455,2.0116689205169678
z_residual_to_degree,2,test-38,3.9889840465642745,3.552957057952881
z_residual_to_degree,2,test-39,1.791759469228055,3.548478126525879
z_residual_to_degree,2,test-40,3.951243718581427,2.9602317810058594
z_residual_to_degree,2,test-41,3.6888794541139367,3.929490327835083
z_residual_to_degree,2,test-42,6.040254711277414,4.105136394500732
z_residual_to_degree,2,test-43,2.4849066497880004,3.520508050918579
z_residual_to_degree,2,test-44,3.1780538303479453,3.469076633453369
z_residual_to_degree,2,test-45,0.6931471805599453,1.1959640979766846
z_residual_to_degree,2,test-46,4.941642422609304,3.577908515930176
z_residual_to_degree,2,test-47,0.0,1.6531428098678589
z_residual_to_degree,2,test-48,2.8903717578961645,3.7873220443725586
z_residual_to_degree,2,test-49,6.040254711277414,4.0237579345703125
z_residual_to_degree,2,test-50,3.332204510175204,3.6112782955169678
z_residual_to_degree,2,test-51,2.995732273553991,3.328540086746216
z_residual_to_degree,2,test-52,6.327936783729195,4.704673767089844
z_residual_to_degree,2,test-53,2.8903717578961645,3.207555055618286
z_residual_to_degree,2,test-54,2.6390573296152584,3.2874035835266113
z_residual_to_degree,2,test-55,4.927253685157204,3.6005823612213135
z_residual_to_degree,2,test-56,2.70805020110221,3.6110997200012207
z_residual_to_degree,2,test-57,5.272999558563747,3.5672078132629395
z_residual_to_degree,2,test-58,3.9889840465642745,3.677750825881958
z_residual_to_degree,2,test-59,2.0794415416798357,3.4718785285949707
z_residual_to_degree,2,test-60,4.7535901911063645,3.6102216243743896
z_residual_to_degree,2,test-61,2.1972245773362196,0.6792147159576416
z_residual_to_degree,2,test-62,2.3978952727983707,4.988120079040527
z_residual_to_degree,2,test-63,1.3862943611198906,-0.6507256031036377
z_residual_to_degree,2,test-64,3.58351893845611,3.541280508041382
z_residual_to_degree,2,test-65,2.8903717578961645,3.482138156890869
z_residual_to_degree,2,test-66,2.4849066497880004,3.5268445014953613
z_residual_to_degree,2,test-67,2.4849066497880004,3.235077142715454
z_residual_to_degree,2,test-68,4.90527477843843,4.2233452796936035
z_residual_to_degree,2,test-69,3.2188758248682006,3.337212324142456
z_residual_to_degree,2,test-70,2.995732273553991,3.2642788887023926
z_residual_to_degree,2,test-71,4.0943445622221,3.6135165691375732
z_residual_to_degree,2,test-72,1.791759469228055,2.4801242351531982
z_residual_to_degree,2,test-73,3.951243718581427,3.2953953742980957
z_residual_to_degree,2,test-74,2.70805020110221,3.469780921936035
z_residual_to_degree,2,test-75,3.044522437723423,3.279036045074463
z_residual_to_degree,2,test-76,1.0986122886681098,2.456481456756592
z_residual_to_degree,2,test-77,3.044522437723423,3.3202197551727295
z_residual_to_degree,2,test-78,1.3862943611198906,1.9996428489685059
z_residual_to_degree,2,test-79,1.791759469228055,3.422807455062866
z_residual_to_degree,2,test-80,3.688879454113936,3.281090021133423
z_residual_to_degree,2,test-81,3.58351893845611,3.295027256011963
z_residual_to_degree,2,test-82,3.465735902799726,3.1860904693603516
z_residual_to_degree,2,test-83,4.025351690735149,4.487477779388428
z_residual_to_degree,2,test-84,4.718498871295094,5.431055068969727
z_residual_to_degree,2,test-85,3.9889840465642745,3.445063591003418
z_residual_to_degree,2,test-86,3.332204510175204,4.006850719451904
z_residual_to_degree,2,test-87,2.70805020110221,3.9233009815216064
z_residual_to_degree,2,test-88,2.6390573296152584,3.193598985671997
z_residual_to_degree,2,test-89,3.332204510175204,3.6913225650787354
z_residual_to_degree,2,test-90,2.4849066497880004,4.016579627990723
z_residual_to_degree,2,test-91,2.0794415416798357,3.477466106414795
z_residual_to_degree,2,test-92,3.1780538303479453,3.796663284301758
z_residual_to_degree,2,test-93,5.272999558563747,3.6533586978912354
z_residual_to_degree,2,test-94,2.4849066497880004,5.347402095794678
z_residual_to_degree,2,test-95,3.401197381662156,3.686608076095581
z_residual_to_degree,2,test-96,7.50659178007084,3.994896173477173
z_residual_to_degree,2,test-97,4.465908118654584,4.341690540313721
z_residual_to_degree,2,test-98,2.3025850929940455,3.3871405124664307
z_residual_to_degree,2,test-99,2.70805020110221,3.16261887550354
z_residual_to_degree,2,test-100,3.58351893845611,3.49666428565979
z_residual_to_degree,2,test-101,2.70805020110221,3.1924846172332764
z_residual_to_degree,2,test-102,4.02535169073515,2.4670510292053223
z_residual_to_degree,2,test-103,2.772588722239781,3.276657819747925
z_residual_to_degree,2,test-104,2.1972245773362196,3.4032254219055176
z_residual_to_degree,2,test-105,1.0986122886681098,2.8778491020202637
z_residual_to_degree,2,test-106,3.5263605246161616,3.233839273452759
z_residual_to_degree,2,test-107,0.6931471805599453,0.7156367301940918
z_residual_to_degree,2,test-108,6.327936783729195,3.933790922164917
z_residual_to_degree,2,test-109,3.58351893845611,3.1834933757781982
z_residual_to_degree,2,test-110,2.0794415416798357,3.6887521743774414
z_residual_to_degree,2,test-111,2.8903717578961645,3.113551139831543
z_residual_to_degree,2,test-112,5.0106352940962555,3.6227691173553467
z_residual_to_degree,2,test-113,3.688879454113936,3.47976016998291
z_residual_to_degree,2,test-114,1.3862943611198906,3.1514978408813477
z_residual_to_degree,2,test-115,1.3862943611198906,3.3189423084259033
z_residual_to_degree,2,test-116,7.3395376954076745,3.9909141063690186
z_residual_to_degree,2,test-117,4.304065093204169,4.202023983001709
z_residual_to_degree,2,test-118,3.2188758248682006,4.29498815536499
z_residual_to_degree,2,test-119,6.733401891837358,4.909297943115234
z_residual_to_degree,2,test-120,2.4849066497880004,3.3922324180603027
z_residual_to_degree,2,test-121,2.995732273553991,3.4265596866607666
z_residual_to_degree,2,test-122,3.58351893845611,3.4842772483825684
z_residual_to_degree,2,test-123,1.791759469228055,3.720120906829834
z_residual_to_degree,2,test-124,2.6390573296152584,3.73171329498291
z_residual_to_degree,2,test-125,2.1972245773362196,3.1512458324432373
z_residual_to_degree,2,test-126,2.4849066497880004,3.667633056640625
z_residual_to_degree,2,test-127,1.791759469228055,2.493114948272705
z_residual_to_degree,2,test-128,3.6635616461296463,3.410081386566162
z_residual_to_degree,2,test-129,2.5649493574615367,2.8876285552978516
z_residual_to_degree,2,test-130,2.995732273553991,3.2996761798858643
z_residual_to_degree,2,test-131,3.044522437723423,3.5075485706329346
z_residual_to_degree,2,test-132,3.688879454113936,3.2500104904174805
z_residual_to_degree,2,test-133,5.560681631015528,3.4905591011047363
z_residual_to_degree,2,test-134,2.1972245773362196,2.8828656673431396
z_residual_to_degree,2,test-135,2.772588722239781,3.2946627140045166
z_residual_to_degree,2,test-136,3.688879454113936,3.161431312561035
z_residual_to_degree,2,test-137,2.1972245773362196,1.7126312255859375
z_residual_to_degree,2,test-138,4.31748811353631,5.387298583984375
z_residual_to_degree,2,test-139,1.791759469228055,3.299287796020508
z_residual_to_degree,2,test-140,3.332204510175204,3.1327149868011475
z_residual_to_degree,2,test-141,4.276666119016055,3.6583876609802246
z_residual_to_degree,2,test-142,2.70805020110221,3.64011287689209
z_residual_to_degree,2,test-143,2.0794415416798357,3.2796547412872314
z_residual_to_degree,2,test-144,2.772588722239781,3.7136030197143555
z_residual_to_degree,2,test-145,4.882801922586371,3.9079954624176025
z_residual_to_degree,2,test-146,3.465735902799726,3.2104671001434326
z_residual_to_degree,2,test-147,3.332204510175204,3.756277561187744
z_residual_to_degree,2,test-148,6.327936783729195,5.103787422180176
z_residual_to_degree,2,test-149,3.2188758248682006,3.8423819541931152
z_residual_to_degree,2,test-150,3.931825632724326,3.5353381633758545
z_residual_to_degree,2,test-151,3.295836866004329,3.266324043273926
z_residual_to_degree,2,test-152,3.4011973816621555,2.9588236808776855
z_residual_to_degree,2,test-153,4.0943445622221,3.348618984222412
z_residual_to_degree,2,test-154,2.0794415416798357,3.419990301132202
z_residual_to_degree,2,test-155,2.3025850929940455,3.9838173389434814
z_residual_to_degree,2,test-156,5.4116460518550396,3.156874895095825
z_residual_to_degree,2,test-157,4.564348191467836,4.599643707275391
z_residual_to_degree,2,test-158,0.0,1.233607530593872
z_residual_to_degree,2,test-159,2.70805020110221,3.939242362976074
z_residual_to_degree,2,test-160,2.9444389791664403,3.1836092472076416
z_residual_to_degree,2,test-161,1.3862943611198906,4.2323760986328125
z_residual_to_degree,2,test-162,2.8903717578961645,3.4507527351379395
z_residual_to_degree,2,test-163,1.791759469228055,3.7283921241760254
z_residual_to_degree,2,test-164,5.560681631015528,3.7398462295532227
z_residual_to_degree,2,test-165,1.0986122886681098,1.6007802486419678
z_residual_to_degree,2,test-166,3.5553480614894135,3.9588327407836914
z_residual_to_degree,2,test-167,4.499809670330265,3.196321964263916
z_residual_to_degree,2,test-168,3.5553480614894135,3.414510726928711
z_residual_to_degree,2,test-169,1.791759469228055,3.150250196456909
z_residual_to_degree,2,test-170,2.0794415416798357,3.7687110900878906
z_residual_to_degree,2,test-171,5.288267030694535,4.2935075759887695
z_residual_to_degree,2,test-172,1.3862943611198906,3.22780179977417
z_residual_to_degree,2,test-173,2.4849066497880004,3.5802977085113525
z_residual_to_degree,2,test-174,3.9120230054281464,3.1406967639923096
z_residual_to_degree,2,test-175,4.499809670330265,3.5584769248962402
z_residual_to_degree,2,test-176,4.867534450455582,3.9002861976623535
z_residual_to_degree,2,test-177,4.718498871295095,4.293424606323242
z_residual_to_degree,2,test-178,3.465735902799726,2.941223382949829
z_residual_to_degree,2,test-179,1.3862943611198906,1.7754368782043457
z_residual_to_degree,2,test-180,3.58351893845611,3.222900867462158
z_residual_to_degree,2,test-181,3.58351893845611,3.179649829864502
z_residual_to_degree,2,test-182,3.465735902799726,4.257936477661133
z_residual_to_degree,2,test-183,0.0,2.1675961017608643
z_residual_to_degree,2,test-184,7.24422751560335,3.9724559783935547
z_residual_to_degree,2,test-185,3.332204510175204,3.2230453491210938
z_residual_to_degree,2,test-186,3.401197381662155,3.221757650375366
z_residual_to_degree,2,test-187,3.332204510175204,3.4222090244293213
z_residual_to_degree,2,test-188,2.4849066497880004,3.700594186782837
z_residual_to_degree,2,test-189,2.1972245773362196,3.2751080989837646
z_residual_to_degree,2,test-190,2.70805020110221,3.632394552230835
z_residual_to_degree,2,test-191,2.0794415416798357,3.513664484024048
z_residual_to_degree,2,test-192,3.044522437723423,3.2003273963928223
z_residual_to_degree,2,test-193,2.995732273553991,3.4438207149505615
z_residual_to_degree,2,test-194,3.58351893845611,3.4874932765960693
z_residual_to_degree,2,test-195,4.90527477843843,4.441095352172852
z_residual_to_degree,2,test-196,4.5217885770490405,3.5981767177581787
z_residual_to_degree,2,test-197,2.4849066497880004,3.4000985622406006
z_residual_to_degree,2,test-198,4.709530201312334,3.7352328300476074
z_residual_to_degree,2,test-199,1.0986122886681098,2.878201723098755
z_residual_to_degree,2,test-200,1.0986122886681098,1.7505531311035156
z_residual_to_degree,2,test-201,1.0986122886681098,3.6206772327423096
z_residual_to_degree,2,test-202,3.044522437723423,3.1771836280822754
z_residual_to_degree,2,test-203,2.4849066497880004,4.7475786209106445
z_residual_to_degree,2,test-204,2.6390573296152584,3.2828164100646973
z_residual_to_degree,2,test-205,2.1972245773362196,3.551870822906494
z_residual_to_degree,2,test-206,3.58351893845611,2.89626407623291
z_residual_to_degree,2,test-207,4.2484952420493585,3.429287910461426
z_residual_to_degree,2,test-208,4.0943445622221,3.724777936935425
z_residual_to_degree,2,test-209,4.836281906951478,3.5903637409210205
z_residual_to_degree,2,test-210,4.976733742420574,3.6315102577209473
z_residual_to_degree,2,test-211,3.044522437723423,3.29960298538208
z_residual_to_degree,2,test-212,4.499809670330265,3.6699273586273193
z_residual_to_degree,2,test-213,1.3862943611198906,3.2836170196533203
z_residual_to_degree,2,test-214,5.560681631015528,3.509747266769409
z_residual_to_degree,2,test-215,2.0794415416798357,3.6655678749084473
z_residual_to_degree,2,test-216,0.6931471805599453,1.2213516235351562
z_residual_to_degree,2,test-217,1.791759469228055,4.528713226318359
z_residual_to_degree,2,test-218,3.044522437723423,3.067861557006836
z_residual_to_degree,2,test-219,3.58351893845611,3.231782913208008
z_residual_to_degree,2,test-220,2.70805020110221,3.741089105606079
z_residual_to_degree,2,test-221,2.995732273553991,3.826483726501465
z_residual_to_degree,2,test-222,2.0794415416798357,1.9733288288116455
z_residual_to_degree,2,test-223,3.8712010109078907,3.168105363845825
z_residual_to_degree,2,test-224,0.0,1.8116750717163086
z_residual_to_degree,2,test-225,3.332204510175204,3.182448387145996
z_residual_to_degree,2,test-226,2.0794415416798357,3.670149326324463
z_residual_to_degree,2,test-227,2.772588722239781,3.077939033508301
z_residual_to_degree,2,test-228,1.791759469228055,3.4360601902008057
z_residual_to_degree,2,test-229,2.1972245773362196,3.4656496047973633
z_residual_to_degree,2,test-230,3.401197381662156,3.6009528636932373
z_residual_to_degree,2,test-231,4.430816798843313,3.6575849056243896
z_residual_to_degree,2,test-232,4.276666119016055,3.634035587310791
z_residual_to_degree,2,test-233,1.791759469228055,2.2320380210876465
z_residual_to_degree,2,test-234,3.58351893845611,3.1551713943481445
z_residual_to_degree,2,test-235,3.1780538303479453,3.691072702407837
z_residual_to_degree,2,test-236,2.8903717578961645,3.725126266479492
z_residual_to_degree,2,test-237,3.044522437723423,3.253450393676758
z_residual_to_degree,2,test-238,5.780743515792329,4.103799819946289
z_residual_to_degree,2,test-239,6.327936783729195,4.182506084442139
z_residual_to_degree,2,test-240,0.6931471805599453,-0.34579992294311523
z_residual_to_degree,2,test-241,2.4849066497880004,3.2732794284820557
z_residual_to_degree,2,test-242,2.8903717578961645,3.2560079097747803
z_residual_to_degree,2,test-243,2.1972245773362196,3.5809335708618164
z_residual_to_degree,2,test-244,3.044522437723423,3.750641345977783
z_residual_to_degree,2,test-245,2.70805020110221,3.375136137008667
z_residual_to_degree,2,test-246,4.74493212836325,3.5685970783233643
z_residual_to_degree,2,test-247,1.791759469228055,5.663440704345703
z_residual_to_degree,2,test-248,3.8066624897703196,3.782867908477783
z_residual_to_degree,2,test-249,3.951243718581427,3.61669659614563
z_residual_to_degree,2,test-250,1.3862943611198906,2.753596067428589
z_residual_to_degree,2,test-251,4.718498871295095,5.512056350708008
z_residual_to_degree,2,test-252,3.465735902799726,3.24507737159729
z_residual_to_degree,2,test-253,2.70805020110221,3.237860918045044
z_residual_to_degree,2,test-254,2.6390573296152584,3.581627368927002
z_residual_to_degree,2,test-255,5.19295685089021,3.391155242919922
z_residual_to_degree,2,test-256,0.0,1.803891658782959
z_residual_to_degree,2,test-257,5.98141421125448,3.843284845352173
z_residual_to_degree,2,test-258,3.8712010109078907,3.293370485305786
z_residual_to_degree,2,test-259,2.9957322735539913,3.9488000869750977
z_residual_to_degree,2,test-260,1.0986122886681098,3.4047653675079346
z_residual_to_degree,2,test-261,3.401197381662155,3.6780126094818115
z_residual_to_degree,2,test-262,2.995732273553991,3.066725254058838
z_residual_to_degree,2,test-263,2.995732273553991,3.188446044921875
z_residual_to_degree,2,test-264,4.1588830833596715,3.475733995437622
z_residual_to_degree,2,test-265,4.31748811353631,4.486556529998779
z_residual_to_degree,2,test-266,1.791759469228055,3.1867878437042236
z_residual_to_degree,2,test-267,2.0794415416798357,3.3224399089813232
z_residual_to_degree,2,test-268,2.70805020110221,3.778221368789673
z_residual_to_degree,2,test-269,6.476972362889683,3.5494935512542725
z_residual_to_degree,2,test-270,1.791759469228055,3.2627477645874023
z_residual_to_degree,2,test-271,3.044522437723423,3.299081563949585
z_residual_to_degree,2,test-272,3.737669618283368,3.8839619159698486
z_residual_to_degree,2,test-273,3.1780538303479453,3.422297477722168
z_residual_to_degree,2,test-274,2.772588722239781,3.7232117652893066
z_residual_to_degree,2,test-275,2.70805020110221,3.268800735473633
z_residual_to_degree,2,test-276,2.0794415416798357,3.5303618907928467
z_residual_to_degree,2,test-277,3.332204510175204,5.073782444000244
z_residual_to_degree,2,test-278,5.220355825078324,3.5947208404541016
z_residual_to_degree,2,test-279,3.6635616461296463,3.1930689811706543
z_residual_to_degree,2,test-280,2.6390573296152584,1.6763734817504883
z_residual_to_degree,2,test-281,2.4849066497880004,3.3319520950317383
z_residual_to_degree,2,test-282,3.9512437185814275,4.257460594177246
z_residual_to_degree,2,test-283,2.995732273553991,3.3605217933654785
z_residual_to_degree,2,test-284,1.6094379124341003,2.6172327995300293
z_residual_to_degree,2,test-285,2.70805020110221,2.9573676586151123
z_residual_to_degree,2,test-286,6.461468176353717,3.620004653930664
z_residual_to_degree,2,test-287,3.044522437723423,3.2579433917999268
z_residual_to_degree,2,test-288,3.4965075614664807,3.6464357376098633
z_residual_to_degree,2,test-289,4.499809670330265,3.501173496246338
z_residual_to_degree,2,test-290,2.8903717578961645,3.2367794513702393
z_residual_to_degree,2,test-291,5.60947179518496,3.616389274597168
z_residual_to_degree,2,test-292,5.375278407684165,4.555238246917725
z_residual_to_degree,2,test-293,3.6888794541139367,3.887913942337036
z_residual_to_degree,2,test-294,2.1972245773362196,3.3316640853881836
z_residual_to_degree,2,test-295,2.3025850929940455,3.132601022720337
z_residual_to_degree,2,test-296,3.7376696182833684,5.3915557861328125
z_residual_to_degree,2,test-297,2.0794415416798357,2.2923667430877686
z_residual_to_degree,2,test-298,1.3862943611198906,3.2479488849639893
z_residual_to_degree,2,test-299,3.1780538303479453,3.6027979850769043
z_residual_to_degree,2,test-300,2.995732273553991,3.3019418716430664
z_residual_to_degree,2,test-301,1.6094379124341003,2.902611255645752
z_residual_to_degree,2,test-302,2.4849066497880004,3.4614498615264893
z_residual_to_degree,2,test-303,2.0794415416798357,3.2365922927856445
z_residual_to_degree,2,test-304,4.382026634673881,4.2393083572387695
z_residual_to_degree,2,test-305,3.332204510175204,3.198984146118164
z_residual_to_degree,2,test-306,5.556828061699537,3.474128484725952
z_residual_to_degree,2,test-307,2.0794415416798357,3.5609121322631836
z_residual_to_degree,2,test-308,2.0794415416798357,3.1410369873046875
z_residual_to_degree,2,test-309,3.58351893845611,3.838198661804199
z_residual_to_degree,2,test-310,2.1972245773362196,3.1837375164031982
z_residual_to_degree,2,test-311,3.8918202981106265,3.4662070274353027
z_residual_to_degree,2,test-312,2.4849066497880004,4.538573265075684
z_residual_to_degree,2,test-313,6.733401891837358,4.946671009063721
z_residual_to_degree,2,test-314,4.941642422609304,3.268240213394165
z_residual_to_degree,2,test-315,1.9459101490553132,0.20924925804138184
z_residual_to_degree,2,test-316,2.8903717578961645,3.246943235397339
z_residual_to_degree,2,test-317,5.4116460518550396,3.481027364730835
z_residual_to_degree,2,test-318,3.332204510175204,3.243980646133423
z_residual_to_degree,2,test-319,6.733401891837358,4.04703950881958
z_residual_to_degree,2,test-320,2.772588722239781,3.710606098175049
z_residual_to_degree,2,test-321,3.044522437723423,3.674274206161499
z_residual_to_degree,2,test-322,2.995732273553991,2.943000555038452
z_residual_to_degree,2,test-323,0.6931471805599453,3.1307454109191895
z_residual_to_degree,2,test-324,2.4849066497880004,3.82224178314209
z_residual_to_degree,2,test-325,2.772588722239781,3.450974464416504
z_residual_to_degree,2,test-326,3.091042453358316,5.073796272277832
z_residual_to_degree,2,test-327,3.401197381662156,3.270378351211548
z_residual_to_degree,2,test-328,3.688879454113936,3.216845750808716
z_residual_to_degree,2,test-329,1.6094379124341003,3.930654764175415
z_residual_to_degree,2,test-330,3.5553480614894135,3.7177226543426514
z_residual_to_degree,2,test-331,3.8712010109078907,4.153538703918457
z_residual_to_degree,2,test-332,2.70805020110221,2.8887734413146973
z_residual_to_degree,2,test-333,2.8903717578961645,2.0260047912597656
z_residual_to_degree,2,test-334,2.4849066497880004,3.405317544937134
z_residual_to_degree,2,test-335,4.51085950651685,3.4099581241607666
z_residual_to_degree,2,test-336,2.70805020110221,4.181829929351807
z_residual_to_degree,2,test-337,3.044522437723423,3.8821094036102295
z_residual_to_degree,2,test-338,2.4849066497880004,3.1441142559051514
z_residual_to_degree,2,test-339,2.772588722239781,3.5541977882385254
z_residual_to_degree,2,test-340,4.143134726391533,3.575140953063965
z_residual_to_degree,2,test-341,3.931825632724326,3.3370707035064697
z_residual_to_degree,2,test-342,2.4849066497880004,5.939553260803223
z_residual_to_degree,2,test-343,4.787491742782047,3.8366265296936035
z_residual_to_degree,2,test-344,1.3862943611198906,3.214963912963867
z_residual_to_degree,2,test-345,3.1780538303479453,3.5481889247894287
z_residual_to_degree,2,test-346,2.4849066497880004,4.304416656494141
z_residual_to_degree,2,test-347,2.4849066497880004,3.0831868648529053
z_residual_to_degree,2,test-348,2.4849066497880004,3.174201011657715
z_residual_to_degree,2,test-349,3.401197381662155,1.2826647758483887
z_residual_to_degree,2,test-350,2.8903717578961645,1.010615348815918
z_residual_to_degree,2,test-351,3.1780538303479453,2.7807724475860596
z_residual_to_degree,2,test-352,1.3862943611198906,1.9451411962509155
z_residual_to_degree,2,test-353,4.882801922586371,4.395816802978516
z_residual_to_degree,2,test-354,4.23410650459726,3.6808481216430664
z_residual_to_degree,2,test-355,5.6937321388027,4.307378768920898
z_residual_to_degree,2,test-356,0.6931471805599453,0.9600799083709717
z_residual_to_degree,2,test-357,1.791759469228055,2.1343493461608887
z_residual_to_degree,2,test-358,1.791759469228055,3.9566142559051514
z_residual_to_degree,2,test-359,5.966146739123692,3.527799606323242
z_residual_to_degree,2,test-360,3.4965075614664807,3.2977657318115234
z_residual_to_degree,2,test-361,6.733401891837358,4.984054088592529
z_residual_to_degree,2,test-362,5.272999558563747,3.3209750652313232
z_residual_to_degree,2,test-363,3.737669618283368,3.921966552734375
z_residual_to_degree,2,test-364,2.1972245773362196,2.300609588623047
z_residual_to_degree,2,test-365,2.995732273553991,3.765676736831665
z_residual_to_degree,2,test-366,1.3862943611198906,3.4006659984588623
z_residual_to_degree,2,test-367,6.327936783729195,2.745220899581909
z_residual_to_degree,2,test-368,4.430816798843313,3.576906681060791
z_residual_to_degree,2,test-369,0.0,3.27752685546875
z_residual_to_degree,2,test-370,2.6390573296152584,3.3678717613220215
z_residual_to_degree,2,test-371,1.6094379124341003,4.789247512817383
z_residual_to_degree,2,test-372,2.4849066497880004,3.7172040939331055
z_residual_to_degree,2,test-373,3.465735902799726,3.9024221897125244
z_residual_to_degree,2,test-374,2.772588722239781,3.17136549949646
z_residual_to_degree,2,test-375,2.70805020110221,3.064530849456787
z_residual_to_degree,2,test-376,4.74493212836325,3.5819919109344482
z_residual_to_degree,2,test-377,2.4849066497880004,3.5331220626831055
z_residual_to_degree,2,test-378,3.332204510175204,3.658205032348633
z_residual_to_degree,2,test-379,2.4849066497880004,2.0403289794921875
z_residual_to_degree,2,test-380,2.8903717578961645,3.281460762023926
z_residual_to_degree,2,test-381,2.3025850929940455,4.1877970695495605
z_residual_to_degree,2,test-382,1.791759469228055,3.2573115825653076
z_residual_to_degree,2,test-383,0.6931471805599453,1.462794303894043
z_residual_to_degree,2,test-384,4.276666119016055,3.301119804382324
z_residual_to_degree,2,test-385,1.791759469228055,3.326862335205078
z_residual_to_degree,2,test-386,1.791759469228055,3.763848066329956
z_residual_to_degree,2,test-387,2.0794415416798357,3.249373435974121
z_residual_to_degree,2,test-388,2.995732273553991,3.7568747997283936
z_residual_to_degree,2,test-389,2.0794415416798357,3.460942029953003
z_residual_to_degree,2,test-390,3.044522437723423,3.4788310527801514
z_residual_to_degree,2,test-391,2.995732273553991,3.358747720718384
z_residual_to_degree,2,test-392,0.0,2.3163344860076904
z_residual_to_degree,2,test-393,1.3862943611198906,3.0488431453704834
z_residual_to_degree,2,test-394,2.3025850929940455,3.9136054515838623
z_residual_to_degree,2,test-395,3.295836866004329,3.451845169067383
z_residual_to_degree,2,test-396,1.791759469228055,3.4252727031707764
z_residual_to_degree,2,test-397,3.4011973816621555,3.593745231628418
z_residual_to_degree,2,test-398,2.4849066497880004,4.066958904266357
z_residual_to_degree,2,test-399,2.995732273553991,3.3672709465026855
z_residual_to_degree,2,test-400,2.0794415416798357,3.9172356128692627
z_residual_to_degree,2,test-401,2.0794415416798357,3.3796703815460205
z_residual_to_degree,2,test-402,3.1780538303479453,3.2382848262786865
z_residual_to_degree,2,test-403,3.828641396489095,3.3322396278381348
z_residual_to_degree,2,test-404,4.90527477843843,3.731598138809204
z_residual_to_degree,2,test-405,1.791759469228055,3.3890912532806396
z_residual_to_degree,2,test-406,3.401197381662155,3.0934433937072754
z_residual_to_degree,2,test-407,1.3862943611198906,3.1568331718444824
z_residual_to_degree,2,test-408,2.8903717578961645,2.321216583251953
z_residual_to_degree,2,test-409,4.276666119016055,3.562973737716675
z_residual_to_degree,2,test-410,0.6931471805599453,2.8642287254333496
z_residual_to_degree,2,test-411,3.5553480614894135,4.012247562408447
z_residual_to_degree,2,test-412,2.8903717578961645,3.253056049346924
z_residual_to_degree,2,test-413,3.332204510175204,3.754192352294922
z_residual_to_degree,2,test-414,5.342334251964811,3.43485164642334
z_residual_to_degree,2,test-415,2.890371757896165,3.4397013187408447
z_residual_to_degree,2,test-416,3.401197381662155,3.452104330062866
z_residual_to_degree,2,test-417,3.091042453358316,3.939572334289551
z_residual_to_degree,2,test-418,2.995732273553991,3.349857807159424
z_residual_to_degree,2,test-419,3.401197381662155,3.7996959686279297
z_residual_to_degree,2,test-420,4.787491742782046,3.7959399223327637
z_residual_to_degree,2,test-421,4.430816798843313,3.6219429969787598
z_residual_to_degree,2,test-422,2.8903717578961645,3.2605488300323486
z_residual_to_degree,2,test-423,2.0794415416798357,2.3929812908172607
z_residual_to_degree,2,test-424,3.1780538303479458,3.699221134185791
z_residual_to_degree,2,test-425,1.9459101490553132,3.535304307937622
z_residual_to_degree,2,test-426,2.995732273553991,3.1931440830230713
z_residual_to_degree,2,test-427,2.1972245773362196,3.766967535018921
z_residual_to_degree,2,test-428,1.3862943611198906,3.1041786670684814
z_residual_to_degree,2,test-429,3.401197381662156,4.773865222930908
z_residual_to_degree,2,test-430,3.332204510175204,2.9348673820495605
z_residual_to_degree,2,test-431,2.0794415416798357,3.0409371852874756
z_residual_to_degree,2,test-432,2.4849066497880004,3.2937464714050293
z_residual_to_degree,2,test-433,3.6888794541139367,3.139634609222412
z_residual_to_degree,2,test-434,2.70805020110221,3.4686360359191895
z_residual_to_degree,2,test-435,2.4849066497880004,2.9345922470092773
z_residual_to_degree,2,test-436,4.718498871295095,3.811380624771118
z_residual_to_degree,2,test-437,5.634789603169249,4.064963340759277
z_residual_to_degree,2,test-438,4.68213122712422,4.243709564208984
z_residual_to_degree,2,test-439,1.791759469228055,3.0820977687835693
z_residual_to_degree,2,test-440,3.9889840465642745,3.4649856090545654
z_residual_to_degree,2,test-441,6.327936783729195,3.854799747467041
z_residual_to_degree,2,test-442,3.044522437723423,3.3040380477905273
z_residual_to_degree,2,test-443,2.70805020110221,3.147557258605957
z_residual_to_degree,2,test-444,1.0986122886681098,1.0385594367980957
z_residual_to_degree,2,test-445,2.995732273553991,3.399075508117676
z_residual_to_degree,2,test-446,2.772588722239781,3.2009129524230957
z_residual_to_degree,2,test-447,2.995732273553991,3.5513875484466553
z_residual_to_degree,2,test-448,1.791759469228055,2.623450994491577
z_residual_to_degree,2,test-449,1.3862943611198906,3.153116226196289
z_residual_to_degree,2,test-450,2.4849066497880004,3.6104319095611572
z_residual_to_degree,2,test-451,7.50659178007084,4.108512878417969
z_residual_to_degree,2,test-452,3.951243718581427,3.66094970703125
z_residual_to_degree,2,test-453,3.5553480614894135,3.7829408645629883
z_residual_to_degree,2,test-454,2.70805020110221,3.4173660278320312
z_residual_to_degree,2,test-455,3.258096538021482,3.1889870166778564
z_residual_to_degree,2,test-456,5.634789603169249,4.881572723388672
z_residual_to_degree,2,test-457,0.6931471805599453,3.7277374267578125
z_residual_to_degree,2,test-458,2.772588722239781,4.067786693572998
z_residual_to_degree,2,test-459,3.401197381662156,3.7688724994659424
z_residual_to_degree,2,test-460,2.995732273553991,3.67575740814209
z_residual_to_degree,2,test-461,3.044522437723423,4.519697666168213
z_residual_to_degree,2,test-462,2.1972245773362196,2.3219614028930664
z_residual_to_degree,2,test-463,1.791759469228055,3.2558634281158447
z_residual_to_degree,2,test-464,3.1780538303479458,4.771958351135254
z_residual_to_degree,2,test-465,2.1972245773362196,1.050755500793457
z_residual_to_degree,2,test-466,3.401197381662155,4.603276252746582
z_residual_to_degree,2,test-467,6.327936783729195,3.9593420028686523
z_residual_to_degree,2,test-468,2.995732273553991,3.4786264896392822
z_residual_to_degree,2,test-469,3.044522437723423,3.184194803237915
z_residual_to_degree,2,test-470,1.0986122886681098,4.393367290496826
z_residual_to_degree,2,test-471,3.401197381662155,3.2852630615234375
z_residual_to_degree,2,test-472,2.3025850929940455,3.0753583908081055
z_residual_to_degree,2,test-473,6.040254711277414,5.162341117858887
z_residual_to_degree,2,test-474,4.90527477843843,3.9451866149902344
z_residual_to_degree,2,test-475,2.1972245773362196,3.349062204360962
z_residual_to_degree,2,test-476,2.0794415416798357,2.500215530395508
z_residual_to_degree,2,test-477,2.8903717578961645,1.4729256629943848
z_residual_to_degree,2,test-478,3.1780538303479453,3.3185834884643555
z_residual_to_degree,2,test-479,2.995732273553991,3.3346705436706543
z_residual_to_degree,2,test-480,4.276666119016055,3.324342727661133
z_residual_to_degree,2,test-481,2.4849066497880004,3.551783323287964
z_residual_to_degree,2,test-482,3.295836866004329,3.5983986854553223
z_residual_to_degree,2,test-483,3.1780538303479453,3.2371068000793457
z_residual_to_degree,2,test-484,2.0794415416798357,3.7813258171081543
z_residual_to_degree,2,test-485,3.332204510175204,3.1873319149017334
z_residual_to_degree,2,test-486,1.3862943611198906,3.9933643341064453
z_residual_to_degree,2,test-487,4.356708826689592,4.491960525512695
z_residual_to_degree,2,test-488,2.0794415416798357,3.0231494903564453
z_residual_to_degree,2,test-489,2.9957322735539913,3.933584451675415
z_residual_to_degree,2,test-490,0.6931471805599453,3.2043514251708984
z_residual_to_degree,2,test-491,2.0794415416798357,2.094360828399658
z_residual_to_degree,2,test-492,4.31748811353631,3.7991068363189697
z_residual_to_degree,2,test-493,3.58351893845611,3.527355909347534
z_residual_to_degree,2,test-494,0.0,2.303173303604126
z_residual_to_degree,2,test-495,5.272999558563747,5.596879482269287
z_residual_to_degree,2,test-496,1.791759469228055,3.349388599395752
z_residual_to_degree,2,test-497,3.7376696182833684,3.6340014934539795
z_residual_to_degree,2,test-498,2.4849066497880004,3.050053358078003
z_residual_to_degree,2,test-499,3.8712010109078907,3.2194595336914062
z_residual_to_degree,2,test-500,6.040254711277414,4.114324569702148
z_residual_to_degree,2,test-501,3.332204510175204,3.1699986457824707
z_residual_to_degree,2,test-502,3.332204510175204,3.2452902793884277
z_residual_to_degree,2,test-503,4.700480365792417,3.6576950550079346
z_residual_to_degree,2,test-504,4.499809670330265,3.591830015182495
z_residual_to_degree,2,test-505,2.1972245773362196,3.0998733043670654
z_residual_to_degree,2,test-506,3.688879454113936,3.597431182861328
z_residual_to_degree,2,test-507,2.6390573296152584,4.599676132202148
z_residual_to_degree,2,test-508,4.276666119016055,3.284224271774292
z_residual_to_degree,2,test-509,3.8712010109078907,3.6319634914398193
z_residual_to_degree,2,test-510,4.442651256490317,3.2432737350463867
z_residual_to_degree,2,test-511,5.634789603169249,4.653846263885498
z_degree_to_cn_residual,2,test-0,0.4096507501383539,0.35171326994895935
z_degree_to_cn_residual,2,test-1,-0.257133548881196,0.31345996260643005
z_degree_to_cn_residual,2,test-2,-0.026168497301778282,0.21947604417800903
z_degree_to_cn_residual,2,test-3,-0.09682951278185134,0.05951404571533203
z_degree_to_cn_residual,2,test-4,1.030455039917754,0.0395561158657074
z_degree_to_cn_residual,2,test-5,-0.40617432960244304,0.3369215428829193
z_degree_to_cn_residual,2,test-6,1.072232465549153,-0.008407503366470337
z_degree_to_cn_residual,2,test-7,-0.17653506637630972,0.14234456419944763
z_degree_to_cn_residual,2,test-8,-0.09993231907971788,0.2554191052913666
z_degree_to_cn_residual,2,test-9,-0.361807736196368,0.16657599806785583
z_degree_to_cn_residual,2,test-10,0.834665253272179,0.23986873030662537
z_degree_to_cn_residual,2,test-11,0.6771872810461878,0.3409779965877533
z_degree_to_cn_residual,2,test-12,-0.0025667768776077267,0.0470639169216156
z_degree_to_cn_residual,2,test-13,0.0920452145115791,0.12594422698020935
z_degree_to_cn_residual,2,test-14,0.1059855857541714,0.14646729826927185
z_degree_to_cn_residual,2,test-15,0.6905804036823375,0.10760077834129333
z_degree_to_cn_residual,2,test-16,0.487417210290867,0.11403664946556091
z_degree_to_cn_residual,2,test-17,0.027598705190133088,0.09571561217308044
z_degree_to_cn_residual,2,test-18,-0.0025667768776077267,0.0470639169216156
z_degree_to_cn_residual,2,test-19,-0.09993231907971788,0.2554191052913666
z_degree_to_cn_residual,2,test-20,-0.0006908748283487874,0.10808715224266052
z_degree_to_cn_residual,2,test-21,0.37362887990278976,0.28479036688804626
z_degree_to_cn_residual,2,test-22,-0.26394703539593084,0.23986873030662537
z_degree_to_cn_residual,2,test-23,-0.001592483837966117,0.02395901083946228
z_degree_to_cn_residual,2,test-24,0.3252994169928626,0.062246888875961304
z_degree_to_cn_residual,2,test-25,-0.5320508010865779,0.23010537028312683
z_degree_to_cn_residual,2,test-26,0.6906105992764492,0.24179384112358093
z_degree_to_cn_residual,2,test-27,0.7790939880109542,0.28479036688804626
z_degree_to_cn_residual,2,test-28,0.5980680715538729,0.11371979117393494
z_degree_to_cn_residual,2,test-29,0.6893311186493629,0.14310511946678162
z_degree_to_cn_residual,2,test-30,0.6730018624542556,0.20195969939231873
z_degree_to_cn_residual,2,test-31,0.22033626837748216,0.1612597405910492
z_degree_to_cn_residual,2,test-32,-0.31403642712572494,0.3705994188785553
z_degree_to_cn_residual,2,test-33,0.6854469961951654,-0.1654624044895172
z_degree_to_cn_residual,2,test-34,-0.22552334649902314,0.22678908705711365
z_degree_to_cn_residual,2,test-35,-0.15981025222941134,0.3465772569179535
z_degree_to_cn_residual,2,test-36,-0.002483473901375505,0.339059442281723
z_degree_to_cn_residual,2,test-37,-0.002536581283496064,0.24179384112358093
z_degree_to_cn_residual,2,test-38,0.011027840012221813,-0.08250704407691956
z_degree_to_cn_residual,2,test-39,-0.0025667768776077267,0.10760077834129333
z_degree_to_cn_residual,2,test-40,1.0655213517576338,0.25509342551231384
z_degree_to_cn_residual,2,test-41,0.33133944436357726,0.16657599806785583
z_degree_to_cn_residual,2,test-42,0.3907357061859718,0.5899535417556763
z_degree_to_cn_residual,2,test-43,-0.07427151148220186,0.2055879533290863
z_degree_to_cn_residual,2,test-44,1.1607710146208674,0.22678908705711365
z_degree_to_cn_residual,2,test-45,-0.0025667768776077267,0.0470639169216156
z_degree_to_cn_residual,2,test-46,0.12442211904305411,0.24238070845603943
z_degree_to_cn_residual,2,test-47,-0.002483473901375505,-0.002460390329360962
z_degree_to_cn_residual,2,test-48,0.5980680715538729,0.11371979117393494
z_degree_to_cn_residual,2,test-49,0.3907357061859718,0.5899535417556763
z_degree_to_cn_residual,2,test-50,0.3974001350710103,0.02577933669090271
z_degree_to_cn_residual,2,test-51,0.5071241430143024,0.23544511198997498
z_degree_to_cn_residual,2,test-52,-0.5962537633065377,-0.004141718149185181
z_degree_to_cn_residual,2,test-53,-0.09507910900607243,0.11371979117393494
z_degree_to_cn_residual,2,test-54,-0.006401163194461921,0.12287351489067078
z_degree_to_cn_residual,2,test-55,-0.5779234037185782,-0.06187906861305237
z_degree_to_cn_residual,2,test-56,-0.09507910900607243,0.215580552816391
z_degree_to_cn_residual,2,test-57,0.8783422192128343,0.26792821288108826
z_degree_to_cn_residual,2,test-58,-0.4855470978437046,0.22718200087547302
z_degree_to_cn_residual,2,test-59,0.6904677205888524,0.10306808352470398
z_degree_to_cn_residual,2,test-60,-0.2474640255978244,0.2542911469936371
z_degree_to_cn_residual,2,test-61,-0.0022128532902202114,0.026010125875473022
z_degree_to_cn_residual,2,test-62,-0.0014682163898236727,0.04565581679344177
z_degree_to_cn_residual,2,test-63,-0.002483473901375505,0.339059442281723
z_degree_to_cn_residual,2,test-64,-0.18117393408101218,0.05462798476219177
z_degree_to_cn_residual,2,test-65,1.0035331796620373,0.11371979117393494
z_degree_to_cn_residual,2,test-66,-0.003920084665472663,0.019101113080978394
z_degree_to_cn_residual,2,test-67,-0.003920084665472663,0.019101113080978394
z_degree_to_cn_residual,2,test-68,-0.5121098978044188,0.2209835946559906
z_degree_to_cn_residual,2,test-69,0.40889556438164,0.13671597838401794
z_degree_to_cn_residual,2,test-70,0.5071241430143024,0.23544511198997498
z_degree_to_cn_residual,2,test-71,0.34193555199200737,0.06418856978416443
z_degree_to_cn_residual,2,test-72,-0.0025667768776077267,0.10760077834129333
z_degree_to_cn_residual,2,test-73,-0.32077300936225667,0.25509342551231384
z_degree_to_cn_residual,2,test-74,-0.09507910900607243,0.215580552816391
z_degree_to_cn_residual,2,test-75,0.9986799695883919,0.2554191052913666
z_degree_to_cn_residual,2,test-76,-0.001592483837966117,0.02395901083946228
z_degree_to_cn_residual,2,test-77,0.5932148614802274,0.2554191052913666
z_degree_to_cn_residual,2,test-78,-0.0017051669314512175,0.01298794150352478
z_degree_to_cn_residual,2,test-79,-0.0025667768776077267,0.10760077834129333
z_degree_to_cn_residual,2,test-80,0.6893311186493629,0.14310511946678162
z_degree_to_cn_residual,2,test-81,0.3267009706117635,0.1357346475124359
z_degree_to_cn_residual,2,test-82,1.066776060462735,0.28479036688804626
z_degree_to_cn_residual,2,test-83,-0.06306873591422772,-0.002773195505142212
z_degree_to_cn_residual,2,test-84,-0.3195190468888935,0.283878892660141
z_degree_to_cn_residual,2,test-85,-0.257133548881196,0.31345996260643005
z_degree_to_cn_residual,2,test-86,0.3974001350710103,0.02577933669090271
z_degree_to_cn_residual,2,test-87,-0.09507910900607243,0.215580552816391
z_degree_to_cn_residual,2,test-88,-0.006401163194461921,0.12287351489067078
z_degree_to_cn_residual,2,test-89,-0.295747045488935,0.02577933669090271
z_degree_to_cn_residual,2,test-90,-0.07427151148220186,0.2055879533290863
z_degree_to_cn_residual,2,test-91,-0.002679459971092827,0.10306808352470398
z_degree_to_cn_residual,2,test-92,0.5963176677780939,0.05951404571533203
z_degree_to_cn_residual,2,test-93,0.47287711110466973,0.26792821288108826
z_degree_to_cn_residual,2,test-94,-0.07427151148220186,0.2055879533290863
z_degree_to_cn_residual,2,test-95,0.5634751272888399,0.030151695013046265
z_degree_to_cn_residual,2,test-96,-0.6219808875579942,-0.12682238221168518
z_degree_to_cn_residual,2,test-97,-0.0948206319924906,0.1363888680934906
z_degree_to_cn_residual,2,test-98,-0.002536581283496064,0.24179384112358093
z_degree_to_cn_residual,2,test-99,-0.09507910900607243,0.215580552816391
z_degree_to_cn_residual,2,test-100,-0.3664462099481818,0.1357346475124359
z_degree_to_cn_residual,2,test-101,0.5980680715538729,0.215580552816391
z_degree_to_cn_residual,2,test-102,0.03377005795343527,0.027584165334701538
z_degree_to_cn_residual,2,test-103,-0.15981025222941134,0.3465772569179535
z_degree_to_cn_residual,2,test-104,0.629186265886127,0.2886553704738617
z_degree_to_cn_residual,2,test-105,-0.001592483837966117,0.02395901083946228
z_degree_to_cn_residual,2,test-106,0.689862177614176,-0.08796778321266174
z_degree_to_cn_residual,2,test-107,-0.0025667768776077267,0.0470639169216156
z_degree_to_cn_residual,2,test-108,0.09689341725340761,-0.004141718149185181
z_degree_to_cn_residual,2,test-109,0.37911075343422035,0.3705994188785553
z_degree_to_cn_residual,2,test-110,-0.002679459971092827,0.10306808352470398
z_degree_to_cn_residual,2,test-111,-0.006236131996241855,-0.004092127084732056
z_degree_to_cn_residual,2,test-112,0.4686965299979534,0.2881675660610199
z_degree_to_cn_residual,2,test-113,-0.4092811700187469,0.14310511946678162
z_degree_to_cn_residual,2,test-114,-0.0017051669314512175,0.01298794150352478
z_degree_to_cn_residual,2,test-115,0.6906637066585698,0.339059442281723
z_degree_to_cn_residual,2,test-116,1.0402213320986424,-0.04165735840797424
z_degree_to_cn_residual,2,test-117,0.6948211420213969,0.22078809142112732
z_degree_to_cn_residual,2,test-118,-0.2842516161783053,0.13671597838401794
z_degree_to_cn_residual,2,test-119,0.706182872391234,0.11752709746360779
z_degree_to_cn_residual,2,test-120,0.6188756690777434,0.2055879533290863
z_degree_to_cn_residual,2,test-121,0.5071241430143024,0.23544511198997498
z_degree_to_cn_residual,2,test-122,0.732166078719928,0.1357346475124359
z_degree_to_cn_residual,2,test-123,0.6905804036823375,0.10760077834129333
z_degree_to_cn_residual,2,test-124,-0.006401163194461921,0.12287351489067078
z_degree_to_cn_residual,2,test-125,-0.06396091467381823,0.2886553704738617
z_degree_to_cn_residual,2,test-126,1.0243407771859079,0.2055879533290863
z_degree_to_cn_residual,2,test-127,-0.0025667768776077267,0.10760077834129333
z_degree_to_cn_residual,2,test-128,-0.17653506637630972,0.14234456419944763
z_degree_to_cn_residual,2,test-129,0.006243055183185751,0.06475171446800232
z_degree_to_cn_residual,2,test-130,0.9125892511224669,0.23544511198997498
z_degree_to_cn_residual,2,test-131,0.5932148614802274,0.2554191052913666
z_degree_to_cn_residual,2,test-132,-0.4092811700187469,0.14310511946678162
z_degree_to_cn_residual,2,test-133,-0.3910899774469028,0.1604653298854828
z_degree_to_cn_residual,2,test-134,-0.06396091467381823,0.2886553704738617
z_degree_to_cn_residual,2,test-135,0.5333369283305339,0.3465772569179535
z_degree_to_cn_residual,2,test-136,0.6893311186493629,0.14310511946678162
z_degree_to_cn_residual,2,test-137,-0.0022128532902202114,0.026010125875473022
z_degree_to_cn_residual,2,test-138,-0.4564122585269044,0.06979116797447205
z_degree_to_cn_residual,2,test-139,-0.0025667768776077267,0.10760077834129333
z_degree_to_cn_residual,2,test-140,-0.295747045488935,0.02577933669090271
z_degree_to_cn_residual,2,test-141,0.7232900511466166,0.3087845742702484
z_degree_to_cn_residual,2,test-142,-0.09507910900607243,0.215580552816391
z_degree_to_cn_residual,2,test-143,-0.002679459971092827,0.10306808352470398
z_degree_to_cn_residual,2,test-144,-0.15981025222941134,0.3465772569179535
z_degree_to_cn_residual,2,test-145,-0.020145318105689636,0.20195969939231873
z_degree_to_cn_residual,2,test-146,0.37362887990278976,0.28479036688804626
z_degree_to_cn_residual,2,test-147,-0.295747045488935,0.02577933669090271
z_degree_to_cn_residual,2,test-148,0.09689341725340761,-0.004141718149185181
z_degree_to_cn_residual,2,test-149,-0.2842516161783053,0.13671597838401794
z_degree_to_cn_residual,2,test-150,-0.21219425699455913,0.291998952627182
z_degree_to_cn_residual,2,test-151,0.5634751272888399,0.03574690222740173
z_degree_to_cn_residual,2,test-152,-0.011174017424812204,0.18454989790916443
z_degree_to_cn_residual,2,test-153,0.2564389628481294,0.2077217996120453
z_degree_to_cn_residual,2,test-154,0.6904677205888524,0.10306808352470398
z_degree_to_cn_residual,2,test-155,-0.002536581283496064,0.24179384112358093
z_degree_to_cn_residual,2,test-156,1.2131515730483942,0.13529667258262634
z_degree_to_cn_residual,2,test-157,-0.11159319800623856,0.20215710997581482
z_degree_to_cn_residual,2,test-158,-0.002483473901375505,-0.002460390329360962
z_degree_to_cn_residual,2,test-159,0.5980680715538729,0.215580552816391
z_degree_to_cn_residual,2,test-160,-0.006236131996241855,-0.005863577127456665
z_degree_to_cn_residual,2,test-161,-0.0017051669314512175,0.01298794150352478
z_degree_to_cn_residual,2,test-162,0.5980680715538729,0.11371979117393494
z_degree_to_cn_residual,2,test-163,-0.0025667768776077267,0.10760077834129333
z_degree_to_cn_residual,2,test-164,0.30205720311304246,0.1604653298854828
z_degree_to_cn_residual,2,test-165,-0.001592483837966117,0.02395901083946228
z_degree_to_cn_residual,2,test-166,-0.3678477635670827,0.062246888875961304
z_degree_to_cn_residual,2,test-167,-0.5737341020377579,0.08352991938591003
z_degree_to_cn_residual,2,test-168,0.3252994169928626,0.062246888875961304
z_degree_to_cn_residual,2,test-169,-0.0025667768776077267,0.10760077834129333
z_degree_to_cn_residual,2,test-170,-0.002679459971092827,0.10306808352470398
z_degree_to_cn_residual,2,test-171,0.5694612141469256,0.2740832269191742
z_degree_to_cn_residual,2,test-172,-0.0017051669314512175,0.01298794150352478
z_degree_to_cn_residual,2,test-173,-0.07427151148220186,0.2055879533290863
z_degree_to_cn_residual,2,test-174,1.1880129048121781,0.3409779965877533
z_degree_to_cn_residual,2,test-175,0.8125602590821327,0.08352991938591003
z_degree_to_cn_residual,2,test-176,-0.10231614743923174,0.19243821501731873
z_degree_to_cn_residual,2,test-177,0.027598705190133088,0.09571561217308044
z_degree_to_cn_residual,2,test-178,-0.31951830065715553,0.28479036688804626
z_degree_to_cn_residual,2,test-179,-0.0017051669314512175,0.01298794150352478
z_degree_to_cn_residual,2,test-180,-0.007700184364779972,-0.1654624044895172
z_degree_to_cn_residual,2,test-181,-0.31403642712572494,0.3705994188785553
z_degree_to_cn_residual,2,test-182,-0.31951830065715553,0.28479036688804626
z_degree_to_cn_residual,2,test-183,-0.002483473901375505,-0.002460390329360962
z_degree_to_cn_residual,2,test-184,0.2690154096687156,0.018969625234603882
z_degree_to_cn_residual,2,test-185,-0.295747045488935,0.02577933669090271
z_degree_to_cn_residual,2,test-186,1.1223473257239598,0.23986873030662537
z_degree_to_cn_residual,2,test-187,-0.295747045488935,0.02577933669090271
z_degree_to_cn_residual,2,test-188,-0.07427151148220186,0.2055879533290863
z_degree_to_cn_residual,2,test-189,-0.06396091467381823,0.2886553704738617
z_degree_to_cn_residual,2,test-190,0.5980680715538729,0.215580552816391
z_degree_to_cn_residual,2,test-191,-0.002679459971092827,0.10306808352470398
z_degree_to_cn_residual,2,test-192,0.5932148614802274,0.2554191052913666
z_degree_to_cn_residual,2,test-193,-0.18602303754564287,0.23544511198997498
z_degree_to_cn_residual,2,test-194,-0.007700184364779972,-0.1654624044895172
z_degree_to_cn_residual,2,test-195,0.18103728275552644,0.2209835946559906
z_degree_to_cn_residual,2,test-196,-0.3419557546295762,0.4808116853237152
z_degree_to_cn_residual,2,test-197,-0.07427151148220186,0.2055879533290863
z_degree_to_cn_residual,2,test-198,-0.1325756172494532,0.06996068358421326
z_degree_to_cn_residual,2,test-199,-0.001592483837966117,0.02395901083946228
z_degree_to_cn_residual,2,test-200,-0.001592483837966117,0.02395901083946228
z_degree_to_cn_residual,2,test-201,-0.001592483837966117,0.02395901083946228
z_degree_to_cn_residual,2,test-202,-0.09993231907971788,0.2554191052913666
z_degree_to_cn_residual,2,test-203,-0.07427151148220186,0.2055879533290863
z_degree_to_cn_residual,2,test-204,0.6867460173654834,0.12287351489067078
z_degree_to_cn_residual,2,test-205,-0.06396091467381823,0.2886553704738617
z_degree_to_cn_residual,2,test-206,-0.31403642712572494,0.3705994188785553
z_degree_to_cn_residual,2,test-207,0.25559953693839854,-0.0399419367313385
z_degree_to_cn_residual,2,test-208,-0.3512116285679379,0.06418856978416443
z_degree_to_cn_residual,2,test-209,0.44701726623712135,-0.03272238373756409
z_degree_to_cn_residual,2,test-210,0.27064323153028624,0.26527222990989685
z_degree_to_cn_residual,2,test-211,0.9986799695883919,0.2554191052913666
z_degree_to_cn_residual,2,test-212,-0.015324816569887118,0.18724068999290466
z_degree_to_cn_residual,2,test-213,-0.002483473901375505,0.339059442281723
z_degree_to_cn_residual,2,test-214,0.707522311221207,0.1604653298854828
z_degree_to_cn_residual,2,test-215,-0.002679459971092827,0.10306808352470398
z_degree_to_cn_residual,2,test-216,-0.0025667768776077267,0.0470639169216156
z_degree_to_cn_residual,2,test-217,0.6905804036823375,0.10760077834129333
z_degree_to_cn_residual,2,test-218,-0.09993231907971788,0.2554191052913666
z_degree_to_cn_residual,2,test-219,-0.3664462099481818,0.1357346475124359
z_degree_to_cn_residual,2,test-220,-0.007796294345678415,0.03845223784446716
z_degree_to_cn_residual,2,test-221,-0.18602303754564287,0.23544511198997498
z_degree_to_cn_residual,2,test-222,-0.002679459971092827,0.10306808352470398
z_degree_to_cn_residual,2,test-223,-0.20673482910021176,0.27374371886253357
z_degree_to_cn_residual,2,test-224,-0.002483473901375505,-0.002460390329360962
z_degree_to_cn_residual,2,test-225,0.8028652431791747,0.02577933669090271
z_degree_to_cn_residual,2,test-226,-0.002679459971092827,0.10306808352470398
z_degree_to_cn_residual,2,test-227,0.9388020364386984,0.3465772569179535
z_degree_to_cn_residual,2,test-228,-0.0025667768776077267,0.10760077834129333
z_degree_to_cn_residual,2,test-229,-0.06396091467381823,0.2886553704738617
z_degree_to_cn_residual,2,test-230,0.5634751272888399,0.030151695013046265
z_degree_to_cn_residual,2,test-231,-0.34185746108770393,0.5328832864761353
z_degree_to_cn_residual,2,test-232,0.5836835270942388,0.2786353528499603
z_degree_to_cn_residual,2,test-233,-0.0017051669314512175,-0.00025597214698791504
z_degree_to_cn_residual,2,test-234,-0.3664462099481818,0.1357346475124359
z_degree_to_cn_residual,2,test-235,0.5963176677780939,0.05951404571533203
z_degree_to_cn_residual,2,test-236,-0.09507910900607243,0.11371979117393494
z_degree_to_cn_residual,2,test-237,-0.09993231907971788,0.2554191052913666
z_degree_to_cn_residual,2,test-238,1.1098178970570212,-0.5042613744735718
z_degree_to_cn_residual,2,test-239,0.09689341725340761,-0.004141718149185181
z_degree_to_cn_residual,2,test-240,-0.0025667768776077267,0.0470639169216156
z_degree_to_cn_residual,2,test-241,-0.003920084665472663,0.019101113080978394
z_degree_to_cn_residual,2,test-242,1.0035331796620373,0.11371979117393494
z_degree_to_cn_residual,2,test-243,0.629186265886127,0.2886553704738617
z_degree_to_cn_residual,2,test-244,-0.09993231907971788,0.2554191052913666
z_degree_to_cn_residual,2,test-245,0.5980680715538729,0.215580552816391
z_degree_to_cn_residual,2,test-246,-0.6011019660483662,0.12594422698020935
z_degree_to_cn_residual,2,test-247,-0.0025667768776077267,0.10760077834129333
z_degree_to_cn_residual,2,test-248,-0.40617432960244304,0.3369215428829193
z_degree_to_cn_residual,2,test-249,-0.32077300936225667,0.25509342551231384
z_degree_to_cn_residual,2,test-250,-0.0017051669314512175,0.01298794150352478
z_degree_to_cn_residual,2,test-251,0.027598705190133088,0.09571561217308044
z_degree_to_cn_residual,2,test-252,-0.31951830065715553,0.28479036688804626
z_degree_to_cn_residual,2,test-253,-0.09507910900607243,0.215580552816391
z_degree_to_cn_residual,2,test-254,-0.006401163194461921,0.12287351489067078
z_degree_to_cn_residual,2,test-255,-0.2608500763576425,0.2932678163051605
z_degree_to_cn_residual,2,test-256,-0.002483473901375505,-0.002460390329360962
z_degree_to_cn_residual,2,test-257,0.16442497939224665,-0.008365541696548462
z_degree_to_cn_residual,2,test-258,0.8561659193103136,0.1255851686000824
z_degree_to_cn_residual,2,test-259,-0.002709528290634796,0.01525983214378357
z_degree_to_cn_residual,2,test-260,-0.001592483837966117,0.02395901083946228
z_degree_to_cn_residual,2,test-261,0.42920014516401445,0.23986873030662537
z_degree_to_cn_residual,2,test-262,0.9125892511224669,0.23544511198997498
z_degree_to_cn_residual,2,test-263,-0.18602303754564287,0.23544511198997498
z_degree_to_cn_residual,2,test-264,-0.32690411934740055,0.0095272958278656
z_degree_to_cn_residual,2,test-265,-0.4564122585269044,0.06979116797447205
z_degree_to_cn_residual,2,test-266,0.6905804036823375,0.10760077834129333
z_degree_to_cn_residual,2,test-267,0.6904677205888524,0.10306808352470398
z_degree_to_cn_residual,2,test-268,-0.09507910900607243,0.215580552816391
z_degree_to_cn_residual,2,test-269,0.5380768797364144,-0.2987317144870758
z_degree_to_cn_residual,2,test-270,-0.0025667768776077267,0.10760077834129333
z_degree_to_cn_residual,2,test-271,0.9986799695883919,0.2554191052913666
z_degree_to_cn_residual,2,test-272,0.26383524768033195,0.22082671523094177
z_degree_to_cn_residual,2,test-273,0.4676238340609221,0.22678908705711365
z_degree_to_cn_residual,2,test-274,0.5333369283305339,0.3465772569179535
z_degree_to_cn_residual,2,test-275,-0.09507910900607243,0.215580552816391
z_degree_to_cn_residual,2,test-276,-0.0022128532902202114,-0.029343515634536743
z_degree_to_cn_residual,2,test-277,-0.295747045488935,0.02577933669090271
z_degree_to_cn_residual,2,test-278,0.4322971042023028,0.2559910714626312
z_degree_to_cn_residual,2,test-279,0.5166121141836355,0.14234456419944763
z_degree_to_cn_residual,2,test-280,-0.006401163194461921,0.12287351489067078
z_degree_to_cn_residual,2,test-281,1.0243407771859079,0.2055879533290863
z_degree_to_cn_residual,2,test-282,-0.005713782933315264,-0.16706934571266174
z_degree_to_cn_residual,2,test-283,-0.18602303754564287,0.23544511198997498
z_degree_to_cn_residual,2,test-284,-0.0017051669314512175,-0.05191245675086975
z_degree_to_cn_residual,2,test-285,-0.09507910900607243,0.215580552816391
z_degree_to_cn_residual,2,test-286,1.3462860490699626,-0.4708273708820343
z_degree_to_cn_residual,2,test-287,-0.09993231907971788,0.2554191052913666
z_degree_to_cn_residual,2,test-288,0.5553068786375152,-0.005305439233779907
z_degree_to_cn_residual,2,test-289,0.2249532936470302,0.17751964926719666
z_degree_to_cn_residual,2,test-290,0.5980680715538729,0.11371979117393494
z_degree_to_cn_residual,2,test-291,0.5481549764268495,-0.07944241166114807
z_degree_to_cn_residual,2,test-292,-0.8168566785177598,-0.4545649588108063
z_degree_to_cn_residual,2,test-293,0.33133944436357726,0.16657599806785583
z_degree_to_cn_residual,2,test-294,0.629186265886127,0.2886553704738617
z_degree_to_cn_residual,2,test-295,0.6906105992764492,0.24179384112358093
z_degree_to_cn_residual,2,test-296,-0.0013809592565058647,-0.39546194672584534
z_degree_to_cn_residual,2,test-297,-0.0022128532902202114,-0.029343515634536743
z_degree_to_cn_residual,2,test-298,0.6906637066585698,0.339059442281723
z_degree_to_cn_residual,2,test-299,-0.22552334649902314,0.22678908705711365
z_degree_to_cn_residual,2,test-300,0.5071241430143024,0.23544511198997498
z_degree_to_cn_residual,2,test-301,-0.0017051669314512175,-0.05191245675086975
z_degree_to_cn_residual,2,test-302,0.6188756690777434,0.2055879533290863
z_degree_to_cn_residual,2,test-303,-0.002679459971092827,0.10306808352470398
z_degree_to_cn_residual,2,test-304,-0.3011881021227526,0.5011974573135376
z_degree_to_cn_residual,2,test-305,0.3974001350710103,0.02577933669090271
z_degree_to_cn_residual,2,test-306,0.5966030812834874,-0.10149183869361877
z_degree_to_cn_residual,2,test-307,-0.002679459971092827,0.10306808352470398
z_degree_to_cn_residual,2,test-308,0.6904677205888524,0.10306808352470398
z_degree_to_cn_residual,2,test-309,0.511973246478933,0.05462798476219177
z_degree_to_cn_residual,2,test-310,-0.06396091467381823,0.2886553704738617
z_degree_to_cn_residual,2,test-311,0.8880287062152161,0.19794711470603943
z_degree_to_cn_residual,2,test-312,0.000550437072462336,0.05538424849510193
z_degree_to_cn_residual,2,test-313,0.4185007999394532,0.11752709746360779
z_degree_to_cn_residual,2,test-314,0.12442211904305411,0.24238070845603943
z_degree_to_cn_residual,2,test-315,-0.0009230486758283437,0.017605870962142944
z_degree_to_cn_residual,2,test-316,0.5980680715538729,0.11371979117393494
z_degree_to_cn_residual,2,test-317,0.6253649081462749,0.13529667258262634
z_degree_to_cn_residual,2,test-318,-0.295747045488935,0.02577933669090271
z_degree_to_cn_residual,2,test-319,0.4185007999394532,0.11752709746360779
z_degree_to_cn_residual,2,test-320,-0.15981025222941134,0.3465772569179535
z_degree_to_cn_residual,2,test-321,-0.09993231907971788,0.2554191052913666
z_degree_to_cn_residual,2,test-322,0.5071241430143024,0.23544511198997498
z_degree_to_cn_residual,2,test-323,-0.0025667768776077267,0.0470639169216156
z_degree_to_cn_residual,2,test-324,-0.07427151148220186,0.2055879533290863
z_degree_to_cn_residual,2,test-325,0.5333369283305339,0.3465772569179535
z_degree_to_cn_residual,2,test-326,-0.002709528290634796,0.08185729384422302
z_degree_to_cn_residual,2,test-327,-0.12967205327110548,0.030151695013046265
z_degree_to_cn_residual,2,test-328,-0.4092811700187469,0.14310511946678162
z_degree_to_cn_residual,2,test-329,-0.0017051669314512175,-0.05191245675086975
z_degree_to_cn_residual,2,test-330,1.0184465975528079,0.062246888875961304
z_degree_to_cn_residual,2,test-331,-0.2930939733738713,0.13296517729759216
z_degree_to_cn_residual,2,test-332,-0.007796294345678415,0.03845223784446716
z_degree_to_cn_residual,2,test-333,-0.006236131996241855,-0.004092127084732056
z_degree_to_cn_residual,2,test-334,-0.003920084665472663,0.019101113080978394
z_degree_to_cn_residual,2,test-335,1.108891999074218,0.20777365565299988
z_degree_to_cn_residual,2,test-336,-0.09507910900607243,0.215580552816391
z_degree_to_cn_residual,2,test-337,0.5932148614802274,0.2554191052913666
z_degree_to_cn_residual,2,test-338,0.6188756690777434,0.2055879533290863
z_degree_to_cn_residual,2,test-339,0.5333369283305339,0.3465772569179535
z_degree_to_cn_residual,2,test-340,0.9300387057397879,0.3074670732021332
z_degree_to_cn_residual,2,test-341,0.48095292356538616,0.291998952627182
z_degree_to_cn_residual,2,test-342,-0.07427151148220186,0.2055879533290863
z_degree_to_cn_residual,2,test-343,-0.43015367383143543,0.27752265334129333
z_degree_to_cn_residual,2,test-344,-0.002483473901375505,0.339059442281723
z_degree_to_cn_residual,2,test-345,0.5963176677780939,0.05951404571533203
z_degree_to_cn_residual,2,test-346,0.6188756690777434,0.2055879533290863
z_degree_to_cn_residual,2,test-347,0.6188756690777434,0.2055879533290863
z_degree_to_cn_residual,2,test-348,0.6188756690777434,0.2055879533290863
z_degree_to_cn_residual,2,test-349,-0.26394703539593084,0.23986873030662537
z_degree_to_cn_residual,2,test-350,-0.006236131996241855,-0.004092127084732056
z_degree_to_cn_residual,2,test-351,-0.22552334649902314,0.22678908705711365
z_degree_to_cn_residual,2,test-352,-0.002483473901375505,0.339059442281723
z_degree_to_cn_residual,2,test-353,0.6730018624542556,0.20195969939231873
z_degree_to_cn_residual,2,test-354,-0.17162295933884167,0.2267356812953949
z_degree_to_cn_residual,2,test-355,-0.5908559921618184,-0.5765918493270874
z_degree_to_cn_residual,2,test-356,-0.0025667768776077267,0.0470639169216156
z_degree_to_cn_residual,2,test-357,-0.0025667768776077267,0.10760077834129333
z_degree_to_cn_residual,2,test-358,-0.0025667768776077267,0.10760077834129333
z_degree_to_cn_residual,2,test-359,-0.02637982311895648,-0.008407503366470337
z_degree_to_cn_residual,2,test-360,-0.1378403019224301,-0.005305439233779907
z_degree_to_cn_residual,2,test-361,0.4185007999394532,0.11752709746360779
z_degree_to_cn_residual,2,test-362,-0.31852856519640793,0.13975057005882263
z_degree_to_cn_residual,2,test-363,0.26383524768033195,0.22082671523094177
z_degree_to_cn_residual,2,test-364,-0.06396091467381823,0.2886553704738617
z_degree_to_cn_residual,2,test-365,-0.18602303754564287,0.23544511198997498
z_degree_to_cn_residual,2,test-366,-0.0017051669314512175,0.01298794150352478
z_degree_to_cn_residual,2,test-367,-0.5962537633065377,-0.004141718149185181
z_degree_to_cn_residual,2,test-368,1.0444369000321867,0.5328832864761353
z_degree_to_cn_residual,2,test-369,-0.002483473901375505,-0.002460390329360962
z_degree_to_cn_residual,2,test-370,0.6867460173654834,0.12287351489067078
z_degree_to_cn_residual,2,test-371,-0.0017051669314512175,-0.05191245675086975
z_degree_to_cn_residual,2,test-372,0.6188756690777434,0.2055879533290863
z_degree_to_cn_residual,2,test-373,-0.31951830065715553,0.28479036688804626
z_degree_to_cn_residual,2,test-374,0.5333369283305339,0.3465772569179535
z_degree_to_cn_residual,2,test-375,0.5980680715538729,0.215580552816391
z_degree_to_cn_residual,2,test-376,0.0920452145115791,0.12594422698020935
z_degree_to_cn_residual,2,test-377,-0.003920084665472663,0.019101113080978394
z_degree_to_cn_residual,2,test-378,-0.295747045488935,0.02577933669090271
z_degree_to_cn_residual,2,test-379,-0.003920084665472663,0.019101113080978394
z_degree_to_cn_residual,2,test-380,0.5980680715538729,0.11371979117393494
z_degree_to_cn_residual,2,test-381,0.6906105992764492,0.24179384112358093
z_degree_to_cn_residual,2,test-382,-0.0025667768776077267,0.10760077834129333
z_degree_to_cn_residual,2,test-383,-0.0025667768776077267,0.0470639169216156
z_degree_to_cn_residual,2,test-384,-0.018078891203757413,0.2419339120388031
z_degree_to_cn_residual,2,test-385,-0.0025667768776077267,0.10760077834129333
z_degree_to_cn_residual,2,test-386,-0.0025667768776077267,0.10760077834129333
z_degree_to_cn_residual,2,test-387,0.6904677205888524,0.10306808352470398
z_degree_to_cn_residual,2,test-388,0.5071241430143024,0.23544511198997498
z_degree_to_cn_residual,2,test-389,-0.002679459971092827,0.10306808352470398
z_degree_to_cn_residual,2,test-390,0.5932148614802274,0.2554191052913666
z_degree_to_cn_residual,2,test-391,0.5071241430143024,0.23544511198997498
z_degree_to_cn_residual,2,test-392,-0.002483473901375505,-0.002460390329360962
z_degree_to_cn_residual,2,test-393,-0.0017051669314512175,0.01298794150352478
z_degree_to_cn_residual,2,test-394,-0.002536581283496064,0.24179384112358093
z_degree_to_cn_residual,2,test-395,0.5634751272888399,0.03574690222740173
z_degree_to_cn_residual,2,test-396,-0.0025667768776077267,0.10760077834129333
z_degree_to_cn_residual,2,test-397,-0.011174017424812204,0.18454989790916443
z_degree_to_cn_residual,2,test-398,-0.003920084665472663,0.019101113080978394
z_degree_to_cn_residual,2,test-399,-0.18602303754564287,0.23544511198997498
z_degree_to_cn_residual,2,test-400,0.6904677205888524,0.10306808352470398
z_degree_to_cn_residual,2,test-401,0.6904677205888524,0.10306808352470398
z_degree_to_cn_residual,2,test-402,0.5963176677780939,0.05951404571533203
z_degree_to_cn_residual,2,test-403,-0.00961734087375331,-0.4540976583957672
z_degree_to_cn_residual,2,test-404,0.18103728275552644,0.2209835946559906
z_degree_to_cn_residual,2,test-405,-0.0017051669314512175,-0.00025597214698791504
z_degree_to_cn_residual,2,test-406,-0.26394703539593084,0.23986873030662537
z_degree_to_cn_residual,2,test-407,0.6906637066585698,0.339059442281723
z_degree_to_cn_residual,2,test-408,-0.006236131996241855,-0.004092127084732056
z_degree_to_cn_residual,2,test-409,0.6750682893561879,0.2419339120388031
z_degree_to_cn_residual,2,test-410,-0.0025667768776077267,0.0470639169216156
z_degree_to_cn_residual,2,test-411,-0.3678477635670827,0.062246888875961304
z_degree_to_cn_residual,2,test-412,1.0035331796620373,0.11371979117393494
z_degree_to_cn_residual,2,test-413,0.3974001350710103,0.02577933669090271
z_degree_to_cn_residual,2,test-414,0.14484892926646498,-0.060817986726760864
z_degree_to_cn_residual,2,test-415,0.6904376522693105,-0.0026525557041168213
z_degree_to_cn_residual,2,test-416,0.42920014516401445,0.23986873030662537
z_degree_to_cn_residual,2,test-417,-0.002709528290634796,0.08185729384422302
z_degree_to_cn_residual,2,test-418,-0.18602303754564287,0.23544511198997498
z_degree_to_cn_residual,2,test-419,0.42920014516401445,0.23986873030662537
z_degree_to_cn_residual,2,test-420,-0.10534341095846705,0.22718295454978943
z_degree_to_cn_residual,2,test-421,-0.34185746108770393,0.5328832864761353
z_degree_to_cn_residual,2,test-422,0.5980680715538729,0.11371979117393494
z_degree_to_cn_residual,2,test-423,-0.002679459971092827,0.10306808352470398
z_degree_to_cn_residual,2,test-424,0.6924563057315964,0.10808715224266052
z_degree_to_cn_residual,2,test-425,-0.0009230486758283437,0.017605870962142944
z_degree_to_cn_residual,2,test-426,1.2002713235742477,0.23544511198997498
z_degree_to_cn_residual,2,test-427,-0.06396091467381823,0.2886553704738617
z_degree_to_cn_residual,2,test-428,0.6906637066585698,0.339059442281723
z_degree_to_cn_residual,2,test-429,-0.12967205327110548,0.030151695013046265
z_degree_to_cn_residual,2,test-430,0.002865332104051953,0.1718502938747406
z_degree_to_cn_residual,2,test-431,-0.002679459971092827,0.10306808352470398
z_degree_to_cn_residual,2,test-432,-0.07427151148220186,0.2055879533290863
z_degree_to_cn_residual,2,test-433,0.33133944436357726,0.16657599806785583
z_degree_to_cn_residual,2,test-434,0.5980680715538729,0.215580552816391
z_degree_to_cn_residual,2,test-435,0.6892270958944726,0.019101113080978394
z_degree_to_cn_residual,2,test-436,0.027598705190133088,0.09571561217308044
z_degree_to_cn_residual,2,test-437,0.6288411122804236,-0.12721052765846252
z_degree_to_cn_residual,2,test-438,-0.1278380797400702,0.1024681031703949
z_degree_to_cn_residual,2,test-439,-0.0025667768776077267,0.10760077834129333
z_degree_to_cn_residual,2,test-440,0.9007472632761859,0.22718200087547302
z_degree_to_cn_residual,2,test-441,0.09689341725340761,-0.004141718149185181
z_degree_to_cn_residual,2,test-442,0.9986799695883919,0.2554191052913666
z_degree_to_cn_residual,2,test-443,1.0035331796620373,0.215580552816391
z_degree_to_cn_residual,2,test-444,-0.001592483837966117,0.02395901083946228
z_degree_to_cn_residual,2,test-445,1.2002713235742477,0.23544511198997498
z_degree_to_cn_residual,2,test-446,0.9388020364386984,0.3465772569179535
z_degree_to_cn_residual,2,test-447,0.9125892511224669,0.23544511198997498
z_degree_to_cn_residual,2,test-448,-0.0017051669314512175,-0.00025597214698791504
z_degree_to_cn_residual,2,test-449,0.6906637066585698,0.339059442281723
z_degree_to_cn_residual,2,test-450,0.6188756690777434,0.2055879533290863
z_degree_to_cn_residual,2,test-451,-0.6219808875579942,-0.12682238221168518
z_degree_to_cn_residual,2,test-452,-0.32077300936225667,0.25509342551231384
z_degree_to_cn_residual,2,test-453,0.7307645251010271,0.062246888875961304
z_degree_to_cn_residual,2,test-454,-0.09507910900607243,0.215580552816391
z_degree_to_cn_residual,2,test-455,0.6930446040093127,0.1364189088344574
z_degree_to_cn_residual,2,test-456,-0.06430606827952172,-0.12721052765846252
z_degree_to_cn_residual,2,test-457,-0.0025667768776077267,0.0470639169216156
z_degree_to_cn_residual,2,test-458,-0.15981025222941134,0.3465772569179535
z_degree_to_cn_residual,2,test-459,0.5634751272888399,0.030151695013046265
z_degree_to_cn_residual,2,test-460,0.9125892511224669,0.23544511198997498
z_degree_to_cn_residual,2,test-461,0.5932148614802274,0.2554191052913666
z_degree_to_cn_residual,2,test-462,-0.0022128532902202114,0.026010125875473022
z_degree_to_cn_residual,2,test-463,0.6905804036823375,0.10760077834129333
z_degree_to_cn_residual,2,test-464,0.6924563057315964,0.10808715224266052
z_degree_to_cn_residual,2,test-465,-0.0022128532902202114,0.026010125875473022
z_degree_to_cn_residual,2,test-466,0.42920014516401445,0.23986873030662537
z_degree_to_cn_residual,2,test-467,0.5023585253615721,-0.004141718149185181
z_degree_to_cn_residual,2,test-468,-0.18602303754564287,0.23544511198997498
z_degree_to_cn_residual,2,test-469,-0.09993231907971788,0.2554191052913666
z_degree_to_cn_residual,2,test-470,-0.001592483837966117,0.02395901083946228
z_degree_to_cn_residual,2,test-471,0.42920014516401445,0.23986873030662537
z_degree_to_cn_residual,2,test-472,-0.002536581283496064,0.24179384112358093
z_degree_to_cn_residual,2,test-473,0.3907357061859718,0.5899535417556763
z_degree_to_cn_residual,2,test-474,0.18103728275552644,0.2209835946559906
z_degree_to_cn_residual,2,test-475,0.629186265886127,0.2886553704738617
z_degree_to_cn_residual,2,test-476,-0.002679459971092827,0.10306808352470398
z_degree_to_cn_residual,2,test-477,-0.09507910900607243,0.11371979117393494
z_degree_to_cn_residual,2,test-478,0.5963176677780939,0.05951404571533203
z_degree_to_cn_residual,2,test-479,0.5071241430143024,0.23544511198997498
z_degree_to_cn_residual,2,test-480,0.7232900511466166,0.3087845742702484
z_degree_to_cn_residual,2,test-481,-0.003920084665472663,0.019101113080978394
z_degree_to_cn_residual,2,test-482,0.5634751272888399,0.03574690222740173
z_degree_to_cn_residual,2,test-483,0.4676238340609221,0.22678908705711365
z_degree_to_cn_residual,2,test-484,-0.002679459971092827,0.10306808352470398
z_degree_to_cn_residual,2,test-485,-0.295747045488935,0.02577933669090271
z_degree_to_cn_residual,2,test-486,-0.0017051669314512175,0.01298794150352478
z_degree_to_cn_residual,2,test-487,-0.21403955770147523,0.13746318221092224
z_degree_to_cn_residual,2,test-488,-0.002679459971092827,0.10306808352470398
z_degree_to_cn_residual,2,test-489,-0.002709528290634796,0.01525983214378357
z_degree_to_cn_residual,2,test-490,-0.0025667768776077267,0.0470639169216156
z_degree_to_cn_residual,2,test-491,-0.002679459971092827,0.10306808352470398
z_degree_to_cn_residual,2,test-492,0.6422000301412054,0.06979116797447205
z_degree_to_cn_residual,2,test-493,0.732166078719928,0.1357346475124359
z_degree_to_cn_residual,2,test-494,-0.002483473901375505,-0.002460390329360962
z_degree_to_cn_residual,2,test-495,-0.31852856519640793,0.13975057005882263
z_degree_to_cn_residual,2,test-496,-0.0025667768776077267,0.10760077834129333
z_degree_to_cn_residual,2,test-497,0.6917662213034395,-0.39546194672584534
z_degree_to_cn_residual,2,test-498,-0.003920084665472663,0.019101113080978394
z_degree_to_cn_residual,2,test-499,-0.530128441809577,0.1255851686000824
z_degree_to_cn_residual,2,test-500,-0.3024114743739735,0.5899535417556763
z_degree_to_cn_residual,2,test-501,0.6960125126639972,0.1718502938747406
z_degree_to_cn_residual,2,test-502,0.3974001350710103,0.02577933669090271
z_degree_to_cn_residual,2,test-503,-0.4555583161639697,0.20524224638938904
z_degree_to_cn_residual,2,test-504,-0.4681938869129151,0.17751964926719666
z_degree_to_cn_residual,2,test-505,0.629186265886127,0.2886553704738617
z_degree_to_cn_residual,2,test-506,-0.4092811700187469,0.14310511946678162
z_degree_to_cn_residual,2,test-507,-0.006401163194461921,0.12287351489067078
z_degree_to_cn_residual,2,test-508,-0.7439778312008087,0.21808966994285583
z_degree_to_cn_residual,2,test-509,0.400053207186074,0.13296517729759216
z_degree_to_cn_residual,2,test-510,0.9297295237162035,0.1978047788143158
z_degree_to_cn_residual,2,test-511,-0.06430606827952172,-0.12721052765846252
z_degree_to_degree,2,test-0,4.6443908991413725,4.891342639923096
z_degree_to_degree,2,test-1,3.9889840465642745,4.323256492614746
z_degree_to_degree,2,test-2,4.584967478670571,4.659307479858398
z_degree_to_degree,2,test-3,3.1780538303479453,3.523864269256592
z_degree_to_degree,2,test-4,4.77912349311153,4.8460187911987305
z_degree_to_degree,2,test-5,3.8066624897703196,4.0021071434021
z_degree_to_degree,2,test-6,5.966146739123692,6.162970542907715
z_degree_to_degree,2,test-7,3.6635616461296463,3.983306407928467
z_degree_to_degree,2,test-8,3.044522437723423,3.3652524948120117
z_degree_to_degree,2,test-9,3.6888794541139367,3.917640209197998
z_degree_to_degree,2,test-10,3.401197381662155,3.6780762672424316
z_degree_to_degree,2,test-11,3.9120230054281464,4.132002830505371
z_degree_to_degree,2,test-12,0.6931471805599453,1.592571496963501
z_degree_to_degree,2,test-13,4.74493212836325,5.035797595977783
z_degree_to_degree,2,test-14,4.0943445622221,4.63853645324707
z_degree_to_degree,2,test-15,1.791759469228055,2.322352409362793
z_degree_to_degree,2,test-16,4.394449154672439,4.6383280754089355
z_degree_to_degree,2,test-17,4.718498871295095,5.09089469909668
z_degree_to_degree,2,test-18,0.6931471805599453,1.592571496963501
z_degree_to_degree,2,test-19,3.044522437723423,3.3652524948120117
z_degree_to_degree,2,test-20,3.1780538303479458,3.799992084503174
z_degree_to_degree,2,test-21,3.465735902799726,3.7128260135650635
z_degree_to_degree,2,test-22,3.401197381662155,3.6780762672424316
z_degree_to_degree,2,test-23,1.0986122886681098,1.7317817211151123
z_degree_to_degree,2,test-24,3.5553480614894135,3.702998161315918
z_degree_to_degree,2,test-25,4.189654742026425,4.366308212280273
z_degree_to_degree,2,test-26,2.3025850929940455,2.790682554244995
z_degree_to_degree,2,test-27,3.465735902799726,3.7128260135650635
z_degree_to_degree,2,test-28,2.8903717578961645,3.193574905395508
z_degree_to_degree,2,test-29,3.688879454113936,3.8423328399658203
z_degree_to_degree,2,test-30,4.882801922586371,5.269716739654541
z_degree_to_degree,2,test-31,4.553876891600541,4.780148029327393
z_degree_to_degree,2,test-32,3.58351893845611,3.7524094581604004
z_degree_to_degree,2,test-33,3.58351893845611,4.211950778961182
z_degree_to_degree,2,test-34,3.1780538303479453,3.4478697776794434
z_degree_to_degree,2,test-35,2.772588722239781,3.187385320663452
z_degree_to_degree,2,test-36,1.3862943611198906,2.021838903427124
z_degree_to_degree,2,test-37,2.3025850929940455,2.790682554244995
z_degree_to_degree,2,test-38,3.9889840465642745,4.55357551574707
z_degree_to_degree,2,test-39,1.791759469228055,2.322352409362793
z_degree_to_degree,2,test-40,3.951243718581427,4.254774570465088
z_degree_to_degree,2,test-41,3.6888794541139367,3.917640209197998
z_degree_to_degree,2,test-42,6.040254711277414,6.40616512298584
z_degree_to_degree,2,test-43,2.4849066497880004,2.945101261138916
z_degree_to_degree,2,test-44,3.1780538303479453,3.4478697776794434
z_degree_to_degree,2,test-45,0.6931471805599453,1.592571496963501
z_degree_to_degree,2,test-46,4.941642422609304,5.21990442276001
z_degree_to_degree,2,test-47,0.0,1.2305080890655518
z_degree_to_degree,2,test-48,2.8903717578961645,3.193574905395508
z_degree_to_degree,2,test-49,6.040254711277414,6.40616512298584
z_degree_to_degree,2,test-50,3.332204510175204,3.6027214527130127
z_degree_to_degree,2,test-51,2.995732273553991,3.3947272300720215
z_degree_to_degree,2,test-52,6.327936783729195,6.526426315307617
z_degree_to_degree,2,test-53,2.8903717578961645,3.193574905395508
z_degree_to_degree,2,test-54,2.6390573296152584,3.102029323577881
z_degree_to_degree,2,test-55,4.927253685157204,5.2398176193237305
z_degree_to_degree,2,test-56,2.70805020110221,3.0788819789886475
z_degree_to_degree,2,test-57,5.272999558563747,5.695985317230225
z_degree_to_degree,2,test-58,3.9889840465642745,4.156807899475098
z_degree_to_degree,2,test-59,2.0794415416798357,2.7597248554229736
z_degree_to_degree,2,test-60,4.7535901911063645,5.021955966949463
z_degree_to_degree,2,test-61,2.1972245773362196,2.835757255554199
z_degree_to_degree,2,test-62,2.3978952727983707,3.095665454864502
z_degree_to_degree,2,test-63,1.3862943611198906,2.021838903427124
z_degree_to_degree,2,test-64,3.58351893845611,3.8033626079559326
z_degree_to_degree,2,test-65,2.8903717578961645,3.193574905395508
z_degree_to_degree,2,test-66,2.4849066497880004,3.020442247390747
z_degree_to_degree,2,test-67,2.4849066497880004,3.020442247390747
z_degree_to_degree,2,test-68,4.90527477843843,5.178327560424805
z_degree_to_degree,2,test-69,3.2188758248682006,3.668522834777832
z_degree_to_degree,2,test-70,2.995732273553991,3.3947272300720215
z_degree_to_degree,2,test-71,4.0943445622221,4.353026390075684
z_degree_to_degree,2,test-72,1.791759469228055,2.322352409362793
z_degree_to_degree,2,test-73,3.951243718581427,4.254774570465088
z_degree_to_degree,2,test-74,2.70805020110221,3.0788819789886475
z_degree_to_degree,2,test-75,3.044522437723423,3.3652524948120117
z_degree_to_degree,2,test-76,1.0986122886681098,1.7317817211151123
z_degree_to_degree,2,test-77,3.044522437723423,3.3652524948120117
z_degree_to_degree,2,test-78,1.3862943611198906,2.080120801925659
z_degree_to_degree,2,test-79,1.791759469228055,2.322352409362793
z_degree_to_degree,2,test-80,3.688879454113936,3.8423328399658203
z_degree_to_degree,2,test-81,3.58351893845611,3.9794862270355225
z_degree_to_degree,2,test-82,3.465735902799726,3.7128260135650635
z_degree_to_degree,2,test-83,4.025351690735149,4.586417198181152
z_degree_to_degree,2,test-84,4.718498871295094,4.982161521911621
z_degree_to_degree,2,test-85,3.9889840465642745,4.323256492614746
z_degree_to_degree,2,test-86,3.332204510175204,3.6027214527130127
z_degree_to_degree,2,test-87,2.70805020110221,3.0788819789886475
z_degree_to_degree,2,test-88,2.6390573296152584,3.102029323577881
z_degree_to_degree,2,test-89,3.332204510175204,3.6027214527130127
z_degree_to_degree,2,test-90,2.4849066497880004,2.945101261138916
z_degree_to_degree,2,test-91,2.0794415416798357,2.7597248554229736
z_degree_to_degree,2,test-92,3.1780538303479453,3.523864269256592
z_degree_to_degree,2,test-93,5.272999558563747,5.695985317230225
z_degree_to_degree,2,test-94,2.4849066497880004,2.945101261138916
z_degree_to_degree,2,test-95,3.401197381662156,3.850586175918579
z_degree_to_degree,2,test-96,7.50659178007084,7.467648506164551
z_degree_to_degree,2,test-97,4.465908118654584,4.686811447143555
z_degree_to_degree,2,test-98,2.3025850929940455,2.790682554244995
z_degree_to_degree,2,test-99,2.70805020110221,3.0788819789886475
z_degree_to_degree,2,test-100,3.58351893845611,3.9794862270355225
z_degree_to_degree,2,test-101,2.70805020110221,3.0788819789886475
z_degree_to_degree,2,test-102,4.02535169073515,4.789206504821777
z_degree_to_degree,2,test-103,2.772588722239781,3.187385320663452
z_degree_to_degree,2,test-104,2.1972245773362196,2.568394899368286
z_degree_to_degree,2,test-105,1.0986122886681098,1.7317817211151123
z_degree_to_degree,2,test-106,3.5263605246161616,4.145992279052734
z_degree_to_degree,2,test-107,0.6931471805599453,1.592571496963501
z_degree_to_degree,2,test-108,6.327936783729195,6.526426315307617
z_degree_to_degree,2,test-109,3.58351893845611,3.7524094581604004
z_degree_to_degree,2,test-110,2.0794415416798357,2.7597248554229736
z_degree_to_degree,2,test-111,2.8903717578961645,3.6865410804748535
z_degree_to_degree,2,test-112,5.0106352940962555,5.300649642944336
z_degree_to_degree,2,test-113,3.688879454113936,3.8423328399658203
z_degree_to_degree,2,test-114,1.3862943611198906,2.080120801925659
z_degree_to_degree,2,test-115,1.3862943611198906,2.021838903427124
z_degree_to_degree,2,test-116,7.3395376954076745,7.133947849273682
z_degree_to_degree,2,test-117,4.304065093204169,4.803902626037598
z_degree_to_degree,2,test-118,3.2188758248682006,3.668522834777832
z_degree_to_degree,2,test-119,6.733401891837358,6.826393127441406
z_degree_to_degree,2,test-120,2.4849066497880004,2.945101261138916
z_degree_to_degree,2,test-121,2.995732273553991,3.3947272300720215
z_degree_to_degree,2,test-122,3.58351893845611,3.9794862270355225
z_degree_to_degree,2,test-123,1.791759469228055,2.322352409362793
z_degree_to_degree,2,test-124,2.6390573296152584,3.102029323577881
z_degree_to_degree,2,test-125,2.1972245773362196,2.568394899368286
z_degree_to_degree,2,test-126,2.4849066497880004,2.945101261138916
z_degree_to_degree,2,test-127,1.791759469228055,2.322352409362793
z_degree_to_degree,2,test-128,3.6635616461296463,3.983306407928467
z_degree_to_degree,2,test-129,2.5649493574615367,3.2793092727661133
z_degree_to_degree,2,test-130,2.995732273553991,3.3947272300720215
z_degree_to_degree,2,test-131,3.044522437723423,3.3652524948120117
z_degree_to_degree,2,test-132,3.688879454113936,3.8423328399658203
z_degree_to_degree,2,test-133,5.560681631015528,5.899850845336914
z_degree_to_degree,2,test-134,2.1972245773362196,2.568394899368286
z_degree_to_degree,2,test-135,2.772588722239781,3.187385320663452
z_degree_to_degree,2,test-136,3.688879454113936,3.8423328399658203
z_degree_to_degree,2,test-137,2.1972245773362196,2.835757255554199
z_degree_to_degree,2,test-138,4.31748811353631,4.596713066101074
z_degree_to_degree,2,test-139,1.791759469228055,2.322352409362793
z_degree_to_degree,2,test-140,3.332204510175204,3.6027214527130127
z_degree_to_degree,2,test-141,4.276666119016055,4.394792079925537
z_degree_to_degree,2,test-142,2.70805020110221,3.0788819789886475
z_degree_to_degree,2,test-143,2.0794415416798357,2.7597248554229736
z_degree_to_degree,2,test-144,2.772588722239781,3.187385320663452
z_degree_to_degree,2,test-145,4.882801922586371,5.269716739654541
z_degree_to_degree,2,test-146,3.465735902799726,3.7128260135650635
z_degree_to_degree,2,test-147,3.332204510175204,3.6027214527130127
z_degree_to_degree,2,test-148,6.327936783729195,6.526426315307617
z_degree_to_degree,2,test-149,3.2188758248682006,3.668522834777832
z_degree_to_degree,2,test-150,3.931825632724326,4.299775123596191
z_degree_to_degree,2,test-151,3.295836866004329,3.653527021408081
z_degree_to_degree,2,test-152,3.4011973816621555,4.016085624694824
z_degree_to_degree,2,test-153,4.0943445622221,4.327399730682373
z_degree_to_degree,2,test-154,2.0794415416798357,2.7597248554229736
z_degree_to_degree,2,test-155,2.3025850929940455,2.790682554244995
z_degree_to_degree,2,test-156,5.4116460518550396,5.61773681640625
z_degree_to_degree,2,test-157,4.564348191467836,4.808061599731445
z_degree_to_degree,2,test-158,0.0,1.2305080890655518
z_degree_to_degree,2,test-159,2.70805020110221,3.0788819789886475
z_degree_to_degree,2,test-160,2.9444389791664403,3.7480950355529785
z_degree_to_degree,2,test-161,1.3862943611198906,2.080120801925659
z_degree_to_degree,2,test-162,2.8903717578961645,3.193574905395508
z_degree_to_degree,2,test-163,1.791759469228055,2.322352409362793
z_degree_to_degree,2,test-164,5.560681631015528,5.899850845336914
z_degree_to_degree,2,test-165,1.0986122886681098,1.7317817211151123
z_degree_to_degree,2,test-166,3.5553480614894135,3.702998161315918
z_degree_to_degree,2,test-167,4.499809670330265,4.667438507080078
z_degree_to_degree,2,test-168,3.5553480614894135,3.702998161315918
z_degree_to_degree,2,test-169,1.791759469228055,2.322352409362793
z_degree_to_degree,2,test-170,2.0794415416798357,2.7597248554229736
z_degree_to_degree,2,test-171,5.288267030694535,5.714765548706055
z_degree_to_degree,2,test-172,1.3862943611198906,2.080120801925659
z_degree_to_degree,2,test-173,2.4849066497880004,2.945101261138916
z_degree_to_degree,2,test-174,3.9120230054281464,4.132002830505371
z_degree_to_degree,2,test-175,4.499809670330265,4.667438507080078
z_degree_to_degree,2,test-176,4.867534450455582,5.254090785980225
z_degree_to_degree,2,test-177,4.718498871295095,5.09089469909668
z_degree_to_degree,2,test-178,3.465735902799726,3.7128260135650635
z_degree_to_degree,2,test-179,1.3862943611198906,2.080120801925659
z_degree_to_degree,2,test-180,3.58351893845611,4.211950778961182
z_degree_to_degree,2,test-181,3.58351893845611,3.7524094581604004
z_degree_to_degree,2,test-182,3.465735902799726,3.7128260135650635
z_degree_to_degree,2,test-183,0.0,1.2305080890655518
z_degree_to_degree,2,test-184,7.24422751560335,6.920697212219238
z_degree_to_degree,2,test-185,3.332204510175204,3.6027214527130127
z_degree_to_degree,2,test-186,3.401197381662155,3.6780762672424316
z_degree_to_degree,2,test-187,3.332204510175204,3.6027214527130127
z_degree_to_degree,2,test-188,2.4849066497880004,2.945101261138916
z_degree_to_degree,2,test-189,2.1972245773362196,2.568394899368286
z_degree_to_degree,2,test-190,2.70805020110221,3.0788819789886475
z_degree_to_degree,2,test-191,2.0794415416798357,2.7597248554229736
z_degree_to_degree,2,test-192,3.044522437723423,3.3652524948120117
z_degree_to_degree,2,test-193,2.995732273553991,3.3947272300720215
z_degree_to_degree,2,test-194,3.58351893845611,4.211950778961182
z_degree_to_degree,2,test-195,4.90527477843843,5.178327560424805
z_degree_to_degree,2,test-196,4.5217885770490405,4.719707489013672
z_degree_to_degree,2,test-197,2.4849066497880004,2.945101261138916
z_degree_to_degree,2,test-198,4.709530201312334,5.00360107421875
z_degree_to_degree,2,test-199,1.0986122886681098,1.7317817211151123
z_degree_to_degree,2,test-200,1.0986122886681098,1.7317817211151123
z_degree_to_degree,2,test-201,1.0986122886681098,1.7317817211151123
z_degree_to_degree,2,test-202,3.044522437723423,3.3652524948120117
z_degree_to_degree,2,test-203,2.4849066497880004,2.945101261138916
z_degree_to_degree,2,test-204,2.6390573296152584,3.102029323577881
z_degree_to_degree,2,test-205,2.1972245773362196,2.568394899368286
z_degree_to_degree,2,test-206,3.58351893845611,3.7524094581604004
z_degree_to_degree,2,test-207,4.2484952420493585,4.524980545043945
z_degree_to_degree,2,test-208,4.0943445622221,4.353026390075684
z_degree_to_degree,2,test-209,4.836281906951478,5.114699363708496
z_degree_to_degree,2,test-210,4.976733742420574,5.261902332305908
z_degree_to_degree,2,test-211,3.044522437723423,3.3652524948120117
z_degree_to_degree,2,test-212,4.499809670330265,4.715912818908691
z_degree_to_degree,2,test-213,1.3862943611198906,2.021838903427124
z_degree_to_degree,2,test-214,5.560681631015528,5.899850845336914
z_degree_to_degree,2,test-215,2.0794415416798357,2.7597248554229736
z_degree_to_degree,2,test-216,0.6931471805599453,1.592571496963501
z_degree_to_degree,2,test-217,1.791759469228055,2.322352409362793
z_degree_to_degree,2,test-218,3.044522437723423,3.3652524948120117
z_degree_to_degree,2,test-219,3.58351893845611,3.9794862270355225
z_degree_to_degree,2,test-220,2.70805020110221,3.462437629699707
z_degree_to_degree,2,test-221,2.995732273553991,3.3947272300720215
z_degree_to_degree,2,test-222,2.0794415416798357,2.7597248554229736
z_degree_to_degree,2,test-223,3.8712010109078907,4.268488883972168
z_degree_to_degree,2,test-224,0.0,1.2305080890655518
z_degree_to_degree,2,test-225,3.332204510175204,3.6027214527130127
z_degree_to_degree,2,test-226,2.0794415416798357,2.7597248554229736
z_degree_to_degree,2,test-227,2.772588722239781,3.187385320663452
z_degree_to_degree,2,test-228,1.791759469228055,2.322352409362793
z_degree_to_degree,2,test-229,2.1972245773362196,2.568394899368286
z_degree_to_degree,2,test-230,3.401197381662156,3.850586175918579
z_degree_to_degree,2,test-231,4.430816798843313,4.5457916259765625
z_degree_to_degree,2,test-232,4.276666119016055,4.441400527954102
z_degree_to_degree,2,test-233,1.791759469228055,2.345747947692871
z_degree_to_degree,2,test-234,3.58351893845611,3.9794862270355225
z_degree_to_degree,2,test-235,3.1780538303479453,3.523864269256592
z_degree_to_degree,2,test-236,2.8903717578961645,3.193574905395508
z_degree_to_degree,2,test-237,3.044522437723423,3.3652524948120117
z_degree_to_degree,2,test-238,5.780743515792329,5.7382049560546875
z_degree_to_degree,2,test-239,6.327936783729195,6.526426315307617
z_degree_to_degree,2,test-240,0.6931471805599453,1.592571496963501
z_degree_to_degree,2,test-241,2.4849066497880004,3.020442247390747
z_degree_to_degree,2,test-242,2.8903717578961645,3.193574905395508
z_degree_to_degree,2,test-243,2.1972245773362196,2.568394899368286
z_degree_to_degree,2,test-244,3.044522437723423,3.3652524948120117
z_degree_to_degree,2,test-245,2.70805020110221,3.0788819789886475
z_degree_to_degree,2,test-246,4.74493212836325,5.035797595977783
z_degree_to_degree,2,test-247,1.791759469228055,2.322352409362793
z_degree_to_degree,2,test-248,3.8066624897703196,4.0021071434021
z_degree_to_degree,2,test-249,3.951243718581427,4.254774570465088
z_degree_to_degree,2,test-250,1.3862943611198906,2.080120801925659
z_degree_to_degree,2,test-251,4.718498871295095,5.09089469909668
z_degree_to_degree,2,test-252,3.465735902799726,3.7128260135650635
z_degree_to_degree,2,test-253,2.70805020110221,3.0788819789886475
z_degree_to_degree,2,test-254,2.6390573296152584,3.102029323577881
z_degree_to_degree,2,test-255,5.19295685089021,5.374692916870117
z_degree_to_degree,2,test-256,0.0,1.2305080890655518
z_degree_to_degree,2,test-257,5.98141421125448,6.178916931152344
z_degree_to_degree,2,test-258,3.8712010109078907,4.04886531829834
z_degree_to_degree,2,test-259,2.9957322735539913,3.474095106124878
z_degree_to_degree,2,test-260,1.0986122886681098,1.7317817211151123
z_degree_to_degree,2,test-261,3.401197381662155,3.6780762672424316
z_degree_to_degree,2,test-262,2.995732273553991,3.3947272300720215
z_degree_to_degree,2,test-263,2.995732273553991,3.3947272300720215
z_degree_to_degree,2,test-264,4.1588830833596715,4.359653949737549
z_degree_to_degree,2,test-265,4.31748811353631,4.596713066101074
z_degree_to_degree,2,test-266,1.791759469228055,2.322352409362793
z_degree_to_degree,2,test-267,2.0794415416798357,2.7597248554229736
z_degree_to_degree,2,test-268,2.70805020110221,3.0788819789886475
z_degree_to_degree,2,test-269,6.476972362889683,6.7545599937438965
z_degree_to_degree,2,test-270,1.791759469228055,2.322352409362793
z_degree_to_degree,2,test-271,3.044522437723423,3.3652524948120117
z_degree_to_degree,2,test-272,3.737669618283368,3.967315196990967
z_degree_to_degree,2,test-273,3.1780538303479453,3.4478697776794434
z_degree_to_degree,2,test-274,2.772588722239781,3.187385320663452
z_degree_to_degree,2,test-275,2.70805020110221,3.0788819789886475
z_degree_to_degree,2,test-276,2.0794415416798357,2.6961593627929688
z_degree_to_degree,2,test-277,3.332204510175204,3.6027214527130127
z_degree_to_degree,2,test-278,5.220355825078324,5.408491611480713
z_degree_to_degree,2,test-279,3.6635616461296463,3.983306407928467
z_degree_to_degree,2,test-280,2.6390573296152584,3.102029323577881
z_degree_to_degree,2,test-281,2.4849066497880004,2.945101261138916
z_degree_to_degree,2,test-282,3.9512437185814275,4.517612457275391
z_degree_to_degree,2,test-283,2.995732273553991,3.3947272300720215
z_degree_to_degree,2,test-284,1.6094379124341003,2.199197769165039
z_degree_to_degree,2,test-285,2.70805020110221,3.0788819789886475
z_degree_to_degree,2,test-286,6.461468176353717,6.361408233642578
z_degree_to_degree,2,test-287,3.044522437723423,3.3652524948120117
z_degree_to_degree,2,test-288,3.4965075614664807,3.8223886489868164
z_degree_to_degree,2,test-289,4.499809670330265,4.758833885192871
z_degree_to_degree,2,test-290,2.8903717578961645,3.193574905395508
z_degree_to_degree,2,test-291,5.60947179518496,6.004063606262207
z_degree_to_degree,2,test-292,5.375278407684165,5.668490409851074
z_degree_to_degree,2,test-293,3.6888794541139367,3.917640209197998
z_degree_to_degree,2,test-294,2.1972245773362196,2.568394899368286
z_degree_to_degree,2,test-295,2.3025850929940455,2.790682554244995
z_degree_to_degree,2,test-296,3.7376696182833684,4.32188606262207
z_degree_to_degree,2,test-297,2.0794415416798357,2.6961593627929688
z_degree_to_degree,2,test-298,1.3862943611198906,2.021838903427124
z_degree_to_degree,2,test-299,3.1780538303479453,3.4478697776794434
z_degree_to_degree,2,test-300,2.995732273553991,3.3947272300720215
z_degree_to_degree,2,test-301,1.6094379124341003,2.199197769165039
z_degree_to_degree,2,test-302,2.4849066497880004,2.945101261138916
z_degree_to_degree,2,test-303,2.0794415416798357,2.7597248554229736
z_degree_to_degree,2,test-304,4.382026634673881,4.470169544219971
z_degree_to_degree,2,test-305,3.332204510175204,3.6027214527130127
z_degree_to_degree,2,test-306,5.556828061699537,5.963045120239258
z_degree_to_degree,2,test-307,2.0794415416798357,2.7597248554229736
z_degree_to_degree,2,test-308,2.0794415416798357,2.7597248554229736
z_degree_to_degree,2,test-309,3.58351893845611,3.8033626079559326
z_degree_to_degree,2,test-310,2.1972245773362196,2.568394899368286
z_degree_to_degree,2,test-311,3.8918202981106265,4.172983169555664
z_degree_to_degree,2,test-312,2.4849066497880004,3.194612503051758
z_degree_to_degree,2,test-313,6.733401891837358,6.826393127441406
z_degree_to_degree,2,test-314,4.941642422609304,5.21990442276001
z_degree_to_degree,2,test-315,1.9459101490553132,2.5213146209716797
z_degree_to_degree,2,test-316,2.8903717578961645,3.193574905395508
z_degree_to_degree,2,test-317,5.4116460518550396,5.61773681640625
z_degree_to_degree,2,test-318,3.332204510175204,3.6027214527130127
z_degree_to_degree,2,test-319,6.733401891837358,6.826393127441406
z_degree_to_degree,2,test-320,2.772588722239781,3.187385320663452
z_degree_to_degree,2,test-321,3.044522437723423,3.3652524948120117
z_degree_to_degree,2,test-322,2.995732273553991,3.3947272300720215
z_degree_to_degree,2,test-323,0.6931471805599453,1.592571496963501
z_degree_to_degree,2,test-324,2.4849066497880004,2.945101261138916
z_degree_to_degree,2,test-325,2.772588722239781,3.187385320663452
z_degree_to_degree,2,test-326,3.091042453358316,3.6847589015960693
z_degree_to_degree,2,test-327,3.401197381662156,3.850586175918579
z_degree_to_degree,2,test-328,3.688879454113936,3.8423328399658203
z_degree_to_degree,2,test-329,1.6094379124341003,2.199197769165039
z_degree_to_degree,2,test-330,3.5553480614894135,3.702998161315918
z_degree_to_degree,2,test-331,3.8712010109078907,4.144960880279541
z_degree_to_degree,2,test-332,2.70805020110221,3.462437629699707
z_degree_to_degree,2,test-333,2.8903717578961645,3.6865410804748535
z_degree_to_degree,2,test-334,2.4849066497880004,3.020442247390747
z_degree_to_degree,2,test-335,4.51085950651685,4.620018005371094
z_degree_to_degree,2,test-336,2.70805020110221,3.0788819789886475
z_degree_to_degree,2,test-337,3.044522437723423,3.3652524948120117
z_degree_to_degree,2,test-338,2.4849066497880004,2.945101261138916
z_degree_to_degree,2,test-339,2.772588722239781,3.187385320663452
z_degree_to_degree,2,test-340,4.143134726391533,4.413039684295654
z_degree_to_degree,2,test-341,3.931825632724326,4.299775123596191
z_degree_to_degree,2,test-342,2.4849066497880004,2.945101261138916
z_degree_to_degree,2,test-343,4.787491742782047,5.022341728210449
z_degree_to_degree,2,test-344,1.3862943611198906,2.021838903427124
z_degree_to_degree,2,test-345,3.1780538303479453,3.523864269256592
z_degree_to_degree,2,test-346,2.4849066497880004,2.945101261138916
z_degree_to_degree,2,test-347,2.4849066497880004,2.945101261138916
z_degree_to_degree,2,test-348,2.4849066497880004,2.945101261138916
z_degree_to_degree,2,test-349,3.401197381662155,3.6780762672424316
z_degree_to_degree,2,test-350,2.8903717578961645,3.6865410804748535
z_degree_to_degree,2,test-351,3.1780538303479453,3.4478697776794434
z_degree_to_degree,2,test-352,1.3862943611198906,2.021838903427124
z_degree_to_degree,2,test-353,4.882801922586371,5.269716739654541
z_degree_to_degree,2,test-354,4.23410650459726,4.506664752960205
z_degree_to_degree,2,test-355,5.6937321388027,5.613749027252197
z_degree_to_degree,2,test-356,0.6931471805599453,1.592571496963501
z_degree_to_degree,2,test-357,1.791759469228055,2.322352409362793
z_degree_to_degree,2,test-358,1.791759469228055,2.322352409362793
z_degree_to_degree,2,test-359,5.966146739123692,6.162970542907715
z_degree_to_degree,2,test-360,3.4965075614664807,3.8223886489868164
z_degree_to_degree,2,test-361,6.733401891837358,6.826393127441406
z_degree_to_degree,2,test-362,5.272999558563747,5.48889684677124
z_degree_to_degree,2,test-363,3.737669618283368,3.967315196990967
z_degree_to_degree,2,test-364,2.1972245773362196,2.568394899368286
z_degree_to_degree,2,test-365,2.995732273553991,3.3947272300720215
z_degree_to_degree,2,test-366,1.3862943611198906,2.080120801925659
z_degree_to_degree,2,test-367,6.327936783729195,6.526426315307617
z_degree_to_degree,2,test-368,4.430816798843313,4.5457916259765625
z_degree_to_degree,2,test-369,0.0,1.2305080890655518
z_degree_to_degree,2,test-370,2.6390573296152584,3.102029323577881
z_degree_to_degree,2,test-371,1.6094379124341003,2.199197769165039
z_degree_to_degree,2,test-372,2.4849066497880004,2.945101261138916
z_degree_to_degree,2,test-373,3.465735902799726,3.7128260135650635
z_degree_to_degree,2,test-374,2.772588722239781,3.187385320663452
z_degree_to_degree,2,test-375,2.70805020110221,3.0788819789886475
z_degree_to_degree,2,test-376,4.74493212836325,5.035797595977783
z_degree_to_degree,2,test-377,2.4849066497880004,3.020442247390747
z_degree_to_degree,2,test-378,3.332204510175204,3.6027214527130127
z_degree_to_degree,2,test-379,2.4849066497880004,3.020442247390747
z_degree_to_degree,2,test-380,2.8903717578961645,3.193574905395508
z_degree_to_degree,2,test-381,2.3025850929940455,2.790682554244995
z_degree_to_degree,2,test-382,1.791759469228055,2.322352409362793
z_degree_to_degree,2,test-383,0.6931471805599453,1.592571496963501
z_degree_to_degree,2,test-384,4.276666119016055,4.782798767089844
z_degree_to_degree,2,test-385,1.791759469228055,2.322352409362793
z_degree_to_degree,2,test-386,1.791759469228055,2.322352409362793
z_degree_to_degree,2,test-387,2.0794415416798357,2.7597248554229736
z_degree_to_degree,2,test-388,2.995732273553991,3.3947272300720215
z_degree_to_degree,2,test-389,2.0794415416798357,2.7597248554229736
z_degree_to_degree,2,test-390,3.044522437723423,3.3652524948120117
z_degree_to_degree,2,test-391,2.995732273553991,3.3947272300720215
z_degree_to_degree,2,test-392,0.0,1.2305080890655518
z_degree_to_degree,2,test-393,1.3862943611198906,2.080120801925659
z_degree_to_degree,2,test-394,2.3025850929940455,2.790682554244995
z_degree_to_degree,2,test-395,3.295836866004329,3.653527021408081
z_degree_to_degree,2,test-396,1.791759469228055,2.322352409362793
z_degree_to_degree,2,test-397,3.4011973816621555,4.016085624694824
z_degree_to_degree,2,test-398,2.4849066497880004,3.020442247390747
z_degree_to_degree,2,test-399,2.995732273553991,3.3947272300720215
z_degree_to_degree,2,test-400,2.0794415416798357,2.7597248554229736
z_degree_to_degree,2,test-401,2.0794415416798357,2.7597248554229736
z_degree_to_degree,2,test-402,3.1780538303479453,3.523864269256592
z_degree_to_degree,2,test-403,3.828641396489095,4.372039794921875
z_degree_to_degree,2,test-404,4.90527477843843,5.178327560424805
z_degree_to_degree,2,test-405,1.791759469228055,2.345747947692871
z_degree_to_degree,2,test-406,3.401197381662155,3.6780762672424316
z_degree_to_degree,2,test-407,1.3862943611198906,2.021838903427124
z_degree_to_degree,2,test-408,2.8903717578961645,3.6865410804748535
z_degree_to_degree,2,test-409,4.276666119016055,4.782798767089844
z_degree_to_degree,2,test-410,0.6931471805599453,1.592571496963501
z_degree_to_degree,2,test-411,3.5553480614894135,3.702998161315918
z_degree_to_degree,2,test-412,2.8903717578961645,3.193574905395508
z_degree_to_degree,2,test-413,3.332204510175204,3.6027214527130127
z_degree_to_degree,2,test-414,5.342334251964811,5.498816013336182
z_degree_to_degree,2,test-415,2.890371757896165,3.3154308795928955
z_degree_to_degree,2,test-416,3.401197381662155,3.6780762672424316
z_degree_to_degree,2,test-417,3.091042453358316,3.6847589015960693
z_degree_to_degree,2,test-418,2.995732273553991,3.3947272300720215
z_degree_to_degree,2,test-419,3.401197381662155,3.6780762672424316
z_degree_to_degree,2,test-420,4.787491742782046,5.058520317077637
z_degree_to_degree,2,test-421,4.430816798843313,4.5457916259765625
z_degree_to_degree,2,test-422,2.8903717578961645,3.193574905395508
z_degree_to_degree,2,test-423,2.0794415416798357,2.7597248554229736
z_degree_to_degree,2,test-424,3.1780538303479458,3.799992084503174
z_degree_to_degree,2,test-425,1.9459101490553132,2.5213146209716797
z_degree_to_degree,2,test-426,2.995732273553991,3.3947272300720215
z_degree_to_degree,2,test-427,2.1972245773362196,2.568394899368286
z_degree_to_degree,2,test-428,1.3862943611198906,2.021838903427124
z_degree_to_degree,2,test-429,3.401197381662156,3.850586175918579
z_degree_to_degree,2,test-430,3.332204510175204,3.9615211486816406
z_degree_to_degree,2,test-431,2.0794415416798357,2.7597248554229736
z_degree_to_degree,2,test-432,2.4849066497880004,2.945101261138916
z_degree_to_degree,2,test-433,3.6888794541139367,3.917640209197998
z_degree_to_degree,2,test-434,2.70805020110221,3.0788819789886475
z_degree_to_degree,2,test-435,2.4849066497880004,3.020442247390747
z_degree_to_degree,2,test-436,4.718498871295095,5.09089469909668
z_degree_to_degree,2,test-437,5.634789603169249,5.887511730194092
z_degree_to_degree,2,test-438,4.68213122712422,4.968497276306152
z_degree_to_degree,2,test-439,1.791759469228055,2.322352409362793
z_degree_to_degree,2,test-440,3.9889840465642745,4.156807899475098
z_degree_to_degree,2,test-441,6.327936783729195,6.526426315307617
z_degree_to_degree,2,test-442,3.044522437723423,3.3652524948120117
z_degree_to_degree,2,test-443,2.70805020110221,3.0788819789886475
z_degree_to_degree,2,test-444,1.0986122886681098,1.7317817211151123
z_degree_to_degree,2,test-445,2.995732273553991,3.3947272300720215
z_degree_to_degree,2,test-446,2.772588722239781,3.187385320663452
z_degree_to_degree,2,test-447,2.995732273553991,3.3947272300720215
z_degree_to_degree,2,test-448,1.791759469228055,2.345747947692871
z_degree_to_degree,2,test-449,1.3862943611198906,2.021838903427124
z_degree_to_degree,2,test-450,2.4849066497880004,2.945101261138916
z_degree_to_degree,2,test-451,7.50659178007084,7.467648506164551
z_degree_to_degree,2,test-452,3.951243718581427,4.254774570465088
z_degree_to_degree,2,test-453,3.5553480614894135,3.702998161315918
z_degree_to_degree,2,test-454,2.70805020110221,3.0788819789886475
z_degree_to_degree,2,test-455,3.258096538021482,3.8920764923095703
z_degree_to_degree,2,test-456,5.634789603169249,5.887511730194092
z_degree_to_degree,2,test-457,0.6931471805599453,1.592571496963501
z_degree_to_degree,2,test-458,2.772588722239781,3.187385320663452
z_degree_to_degree,2,test-459,3.401197381662156,3.850586175918579
z_degree_to_degree,2,test-460,2.995732273553991,3.3947272300720215
z_degree_to_degree,2,test-461,3.044522437723423,3.3652524948120117
z_degree_to_degree,2,test-462,2.1972245773362196,2.835757255554199
z_degree_to_degree,2,test-463,1.791759469228055,2.322352409362793
z_degree_to_degree,2,test-464,3.1780538303479458,3.799992084503174
z_degree_to_degree,2,test-465,2.1972245773362196,2.835757255554199
z_degree_to_degree,2,test-466,3.401197381662155,3.6780762672424316
z_degree_to_degree,2,test-467,6.327936783729195,6.526426315307617
z_degree_to_degree,2,test-468,2.995732273553991,3.3947272300720215
z_degree_to_degree,2,test-469,3.044522437723423,3.3652524948120117
z_degree_to_degree,2,test-470,1.0986122886681098,1.7317817211151123
z_degree_to_degree,2,test-471,3.401197381662155,3.6780762672424316
z_degree_to_degree,2,test-472,2.3025850929940455,2.790682554244995
z_degree_to_degree,2,test-473,6.040254711277414,6.40616512298584
z_degree_to_degree,2,test-474,4.90527477843843,5.178327560424805
z_degree_to_degree,2,test-475,2.1972245773362196,2.568394899368286
z_degree_to_degree,2,test-476,2.0794415416798357,2.7597248554229736
z_degree_to_degree,2,test-477,2.8903717578961645,3.193574905395508
z_degree_to_degree,2,test-478,3.1780538303479453,3.523864269256592
z_degree_to_degree,2,test-479,2.995732273553991,3.3947272300720215
z_degree_to_degree,2,test-480,4.276666119016055,4.394792079925537
z_degree_to_degree,2,test-481,2.4849066497880004,3.020442247390747
z_degree_to_degree,2,test-482,3.295836866004329,3.653527021408081
z_degree_to_degree,2,test-483,3.1780538303479453,3.4478697776794434
z_degree_to_degree,2,test-484,2.0794415416798357,2.7597248554229736
z_degree_to_degree,2,test-485,3.332204510175204,3.6027214527130127
z_degree_to_degree,2,test-486,1.3862943611198906,2.080120801925659
z_degree_to_degree,2,test-487,4.356708826689592,4.610837459564209
z_degree_to_degree,2,test-488,2.0794415416798357,2.7597248554229736
z_degree_to_degree,2,test-489,2.9957322735539913,3.474095106124878
z_degree_to_degree,2,test-490,0.6931471805599453,1.592571496963501
z_degree_to_degree,2,test-491,2.0794415416798357,2.7597248554229736
z_degree_to_degree,2,test-492,4.31748811353631,4.596713066101074
z_degree_to_degree,2,test-493,3.58351893845611,3.9794862270355225
z_degree_to_degree,2,test-494,0.0,1.2305080890655518
z_degree_to_degree,2,test-495,5.272999558563747,5.48889684677124
z_degree_to_degree,2,test-496,1.791759469228055,2.322352409362793
z_degree_to_degree,2,test-497,3.7376696182833684,4.32188606262207
z_degree_to_degree,2,test-498,2.4849066497880004,3.020442247390747
z_degree_to_degree,2,test-499,3.8712010109078907,4.04886531829834
z_degree_to_degree,2,test-500,6.040254711277414,6.40616512298584
z_degree_to_degree,2,test-501,3.332204510175204,3.9615211486816406
z_degree_to_degree,2,test-502,3.332204510175204,3.6027214527130127
z_degree_to_degree,2,test-503,4.700480365792417,4.9480180740356445
z_degree_to_degree,2,test-504,4.499809670330265,4.758833885192871
z_degree_to_degree,2,test-505,2.1972245773362196,2.568394899368286
z_degree_to_degree,2,test-506,3.688879454113936,3.8423328399658203
z_degree_to_degree,2,test-507,2.6390573296152584,3.102029323577881
z_degree_to_degree,2,test-508,4.276666119016055,4.497519493103027
z_degree_to_degree,2,test-509,3.8712010109078907,4.144960880279541
z_degree_to_degree,2,test-510,4.442651256490317,4.732519626617432
z_degree_to_degree,2,test-511,5.634789603169249,5.887511730194092
z_cn_to_cn_residual,2,test-0,0.4096507501383539,0.4959641098976135
z_cn_to_cn_residual,2,test-1,-0.257133548881196,-0.2602774500846863
z_cn_to_cn_residual,2,test-2,-0.026168497301778282,0.23172719776630402
z_cn_to_cn_residual,2,test-3,-0.09682951278185134,-0.1638670414686203
z_cn_to_cn_residual,2,test-4,1.030455039917754,0.86421138048172
z_cn_to_cn_residual,2,test-5,-0.40617432960244304,-0.4027552008628845
z_cn_to_cn_residual,2,test-6,1.072232465549153,0.6798703074455261
z_cn_to_cn_residual,2,test-7,-0.17653506637630972,-0.18395797908306122
z_cn_to_cn_residual,2,test-8,-0.09993231907971788,-0.16619233787059784
z_cn_to_cn_residual,2,test-9,-0.361807736196368,-0.35508912801742554
z_cn_to_cn_residual,2,test-10,0.834665253272179,0.9760149121284485
z_cn_to_cn_residual,2,test-11,0.6771872810461878,0.6110946536064148
z_cn_to_cn_residual,2,test-12,-0.0025667768776077267,-0.04978732764720917
z_cn_to_cn_residual,2,test-13,0.0920452145115791,0.3988974690437317
z_cn_to_cn_residual,2,test-14,0.1059855857541714,0.10044212639331818
z_cn_to_cn_residual,2,test-15,0.6905804036823375,0.6314430832862854
z_cn_to_cn_residual,2,test-16,0.487417210290867,0.5093310475349426
z_cn_to_cn_residual,2,test-17,0.027598705190133088,0.012263491749763489
z_cn_to_cn_residual,2,test-18,-0.0025667768776077267,-0.04978732764720917
z_cn_to_cn_residual,2,test-19,-0.09993231907971788,-0.16619233787059784
z_cn_to_cn_residual,2,test-20,-0.0006908748283487874,-0.04591540992259979
z_cn_to_cn_residual,2,test-21,0.37362887990278976,0.4095643162727356
z_cn_to_cn_residual,2,test-22,-0.26394703539593084,-0.2680191397666931
z_cn_to_cn_residual,2,test-23,-0.001592483837966117,-0.04777543246746063
z_cn_to_cn_residual,2,test-24,0.3252994169928626,0.524928867816925
z_cn_to_cn_residual,2,test-25,-0.5320508010865779,-0.5690045952796936
z_cn_to_cn_residual,2,test-26,0.6906105992764492,0.4882081151008606
z_cn_to_cn_residual,2,test-27,0.7790939880109542,0.6517001390457153
z_cn_to_cn_residual,2,test-28,0.5980680715538729,0.4107663035392761
z_cn_to_cn_residual,2,test-29,0.6893311186493629,0.6742377877235413
z_cn_to_cn_residual,2,test-30,0.6730018624542556,0.5336335301399231
z_cn_to_cn_residual,2,test-31,0.22033626837748216,0.481633722782135
z_cn_to_cn_residual,2,test-32,-0.31403642712572494,-0.31202131509780884
z_cn_to_cn_residual,2,test-33,0.6854469961951654,0.5225632786750793
z_cn_to_cn_residual,2,test-34,-0.22552334649902314,-0.21910373866558075
z_cn_to_cn_residual,2,test-35,-0.15981025222941134,-0.18135182559490204
z_cn_to_cn_residual,2,test-36,-0.002483473901375505,-0.04961507022380829
z_cn_to_cn_residual,2,test-37,-0.002536581283496064,-0.049725696444511414
z_cn_to_cn_residual,2,test-38,0.011027840012221813,-0.021766111254692078
z_cn_to_cn_residual,2,test-39,-0.0025667768776077267,-0.04978732764720917
z_cn_to_cn_residual,2,test-40,1.0655213517576338,0.8790786862373352
z_cn_to_cn_residual,2,test-41,0.33133944436357726,0.3712199330329895
z_cn_to_cn_residual,2,test-42,0.3907357061859718,0.4742477536201477
z_cn_to_cn_residual,2,test-43,-0.07427151148220186,-0.1471124142408371
z_cn_to_cn_residual,2,test-44,1.1607710146208674,0.9203115105628967
z_cn_to_cn_residual,2,test-45,-0.0025667768776077267,-0.04978732764720917
z_cn_to_cn_residual,2,test-46,0.12442211904305411,0.3175507187843323
z_cn_to_cn_residual,2,test-47,-0.002483473901375505,-0.04961507022380829
z_cn_to_cn_residual,2,test-48,0.5980680715538729,0.34004586935043335
z_cn_to_cn_residual,2,test-49,0.3907357061859718,0.18288590013980865
z_cn_to_cn_residual,2,test-50,0.3974001350710103,0.40270406007766724
z_cn_to_cn_residual,2,test-51,0.5071241430143024,0.37728601694107056
z_cn_to_cn_residual,2,test-52,-0.5962537633065377,-0.6203150153160095
z_cn_to_cn_residual,2,test-53,-0.09507910900607243,-0.16255752742290497
z_cn_to_cn_residual,2,test-54,-0.006401163194461921,-0.05770699679851532
z_cn_to_cn_residual,2,test-55,-0.5779234037185782,-0.6120592951774597
z_cn_to_cn_residual,2,test-56,-0.09507910900607243,-0.16255752742290497
z_cn_to_cn_residual,2,test-57,0.8783422192128343,0.7710577845573425
z_cn_to_cn_residual,2,test-58,-0.4855470978437046,-0.5590066313743591
z_cn_to_cn_residual,2,test-59,0.6904677205888524,0.5725458264350891
z_cn_to_cn_residual,2,test-60,-0.2474640255978244,-0.24759678542613983
z_cn_to_cn_residual,2,test-61,-0.0022128532902202114,-0.04905681312084198
z_cn_to_cn_residual,2,test-62,-0.0014682163898236727,-0.047519370913505554
z_cn_to_cn_residual,2,test-63,-0.002483473901375505,-0.04961507022380829
z_cn_to_cn_residual,2,test-64,-0.18117393408101218,-0.18471471965312958
z_cn_to_cn_residual,2,test-65,1.0035331796620373,0.9059162735939026
z_cn_to_cn_residual,2,test-66,-0.003920084665472663,-0.05258123576641083
z_cn_to_cn_residual,2,test-67,-0.003920084665472663,-0.05258123576641083
z_cn_to_cn_residual,2,test-68,-0.5121098978044188,-0.5712073445320129
z_cn_to_cn_residual,2,test-69,0.40889556438164,0.38692742586135864
z_cn_to_cn_residual,2,test-70,0.5071241430143024,0.5186565518379211
z_cn_to_cn_residual,2,test-71,0.34193555199200737,0.38377171754837036
z_cn_to_cn_residual,2,test-72,-0.0025667768776077267,-0.04978732764720917
z_cn_to_cn_residual,2,test-73,-0.32077300936225667,-0.31797856092453003
z_cn_to_cn_residual,2,test-74,-0.09507910900607243,-0.16255752742290497
z_cn_to_cn_residual,2,test-75,0.9986799695883919,0.9267879128456116
z_cn_to_cn_residual,2,test-76,-0.001592483837966117,-0.04777543246746063
z_cn_to_cn_residual,2,test-77,0.5932148614802274,0.5075955986976624
z_cn_to_cn_residual,2,test-78,-0.0017051669314512175,-0.04800872504711151
z_cn_to_cn_residual,2,test-79,-0.0025667768776077267,-0.04978732764720917
z_cn_to_cn_residual,2,test-80,0.6893311186493629,0.6885975003242493
z_cn_to_cn_residual,2,test-81,0.3267009706117635,0.37790805101394653
z_cn_to_cn_residual,2,test-82,1.066776060462735,0.8807390332221985
z_cn_to_cn_residual,2,test-83,-0.06306873591422772,-0.13576285541057587
z_cn_to_cn_residual,2,test-84,-0.3195190468888935,-0.3168659806251526
z_cn_to_cn_residual,2,test-85,-0.257133548881196,-0.2602774500846863
z_cn_to_cn_residual,2,test-86,0.3974001350710103,0.4818642735481262
z_cn_to_cn_residual,2,test-87,-0.09507910900607243,-0.16255752742290497
z_cn_to_cn_residual,2,test-88,-0.006401163194461921,-0.05770699679851532
z_cn_to_cn_residual,2,test-89,-0.295747045488935,-0.296048104763031
z_cn_to_cn_residual,2,test-90,-0.07427151148220186,-0.1471124142408371
z_cn_to_cn_residual,2,test-91,-0.002679459971092827,-0.05001990497112274
z_cn_to_cn_residual,2,test-92,0.5963176677780939,0.5711956024169922
z_cn_to_cn_residual,2,test-93,0.47287711110466973,0.48552578687667847
z_cn_to_cn_residual,2,test-94,-0.07427151148220186,-0.1471124142408371
z_cn_to_cn_residual,2,test-95,0.5634751272888399,0.2593076229095459
z_cn_to_cn_residual,2,test-96,-0.6219808875579942,0.01840190589427948
z_cn_to_cn_residual,2,test-97,-0.0948206319924906,-0.1623646467924118
z_cn_to_cn_residual,2,test-98,-0.002536581283496064,-0.049725696444511414
z_cn_to_cn_residual,2,test-99,-0.09507910900607243,-0.16255752742290497
z_cn_to_cn_residual,2,test-100,-0.3664462099481818,-0.3593730330467224
z_cn_to_cn_residual,2,test-101,0.5980680715538729,0.2775549292564392
z_cn_to_cn_residual,2,test-102,0.03377005795343527,0.022630050778388977
z_cn_to_cn_residual,2,test-103,-0.15981025222941134,-0.18135182559490204
z_cn_to_cn_residual,2,test-104,0.629186265886127,0.4633699059486389
z_cn_to_cn_residual,2,test-105,-0.001592483837966117,-0.04777543246746063
z_cn_to_cn_residual,2,test-106,0.689862177614176,0.5427625775337219
z_cn_to_cn_residual,2,test-107,-0.0025667768776077267,-0.04978732764720917
z_cn_to_cn_residual,2,test-108,0.09689341725340761,0.3544906973838806
z_cn_to_cn_residual,2,test-109,0.37911075343422035,0.4271083474159241
z_cn_to_cn_residual,2,test-110,-0.002679459971092827,-0.05001990497112274
z_cn_to_cn_residual,2,test-111,-0.006236131996241855,-0.05736558139324188
z_cn_to_cn_residual,2,test-112,0.4686965299979534,0.2502043843269348
z_cn_to_cn_residual,2,test-113,-0.4092811700187469,-0.40958505868911743
z_cn_to_cn_residual,2,test-114,-0.0017051669314512175,-0.04800872504711151
z_cn_to_cn_residual,2,test-115,0.6906637066585698,0.6289160847663879
z_cn_to_cn_residual,2,test-116,1.0402213320986424,0.4530887007713318
z_cn_to_cn_residual,2,test-117,0.6948211420213969,0.6434803605079651
z_cn_to_cn_residual,2,test-118,-0.2842516161783053,-0.28615647554397583
z_cn_to_cn_residual,2,test-119,0.706182872391234,0.8322237133979797
z_cn_to_cn_residual,2,test-120,0.6188756690777434,0.6163807511329651
z_cn_to_cn_residual,2,test-121,0.5071241430143024,0.38688212633132935
z_cn_to_cn_residual,2,test-122,0.732166078719928,0.7504284977912903
z_cn_to_cn_residual,2,test-123,0.6905804036823375,0.4581072926521301
z_cn_to_cn_residual,2,test-124,-0.006401163194461921,-0.05770699679851532
z_cn_to_cn_residual,2,test-125,-0.06396091467381823,-0.13667766749858856
z_cn_to_cn_residual,2,test-126,1.0243407771859079,0.3433517813682556
z_cn_to_cn_residual,2,test-127,-0.0025667768776077267,-0.04978732764720917
z_cn_to_cn_residual,2,test-128,-0.17653506637630972,-0.18395797908306122
z_cn_to_cn_residual,2,test-129,0.006243055183185751,-0.03161875903606415
z_cn_to_cn_residual,2,test-130,0.9125892511224669,0.8599478602409363
z_cn_to_cn_residual,2,test-131,0.5932148614802274,0.5277901291847229
z_cn_to_cn_residual,2,test-132,-0.4092811700187469,-0.40958505868911743
z_cn_to_cn_residual,2,test-133,-0.3910899774469028,-0.37507182359695435
z_cn_to_cn_residual,2,test-134,-0.06396091467381823,-0.13667766749858856
z_cn_to_cn_residual,2,test-135,0.5333369283305339,0.3899419903755188
z_cn_to_cn_residual,2,test-136,0.6893311186493629,0.7581513524055481
z_cn_to_cn_residual,2,test-137,-0.0022128532902202114,-0.04905681312084198
z_cn_to_cn_residual,2,test-138,-0.4564122585269044,-0.5160014033317566
z_cn_to_cn_residual,2,test-139,-0.0025667768776077267,-0.04978732764720917
z_cn_to_cn_residual,2,test-140,-0.295747045488935,-0.296048104763031
z_cn_to_cn_residual,2,test-141,0.7232900511466166,0.7743776440620422
z_cn_to_cn_residual,2,test-142,-0.09507910900607243,-0.16255752742290497
z_cn_to_cn_residual,2,test-143,-0.002679459971092827,-0.05001990497112274
z_cn_to_cn_residual,2,test-144,-0.15981025222941134,-0.18135182559490204
z_cn_to_cn_residual,2,test-145,-0.020145318105689636,-0.0861535519361496
z_cn_to_cn_residual,2,test-146,0.37362887990278976,0.38856083154678345
z_cn_to_cn_residual,2,test-147,-0.295747045488935,-0.296048104763031
z_cn_to_cn_residual,2,test-148,0.09689341725340761,0.39747554063796997
z_cn_to_cn_residual,2,test-149,-0.2842516161783053,-0.28615647554397583
z_cn_to_cn_residual,2,test-150,-0.21219425699455913,-0.20198576152324677
z_cn_to_cn_residual,2,test-151,0.5634751272888399,0.49347811937332153
z_cn_to_cn_residual,2,test-152,-0.011174017424812204,-0.06757502257823944
z_cn_to_cn_residual,2,test-153,0.2564389628481294,0.41377073526382446
z_cn_to_cn_residual,2,test-154,0.6904677205888524,0.58497554063797
z_cn_to_cn_residual,2,test-155,-0.002536581283496064,-0.049725696444511414
z_cn_to_cn_residual,2,test-156,1.2131515730483942,1.1460789442062378
z_cn_to_cn_residual,2,test-157,-0.11159319800623856,-0.17671863734722137
z_cn_to_cn_residual,2,test-158,-0.002483473901375505,-0.04961507022380829
z_cn_to_cn_residual,2,test-159,0.5980680715538729,0.4326058030128479
z_cn_to_cn_residual,2,test-160,-0.006236131996241855,-0.05736558139324188
z_cn_to_cn_residual,2,test-161,-0.0017051669314512175,-0.04800872504711151
z_cn_to_cn_residual,2,test-162,0.5980680715538729,0.4531119465827942
z_cn_to_cn_residual,2,test-163,-0.0025667768776077267,-0.04978732764720917
z_cn_to_cn_residual,2,test-164,0.30205720311304246,0.4292859435081482
z_cn_to_cn_residual,2,test-165,-0.001592483837966117,-0.04777543246746063
z_cn_to_cn_residual,2,test-166,-0.3678477635670827,-0.360670268535614
z_cn_to_cn_residual,2,test-167,-0.5737341020377579,-0.6102200150489807
z_cn_to_cn_residual,2,test-168,0.3252994169928626,0.4627203345298767
z_cn_to_cn_residual,2,test-169,-0.0025667768776077267,-0.04978732764720917
z_cn_to_cn_residual,2,test-170,-0.002679459971092827,-0.05001990497112274
z_cn_to_cn_residual,2,test-171,0.5694612141469256,0.674227774143219
z_cn_to_cn_residual,2,test-172,-0.0017051669314512175,-0.04800872504711151
z_cn_to_cn_residual,2,test-173,-0.07427151148220186,-0.1471124142408371
z_cn_to_cn_residual,2,test-174,1.1880129048121781,1.1840118169784546
z_cn_to_cn_residual,2,test-175,0.8125602590821327,0.8496606945991516
z_cn_to_cn_residual,2,test-176,-0.10231614743923174,-0.16817335784435272
z_cn_to_cn_residual,2,test-177,0.027598705190133088,0.012263491749763489
z_cn_to_cn_residual,2,test-178,-0.31951830065715553,-0.31686514616012573
z_cn_to_cn_residual,2,test-179,-0.0017051669314512175,-0.04800872504711151
z_cn_to_cn_residual,2,test-180,-0.007700184364779972,-0.06039218604564667
z_cn_to_cn_residual,2,test-181,-0.31403642712572494,-0.31202131509780884
z_cn_to_cn_residual,2,test-182,-0.31951830065715553,-0.31686514616012573
z_cn_to_cn_residual,2,test-183,-0.002483473901375505,-0.04961507022380829
z_cn_to_cn_residual,2,test-184,0.2690154096687156,0.45241308212280273
z_cn_to_cn_residual,2,test-185,-0.295747045488935,-0.296048104763031
z_cn_to_cn_residual,2,test-186,1.1223473257239598,0.9925389885902405
z_cn_to_cn_residual,2,test-187,-0.295747045488935,-0.296048104763031
z_cn_to_cn_residual,2,test-188,-0.07427151148220186,-0.1471124142408371
z_cn_to_cn_residual,2,test-189,-0.06396091467381823,-0.13667766749858856
z_cn_to_cn_residual,2,test-190,0.5980680715538729,0.45164352655410767
z_cn_to_cn_residual,2,test-191,-0.002679459971092827,-0.05001990497112274
z_cn_to_cn_residual,2,test-192,0.5932148614802274,0.602185070514679
z_cn_to_cn_residual,2,test-193,-0.18602303754564287,-0.18552176654338837
z_cn_to_cn_residual,2,test-194,-0.007700184364779972,-0.06039218604564667
z_cn_to_cn_residual,2,test-195,0.18103728275552644,0.34730035066604614
z_cn_to_cn_residual,2,test-196,-0.3419557546295762,-0.3369585871696472
z_cn_to_cn_residual,2,test-197,-0.07427151148220186,-0.1471124142408371
z_cn_to_cn_residual,2,test-198,-0.1325756172494532,-0.1788979023694992
z_cn_to_cn_residual,2,test-199,-0.001592483837966117,-0.04777543246746063
z_cn_to_cn_residual,2,test-200,-0.001592483837966117,-0.04777543246746063
z_cn_to_cn_residual,2,test-201,-0.001592483837966117,-0.04777543246746063
z_cn_to_cn_residual,2,test-202,-0.09993231907971788,-0.16619233787059784
z_cn_to_cn_residual,2,test-203,-0.07427151148220186,-0.1471124142408371
z_cn_to_cn_residual,2,test-204,0.6867460173654834,0.5200245976448059
z_cn_to_cn_residual,2,test-205,-0.06396091467381823,-0.13667766749858856
z_cn_to_cn_residual,2,test-206,-0.31403642712572494,-0.31202131509780884
z_cn_to_cn_residual,2,test-207,0.25559953693839854,0.2654302716255188
z_cn_to_cn_residual,2,test-208,-0.3512116285679379,-0.34537190198898315
z_cn_to_cn_residual,2,test-209,0.44701726623712135,0.6649952530860901
z_cn_to_cn_residual,2,test-210,0.27064323153028624,0.39450913667678833
z_cn_to_cn_residual,2,test-211,0.9986799695883919,0.6813679337501526
z_cn_to_cn_residual,2,test-212,-0.015324816569887118,-0.0761663168668747
z_cn_to_cn_residual,2,test-213,-0.002483473901375505,-0.04961507022380829
z_cn_to_cn_residual,2,test-214,0.707522311221207,0.6546944379806519
z_cn_to_cn_residual,2,test-215,-0.002679459971092827,-0.05001990497112274
z_cn_to_cn_residual,2,test-216,-0.0025667768776077267,-0.04978732764720917
z_cn_to_cn_residual,2,test-217,0.6905804036823375,0.5372235774993896
z_cn_to_cn_residual,2,test-218,-0.09993231907971788,-0.16619233787059784
z_cn_to_cn_residual,2,test-219,-0.3664462099481818,-0.3593730330467224
z_cn_to_cn_residual,2,test-220,-0.007796294345678415,-0.06059090793132782
z_cn_to_cn_residual,2,test-221,-0.18602303754564287,-0.18552176654338837
z_cn_to_cn_residual,2,test-222,-0.002679459971092827,-0.05001990497112274
z_cn_to_cn_residual,2,test-223,-0.20673482910021176,-0.1950167864561081
z_cn_to_cn_residual,2,test-224,-0.002483473901375505,-0.04961507022380829
z_cn_to_cn_residual,2,test-225,0.8028652431791747,0.8838940262794495
z_cn_to_cn_residual,2,test-226,-0.002679459971092827,-0.05001990497112274
z_cn_to_cn_residual,2,test-227,0.9388020364386984,0.8169522881507874
z_cn_to_cn_residual,2,test-228,-0.0025667768776077267,-0.04978732764720917
z_cn_to_cn_residual,2,test-229,-0.06396091467381823,-0.13667766749858856
z_cn_to_cn_residual,2,test-230,0.5634751272888399,0.5077407956123352
z_cn_to_cn_residual,2,test-231,-0.34185746108770393,-0.33687037229537964
z_cn_to_cn_residual,2,test-232,0.5836835270942388,0.4365197420120239
z_cn_to_cn_residual,2,test-233,-0.0017051669314512175,-0.04800872504711151
z_cn_to_cn_residual,2,test-234,-0.3664462099481818,-0.3593730330467224
z_cn_to_cn_residual,2,test-235,0.5963176677780939,0.43987011909484863
z_cn_to_cn_residual,2,test-236,-0.09507910900607243,-0.16255752742290497
z_cn_to_cn_residual,2,test-237,-0.09993231907971788,-0.16619233787059784
z_cn_to_cn_residual,2,test-238,1.1098178970570212,0.7789991497993469
z_cn_to_cn_residual,2,test-239,0.09689341725340761,0.15141136944293976
z_cn_to_cn_residual,2,test-240,-0.0025667768776077267,-0.04978732764720917
z_cn_to_cn_residual,2,test-241,-0.003920084665472663,-0.05258123576641083
z_cn_to_cn_residual,2,test-242,1.0035331796620373,0.7984312176704407
z_cn_to_cn_residual,2,test-243,0.629186265886127,0.36163467168807983
z_cn_to_cn_residual,2,test-244,-0.09993231907971788,-0.16619233787059784
z_cn_to_cn_residual,2,test-245,0.5980680715538729,0.4241510033607483
z_cn_to_cn_residual,2,test-246,-0.6011019660483662,-0.6225524544715881
z_cn_to_cn_residual,2,test-247,-0.0025667768776077267,-0.04978732764720917
z_cn_to_cn_residual,2,test-248,-0.40617432960244304,-0.4027552008628845
z_cn_to_cn_residual,2,test-249,-0.32077300936225667,-0.31797856092453003
z_cn_to_cn_residual,2,test-250,-0.0017051669314512175,-0.04800872504711151
z_cn_to_cn_residual,2,test-251,0.027598705190133088,0.012263491749763489
z_cn_to_cn_residual,2,test-252,-0.31951830065715553,-0.31686514616012573
z_cn_to_cn_residual,2,test-253,-0.09507910900607243,-0.16255752742290497
z_cn_to_cn_residual,2,test-254,-0.006401163194461921,-0.05770699679851532
z_cn_to_cn_residual,2,test-255,-0.2608500763576425,-0.26517075300216675
z_cn_to_cn_residual,2,test-256,-0.002483473901375505,-0.04961507022380829
z_cn_to_cn_residual,2,test-257,0.16442497939224665,0.4999917149543762
z_cn_to_cn_residual,2,test-258,0.8561659193103136,0.5735557675361633
z_cn_to_cn_residual,2,test-259,-0.002709528290634796,-0.05008213222026825
z_cn_to_cn_residual,2,test-260,-0.001592483837966117,-0.04777543246746063
z_cn_to_cn_residual,2,test-261,0.42920014516401445,0.3568922281265259
z_cn_to_cn_residual,2,test-262,0.9125892511224669,0.4393159747123718
z_cn_to_cn_residual,2,test-263,-0.18602303754564287,-0.18552176654338837
z_cn_to_cn_residual,2,test-264,-0.32690411934740055,-0.3234317898750305
z_cn_to_cn_residual,2,test-265,-0.4564122585269044,-0.5160014033317566
z_cn_to_cn_residual,2,test-266,0.6905804036823375,0.3806925415992737
z_cn_to_cn_residual,2,test-267,0.6904677205888524,0.3424890637397766
z_cn_to_cn_residual,2,test-268,-0.09507910900607243,-0.16255752742290497
z_cn_to_cn_residual,2,test-269,0.5380768797364144,0.3771914839744568
z_cn_to_cn_residual,2,test-270,-0.0025667768776077267,-0.04978732764720917
z_cn_to_cn_residual,2,test-271,0.9986799695883919,0.5781362652778625
z_cn_to_cn_residual,2,test-272,0.26383524768033195,0.2830437421798706
z_cn_to_cn_residual,2,test-273,0.4676238340609221,0.3265863060951233
z_cn_to_cn_residual,2,test-274,0.5333369283305339,0.31460845470428467
z_cn_to_cn_residual,2,test-275,-0.09507910900607243,-0.16255752742290497
z_cn_to_cn_residual,2,test-276,-0.0022128532902202114,-0.04905681312084198
z_cn_to_cn_residual,2,test-277,-0.295747045488935,-0.296048104763031
z_cn_to_cn_residual,2,test-278,0.4322971042023028,0.4258485436439514
z_cn_to_cn_residual,2,test-279,0.5166121141836355,0.5337441563606262
z_cn_to_cn_residual,2,test-280,-0.006401163194461921,-0.05770699679851532
z_cn_to_cn_residual,2,test-281,1.0243407771859079,0.8531656861305237
z_cn_to_cn_residual,2,test-282,-0.005713782933315264,-0.05628673732280731
z_cn_to_cn_residual,2,test-283,-0.18602303754564287,-0.18552176654338837
z_cn_to_cn_residual,2,test-284,-0.0017051669314512175,-0.04800872504711151
z_cn_to_cn_residual,2,test-285,-0.09507910900607243,-0.16255752742290497
z_cn_to_cn_residual,2,test-286,1.3462860490699626,1.0220624208450317
z_cn_to_cn_residual,2,test-287,-0.09993231907971788,-0.16619233787059784
z_cn_to_cn_residual,2,test-288,0.5553068786375152,0.42154115438461304
z_cn_to_cn_residual,2,test-289,0.2249532936470302,0.19852431118488312
z_cn_to_cn_residual,2,test-290,0.5980680715538729,0.48232680559158325
z_cn_to_cn_residual,2,test-291,0.5481549764268495,0.5985258221626282
z_cn_to_cn_residual,2,test-292,-0.8168566785177598,-0.8759296536445618
z_cn_to_cn_residual,2,test-293,0.33133944436357726,0.41204172372817993
z_cn_to_cn_residual,2,test-294,0.629186265886127,0.4728134274482727
z_cn_to_cn_residual,2,test-295,0.6906105992764492,0.5084076523780823
z_cn_to_cn_residual,2,test-296,-0.0013809592565058647,-0.04733972251415253
z_cn_to_cn_residual,2,test-297,-0.0022128532902202114,-0.04905681312084198
z_cn_to_cn_residual,2,test-298,0.6906637066585698,0.6528773903846741
z_cn_to_cn_residual,2,test-299,-0.22552334649902314,-0.21910373866558075
z_cn_to_cn_residual,2,test-300,0.5071241430143024,0.4533560872077942
z_cn_to_cn_residual,2,test-301,-0.0017051669314512175,-0.04800872504711151
z_cn_to_cn_residual,2,test-302,0.6188756690777434,0.6148822903633118
z_cn_to_cn_residual,2,test-303,-0.002679459971092827,-0.05001990497112274
z_cn_to_cn_residual,2,test-304,-0.3011881021227526,-0.30077022314071655
z_cn_to_cn_residual,2,test-305,0.3974001350710103,0.492634117603302
z_cn_to_cn_residual,2,test-306,0.5966030812834874,0.5724852681159973
z_cn_to_cn_residual,2,test-307,-0.002679459971092827,-0.05001990497112274
z_cn_to_cn_residual,2,test-308,0.6904677205888524,0.5093274712562561
z_cn_to_cn_residual,2,test-309,0.511973246478933,0.38872063159942627
z_cn_to_cn_residual,2,test-310,-0.06396091467381823,-0.13667766749858856
z_cn_to_cn_residual,2,test-311,0.8880287062152161,0.8572555184364319
z_cn_to_cn_residual,2,test-312,0.000550437072462336,-0.04335407912731171
z_cn_to_cn_residual,2,test-313,0.4185007999394532,0.5735898613929749
z_cn_to_cn_residual,2,test-314,0.12442211904305411,0.3686144948005676
z_cn_to_cn_residual,2,test-315,-0.0009230486758283437,-0.04639379680156708
z_cn_to_cn_residual,2,test-316,0.5980680715538729,0.5310028195381165
z_cn_to_cn_residual,2,test-317,0.6253649081462749,0.8022640347480774
z_cn_to_cn_residual,2,test-318,-0.295747045488935,-0.296048104763031
z_cn_to_cn_residual,2,test-319,0.4185007999394532,0.4084289073944092
z_cn_to_cn_residual,2,test-320,-0.15981025222941134,-0.18135182559490204
z_cn_to_cn_residual,2,test-321,-0.09993231907971788,-0.16619233787059784
z_cn_to_cn_residual,2,test-322,0.5071241430143024,0.4972875714302063
z_cn_to_cn_residual,2,test-323,-0.0025667768776077267,-0.04978732764720917
z_cn_to_cn_residual,2,test-324,-0.07427151148220186,-0.1471124142408371
z_cn_to_cn_residual,2,test-325,0.5333369283305339,0.48226815462112427
z_cn_to_cn_residual,2,test-326,-0.002709528290634796,-0.05008213222026825
z_cn_to_cn_residual,2,test-327,-0.12967205327110548,-0.17875675857067108
z_cn_to_cn_residual,2,test-328,-0.4092811700187469,-0.40958505868911743
z_cn_to_cn_residual,2,test-329,-0.0017051669314512175,-0.04800872504711151
z_cn_to_cn_residual,2,test-330,1.0184465975528079,1.0094269514083862
z_cn_to_cn_residual,2,test-331,-0.2930939733738713,-0.2937552332878113
z_cn_to_cn_residual,2,test-332,-0.007796294345678415,-0.06059090793132782
z_cn_to_cn_residual,2,test-333,-0.006236131996241855,-0.05736558139324188
z_cn_to_cn_residual,2,test-334,-0.003920084665472663,-0.05258123576641083
z_cn_to_cn_residual,2,test-335,1.108891999074218,1.2179063558578491
z_cn_to_cn_residual,2,test-336,-0.09507910900607243,-0.16255752742290497
z_cn_to_cn_residual,2,test-337,0.5932148614802274,0.5883820652961731
z_cn_to_cn_residual,2,test-338,0.6188756690777434,0.5690434575080872
z_cn_to_cn_residual,2,test-339,0.5333369283305339,0.5337662696838379
z_cn_to_cn_residual,2,test-340,0.9300387057397879,0.7938252091407776
z_cn_to_cn_residual,2,test-341,0.48095292356538616,0.47770148515701294
z_cn_to_cn_residual,2,test-342,-0.07427151148220186,-0.1471124142408371
z_cn_to_cn_residual,2,test-343,-0.43015367383143543,-0.07751958072185516
z_cn_to_cn_residual,2,test-344,-0.002483473901375505,-0.04961507022380829
z_cn_to_cn_residual,2,test-345,0.5963176677780939,0.5531652569770813
z_cn_to_cn_residual,2,test-346,0.6188756690777434,0.44292503595352173
z_cn_to_cn_residual,2,test-347,0.6188756690777434,0.5187850594520569
z_cn_to_cn_residual,2,test-348,0.6188756690777434,0.49891120195388794
z_cn_to_cn_residual,2,test-349,-0.26394703539593084,-0.2680191397666931
z_cn_to_cn_residual,2,test-350,-0.006236131996241855,-0.05736558139324188
z_cn_to_cn_residual,2,test-351,-0.22552334649902314,-0.21910373866558075
z_cn_to_cn_residual,2,test-352,-0.002483473901375505,-0.04961507022380829
z_cn_to_cn_residual,2,test-353,0.6730018624542556,0.3369458317756653
z_cn_to_cn_residual,2,test-354,-0.17162295933884167,-0.18317310512065887
z_cn_to_cn_residual,2,test-355,-0.5908559921618184,-0.6178506016731262
z_cn_to_cn_residual,2,test-356,-0.0025667768776077267,-0.04978732764720917
z_cn_to_cn_residual,2,test-357,-0.0025667768776077267,-0.04978732764720917
z_cn_to_cn_residual,2,test-358,-0.0025667768776077267,-0.04978732764720917
z_cn_to_cn_residual,2,test-359,-0.02637982311895648,0.27613365650177
z_cn_to_cn_residual,2,test-360,-0.1378403019224301,-0.17916683852672577
z_cn_to_cn_residual,2,test-361,0.4185007999394532,0.3687235116958618
z_cn_to_cn_residual,2,test-362,-0.31852856519640793,-0.31598883867263794
z_cn_to_cn_residual,2,test-363,0.26383524768033195,0.48203545808792114
z_cn_to_cn_residual,2,test-364,-0.06396091467381823,-0.13667766749858856
z_cn_to_cn_residual,2,test-365,-0.18602303754564287,-0.18552176654338837
z_cn_to_cn_residual,2,test-366,-0.0017051669314512175,-0.04800872504711151
z_cn_to_cn_residual,2,test-367,-0.5962537633065377,-0.6203150153160095
z_cn_to_cn_residual,2,test-368,1.0444369000321867,0.5856011509895325
z_cn_to_cn_residual,2,test-369,-0.002483473901375505,-0.04961507022380829
z_cn_to_cn_residual,2,test-370,0.6867460173654834,0.5085459351539612
z_cn_to_cn_residual,2,test-371,-0.0017051669314512175,-0.04800872504711151
z_cn_to_cn_residual,2,test-372,0.6188756690777434,0.4518398642539978
z_cn_to_cn_residual,2,test-373,-0.31951830065715553,-0.31686514616012573
z_cn_to_cn_residual,2,test-374,0.5333369283305339,0.5735281109809875
z_cn_to_cn_residual,2,test-375,0.5980680715538729,0.5335796475410461
z_cn_to_cn_residual,2,test-376,0.0920452145115791,0.3677740693092346
z_cn_to_cn_residual,2,test-377,-0.003920084665472663,-0.05258123576641083
z_cn_to_cn_residual,2,test-378,-0.295747045488935,-0.296048104763031
z_cn_to_cn_residual,2,test-379,-0.003920084665472663,-0.05258123576641083
z_cn_to_cn_residual,2,test-380,0.5980680715538729,0.4384027123451233
z_cn_to_cn_residual,2,test-381,0.6906105992764492,0.4785597324371338
z_cn_to_cn_residual,2,test-382,-0.0025667768776077267,-0.04978732764720917
z_cn_to_cn_residual,2,test-383,-0.0025667768776077267,-0.04978732764720917
z_cn_to_cn_residual,2,test-384,-0.018078891203757413,-0.08187179267406464
z_cn_to_cn_residual,2,test-385,-0.0025667768776077267,-0.04978732764720917
z_cn_to_cn_residual,2,test-386,-0.0025667768776077267,-0.04978732764720917
z_cn_to_cn_residual,2,test-387,0.6904677205888524,0.17785628139972687
z_cn_to_cn_residual,2,test-388,0.5071241430143024,0.7987068295478821
z_cn_to_cn_residual,2,test-389,-0.002679459971092827,-0.05001990497112274
z_cn_to_cn_residual,2,test-390,0.5932148614802274,0.5091748833656311
z_cn_to_cn_residual,2,test-391,0.5071241430143024,0.3402326703071594
z_cn_to_cn_residual,2,test-392,-0.002483473901375505,-0.04961507022380829
z_cn_to_cn_residual,2,test-393,-0.0017051669314512175,-0.04800872504711151
z_cn_to_cn_residual,2,test-394,-0.002536581283496064,-0.049725696444511414
z_cn_to_cn_residual,2,test-395,0.5634751272888399,0.3794603943824768
z_cn_to_cn_residual,2,test-396,-0.0025667768776077267,-0.04978732764720917
z_cn_to_cn_residual,2,test-397,-0.011174017424812204,-0.06757502257823944
z_cn_to_cn_residual,2,test-398,-0.003920084665472663,-0.05258123576641083
z_cn_to_cn_residual,2,test-399,-0.18602303754564287,-0.18552176654338837
z_cn_to_cn_residual,2,test-400,0.6904677205888524,0.4796752333641052
z_cn_to_cn_residual,2,test-401,0.6904677205888524,0.5656421780586243
z_cn_to_cn_residual,2,test-402,0.5963176677780939,0.5176041722297668
z_cn_to_cn_residual,2,test-403,-0.00961734087375331,-0.06435458362102509
z_cn_to_cn_residual,2,test-404,0.18103728275552644,0.3935322165489197
z_cn_to_cn_residual,2,test-405,-0.0017051669314512175,-0.04800872504711151
z_cn_to_cn_residual,2,test-406,-0.26394703539593084,-0.2680191397666931
z_cn_to_cn_residual,2,test-407,0.6906637066585698,0.5176952481269836
z_cn_to_cn_residual,2,test-408,-0.006236131996241855,-0.05736558139324188
z_cn_to_cn_residual,2,test-409,0.6750682893561879,0.6739069819450378
z_cn_to_cn_residual,2,test-410,-0.0025667768776077267,-0.04978732764720917
z_cn_to_cn_residual,2,test-411,-0.3678477635670827,-0.360670268535614
z_cn_to_cn_residual,2,test-412,1.0035331796620373,0.8247907757759094
z_cn_to_cn_residual,2,test-413,0.3974001350710103,0.4996400475502014
z_cn_to_cn_residual,2,test-414,0.14484892926646498,0.6053267121315002
z_cn_to_cn_residual,2,test-415,0.6904376522693105,0.4755116105079651
z_cn_to_cn_residual,2,test-416,0.42920014516401445,0.3665669560432434
z_cn_to_cn_residual,2,test-417,-0.002709528290634796,-0.05008213222026825
z_cn_to_cn_residual,2,test-418,-0.18602303754564287,-0.18552176654338837
z_cn_to_cn_residual,2,test-419,0.42920014516401445,0.5059786438941956
z_cn_to_cn_residual,2,test-420,-0.10534341095846705,-0.17095570266246796
z_cn_to_cn_residual,2,test-421,-0.34185746108770393,-0.33687037229537964
z_cn_to_cn_residual,2,test-422,0.5980680715538729,0.53354412317276
z_cn_to_cn_residual,2,test-423,-0.002679459971092827,-0.05001990497112274
z_cn_to_cn_residual,2,test-424,0.6924563057315964,0.37087392807006836
z_cn_to_cn_residual,2,test-425,-0.0009230486758283437,-0.04639379680156708
z_cn_to_cn_residual,2,test-426,1.2002713235742477,1.0330160856246948
z_cn_to_cn_residual,2,test-427,-0.06396091467381823,-0.13667766749858856
z_cn_to_cn_residual,2,test-428,0.6906637066585698,0.5176952481269836
z_cn_to_cn_residual,2,test-429,-0.12967205327110548,-0.17875675857067108
z_cn_to_cn_residual,2,test-430,0.002865332104051953,-0.03858010470867157
z_cn_to_cn_residual,2,test-431,-0.002679459971092827,-0.05001990497112274
z_cn_to_cn_residual,2,test-432,-0.07427151148220186,-0.1471124142408371
z_cn_to_cn_residual,2,test-433,0.33133944436357726,0.3303688168525696
z_cn_to_cn_residual,2,test-434,0.5980680715538729,0.43793946504592896
z_cn_to_cn_residual,2,test-435,0.6892270958944726,0.5431240200996399
z_cn_to_cn_residual,2,test-436,0.027598705190133088,0.012263491749763489
z_cn_to_cn_residual,2,test-437,0.6288411122804236,0.3920363783836365
z_cn_to_cn_residual,2,test-438,-0.1278380797400702,-0.17866913974285126
z_cn_to_cn_residual,2,test-439,-0.0025667768776077267,-0.04978732764720917
z_cn_to_cn_residual,2,test-440,0.9007472632761859,0.8742057681083679
z_cn_to_cn_residual,2,test-441,0.09689341725340761,0.16683675348758698
z_cn_to_cn_residual,2,test-442,0.9986799695883919,0.7210072875022888
z_cn_to_cn_residual,2,test-443,1.0035331796620373,0.863192617893219
z_cn_to_cn_residual,2,test-444,-0.001592483837966117,-0.04777543246746063
z_cn_to_cn_residual,2,test-445,1.2002713235742477,0.9032962918281555
z_cn_to_cn_residual,2,test-446,0.9388020364386984,0.8333984017372131
z_cn_to_cn_residual,2,test-447,0.9125892511224669,0.510789692401886
z_cn_to_cn_residual,2,test-448,-0.0017051669314512175,-0.04800872504711151
z_cn_to_cn_residual,2,test-449,0.6906637066585698,0.5176952481269836
z_cn_to_cn_residual,2,test-450,0.6188756690777434,0.4968908429145813
z_cn_to_cn_residual,2,test-451,-0.6219808875579942,-0.006111308932304382
z_cn_to_cn_residual,2,test-452,-0.32077300936225667,-0.31797856092453003
z_cn_to_cn_residual,2,test-453,0.7307645251010271,0.3928976058959961
z_cn_to_cn_residual,2,test-454,-0.09507910900607243,-0.16255752742290497
z_cn_to_cn_residual,2,test-455,0.6930446040093127,0.5357344746589661
z_cn_to_cn_residual,2,test-456,-0.06430606827952172,-0.13703255355358124
z_cn_to_cn_residual,2,test-457,-0.0025667768776077267,-0.04978732764720917
z_cn_to_cn_residual,2,test-458,-0.15981025222941134,-0.18135182559490204
z_cn_to_cn_residual,2,test-459,0.5634751272888399,0.5458574891090393
z_cn_to_cn_residual,2,test-460,0.9125892511224669,0.7600606083869934
z_cn_to_cn_residual,2,test-461,0.5932148614802274,0.43019914627075195
z_cn_to_cn_residual,2,test-462,-0.0022128532902202114,-0.04905681312084198
z_cn_to_cn_residual,2,test-463,0.6905804036823375,0.49725228548049927
z_cn_to_cn_residual,2,test-464,0.6924563057315964,0.4794781804084778
z_cn_to_cn_residual,2,test-465,-0.0022128532902202114,-0.04905681312084198
z_cn_to_cn_residual,2,test-466,0.42920014516401445,0.47008270025253296
z_cn_to_cn_residual,2,test-467,0.5023585253615721,0.46909642219543457
z_cn_to_cn_residual,2,test-468,-0.18602303754564287,-0.18552176654338837
z_cn_to_cn_residual,2,test-469,-0.09993231907971788,-0.16619233787059784
z_cn_to_cn_residual,2,test-470,-0.001592483837966117,-0.04777543246746063
z_cn_to_cn_residual,2,test-471,0.42920014516401445,0.42150670289993286
z_cn_to_cn_residual,2,test-472,-0.002536581283496064,-0.049725696444511414
z_cn_to_cn_residual,2,test-473,0.3907357061859718,0.3660748600959778
z_cn_to_cn_residual,2,test-474,0.18103728275552644,0.307500422000885
z_cn_to_cn_residual,2,test-475,0.629186265886127,0.4728134274482727
z_cn_to_cn_residual,2,test-476,-0.002679459971092827,-0.05001990497112274
z_cn_to_cn_residual,2,test-477,-0.09507910900607243,-0.16255752742290497
z_cn_to_cn_residual,2,test-478,0.5963176677780939,0.5350518822669983
z_cn_to_cn_residual,2,test-479,0.5071241430143024,0.40414053201675415
z_cn_to_cn_residual,2,test-480,0.7232900511466166,0.5880146622657776
z_cn_to_cn_residual,2,test-481,-0.003920084665472663,-0.05258123576641083
z_cn_to_cn_residual,2,test-482,0.5634751272888399,0.5498227477073669
z_cn_to_cn_residual,2,test-483,0.4676238340609221,0.41402918100357056
z_cn_to_cn_residual,2,test-484,-0.002679459971092827,-0.05001990497112274
z_cn_to_cn_residual,2,test-485,-0.295747045488935,-0.296048104763031
z_cn_to_cn_residual,2,test-486,-0.0017051669314512175,-0.04800872504711151
z_cn_to_cn_residual,2,test-487,-0.21403955770147523,-0.2043471783399582
z_cn_to_cn_residual,2,test-488,-0.002679459971092827,-0.05001990497112274
z_cn_to_cn_residual,2,test-489,-0.002709528290634796,-0.05008213222026825
z_cn_to_cn_residual,2,test-490,-0.0025667768776077267,-0.04978732764720917
z_cn_to_cn_residual,2,test-491,-0.002679459971092827,-0.05001990497112274
z_cn_to_cn_residual,2,test-492,0.6422000301412054,0.47344493865966797
z_cn_to_cn_residual,2,test-493,0.732166078719928,0.7118399739265442
z_cn_to_cn_residual,2,test-494,-0.002483473901375505,-0.04961507022380829
z_cn_to_cn_residual,2,test-495,-0.31852856519640793,-0.31598883867263794
z_cn_to_cn_residual,2,test-496,-0.0025667768776077267,-0.04978732764720917
z_cn_to_cn_residual,2,test-497,0.6917662213034395,0.49924856424331665
z_cn_to_cn_residual,2,test-498,-0.003920084665472663,-0.05258123576641083
z_cn_to_cn_residual,2,test-499,-0.530128441809577,-0.569296658039093
z_cn_to_cn_residual,2,test-500,-0.3024114743739735,-0.3018351197242737
z_cn_to_cn_residual,2,test-501,0.6960125126639972,0.5238834023475647
z_cn_to_cn_residual,2,test-502,0.3974001350710103,0.3720875382423401
z_cn_to_cn_residual,2,test-503,-0.4555583161639697,-0.1676759570837021
z_cn_to_cn_residual,2,test-504,-0.4681938869129151,-0.5403710007667542
z_cn_to_cn_residual,2,test-505,0.629186265886127,0.4275057911872864
z_cn_to_cn_residual,2,test-506,-0.4092811700187469,-0.40958505868911743
z_cn_to_cn_residual,2,test-507,-0.006401163194461921,-0.05770699679851532
z_cn_to_cn_residual,2,test-508,-0.7439778312008087,-0.7275956273078918
z_cn_to_cn_residual,2,test-509,0.400053207186074,0.34048956632614136
z_cn_to_cn_residual,2,test-510,0.9297295237162035,1.010670781135559
z_cn_to_cn_residual,2,test-511,-0.06430606827952172,-0.13703255355358124
