u,v,label,score_total,score_degree,score_cn,score_residual,score_interaction,interaction_share,degree_u,degree_v,degree_score,cn_raw,cn,cn_expected,cn_residual,quadrant,model_cn_expected,model_cn_residual,model_cn_normalized,cn_feature_mode,interaction_mode,rank
733,1062,1,8.771505355834961,1.4061545133590698,3.298727512359619,4.058390140533447,0.0,0.0,25,3,4.6443908991413725,1,1,0.2834964304215914,0.4096507501383539,HH,0.2834964394569397,0.4096507430076599,0.1154700443148613,residual,disabled,3.0
1416,1468,1,4.915257453918457,1.4272950887680054,-0.519347071647644,3.9990761280059814,0.0,0.0,17,2,3.9889840465642745,0,0,0.257133548881196,-0.257133548881196,HL,0.2571335434913635,-0.2571335434913635,0.0,residual,disabled,35.0
350,1778,1,6.39288330078125,-0.7402741312980652,2.943563938140869,4.181360244750977,0.0,0.0,13,6,4.584967478670571,1,1,0.7193156778617236,-0.026168497301778282,HL,0.7193156480789185,-0.026168465614318848,0.1132277101278305,residual,disabled,63.0
657,1740,1,2.9573731422424316,-1.0655652284622192,-0.05145910754799843,4.066164493560791,0.0,0.0,10,12,4.962844630259907,0,0,0.6196499723695155,-0.6196499723695155,HL,0.6196499466896057,-0.6196499466896057,0.0,residual,disabled,121.0
1602,2073,1,2.871127128601074,-0.6555263996124268,-0.6366554498672485,4.155076026916504,0.0,0.0,7,2,3.1780538303479453,0,0,0.09682951278185134,-0.09682951278185134,HL,0.09682951122522354,-0.09682951122522354,0.0,residual,disabled,65.0
507,1300,1,7.042780876159668,-0.43616539239883423,3.2693734169006348,4.2013397216796875,0.0,0.0,16,6,4.77912349311153,5,5,0.7613044293103012,1.030455039917754,HH,0.7613044381141663,1.0304551124572754,0.5103103518486023,residual,disabled,13.0
1682,2189,1,-3.1723523139953613,-1.05228853225708,-0.3581446409225464,-1.7701520919799805,0.0,0.0,8,4,3.8066624897703196,0,0,0.40617432960244304,-0.40617432960244304,HL,0.40617433190345764,-0.40617433190345764,0.0,residual,disabled,163.0
306,1798,1,8.892426490783691,1.8471944332122803,2.8849868774414062,4.152011871337891,0.0,0.0,64,5,5.966146739123692,5,5,0.7195270036789018,1.072232465549153,HH,0.719527006149292,1.0722324848175049,0.279508501291275,residual,disabled,6.0
661,1878,1,0.3994692265987396,0.6830545663833618,-0.5948536396026611,0.30303525924682617,0.0,0.0,12,2,3.6635616461296463,0,0,0.17653506637630972,-0.17653506637630972,HL,0.17653506994247437,-0.17653506994247437,0.0,residual,disabled,44.0
2446,2448,1,2.512627601623535,-0.9695871472358704,-0.6353040933609009,4.109285831451416,0.0,0.0,6,2,3.044522437723423,0,0,0.09993231907971788,-0.09993231907971788,HL,0.09993232041597366,-0.09993232041597366,0.0,residual,disabled,32.0
1704,1912,1,-1.070738434791565,-0.6151218414306641,-0.41061151027679443,-0.05323818325996399,0.0,0.0,3,9,3.6888794541139367,0,0,0.361807736196368,-0.361807736196368,HL,0.3618077337741852,-0.3618077337741852,0.0,residual,disabled,195.0
4,1761,1,5.783288955688477,-1.304566502571106,3.127455711364746,3.952166795730591,0.0,0.0,4,5,3.401197381662155,2,2,0.26394703539593084,0.834665253272179,HH,0.2639470398426056,0.8346652984619141,0.4472135901451111,residual,disabled,9.0
236,2046,1,6.046988010406494,-0.9056309461593628,2.8517680168151855,4.092617988586426,0.0,0.0,9,4,3.9120230054281464,2,2,0.42142500762192203,0.6771872810461878,HH,0.4214250147342682,0.6771873235702515,0.3333333432674408,residual,disabled,8.0
1411,2218,1,-2.4909958839416504,1.0239121913909912,-0.6616231203079224,-2.861518144607544,0.0,0.0,0,1,0.6931471805599453,0,0,0.0025667768776077267,-0.0025667768776077267,LL,0.0025667769368737936,-0.0025667769368737936,0.0,residual,disabled,132.0
1359,1914,1,7.933156967163086,0.6497972011566162,3.2967371940612793,3.9783897399902344,0.0,0.0,4,22,4.74493212836325,1,1,0.6011019660483662,0.0920452145115791,HH,0.6011019945144653,0.09204518795013428,0.10660035908222198,residual,disabled,16.0
1013,1844,1,5.704815864562988,2.7358996868133545,-0.6786149740219116,3.6392977237701416,0.0,0.0,29,1,4.0943445622221,0,0,-0.1059855857541714,0.1059855857541714,HH,-0.10598558932542801,0.10598558932542801,0.0,residual,disabled,8.0
2263,2490,1,6.01347541809082,-1.389258623123169,3.2853784561157227,4.1091227531433105,0.0,0.0,2,1,1.791759469228055,1,1,0.0025667768776077267,0.6905804036823375,LH,0.0025667769368737936,0.690580427646637,0.7071067690849304,residual,disabled,9.0
1072,1802,1,8.997967720031738,2.1200380325317383,2.8801727294921875,3.9895238876342773,0.0,0.0,26,2,4.394449154672439,1,1,0.2057299702690783,0.487417210290867,HH,0.20572997629642487,0.48741722106933594,0.1386750489473343,residual,disabled,12.0
968,1986,1,6.151923179626465,2.9143800735473633,-0.6667852401733398,3.8960955142974854,0.0,0.0,1,55,4.718498871295095,0,0,-0.027598705190133088,0.027598705190133088,HH,-0.027598705142736435,0.027598705142736435,0.0,residual,disabled,13.0
968,1603,1,-2.6462206840515137,1.0239121913909912,-0.6616231203079224,-3.016742706298828,0.0,0.0,1,0,0.6931471805599453,0,0,0.0025667768776077267,-0.0025667768776077267,LL,0.0025667769368737936,-0.0025667769368737936,0.0,residual,disabled,146.0
650,1486,1,1.6763861179351807,-0.9695871472358704,-0.6353040933609009,3.2730443477630615,0.0,0.0,6,2,3.044522437723423,0,0,0.09993231907971788,-0.09993231907971788,HL,0.09993232041597366,-0.09993232041597366,0.0,residual,disabled,100.0
73,1751,1,4.958841800689697,1.5727288722991943,-0.6619556546211243,4.039835453033447,0.0,0.0,11,1,3.1780538303479458,0,0,0.0006908748283487874,-0.0006908748283487874,HL,0.0006908748182468116,-0.0006908748182468116,0.0,residual,disabled,55.0
1602,2074,1,6.444169998168945,-1.0478382110595703,3.2950756549835205,4.188699245452881,0.0,0.0,7,3,3.465735902799726,1,1,0.31951830065715553,0.37362887990278976,HH,0.3195182979106903,0.3736288845539093,0.2182178795337677,residual,disabled,16.0
1599,2614,1,2.1334571838378906,-1.304566502571106,-0.5127366185188293,3.9425272941589355,0.0,0.0,5,4,3.401197381662155,0,0,0.26394703539593084,-0.26394703539593084,HL,0.2639470398426056,-0.2639470398426056,0.0,residual,disabled,175.0
1201,2533,1,-2.5757081508636475,0.8975906372070312,-0.6617958545684814,-2.8197360038757324,0.0,0.0,2,0,1.0986122886681098,0,0,0.001592483837966117,-0.001592483837966117,LL,0.0015924838371574879,-0.0015924838371574879,0.0,residual,disabled,132.0
1409,1826,1,6.189106464385986,-1.243704915046692,3.306354522705078,4.118223667144775,0.0,0.0,4,6,3.5553480614894135,1,1,0.3678477635670827,0.3252994169928626,HH,0.3678477704524994,0.3252994120121002,0.20412413775920868,residual,disabled,8.0
756,885,1,-4.833682060241699,-0.9252629280090332,-0.1818368285894394,-3.7348153591156006,0.0,0.0,10,5,4.189654742026425,0,0,0.5320508010865779,-0.5320508010865779,HL,0.5320507884025574,-0.5320507884025574,0.0,residual,disabled,362.0
1153,1401,1,6.5439348220825195,-0.9842131733894348,3.2912583351135254,4.228656768798828,0.0,0.0,1,4,2.3025850929940455,1,1,0.002536581283496064,0.6906105992764492,LH,0.002536581363528967,0.6906105875968933,0.5,residual,disabled,5.0
102,1251,1,5.847684383392334,-1.0478382110595703,2.8127241134643555,4.074565410614014,0.0,0.0,7,3,3.465735902799726,2,2,0.31951830065715553,0.7790939880109542,HH,0.3195182979106903,0.7790939807891846,0.4364357590675354,residual,disabled,12.0
567,1513,1,4.994941234588623,-1.2203618288040161,2.110677719116211,4.0963921546936035,0.0,0.0,5,2,2.8903717578961645,1,1,0.09507910900607243,0.5980680715538729,LH,0.09507910907268524,0.5980680584907532,0.3162277638912201,residual,disabled,10.0
1282,1735,1,5.598225116729736,-1.1654354333877563,2.663825035095215,4.091602325439453,0.0,0.0,4,7,3.688879454113936,2,2,0.4092811700187469,0.6893311186493629,HH,0.4092811644077301,0.6893311738967896,0.37796449661254883,residual,disabled,12.0
1440,1701,1,10.113036155700684,2.9324779510498047,3.252192497253418,3.9201323986053467,0.0,0.0,1,65,4.882801922586371,1,1,0.020145318105689636,0.6730018624542556,HH,0.020145317539572716,0.6730018854141235,0.12403473258018494,residual,disabled,1.0
118,581,1,7.2100725173950195,0.2898399829864502,3.2160146236419678,3.6959846019744873,0.0,0.0,18,4,4.553876891600541,1,1,0.47281091218246313,0.22033626837748216,HH,0.47281092405319214,0.22033625841140747,0.1178511381149292,residual,disabled,22.0
124,1367,1,2.772937774658203,-0.8291603922843933,-0.46260103583335876,4.056466102600098,0.0,0.0,3,8,3.58351893845611,0,0,0.31403642712572494,-0.31403642712572494,HL,0.31403642892837524,-0.31403642892837524,0.0,residual,disabled,54.0
1042,1517,1,9.70726203918457,2.2990856170654297,3.292668342590332,4.107275009155273,0.0,0.0,17,1,3.58351893845611,1,1,0.007700184364779972,0.6854469961951654,HH,0.0077001843601465225,0.6854469776153564,0.24253563582897186,residual,disabled,2.0
492,1533,1,2.3499021530151367,-1.2937219142913818,-0.5498636960983276,4.1852545738220215,0.0,0.0,5,3,3.1780538303479453,0,0,0.22552334649902314,-0.22552334649902314,HL,0.22552335262298584,-0.22552335262298584,0.0,residual,disabled,32.0
972,1000,1,2.2457494735717773,-1.3714497089385986,-0.6061508655548096,4.21511697769165,0.0,0.0,3,3,2.772588722239781,0,0,0.15981025222941134,-0.15981025222941134,LL,0.15981024503707886,-0.15981024503707886,0.0,residual,disabled,26.0
468,647,1,1.9666272401809692,-1.0463824272155762,-0.6616379022598267,3.666414499282837,0.0,0.0,1,1,1.3862943611198906,0,0,0.002483473901375505,-0.002483473901375505,LL,0.0024834738578647375,-0.0024834738578647375,0.0,residual,disabled,24.0
121,1910,1,-2.495821475982666,-0.9842131733894348,-0.6616284251213074,-0.8582128882408142,0.0,0.0,4,1,2.3025850929940455,0,0,0.002536581283496064,-0.002536581283496064,LL,0.002536581363528967,-0.002536581363528967,0.0,residual,disabled,176.0
547,598,1,6.101022720336914,2.6697726249694824,-0.6640260815620422,4.087043285369873,0.0,0.0,1,26,3.9889840465642745,0,0,-0.011027840012221813,0.011027840012221813,HH,-0.011027839966118336,0.011027839966118336,0.0,residual,disabled,29.0
452,1258,1,1.8914706707000732,-1.389258623123169,-0.6616231203079224,3.934119462966919,0.0,0.0,2,1,1.791759469228055,0,0,0.0025667768776077267,-0.0025667768776077267,LL,0.0025667769368737936,-0.0025667769368737936,0.0,residual,disabled,43.0
1109,2671,1,7.457855224609375,-0.05305695906281471,3.3023648262023926,4.200314044952393,0.0,0.0,3,12,3.951243718581427,3,3,0.32077300936225667,1.0655213517576338,HH,0.32077300548553467,1.0655213594436646,0.5,residual,disabled,5.0
1365,1702,1,6.429370880126953,-0.6151218414306641,3.247946262359619,3.788313150405884,0.0,0.0,3,9,3.6888794541139367,1,1,0.361807736196368,0.33133944436357726,HH,0.3618077337741852,0.33133944869041443,0.19245009124279022,residual,disabled,13.0
326,1358,1,9.068307876586914,2.9674696922302246,2.3156187534332275,3.7769863605499268,0.0,0.0,2,139,6.040254711277414,1,1,0.3024114743739735,0.3907357061859718,HH,0.3024114668369293,0.3907357156276703,0.059976015239953995,residual,disabled,2.0
718,2059,1,1.8466112613677979,-1.389723777770996,-0.6458405256271362,3.8739426136016846,0.0,0.0,2,3,2.4849066497880004,0,0,0.07427151148220186,-0.07427151148220186,LL,0.07427151501178741,-0.07427151501178741,0.0,residual,disabled,55.0
1085,1421,1,6.169568061828613,-1.2937219142913818,3.294203519821167,4.160853385925293,0.0,0.0,3,5,3.1780538303479453,3,3,0.22552334649902314,1.1607710146208674,HH,0.22552335262298584,1.1607710123062134,0.774596631526947,residual,disabled,7.0
166,2617,1,-2.081542491912842,1.0239121913909912,-0.6616231203079224,-2.4520647525787354,0.0,0.0,1,0,0.6931471805599453,0,0,0.0025667768776077267,-0.0025667768776077267,LL,0.0025667769368737936,-0.0025667769368737936,0.0,residual,disabled,80.0
1856,2045,1,8.035051345825195,1.009849190711975,2.8746609687805176,4.142308235168457,0.0,0.0,4,27,4.941642422609304,1,1,0.5687250615168912,0.12442211904305411,HH,0.568725049495697,0.12442213296890259,0.09622504562139511,residual,disabled,44.0
307,991,1,6.392931938171387,3.452509880065918,-0.6616379022598267,3.59382700920105,0.0,0.0,0,0,0.0,0,0,0.002483473901375505,-0.002483473901375505,LL,0.0024834738578647375,-0.0024834738578647375,0.0,residual,disabled,1.0
958,1798,1,5.487866401672363,-1.2203618288040161,2.6249353885650635,4.07505989074707,0.0,0.0,2,5,2.8903717578961645,1,1,0.09507910900607243,0.5980680715538729,LH,0.09507910907268524,0.5980680584907532,0.3162277638912201,residual,disabled,58.0
1358,1568,1,9.05077075958252,2.9674696922302246,2.20782470703125,3.8672428131103516,0.0,0.0,139,2,6.040254711277414,1,1,0.3024114743739735,0.3907357061859718,HH,0.3024114668369293,0.3907357156276703,0.059976015239953995,residual,disabled,25.0
1501,2228,1,6.1292219161987305,-1.1990232467651367,3.2606871128082275,4.059324741363525,0.0,0.0,6,3,3.332204510175204,1,1,0.295747045488935,0.3974001350710103,HH,0.2957470417022705,0.3974001407623291,0.2357022762298584,residual,disabled,9.0
14,2668,1,5.793042182922363,-1.3397183418273926,2.9646308422088623,4.1598968505859375,0.0,0.0,4,3,2.995732273553991,1,1,0.18602303754564287,0.5071241430143024,HH,0.1860230416059494,0.507124125957489,0.28867512941360474,residual,disabled,17.0
1038,1358,1,6.645241737365723,2.860663890838623,-0.08723604679107666,3.8635807037353516,0.0,0.0,3,139,6.327936783729195,0,0,0.5962537633065377,-0.5962537633065377,HL,0.5962537527084351,-0.5962537527084351,0.0,residual,disabled,146.0
1385,2335,1,1.987951397895813,-1.2203618288040161,-0.6374170780181885,3.8374972343444824,0.0,0.0,2,5,2.8903717578961645,0,0,0.09507910900607243,-0.09507910900607243,LL,0.09507910907268524,-0.09507910907268524,0.0,residual,disabled,42.0
647,904,1,3.350632429122925,-0.11799749732017517,-0.6609424352645874,4.121339321136475,0.0,0.0,1,6,2.6390573296152584,0,0,0.006401163194461921,-0.006401163194461921,LL,0.006401163060218096,-0.006401163060218096,0.0,residual,disabled,17.0
1849,1914,1,4.257804870605469,0.3031396269798279,-0.11517886817455292,4.061611175537109,0.0,0.0,5,22,4.927253685157204,0,0,0.5779234037185782,-0.5779234037185782,HL,0.5779234170913696,-0.5779234170913696,0.0,residual,disabled,80.0
1773,1780,1,2.1341569423675537,-1.31488037109375,-0.6374170780181885,4.078221321105957,0.0,0.0,4,2,2.70805020110221,0,0,0.09507910900607243,-0.09507910900607243,LL,0.09507910907268524,-0.09507910907268524,0.0,residual,disabled,79.0
306,656,1,10.037131309509277,2.8064887523651123,3.051478147506714,4.170930862426758,0.0,0.0,64,2,5.272999558563747,2,2,0.22027006945527555,0.8783422192128343,HH,0.2202700674533844,0.8783422708511353,0.1767766922712326,residual,disabled,3.0
1351,1535,1,2.6544198989868164,-1.134115219116211,-0.2501855492591858,4.030487537384033,0.0,0.0,8,5,3.9889840465642745,0,0,0.4855470978437046,-0.4855470978437046,HL,0.48554709553718567,-0.48554709553718567,0.0,residual,disabled,66.0
2457,2458,1,6.217306613922119,-1.221219539642334,3.2910375595092773,4.139255523681641,0.0,0.0,3,1,2.0794415416798357,1,1,0.002679459971092827,0.6904677205888524,LH,0.002679459983482957,0.6904677152633667,0.5773502588272095,residual,disabled,3.0
109,1805,1,5.229412078857422,1.5903565883636475,-0.5287089943885803,4.159531116485596,0.0,0.0,28,3,4.7535901911063645,0,0,0.2474640255978244,-0.2474640255978244,HL,0.24746403098106384,-0.24746403098106384,0.0,residual,disabled,9.0
907,1351,1,-0.9303041696548462,1.5189414024353027,-0.6616859436035156,-1.7957926988601685,0.0,0.0,0,8,2.1972245773362196,0,0,0.0022128532902202114,-0.0022128532902202114,LL,0.002212853403761983,-0.002212853403761983,0.0,residual,disabled,65.0
748,1617,1,3.1823456287384033,1.6040122509002686,-0.6618178486824036,2.2319180965423584,0.0,0.0,10,0,2.3978952727983707,0,0,0.0014682163898236727,-0.0014682163898236727,LL,0.0014682164182886481,-0.0014682164182886481,0.0,residual,disabled,150.0
1357,2170,1,1.0748263597488403,-1.0463824272155762,-0.6616379022598267,2.774613618850708,0.0,0.0,1,1,1.3862943611198906,0,0,0.002483473901375505,-0.002483473901375505,LL,0.0024834738578647375,-0.0024834738578647375,0.0,residual,disabled,68.0
645,1495,1,3.043348550796509,0.4743700921535492,-0.5915213823318481,3.15226674079895,0.0,0.0,11,2,3.58351893845611,0,0,0.18117393408101218,-0.18117393408101218,HL,0.18117393553256989,-0.18117393553256989,0.0,residual,disabled,75.0
56,1849,1,6.140618801116943,-1.2203618288040161,3.248544692993164,4.104202747344971,0.0,0.0,2,5,2.8903717578961645,2,2,0.09507910900607243,1.0035331796620373,LH,0.09507910907268524,1.0035332441329956,0.6324555277824402,residual,disabled,4.0
743,1570,1,1.1982455253601074,-0.6210997700691223,-0.6613830924034119,2.4724953174591064,0.0,0.0,5,1,2.4849066497880004,0,0,0.003920084665472663,-0.003920084665472663,LL,0.003920084796845913,-0.003920084796845913,0.0,residual,disabled,92.99999999999999
8,281,1,2.8733813762664795,-0.6210997700691223,-0.6613830924034119,4.1476311683654785,0.0,0.0,1,5,2.4849066497880004,0,0,0.003920084665472663,-0.003920084665472663,LL,0.003920084796845913,-0.003920084796845913,0.0,residual,disabled,4.0
598,1301,1,3.164417028427124,0.943117082118988,-0.21186494827270508,2.424931764602661,0.0,0.0,26,4,4.90527477843843,0,0,0.5121098978044188,-0.5121098978044188,HL,0.5121098756790161,-0.5121098756790161,0.0,residual,disabled,97.0
1388,2181,1,6.173411846160889,-1.3294199705123901,3.2939672470092773,4.200631618499756,0.0,0.0,4,4,3.2188758248682006,1,1,0.2842516161783053,0.40889556438164,HH,0.2842516303062439,0.4088955521583557,0.25,residual,disabled,16.0
1818,2305,1,6.087244033813477,-1.3397183418273926,3.292731285095215,4.125998020172119,0.0,0.0,3,4,2.995732273553991,1,1,0.18602303754564287,0.5071241430143024,HH,0.1860230416059494,0.507124125957489,0.28867512941360474,residual,disabled,6.0
2228,2394,1,7.646293640136719,0.2664097249507904,3.2605199813842773,4.111131191253662,0.0,0.0,3,14,4.0943445622221,1,1,0.3512116285679379,0.34193555199200737,HH,0.35121163725852966,0.34193554520606995,0.15430335700511932,residual,disabled,7.0
2303,2541,1,-1.6586425304412842,-1.389258623123169,-0.6616231203079224,0.3840063214302063,0.0,0.0,2,1,1.791759469228055,0,0,0.0025667768776077267,-0.0025667768776077267,LL,0.0025667769368737936,-0.0025667769368737936,0.0,residual,disabled,109.0
661,1879,1,1.1476417779922485,-0.05305695906281471,-0.4556736946105957,1.6481393575668335,0.0,0.0,12,3,3.951243718581427,0,0,0.32077300936225667,-0.32077300936225667,HL,0.32077300548553467,-0.32077300548553467,0.0,residual,disabled,127.0
1395,2072,1,1.0979950428009033,-1.31488037109375,-0.6374170780181885,3.0420594215393066,0.0,0.0,4,2,2.70805020110221,0,0,0.09507910900607243,-0.09507910900607243,LL,0.09507910907268524,-0.09507910907268524,0.0,residual,disabled,42.0
1091,2176,1,6.472970962524414,-0.9695871472358704,3.2054872512817383,4.228837490081787,0.0,0.0,2,6,3.044522437723423,2,2,0.09993231907971788,0.9986799695883919,HH,0.09993232041597366,0.9986799955368042,0.5773502588272095,residual,disabled,1.0
387,2191,1,-3.4863531589508057,0.8975906372070312,-0.6617958545684814,-3.7303810119628906,0.0,0.0,2,0,1.0986122886681098,0,0,0.001592483837966117,-0.001592483837966117,LL,0.0015924838371574879,-0.0015924838371574879,0.0,residual,disabled,271.0
1300,2508,1,6.499446868896484,-0.9695871472358704,3.2675018310546875,4.193298816680908,0.0,0.0,6,2,3.044522437723423,1,1,0.09993231907971788,0.5932148614802274,HH,0.09993232041597366,0.5932148694992065,0.28867512941360474,residual,disabled,7.0
926,1862,1,0.3462613523006439,1.0449187755584717,-0.6617758274078369,-0.04511462152004242,0.0,0.0,0,3,1.3862943611198906,0,0,0.0017051669314512175,-0.0017051669314512175,LL,0.0017051668837666512,-0.0017051668837666512,0.0,residual,disabled,130.0
1125,2332,1,1.7136404514312744,-1.389258623123169,-0.6616231203079224,3.75628924369812,0.0,0.0,1,2,1.791759469228055,0,0,0.0025667768776077267,-0.0025667768776077267,LL,0.0025667769368737936,-0.0025667769368737936,0.0,residual,disabled,30.0
577,2351,1,6.311714172363281,-1.1654354333877563,3.2934927940368652,4.175423622131348,0.0,0.0,7,4,3.688879454113936,2,2,0.4092811700187469,0.6893311186493629,HH,0.4092811644077301,0.6893311738967896,0.37796449661254883,residual,disabled,4.0
45,2667,1,5.9157938957214355,-1.298426866531372,3.0942533016204834,4.111734390258789,0.0,0.0,5,5,3.58351893845611,1,1,0.3664462099481818,0.3267009706117635,HH,0.36644619703292847,0.32670098543167114,0.20000000298023224,residual,disabled,16.0
1273,2125,1,6.422451019287109,-1.0478382110595703,3.3051774501800537,4.156878471374512,0.0,0.0,7,3,3.465735902799726,3,3,0.31951830065715553,1.066776060462735,HH,0.3195182979106903,1.0667760372161865,0.6546536684036255,residual,disabled,7.0
2045,2047,1,2.918982982635498,2.6938281059265137,-0.6492077112197876,0.866129457950592,0.0,0.0,27,1,4.025351690735149,0,0,0.06306873591422772,-0.06306873591422772,HL,0.06306873261928558,-0.06306873261928558,0.0,residual,disabled,148.0
341,2045,1,-0.8187192678451538,1.5326581001281738,-0.45696377754211426,-1.9026466608047485,0.0,0.0,3,27,4.718498871295094,0,0,0.3195190468888935,-0.3195190468888935,HL,0.31951904296875,-0.31951904296875,0.0,residual,disabled,222.0
6,1042,1,5.050796031951904,1.4272950887680054,-0.519347071647644,4.134614944458008,0.0,0.0,2,17,3.9889840465642745,0,0,0.257133548881196,-0.257133548881196,HL,0.2571335434913635,-0.2571335434913635,0.0,residual,disabled,55.0
1920,1926,1,5.712543487548828,-1.1990232467651367,3.2657546997070312,3.6375789642333984,0.0,0.0,3,6,3.332204510175204,1,1,0.295747045488935,0.3974001350710103,HH,0.2957470417022705,0.3974001407623291,0.2357022762298584,residual,disabled,29.0
1568,1729,1,1.9608983993530273,-1.31488037109375,-0.6374170780181885,3.9049627780914307,0.0,0.0,2,4,2.70805020110221,0,0,0.09507910900607243,-0.09507910900607243,LL,0.09507910907268524,-0.09507910907268524,0.0,residual,disabled,156.0
360,1824,1,3.3200137615203857,-0.11799749732017517,-0.6609424352645874,4.0907206535339355,0.0,0.0,1,6,2.6390573296152584,0,0,0.006401163194461921,-0.006401163194461921,LL,0.006401163060218096,-0.006401163060218096,0.0,residual,disabled,8.0
482,2308,1,2.2957730293273926,-1.1990232467651367,-0.48136579990386963,3.9679291248321533,0.0,0.0,6,3,3.332204510175204,0,0,0.295747045488935,-0.295747045488935,HL,0.2957470417022705,-0.2957470417022705,0.0,residual,disabled,33.0
1522,1697,1,1.4511139392852783,-1.389723777770996,-0.6458405256271362,3.478445291519165,0.0,0.0,2,3,2.4849066497880004,0,0,0.07427151148220186,-0.07427151148220186,LL,0.07427151501178741,-0.07427151501178741,0.0,residual,disabled,75.0
741,1088,1,2.197019338607788,-1.221219539642334,-0.6616032123565674,4.071609020233154,0.0,0.0,3,1,2.0794415416798357,0,0,0.002679459971092827,-0.002679459971092827,LL,0.002679459983482957,-0.002679459983482957,0.0,residual,disabled,27.0
1191,1558,1,5.919093132019043,-0.6555263996124268,2.543917655944824,4.022468566894531,0.0,0.0,2,7,3.1780538303479453,1,1,0.09682951278185134,0.5963176677780939,HH,0.09682951122522354,0.5963176488876343,0.26726123690605164,residual,disabled,6.0
306,2078,1,9.514630317687988,2.8064887523651123,3.0466699600219727,3.65323805809021,0.0,0.0,64,2,5.272999558563747,1,1,0.22027006945527555,0.47287711110466973,HH,0.2202700674533844,0.4728771150112152,0.0883883461356163,residual,disabled,25.0
86,2295,1,-4.455237865447998,-1.389723777770996,-0.6458405256271362,-2.4279065132141113,0.0,0.0,2,3,2.4849066497880004,0,0,0.07427151148220186,-0.07427151148220186,LL,0.07427151501178741,-0.07427151501178741,0.0,residual,disabled,235.0
364,1632,1,6.392546653747559,-0.025431040674448013,2.3051717281341553,4.1045732498168945,0.0,0.0,9,2,3.401197381662156,1,1,0.12967205327110548,0.5634751272888399,HH,0.12967205047607422,0.5634751319885254,0.2357022762298584,residual,disabled,7.0
1358,1742,1,7.521620750427246,1.4043906927108765,2.1564438343048096,3.9525530338287354,0.0,0.0,139,12,7.50659178007084,2,2,1.720593176226104,-0.6219808875579942,HL,1.7205932140350342,-0.6219809055328369,0.048970211297273636,residual,disabled,126.0
109,176,1,1.4673298597335815,2.211538791656494,-0.6375294923782349,-0.1149124801158905,0.0,0.0,28,2,4.465908118654584,0,0,0.0948206319924906,-0.0948206319924906,HL,0.09482063353061676,-0.09482063353061676,0.0,residual,disabled,224.0
52,2053,1,2.514981746673584,-0.9842131733894348,-0.6616284251213074,4.152590274810791,0.0,0.0,4,1,2.3025850929940455,0,0,0.002536581283496064,-0.002536581283496064,LL,0.002536581363528967,-0.002536581363528967,0.0,residual,disabled,39.0
1240,2237,1,2.1909782886505127,-1.31488037109375,-0.6374170780181885,4.135042667388916,0.0,0.0,4,2,2.70805020110221,0,0,0.09507910900607243,-0.09507910900607243,LL,0.09507910907268524,-0.09507910907268524,0.0,residual,disabled,18.0
779,1370,1,2.376375913619995,-1.298426866531372,-0.4054431915283203,4.072012901306152,0.0,0.0,5,5,3.58351893845611,0,0,0.3664462099481818,-0.3664462099481818,HL,0.36644619703292847,-0.36644619703292847,0.0,residual,disabled,10.0
2509,2519,1,5.826782703399658,-1.31488037109375,2.9445924758911133,4.18883752822876,0.0,0.0,4,2,2.70805020110221,1,1,0.09507910900607243,0.5980680715538729,LH,0.09507910907268524,0.5980680584907532,0.3535533845424652,residual,disabled,10.0
71,1986,1,-2.3624582290649414,1.9800071716308594,-0.6677985191345215,-3.6828999519348145,0.0,0.0,0,55,4.02535169073515,0,0,-0.03377005795343527,0.03377005795343527,HH,-0.033770058304071426,0.033770058304071426,0.0,residual,disabled,280.0
2139,2140,1,2.1314291954040527,-1.3714497089385986,-0.6061508655548096,4.100796699523926,0.0,0.0,3,3,2.772588722239781,0,0,0.15981025222941134,-0.15981025222941134,LL,0.15981024503707886,-0.15981024503707886,0.0,residual,disabled,21.0
249,621,1,5.850967884063721,-1.3786498308181763,3.232459545135498,3.988924980163574,0.0,0.0,2,2,2.1972245773362196,1,1,0.06396091467381823,0.629186265886127,LH,0.06396091729402542,0.6291862726211548,0.5,residual,disabled,10.0
1194,1366,1,4.386617660522461,0.8975906372070312,-0.6617958545684814,4.142589569091797,0.0,0.0,0,2,1.0986122886681098,0,0,0.001592483837966117,-0.001592483837966117,LL,0.0015924838371574879,-0.0015924838371574879,0.0,residual,disabled,13.0
963,2400,1,9.716341972351074,2.220001220703125,3.2873432636260986,4.200764179229736,0.0,0.0,16,1,3.5263605246161616,1,1,0.003285002945769245,0.689862177614176,HH,0.0032850028946995735,0.6898621916770935,0.25,residual,disabled,2.0
649,1457,1,-3.5515432357788086,1.0239121913909912,-0.6616231203079224,-3.922065496444702,0.0,0.0,0,1,0.6931471805599453,0,0,0.0025667768776077267,-0.0025667768776077267,LL,0.0025667769368737936,-0.0025667769368737936,0.0,residual,disabled,267.0
873,1358,1,2.486114501953125,2.860663890838623,3.056879997253418,-3.439662456512451,0.0,0.0,3,139,6.327936783729195,1,1,0.5962537633065377,0.09689341725340761,HH,0.5962537527084351,0.09689342975616455,0.048970211297273636,residual,disabled,218.0
152,2238,1,6.636009216308594,-0.8291603922843933,3.280139446258545,4.176797389984131,0.0,0.0,3,8,3.58351893845611,1,1,0.31403642712572494,0.37911075343422035,HH,0.31403642892837524,0.37911075353622437,0.20412413775920868,residual,disabled,3.0
438,1985,1,2.057025909423828,-1.221219539642334,-0.6616032123565674,3.9316155910491943,0.0,0.0,3,1,2.0794415416798357,0,0,0.002679459971092827,-0.002679459971092827,LL,0.002679459983482957,-0.002679459983482957,0.0,residual,disabled,38.0
241,1441,1,1.6611547470092773,1.7619017362594604,-0.6609717011451721,0.5519917011260986,0.0,0.0,0,17,2.8903717578961645,0,0,0.006236131996241855,-0.006236131996241855,LL,0.006236131768673658,-0.006236131768673658,0.0,residual,disabled,62.0
876,2168,1,2.173842430114746,-1.2937219142913818,-0.5498636960983276,4.009194850921631,0.0,0.0,3,5,3.1780538303479453,0,0,0.22552334649902314,-0.22552334649902314,HL,0.22552335262298584,-0.22552335262298584,0.0,residual,disabled,56.0
1013,1120,1,8.150790214538574,1.131909966468811,3.1066598892211914,3.903987407684326,0.0,0.0,29,4,5.0106352940962555,1,1,0.22445065056199184,0.4686965299979534,HH,0.22445064783096313,0.4686965346336365,0.09284766763448715,residual,disabled,22.0
315,1602,1,2.6680870056152344,-1.1654354333877563,-0.3540949821472168,4.179384231567383,0.0,0.0,4,7,3.688879454113936,0,0,0.4092811700187469,-0.4092811700187469,HL,0.4092811644077301,-0.4092811644077301,0.0,residual,disabled,61.0
889,1832,1,-3.2674498558044434,1.0449187755584717,-0.6617758274078369,-3.6588258743286133,0.0,0.0,3,0,1.3862943611198906,0,0,0.0017051669314512175,-0.0017051669314512175,LL,0.0017051668837666512,-0.0017051668837666512,0.0,residual,disabled,164.0
404,1170,1,6.412509441375732,-1.0463824272155762,3.2782840728759766,4.172374725341797,0.0,0.0,1,1,1.3862943611198906,1,1,0.002483473901375505,0.6906637066585698,LH,0.0024834738578647375,0.6906636953353882,1.0,residual,disabled,1.0
154,1358,1,8.061368942260742,1.6429849863052368,2.553736925125122,3.8564140796661377,0.0,0.0,10,139,7.3395376954076745,7,7,1.0392202095811933,1.0402213320986424,HH,1.0392202138900757,1.0402213335037231,0.18775463104248047,residual,disabled,103.00000000000001
1623,1767,1,10.03946590423584,2.8283166885375977,3.1391828060150146,4.063733100891113,0.0,0.0,36,1,4.304065093204169,1,1,-0.0016739614614515981,0.6948211420213969,HH,-0.0016739614075049758,0.6948211193084717,0.1666666716337204,residual,disabled,1.0
606,1666,1,-4.38900089263916,-1.3294199705123901,-0.49297451972961426,-2.5748393535614014,0.0,0.0,4,4,3.2188758248682006,0,0,0.2842516161783053,-0.2842516161783053,HL,0.2842516303062439,-0.2842516303062439,0.0,residual,disabled,244.0
155,1358,1,6.305228233337402,2.4767940044403076,3.306558132171631,0.513643205165863,0.0,0.0,5,139,6.733401891837358,3,3,0.6801114887286566,0.706182872391234,HH,0.6801114678382874,0.7061828970909119,0.11379648745059967,residual,disabled,160.0
354,1803,1,5.845516204833984,-1.389723777770996,3.0840084552764893,4.142998218536377,0.0,0.0,2,3,2.4849066497880004,1,1,0.07427151148220186,0.6188756690777434,LH,0.07427151501178741,0.6188756823539734,0.40824827551841736,residual,disabled,6.0
738,2162,1,5.725707054138184,-1.3397183418273926,3.207312822341919,3.849879741668701,0.0,0.0,3,4,2.995732273553991,1,1,0.18602303754564287,0.5071241430143024,HH,0.1860230416059494,0.507124125957489,0.28867512941360474,residual,disabled,26.0
1421,1975,1,6.125058174133301,-1.298426866531372,3.299442768096924,4.115808963775635,0.0,0.0,5,5,3.58351893845611,2,2,0.3664462099481818,0.732166078719928,HH,0.36644619703292847,0.7321661114692688,0.4000000059604645,residual,disabled,8.0
1844,2276,1,5.845993995666504,-1.389258623123169,3.223484992980957,4.003534317016602,0.0,0.0,1,2,1.791759469228055,1,1,0.0025667768776077267,0.6905804036823375,LH,0.0025667769368737936,0.690580427646637,0.7071067690849304,residual,disabled,12.0
1526,1977,1,2.4749813079833984,-0.11799749732017517,-0.6609424352645874,3.2456881999969482,0.0,0.0,6,1,2.6390573296152584,0,0,0.006401163194461921,-0.006401163194461921,LL,0.006401163060218096,-0.006401163060218096,0.0,residual,disabled,62.0
171,775,1,2.076323986053467,-1.3786498308181763,-0.6489906311035156,4.095731258392334,0.0,0.0,2,2,2.1972245773362196,0,0,0.06396091467381823,-0.06396091467381823,LL,0.06396091729402542,-0.06396091729402542,0.0,residual,disabled,33.0
1752,1754,1,4.803559303283691,-1.389723777770996,2.218566656112671,3.9664833545684814,0.0,0.0,2,3,2.4849066497880004,2,2,0.07427151148220186,1.0243407771859079,LH,0.07427151501178741,1.0243407487869263,0.8164965510368347,residual,disabled,35.0
331,2480,1,1.642021894454956,-1.389258623123169,-0.6616231203079224,3.6846706867218018,0.0,0.0,1,2,1.791759469228055,0,0,0.0025667768776077267,-0.0025667768776077267,LL,0.0025667769368737936,-0.0025667769368737936,0.0,residual,disabled,32.0
1015,1452,1,4.185186386108398,0.6830545663833618,-0.5948536396026611,4.088752269744873,0.0,0.0,12,2,3.6635616461296463,0,0,0.17653506637630972,-0.17653506637630972,HL,0.17653506994247437,-0.17653506994247437,0.0,residual,disabled,33.0
1206,2671,1,5.186374664306641,1.6643892526626587,-0.6631816625595093,4.176933765411377,0.0,0.0,0,12,2.5649493574615367,0,0,-0.006243055183185751,0.006243055183185751,LH,-0.00624305522069335,0.00624305522069335,0.0,residual,disabled,13.0
1136,1189,1,5.17990779876709,-1.3397183418273926,2.3645966053009033,4.146796703338623,0.0,0.0,3,4,2.995732273553991,2,2,0.18602303754564287,0.9125892511224669,HH,0.1860230416059494,0.9125892519950867,0.5773502588272095,residual,disabled,17.0
1469,2590,1,6.461139678955078,-0.9695871472358704,3.3124771118164062,4.110016345977783,0.0,0.0,6,2,3.044522437723423,1,1,0.09993231907971788,0.5932148614802274,HH,0.09993232041597366,0.5932148694992065,0.28867512941360474,residual,disabled,8.0
332,2122,1,2.6260476112365723,-1.1654354333877563,-0.3540949821472168,4.137344837188721,0.0,0.0,4,7,3.688879454113936,0,0,0.4092811700187469,-0.4092811700187469,HL,0.4092811644077301,-0.4092811644077301,0.0,residual,disabled,14.0
306,2086,1,6.242016792297363,2.4981093406677246,-0.37744778394699097,4.11312198638916,0.0,0.0,64,3,5.560681631015528,0,0,0.3910899774469028,-0.3910899774469028,HL,0.3910899758338928,-0.3910899758338928,0.0,residual,disabled,104.0
177,726,1,2.1581783294677734,-1.3786498308181763,-0.6489906311035156,4.177585601806641,0.0,0.0,2,2,2.1972245773362196,0,0,0.06396091467381823,-0.06396091467381823,LL,0.06396091729402542,-0.06396091729402542,0.0,residual,disabled,17.0
486,2668,1,5.872639179229736,-1.3714497089385986,3.0761001110076904,4.159755706787109,0.0,0.0,3,3,2.772588722239781,1,1,0.15981025222941134,0.5333369283305339,LH,0.15981024503707886,0.5333369374275208,0.3333333432674408,residual,disabled,13.0
242,2280,1,5.9686055183410645,-1.3714497089385986,3.23036789894104,4.101454257965088,0.0,0.0,3,3,2.772588722239781,2,2,0.15981025222941134,0.9388020364386984,LH,0.15981024503707886,0.9388020634651184,0.6666666865348816,residual,disabled,14.0
33,698,1,6.219241142272949,-1.1654354333877563,3.226534843444824,4.149908542633057,0.0,0.0,7,4,3.688879454113936,2,2,0.4092811700187469,0.6893311186493629,HH,0.4092811644077301,0.6893311738967896,0.37796449661254883,residual,disabled,2.0
231,551,1,-2.5328528881073,1.5189414024353027,-0.6616859436035156,-3.398341417312622,0.0,0.0,8,0,2.1972245773362196,0,0,0.0022128532902202114,-0.0022128532902202114,LL,0.002212853403761983,-0.002212853403761983,0.0,residual,disabled,255.0
1026,1303,1,1.6908262968063354,-1.3397183418273926,-0.5876129865646362,3.609924554824829,0.0,0.0,3,4,2.995732273553991,0,0,0.18602303754564287,-0.18602303754564287,HL,0.1860230416059494,-0.1860230416059494,0.0,residual,disabled,72.0
964,965,1,2.3502635955810547,-1.2203618288040161,-0.6374170780181885,4.199809551239014,0.0,0.0,5,2,2.8903717578961645,0,0,0.09507910900607243,-0.09507910900607243,LL,0.09507910907268524,-0.09507910907268524,0.0,residual,disabled,32.0
277,973,1,1.0023561716079712,-0.15636634826660156,-0.29080531001091003,1.44129478931427,0.0,0.0,4,14,4.31748811353631,0,0,0.4564122585269044,-0.4564122585269044,HL,0.45641225576400757,-0.45641225576400757,0.0,residual,disabled,58.0
1289,1705,1,-2.297281265258789,-1.389258623123169,-0.6616231203079224,-0.2546325922012329,0.0,0.0,1,2,1.791759469228055,0,0,0.0025667768776077267,-0.0025667768776077267,LL,0.0025667769368737936,-0.0025667769368737936,0.0,residual,disabled,108.0
371,1354,1,2.4826102256774902,-1.1990232467651367,-0.48136579990386963,4.154766082763672,0.0,0.0,6,3,3.332204510175204,0,0,0.295747045488935,-0.295747045488935,HL,0.2957470417022705,-0.2957470417022705,0.0,residual,disabled,44.0
1042,2052,1,8.064312934875488,0.6813010573387146,3.285843849182129,4.088935375213623,0.0,0.0,17,3,4.276666119016055,2,2,0.3753222375214932,0.7232900511466166,HH,0.37532222270965576,0.7232900857925415,0.28005602955818176,residual,disabled,14.0
372,1834,1,2.0225653648376465,-1.31488037109375,-0.6374170780181885,3.96662974357605,0.0,0.0,2,4,2.70805020110221,0,0,0.09507910900607243,-0.09507910900607243,LL,0.09507910907268524,-0.09507910907268524,0.0,residual,disabled,47.0
541,647,1,2.247971296310425,-1.221219539642334,-0.6616032123565674,4.122560977935791,0.0,0.0,3,1,2.0794415416798357,0,0,0.002679459971092827,-0.002679459971092827,LL,0.002679459983482957,-0.002679459983482957,0.0,residual,disabled,17.0
297,899,1,1.5011141300201416,-1.3714497089385986,-0.6061508655548096,3.4704816341400146,0.0,0.0,3,3,2.772588722239781,0,0,0.15981025222941134,-0.15981025222941134,LL,0.15981024503707886,-0.15981024503707886,0.0,residual,disabled,70.0
13,1701,1,6.040512561798096,2.9324779510498047,-0.6584909558296204,3.7582924365997314,0.0,0.0,1,65,4.882801922586371,0,0,0.020145318105689636,-0.020145318105689636,HL,0.020145317539572716,-0.020145317539572716,0.0,residual,disabled,67.0
210,1671,1,6.258058547973633,-1.0478382110595703,3.2270874977111816,4.070576190948486,0.0,0.0,7,3,3.465735902799726,1,1,0.31951830065715553,0.37362887990278976,HH,0.3195182979106903,0.3736288845539093,0.2182178795337677,residual,disabled,12.0
1709,1739,1,2.289620876312256,-1.1990232467651367,-0.48136579990386963,3.9617769718170166,0.0,0.0,3,6,3.332204510175204,0,0,0.295747045488935,-0.295747045488935,HL,0.2957470417022705,-0.2957470417022705,0.0,residual,disabled,22.0
876,1358,1,8.426063537597656,2.860663890838623,2.35453724861145,3.2026288509368896,0.0,0.0,3,139,6.327936783729195,1,1,0.5962537633065377,0.09689341725340761,HH,0.5962537527084351,0.09689342975616455,0.048970211297273636,residual,disabled,89.0
725,1652,1,1.1953688859939575,-1.3294199705123901,-0.49297451972961426,3.0095303058624268,0.0,0.0,4,4,3.2188758248682006,0,0,0.2842516161783053,-0.2842516161783053,HL,0.2842516303062439,-0.2842516303062439,0.0,residual,disabled,97.0
1624,1705,1,4.924729347229004,1.3083508014678955,-0.5626522302627563,4.170797824859619,0.0,0.0,16,2,3.931825632724326,0,0,0.21219425699455913,-0.21219425699455913,HL,0.2121942639350891,-0.2121942639350891,0.0,residual,disabled,115.0
2382,2383,1,7.0452117919921875,-0.32378941774368286,3.2740800380706787,4.086688041687012,0.0,0.0,2,8,3.295836866004329,1,1,0.12967205327110548,0.5634751272888399,HH,0.12967205047607422,0.5634751319885254,0.25,residual,disabled,2.0
1257,2677,1,5.559599876403809,2.028008460998535,-0.6600931882858276,4.1834516525268555,0.0,0.0,14,1,3.4011973816621555,0,0,0.011174017424812204,-0.011174017424812204,HL,0.011174017563462257,-0.011174017563462257,0.0,residual,disabled,23.0
1282,1776,1,6.216949462890625,-0.5814029574394226,2.8715126514434814,3.9186065196990967,0.0,0.0,4,11,4.0943445622221,1,1,0.4367082177118159,0.2564389628481294,HH,0.4367082118988037,0.2564389705657959,0.15075567364692688,residual,disabled,16.0
681,1445,1,6.185611724853516,-1.221219539642334,3.235427141189575,4.163171291351318,0.0,0.0,3,1,2.0794415416798357,1,1,0.002679459971092827,0.6904677205888524,LH,0.002679459983482957,0.6904677152633667,0.5773502588272095,residual,disabled,1.0
513,1528,1,2.338632345199585,-0.9842131733894348,-0.6616284251213074,3.976240873336792,0.0,0.0,1,4,2.3025850929940455,0,0,0.002536581283496064,-0.002536581283496064,LL,0.002536581363528967,-0.002536581363528967,0.0,residual,disabled,38.0
310,1950,1,6.422122955322266,-1.0151132345199585,3.2594032287597656,4.169600009918213,0.0,0.0,15,13,5.4116460518550396,8,8,0.9840730042878254,1.2131515730483942,HH,0.9840729832649231,1.2131516933441162,0.572891891002655,residual,disabled,25.0
88,696,1,0.8239529728889465,2.3220627307891846,-0.6301338076591492,-0.8762089610099792,0.0,0.0,31,2,4.564348191467836,0,0,0.11159319800623856,-0.11159319800623856,HL,0.11159319430589676,-0.11159319430589676,0.0,residual,disabled,52.0
832,2600,1,6.316976547241211,3.452509880065918,-0.6616379022598267,3.517871618270874,0.0,0.0,0,0,0.0,0,0,0.002483473901375505,-0.002483473901375505,LL,0.0024834738578647375,-0.0024834738578647375,0.0,residual,disabled,1.0
1731,1755,1,4.696868896484375,-1.31488037109375,2.056492328643799,3.947023868560791,0.0,0.0,4,2,2.70805020110221,1,1,0.09507910900607243,0.5980680715538729,LH,0.09507910907268524,0.5980680584907532,0.3535533845424652,residual,disabled,47.0
291,1692,1,5.209823131561279,1.7760792970657349,-0.6609717011451721,4.086482524871826,0.0,0.0,0,18,2.9444389791664403,0,0,0.006236131996241855,-0.006236131996241855,LL,0.006236131768673658,-0.006236131768673658,0.0,residual,disabled,13.0
876,2584,1,3.5235626697540283,1.0449187755584717,-0.6617758274078369,3.1321866512298584,0.0,0.0,3,0,1.3862943611198906,0,0,0.0017051669314512175,-0.0017051669314512175,LL,0.0017051668837666512,-0.0017051668837666512,0.0,residual,disabled,45.0
51,1392,1,6.2705559730529785,-1.2203618288040161,3.29074764251709,4.19193696975708,0.0,0.0,5,2,2.8903717578961645,1,1,0.09507910900607243,0.5980680715538729,LH,0.09507910907268524,0.5980680584907532,0.3162277638912201,residual,disabled,4.0
1254,1308,1,2.0107364654541016,-1.389258623123169,-0.6616231203079224,4.053385257720947,0.0,0.0,1,2,1.791759469228055,0,0,0.0025667768776077267,-0.0025667768776077267,LL,0.0025667769368737936,-0.0025667769368737936,0.0,residual,disabled,59.0
124,306,1,9.438944816589355,2.4981093406677246,2.9460084438323975,3.9865939617156982,0.0,0.0,3,64,5.560681631015528,1,1,0.3910899774469028,0.30205720311304246,HH,0.3910899758338928,0.3020572066307068,0.07216878235340118,residual,disabled,29.0
571,696,1,-0.1937132030725479,0.8975906372070312,-0.6617958545684814,-0.4377410411834717,0.0,0.0,0,2,1.0986122886681098,0,0,0.001592483837966117,-0.001592483837966117,LL,0.0015924838371574879,-0.0015924838371574879,0.0,residual,disabled,51.0
426,1789,1,2.312483072280884,-1.243704915046692,-0.403886616230011,3.9518415927886963,0.0,0.0,6,4,3.5553480614894135,0,0,0.3678477635670827,-0.3678477635670827,HL,0.3678477704524994,-0.3678477704524994,0.0,residual,disabled,45.0
2001,2335,1,3.246403694152832,-0.4368501603603363,-0.121384397149086,3.79640531539917,0.0,0.0,14,5,4.499809670330265,0,0,0.5737341020377579,-0.5737341020377579,HL,0.5737341046333313,-0.5737341046333313,0.0,residual,disabled,55.0
36,1552,1,5.899566650390625,-1.243704915046692,2.979550838470459,4.155487537384033,0.0,0.0,6,4,3.5553480614894135,1,1,0.3678477635670827,0.3252994169928626,HH,0.3678477704524994,0.3252994120121002,0.20412413775920868,residual,disabled,8.0
217,2473,1,1.6772634983062744,-1.389258623123169,-0.6616231203079224,3.71991229057312,0.0,0.0,2,1,1.791759469228055,0,0,0.0025667768776077267,-0.0025667768776077267,LL,0.0025667769368737936,-0.0025667769368737936,0.0,residual,disabled,21.0
2164,2217,1,2.2095224857330322,-1.221219539642334,-0.6616032123565674,4.084112167358398,0.0,0.0,1,3,2.0794415416798357,0,0,0.002679459971092827,-0.002679459971092827,LL,0.002679459983482957,-0.002679459983482957,0.0,residual,disabled,26.0
1701,1867,1,8.994710922241211,2.8116581439971924,3.2555007934570312,2.9193193912506104,0.0,0.0,65,2,5.288267030694535,1,1,0.12368596641301963,0.5694612141469256,HH,0.12368596345186234,0.5694612264633179,0.08770579844713211,residual,disabled,21.0
549,1497,1,2.017219066619873,1.0449187755584717,-0.6617758274078369,1.6258429288864136,0.0,0.0,3,0,1.3862943611198906,0,0,0.0017051669314512175,-0.0017051669314512175,LL,0.0017051668837666512,-0.0017051668837666512,0.0,residual,disabled,56.0
308,1670,1,2.092586040496826,-1.389723777770996,-0.6458405256271362,4.119917392730713,0.0,0.0,3,2,2.4849066497880004,0,0,0.07427151148220186,-0.07427151148220186,LL,0.07427151501178741,-0.07427151501178741,0.0,residual,disabled,71.0
1102,2464,1,6.625767707824707,-0.9056309461593628,3.2964515686035156,4.226714134216309,0.0,0.0,4,9,3.9120230054281464,4,4,0.42142500762192203,1.1880129048121781,HH,0.4214250147342682,1.188012957572937,0.6666666865348816,residual,disabled,8.0
836,2078,1,-2.824629783630371,-1.2203618288040161,-0.6374170780181885,-0.9750840067863464,0.0,0.0,5,2,2.8903717578961645,0,0,0.09507910900607243,-0.09507910900607243,LL,0.09507910907268524,-0.09507910907268524,0.0,residual,disabled,156.0
1396,2394,1,7.00814962387085,-0.4368501603603363,3.28617525100708,4.1505913734436035,0.0,0.0,5,14,4.499809670330265,3,3,0.5737341020377579,0.8125602590821327,HH,0.5737341046333313,0.8125602602958679,0.35856857895851135,residual,disabled,14.0
294,306,1,4.998815536499023,2.9309611320495605,-0.6342648863792419,2.6938862800598145,0.0,0.0,1,64,4.867534450455582,0,0,0.10231614743923174,-0.10231614743923174,HL,0.10231614857912064,-0.10231614857912064,0.0,residual,disabled,130.0
1876,1986,1,6.0554094314575195,2.9143800735473633,-0.6667852401733398,3.79958176612854,0.0,0.0,1,55,4.718498871295095,0,0,-0.027598705190133088,0.027598705190133088,HH,-0.027598705142736435,0.027598705142736435,0.0,residual,disabled,84.0
1050,1320,1,2.47979736328125,-1.0478382110595703,-0.45696452260017395,3.9763669967651367,0.0,0.0,7,3,3.465735902799726,0,0,0.31951830065715553,-0.31951830065715553,HL,0.3195182979106903,-0.3195182979106903,0.0,residual,disabled,20.0
561,1016,1,-3.3093061447143555,1.0449187755584717,-0.6617758274078369,-3.7006821632385254,0.0,0.0,0,3,1.3862943611198906,0,0,0.0017051669314512175,-0.0017051669314512175,LL,0.0017051668837666512,-0.0017051668837666512,0.0,residual,disabled,136.0
858,2182,1,2.9689512252807617,2.2990856170654297,-0.6607115268707275,1.3223440647125244,0.0,0.0,1,17,3.58351893845611,0,0,0.007700184364779972,-0.007700184364779972,HL,0.0077001843601465225,-0.0077001843601465225,0.0,residual,disabled,10.0
151,2238,1,2.869530200958252,-0.8291603922843933,-0.46260103583335876,4.1530585289001465,0.0,0.0,3,8,3.58351893845611,0,0,0.31403642712572494,-0.31403642712572494,HL,0.31403642892837524,-0.31403642892837524,0.0,residual,disabled,46.0
1171,1909,1,-4.00850248336792,-1.0478382110595703,-0.45696452260017395,-2.511932849884033,0.0,0.0,7,3,3.465735902799726,0,0,0.31951830065715553,-0.31951830065715553,HL,0.3195182979106903,-0.3195182979106903,0.0,residual,disabled,219.0
611,2690,1,0.5919325351715088,3.452509880065918,-0.6616379022598267,-2.2071726322174072,0.0,0.0,0,0,0.0,0,0,0.002483473901375505,-0.002483473901375505,LL,0.0024834738578647375,-0.0024834738578647375,0.0,residual,disabled,18.0
1154,1358,1,8.046059608459473,1.7733876705169678,2.244800090789795,4.019639015197754,0.0,0.0,9,139,7.24422751560335,4,4,1.3404225027653847,0.2690154096687156,HH,1.340422511100769,0.26901543140411377,0.1130918487906456,residual,disabled,114.0
541,1022,1,2.4509482383728027,-1.1990232467651367,-0.48136579990386963,4.123104095458984,0.0,0.0,3,6,3.332204510175204,0,0,0.295747045488935,-0.295747045488935,HL,0.2957470417022705,-0.2957470417022705,0.0,residual,disabled,23.0
132,379,1,6.154248237609863,-1.304566502571106,3.2892017364501953,4.161379814147949,0.0,0.0,4,5,3.401197381662155,3,3,0.26394703539593084,1.1223473257239598,HH,0.2639470398426056,1.122347354888916,0.6708203554153442,residual,disabled,11.0
1203,1410,1,2.267636299133301,-1.1990232467651367,-0.48136579990386963,3.9397921562194824,0.0,0.0,6,3,3.332204510175204,0,0,0.295747045488935,-0.295747045488935,HL,0.2957470417022705,-0.2957470417022705,0.0,residual,disabled,62.0
2151,2423,1,1.2860562801361084,-1.389723777770996,-0.6458405256271362,3.313387632369995,0.0,0.0,2,3,2.4849066497880004,0,0,0.07427151148220186,-0.07427151148220186,LL,0.07427151501178741,-0.07427151501178741,0.0,residual,disabled,94.0
1641,2495,1,2.1067757606506348,-1.3786498308181763,-0.6489906311035156,4.126183032989502,0.0,0.0,2,2,2.1972245773362196,0,0,0.06396091467381823,-0.06396091467381823,LL,0.06396091729402542,-0.06396091729402542,0.0,residual,disabled,12.0
478,514,1,5.946572303771973,-1.31488037109375,3.232278347015381,4.020941257476807,0.0,0.0,2,4,2.70805020110221,1,1,0.09507910900607243,0.5980680715538729,LH,0.09507910907268524,0.5980680584907532,0.3535533845424652,residual,disabled,15.0
2471,2493,1,1.1575148105621338,-1.221219539642334,-0.6616032123565674,3.0321044921875,0.0,0.0,1,3,2.0794415416798357,0,0,0.002679459971092827,-0.002679459971092827,LL,0.002679459983482957,-0.002679459983482957,0.0,residual,disabled,61.0
42,87,1,1.9926934242248535,-1.389258623123169,-0.6616231203079224,4.035342216491699,0.0,0.0,1,2,1.791759469228055,0,0,0.0025667768776077267,-0.0025667768776077267,LL,0.0025667769368737936,-0.0025667769368737936,0.0,residual,disabled,19.0
793,1902,1,6.410584449768066,-0.9695871472358704,3.300783634185791,4.071154594421387,0.0,0.0,2,6,3.044522437723423,1,1,0.09993231907971788,0.5932148614802274,HH,0.09993232041597366,0.5932148694992065,0.28867512941360474,residual,disabled,6.0
30,738,1,1.9610809087753296,-1.3397183418273926,-0.5876129865646362,3.8801791667938232,0.0,0.0,4,3,2.995732273553991,0,0,0.18602303754564287,-0.18602303754564287,HL,0.1860230416059494,-0.1860230416059494,0.0,residual,disabled,31.0
424,436,1,4.250339984893799,2.2990856170654297,-0.6607115268707275,2.6037328243255615,0.0,0.0,1,17,3.58351893845611,0,0,0.007700184364779972,-0.007700184364779972,HL,0.0077001843601465225,-0.0077001843601465225,0.0,residual,disabled,51.0
417,1072,1,5.684050559997559,0.943117082118988,2.8755569458007812,1.8571434020996094,0.0,0.0,4,26,4.90527477843843,1,1,0.5121098978044188,0.18103728275552644,HH,0.5121098756790161,0.1810373067855835,0.0980580672621727,residual,disabled,138.0
1675,1914,1,4.760523319244385,1.1831810474395752,-0.43323764204978943,4.002346992492676,0.0,0.0,3,22,4.5217885770490405,0,0,0.3419557546295762,-0.3419557546295762,HL,0.3419557511806488,-0.3419557511806488,0.0,residual,disabled,69.0
405,2059,1,1.9505879878997803,-1.389723777770996,-0.6458405256271362,3.977919340133667,0.0,0.0,2,3,2.4849066497880004,0,0,0.07427151148220186,-0.07427151148220186,LL,0.07427151501178741,-0.07427151501178741,0.0,residual,disabled,42.0
1623,1769,1,5.902726173400879,2.464362621307373,-0.6200592517852783,4.05018949508667,0.0,0.0,36,2,4.709530201312334,0,0,0.1325756172494532,-0.1325756172494532,HL,0.1325756162405014,-0.1325756162405014,0.0,residual,disabled,63.0
1194,2670,1,4.4103498458862305,0.8975906372070312,-0.6617958545684814,4.166321754455566,0.0,0.0,0,2,1.0986122886681098,0,0,0.001592483837966117,-0.001592483837966117,LL,0.0015924838371574879,-0.0015924838371574879,0.0,residual,disabled,6.0
85,2488,1,-2.181163787841797,0.8975906372070312,-0.6617958545684814,-2.425191640853882,0.0,0.0,2,0,1.0986122886681098,0,0,0.001592483837966117,-0.001592483837966117,LL,0.0015924838371574879,-0.0015924838371574879,0.0,residual,disabled,132.0
2251,2252,1,0.6383355259895325,0.8975906372070312,-0.6617958545684814,0.3943076729774475,0.0,0.0,0,2,1.0986122886681098,0,0,0.001592483837966117,-0.001592483837966117,LL,0.0015924838371574879,-0.0015924838371574879,0.0,residual,disabled,43.0
472,2029,1,2.556849956512451,-0.9695871472358704,-0.6353040933609009,4.153508186340332,0.0,0.0,6,2,3.044522437723423,0,0,0.09993231907971788,-0.09993231907971788,HL,0.09993232041597366,-0.09993232041597366,0.0,residual,disabled,24.0
267,2000,1,-3.7801265716552734,-1.389723777770996,-0.6458405256271362,-1.7527951002120972,0.0,0.0,2,3,2.4849066497880004,0,0,0.07427151148220186,-0.07427151148220186,LL,0.07427151501178741,-0.07427151501178741,0.0,residual,disabled,242.99999999999997
1889,1890,1,7.193629741668701,-0.11799749732017517,3.2880351543426514,4.015358924865723,0.0,0.0,6,1,2.6390573296152584,1,1,0.006401163194461921,0.6867460173654834,LH,0.006401163060218096,0.6867460012435913,0.40824827551841736,residual,disabled,3.0
1134,2296,1,-1.7060177326202393,-1.3786498308181763,-0.6489906311035156,0.31338948011398315,0.0,0.0,2,2,2.1972245773362196,0,0,0.06396091467381823,-0.06396091467381823,LL,0.06396091729402542,-0.06396091729402542,0.0,residual,disabled,112.0
1635,2383,1,0.24537406861782074,-0.8291603922843933,-0.46260103583335876,1.5289024114608765,0.0,0.0,3,8,3.58351893845611,0,0,0.31403642712572494,-0.31403642712572494,HL,0.31403642892837524,-0.31403642892837524,0.0,residual,disabled,88.0
423,525,1,7.203758239746094,-0.28799065947532654,3.288794994354248,4.19472074508667,0.0,0.0,4,13,4.2484952420493585,1,1,0.43754764362154674,0.25559953693839854,HH,0.4375476539134979,0.2555995285511017,0.1386750489473343,residual,disabled,20.0
252,973,1,3.6137120723724365,0.2664097249507904,-0.4226950407028198,3.7617642879486084,0.0,0.0,3,14,4.0943445622221,0,0,0.3512116285679379,-0.3512116285679379,HL,0.35121163725852966,-0.35121163725852966,0.0,residual,disabled,119.0
1224,1370,1,7.338162899017334,0.14811745285987854,3.2695236206054688,3.9122886657714844,0.0,0.0,20,5,4.836281906951478,2,2,0.6515950224309884,0.44701726623712135,HH,0.6515949964523315,0.4470173120498657,0.20000000298023224,residual,disabled,4.0
109,1772,1,8.110828399658203,1.0724554061889648,2.8769478797912598,4.153192043304443,0.0,0.0,28,4,4.976733742420574,1,1,0.42250394902965904,0.27064323153028624,HH,0.4225039482116699,0.2706432342529297,0.09449112415313721,residual,disabled,63.0
402,776,1,6.503565788269043,-0.9695871472358704,3.277927875518799,4.186992168426514,0.0,0.0,6,2,3.044522437723423,2,2,0.09993231907971788,0.9986799695883919,HH,0.09993232041597366,0.9986799955368042,0.5773502588272095,residual,disabled,6.0
1013,1293,1,4.637690544128418,2.2515010833740234,-0.6593527793884277,3.037309408187866,0.0,0.0,29,2,4.499809670330265,0,0,0.015324816569887118,-0.015324816569887118,HL,0.015324816107749939,-0.015324816107749939,0.0,residual,disabled,82.0
560,2526,1,-1.9654557704925537,-1.0463824272155762,-0.6616379022598267,-0.26566851139068604,0.0,0.0,1,1,1.3862943611198906,0,0,0.002483473901375505,-0.002483473901375505,LL,0.0024834738578647375,-0.0024834738578647375,0.0,residual,disabled,43.0
306,308,1,9.590837478637695,2.4981093406677246,2.9141454696655273,4.170349597930908,0.0,0.0,64,3,5.560681631015528,2,2,0.3910899774469028,0.707522311221207,HH,0.3910899758338928,0.7075223326683044,0.14433756470680237,residual,disabled,23.0
1142,2326,1,1.8488545417785645,-1.221219539642334,-0.6616032123565674,3.7234442234039307,0.0,0.0,1,3,2.0794415416798357,0,0,0.002679459971092827,-0.002679459971092827,LL,0.002679459983482957,-0.002679459983482957,0.0,residual,disabled,67.0
71,2691,1,4.168039321899414,1.0239121913909912,-0.6616231203079224,3.7975172996520996,0.0,0.0,0,1,0.6931471805599453,0,0,0.0025667768776077267,-0.0025667768776077267,LL,0.0025667769368737936,-0.0025667769368737936,0.0,residual,disabled,1.0
460,1989,1,0.35596540570259094,-1.389258623123169,2.368438482284546,-0.6314474940299988,0.0,0.0,2,1,1.791759469228055,1,1,0.0025667768776077267,0.6905804036823375,LH,0.0025667769368737936,0.690580427646637,0.7071067690849304,residual,disabled,139.0
1531,1889,1,-1.2553589344024658,-0.9695871472358704,-0.6353040933609009,0.3412993252277374,0.0,0.0,2,6,3.044522437723423,0,0,0.09993231907971788,-0.09993231907971788,HL,0.09993232041597366,-0.09993232041597366,0.0,residual,disabled,131.0
1070,1470,1,2.345954179763794,-1.298426866531372,-0.4054431915283203,4.041591167449951,0.0,0.0,5,5,3.58351893845611,0,0,0.3664462099481818,-0.3664462099481818,HL,0.36644619703292847,-0.36644619703292847,0.0,residual,disabled,69.0
825,1765,1,1.8854998350143433,1.7099781036376953,-0.6606944799423218,0.8279831409454346,0.0,0.0,0,14,2.70805020110221,0,0,0.007796294345678415,-0.007796294345678415,LL,0.007796294521540403,-0.007796294521540403,0.0,residual,disabled,201.0
1399,2227,1,-1.0504286289215088,-1.3397183418273926,-0.5876129865646362,0.8686696887016296,0.0,0.0,4,3,2.995732273553991,0,0,0.18602303754564287,-0.18602303754564287,HL,0.1860230416059494,-0.1860230416059494,0.0,residual,disabled,148.0
1920,2310,1,-2.0530457496643066,-1.221219539642334,-0.6616032123565674,-0.17845596373081207,0.0,0.0,3,1,2.0794415416798357,0,0,0.002679459971092827,-0.002679459971092827,LL,0.002679459983482957,-0.002679459983482957,0.0,residual,disabled,134.0
310,1241,1,4.773398399353027,1.1764788627624512,-0.5678757429122925,4.156562328338623,0.0,0.0,15,2,3.8712010109078907,0,0,0.20673482910021176,-0.20673482910021176,HL,0.20673483610153198,-0.20673483610153198,0.0,residual,disabled,39.0
653,1231,1,1.1233969926834106,3.452509880065918,-0.6616379022598267,-1.6757081747055054,0.0,0.0,0,0,0.0,0,0,0.002483473901375505,-0.002483473901375505,LL,0.0024834738578647375,-0.0024834738578647375,0.0,residual,disabled,32.0
472,1182,1,6.278451919555664,-1.1990232467651367,3.3072590827941895,4.161983013153076,0.0,0.0,6,3,3.332204510175204,2,2,0.295747045488935,0.8028652431791747,HH,0.2957470417022705,0.8028652667999268,0.4714045524597168,residual,disabled,1.0
634,2227,1,1.1460134983062744,-1.221219539642334,-0.6616032123565674,3.0206031799316406,0.0,0.0,1,3,2.0794415416798357,0,0,0.002679459971092827,-0.002679459971092827,LL,0.002679459983482957,-0.002679459983482957,0.0,residual,disabled,94.0
165,2706,1,6.133800506591797,-1.3714497089385986,3.295583486557007,4.2014336585998535,0.0,0.0,3,3,2.772588722239781,2,2,0.15981025222941134,0.9388020364386984,LH,0.15981024503707886,0.9388020634651184,0.6666666865348816,residual,disabled,3.0
1200,2414,1,-3.0905604362487793,-1.389258623123169,-0.6616231203079224,-1.0479116439819336,0.0,0.0,2,1,1.791759469228055,0,0,0.0025667768776077267,-0.0025667768776077267,LL,0.0025667769368737936,-0.0025667769368737936,0.0,residual,disabled,141.0
839,965,1,2.1779465675354004,-1.3786498308181763,-0.6489906311035156,4.197353839874268,0.0,0.0,2,2,2.1972245773362196,0,0,0.06396091467381823,-0.06396091467381823,LL,0.06396091729402542,-0.06396091729402542,0.0,residual,disabled,22.0
456,2347,1,7.386911869049072,-0.025431040674448013,3.2636232376098633,4.140486717224121,0.0,0.0,9,2,3.401197381662156,1,1,0.12967205327110548,0.5634751272888399,HH,0.12967205047607422,0.5634751319885254,0.2357022762298584,residual,disabled,8.0
1224,1525,1,4.484304428100586,1.00600266456604,-0.43334949016571045,3.9034183025360107,0.0,0.0,20,3,4.430816798843313,0,0,0.34185746108770393,-0.34185746108770393,HL,0.3418574631214142,-0.3418574631214142,0.0,residual,disabled,121.0
1725,2597,1,5.202329635620117,-0.8106421828269958,2.0853047370910645,3.9194343090057373,0.0,0.0,11,5,4.276666119016055,2,2,0.514928761573871,0.5836835270942388,HH,0.5149287581443787,0.5836835503578186,0.2696799635887146,residual,disabled,28.0
186,1672,1,-0.19808359444141388,1.3075400590896606,-0.6617758274078369,-0.8520808815956116,0.0,0.0,5,0,1.791759469228055,0,0,0.0017051669314512175,-0.0017051669314512175,LL,0.0017051668837666512,-0.0017051668837666512,0.0,residual,disabled,11.0
281,2247,1,2.5150296688079834,-1.298426866531372,-0.4054431915283203,4.210666656494141,0.0,0.0,5,5,3.58351893845611,0,0,0.3664462099481818,-0.3664462099481818,HL,0.36644619703292847,-0.36644619703292847,0.0,residual,disabled,34.0
1148,1317,1,5.863278388977051,-0.6555263996124268,2.4278202056884766,4.082751274108887,0.0,0.0,2,7,3.1780538303479453,1,1,0.09682951278185134,0.5963176677780939,HH,0.09682951122522354,0.5963176488876343,0.26726123690605164,residual,disabled,4.0
2221,2507,1,2.23054838180542,-1.2203618288040161,-0.6374170780181885,4.080094337463379,0.0,0.0,5,2,2.8903717578961645,0,0,0.09507910900607243,-0.09507910900607243,LL,0.09507910907268524,-0.09507910907268524,0.0,residual,disabled,34.0
2247,2543,1,2.3747363090515137,-1.2203618288040161,-0.6374170780181885,4.224282264709473,0.0,0.0,5,2,2.8903717578961645,0,0,0.09507910900607243,-0.09507910900607243,LL,0.09507910907268524,-0.09507910907268524,0.0,residual,disabled,27.0
676,1955,1,2.5447158813476562,-0.9695871472358704,-0.6353040933609009,4.141374111175537,0.0,0.0,2,6,3.044522437723423,0,0,0.09993231907971788,-0.09993231907971788,HL,0.09993232041597366,-0.09993232041597366,0.0,residual,disabled,24.0
1072,1725,1,5.836745262145996,-0.4225875735282898,2.469453811645508,3.7816460132598877,0.0,0.0,26,11,5.780743515792329,3,3,0.2764764640628693,1.1098178970570212,HH,0.2764764726161957,1.1098178625106812,0.17739370465278625,residual,disabled,130.0
764,1358,1,8.905076026916504,2.860663890838623,2.3007707595825195,3.735408067703247,0.0,0.0,3,139,6.327936783729195,1,1,0.5962537633065377,0.09689341725340761,HH,0.5962537527084351,0.09689342975616455,0.048970211297273636,residual,disabled,52.0
639,900,1,1.9112768173217773,1.0239121913909912,-0.6616231203079224,1.5407546758651733,0.0,0.0,0,1,0.6931471805599453,0,0,0.0025667768776077267,-0.0025667768776077267,LL,0.0025667769368737936,-0.0025667769368737936,0.0,residual,disabled,26.0
1901,2284,1,2.835376501083374,-0.6210997700691223,-0.6613830924034119,4.109626293182373,0.0,0.0,5,1,2.4849066497880004,0,0,0.003920084665472663,-0.003920084665472663,LL,0.003920084796845913,-0.003920084796845913,0.0,residual,disabled,37.0
90,155,1,6.2764105796813965,-1.2203618288040161,3.3080339431762695,4.180505275726318,0.0,0.0,2,5,2.8903717578961645,2,2,0.09507910900607243,1.0035331796620373,LH,0.09507910907268524,1.0035332441329956,0.6324555277824402,residual,disabled,4.0
1037,2654,1,4.842018127441406,-1.3786498308181763,2.218724489212036,3.9937102794647217,0.0,0.0,2,2,2.1972245773362196,1,1,0.06396091467381823,0.629186265886127,LH,0.06396091729402542,0.6291862726211548,0.5,residual,disabled,12.0
609,2448,1,2.513550281524658,-0.9695871472358704,-0.6353040933609009,4.110208511352539,0.0,0.0,6,2,3.044522437723423,0,0,0.09993231907971788,-0.09993231907971788,HL,0.09993232041597366,-0.09993232041597366,0.0,residual,disabled,158.0
454,1441,1,-0.9950625896453857,-0.6481301188468933,-0.2920796871185303,-0.06308586895465851,0.0,0.0,8,17,5.087596335232384,0,0,0.4554986663378776,-0.4554986663378776,HL,0.45549866557121277,-0.45549866557121277,0.0,residual,disabled,177.0
434,1524,1,6.199274063110352,-1.31488037109375,3.293313503265381,4.2126078605651855,0.0,0.0,4,2,2.70805020110221,1,1,0.09507910900607243,0.5980680715538729,LH,0.09507910907268524,0.5980680584907532,0.3535533845424652,residual,disabled,7.0
1676,1914,1,4.604772567749023,0.6497972011566162,-0.07980501651763916,4.026547431945801,0.0,0.0,4,22,4.74493212836325,0,0,0.6011019660483662,-0.6011019660483662,HL,0.6011019945144653,-0.6011019945144653,0.0,residual,disabled,54.0
449,2581,1,-0.32822921872138977,-1.389258623123169,-0.6616231203079224,1.7144196033477783,0.0,0.0,2,1,1.791759469228055,0,0,0.0025667768776077267,-0.0025667768776077267,LL,0.0025667769368737936,-0.0025667769368737936,0.0,residual,disabled,77.0
487,1773,1,2.6278839111328125,-1.05228853225708,-0.3581446409225464,4.030084133148193,0.0,0.0,8,4,3.8066624897703196,0,0,0.40617432960244304,-0.40617432960244304,HL,0.40617433190345764,-0.40617433190345764,0.0,residual,disabled,147.0
666,1973,1,3.2588272094726562,-0.05305695906281471,-0.4556736946105957,3.759324789047241,0.0,0.0,3,12,3.951243718581427,0,0,0.32077300936225667,-0.32077300936225667,HL,0.32077300548553467,-0.32077300548553467,0.0,residual,disabled,77.0
873,2313,1,-3.398874521255493,1.0449187755584717,-0.6617758274078369,-3.790250539779663,0.0,0.0,3,0,1.3862943611198906,0,0,0.0017051669314512175,-0.0017051669314512175,LL,0.0017051668837666512,-0.0017051668837666512,0.0,residual,disabled,306.0
1986,1991,1,5.206145286560059,2.9143800735473633,-0.6667852401733398,2.9503173828125,0.0,0.0,55,1,4.718498871295095,0,0,-0.027598705190133088,0.027598705190133088,HH,-0.027598705142736435,0.027598705142736435,0.0,residual,disabled,120.0
210,1079,1,2.456191062927246,-1.0478382110595703,-0.45696452260017395,3.952760696411133,0.0,0.0,7,3,3.465735902799726,0,0,0.31951830065715553,-0.31951830065715553,HL,0.3195182979106903,-0.3195182979106903,0.0,residual,disabled,72.0
108,2157,1,2.268956422805786,-1.31488037109375,-0.6374170780181885,4.2130208015441895,0.0,0.0,2,4,2.70805020110221,0,0,0.09507910900607243,-0.09507910900607243,LL,0.09507910907268524,-0.09507910907268524,0.0,residual,disabled,12.0
534,609,1,3.33280348777771,-0.11799749732017517,-0.6609424352645874,4.10351037979126,0.0,0.0,1,6,2.6390573296152584,0,0,0.006401163194461921,-0.006401163194461921,LL,0.006401163060218096,-0.006401163060218096,0.0,residual,disabled,124.0
1807,2034,1,5.007814884185791,1.4307949542999268,-0.5157426595687866,4.084529399871826,0.0,0.0,4,35,5.19295685089021,0,0,0.2608500763576425,-0.2608500763576425,HL,0.26085007190704346,-0.26085007190704346,0.0,residual,disabled,57.0
1310,2692,1,6.231266975402832,3.452509880065918,-0.6616379022598267,3.432161569595337,0.0,0.0,0,0,0.0,0,0,0.002483473901375505,-0.002483473901375505,LL,0.0024834738578647375,-0.0024834738578647375,0.0,residual,disabled,1.0
201,1701,1,8.911075592041016,1.8639613389968872,3.2842202186584473,3.7546613216400146,0.0,0.0,5,65,5.98141421125448,1,1,0.5287222011676986,0.16442497939224665,HH,0.5287222266197205,0.16442495584487915,0.055470023304224014,residual,disabled,22.0
2075,2077,1,5.924618721008301,-1.1996101140975952,2.946509838104248,4.169486045837402,0.0,0.0,7,5,3.8712010109078907,3,3,0.530128441809577,0.8561659193103136,HH,0.5301284193992615,0.8561659455299377,0.5070925354957581,residual,disabled,12.0
367,2451,1,4.446920871734619,1.073485255241394,-0.6615977883338928,4.026800155639648,0.0,0.0,1,9,2.9957322735539913,0,0,0.002709528290634796,-0.002709528290634796,HL,0.002709528198465705,-0.002709528198465705,0.0,residual,disabled,26.0
40,1364,1,4.13538932800293,0.8975906372070312,-0.6617958545684814,3.8913614749908447,0.0,0.0,2,0,1.0986122886681098,0,0,0.001592483837966117,-0.001592483837966117,LL,0.0015924838371574879,-0.0015924838371574879,0.0,residual,disabled,20.0
110,567,1,4.851266860961914,-1.304566502571106,2.1346776485443115,4.012922763824463,0.0,0.0,4,5,3.401197381662155,1,1,0.26394703539593084,0.42920014516401445,HH,0.2639470398426056,0.429200142621994,0.22360679507255554,residual,disabled,22.0
961,2555,1,5.657674789428711,-1.3397183418273926,2.8507869243621826,4.138372898101807,0.0,0.0,3,4,2.995732273553991,2,2,0.18602303754564287,0.9125892511224669,HH,0.1860230416059494,0.9125892519950867,0.5773502588272095,residual,disabled,6.0
444,2289,1,2.30731201171875,-1.3397183418273926,-0.5876129865646362,4.226410388946533,0.0,0.0,4,3,2.995732273553991,0,0,0.18602303754564287,-0.18602303754564287,HL,0.1860230416059494,-0.1860230416059494,0.0,residual,disabled,17.0
142,1628,1,4.165823459625244,0.41637060046195984,-0.4493620693683624,4.190581798553467,0.0,0.0,3,15,4.1588830833596715,0,0,0.32690411934740055,-0.32690411934740055,HL,0.3269041180610657,-0.3269041180610657,0.0,residual,disabled,81.0
290,1765,1,3.3015289306640625,-0.15636634826660156,-0.29080531001091003,3.7404675483703613,0.0,0.0,4,14,4.31748811353631,0,0,0.4564122585269044,-0.4564122585269044,HL,0.45641225576400757,-0.45641225576400757,0.0,residual,disabled,161.0
167,1056,1,6.092609405517578,-1.389258623123169,3.2892184257507324,4.184416770935059,0.0,0.0,2,1,1.791759469228055,1,1,0.0025667768776077267,0.6905804036823375,LH,0.0025667769368737936,0.690580427646637,0.7071067690849304,residual,disabled,3.0
353,1345,1,6.057622909545898,-1.221219539642334,3.0965614318847656,4.174047946929932,0.0,0.0,3,1,2.0794415416798357,1,1,0.002679459971092827,0.6904677205888524,LH,0.002679459983482957,0.6904677152633667,0.5773502588272095,residual,disabled,3.0
2304,2385,1,-0.5844380855560303,-1.31488037109375,-0.6374170780181885,1.359626293182373,0.0,0.0,2,4,2.70805020110221,0,0,0.09507910900607243,-0.09507910900607243,LL,0.09507910907268524,-0.09507910907268524,0.0,residual,disabled,120.0
306,2080,1,8.05498218536377,0.9537325501441956,2.918151378631592,4.17486572265625,0.0,0.0,64,9,6.476972362889683,7,7,1.5413646619434214,0.5380768797364144,HH,1.5413646697998047,0.5380768775939941,0.2916666567325592,residual,disabled,73.0
918,1098,1,2.1034598350524902,-1.389258623123169,-0.6616231203079224,4.146108627319336,0.0,0.0,2,1,1.791759469228055,0,0,0.0025667768776077267,-0.0025667768776077267,LL,0.0025667769368737936,-0.0025667769368737936,0.0,residual,disabled,48.0
962,1809,1,6.307558059692383,-0.9695871472358704,3.177035331726074,4.09187650680542,0.0,0.0,6,2,3.044522437723423,2,2,0.09993231907971788,0.9986799695883919,HH,0.09993232041597366,0.9986799955368042,0.5773502588272095,residual,disabled,5.0
1721,2476,1,4.980965614318848,-1.2654914855957031,2.1386404037475586,4.099583625793457,0.0,0.0,6,5,3.737669618283368,1,1,0.42931193287961333,0.26383524768033195,HH,0.42931193113327026,0.26383525133132935,0.18257418274879456,residual,disabled,8.0
347,408,1,6.199230194091797,-1.2937219142913818,3.2947492599487305,4.189969539642334,0.0,0.0,3,5,3.1780538303479453,1,1,0.22552334649902314,0.4676238340609221,HH,0.22552335262298584,0.46762382984161377,0.25819888710975647,residual,disabled,21.0
526,1007,1,4.973104476928711,-1.3714497089385986,2.2071800231933594,4.129141330718994,0.0,0.0,3,3,2.772588722239781,1,1,0.15981025222941134,0.5333369283305339,LH,0.15981024503707886,0.5333369374275208,0.3333333432674408,residual,disabled,30.0
309,2305,1,2.102844476699829,-1.31488037109375,-0.6374170780181885,4.046908855438232,0.0,0.0,2,4,2.70805020110221,0,0,0.09507910900607243,-0.09507910900607243,LL,0.09507910907268524,-0.09507910907268524,0.0,residual,disabled,27.0
717,1907,1,-0.30972233414649963,1.460984230041504,-0.6616859436035156,-1.1172536611557007,0.0,0.0,0,7,2.0794415416798357,0,0,0.0022128532902202114,-0.0022128532902202114,LL,0.002212853403761983,-0.002212853403761983,0.0,residual,disabled,80.0
482,2230,1,-1.1437705755233765,-1.1990232467651367,-0.48136579990386963,0.5283854007720947,0.0,0.0,6,3,3.332204510175204,0,0,0.295747045488935,-0.295747045488935,HL,0.2957470417022705,-0.2957470417022705,0.0,residual,disabled,122.0
1623,1772,1,8.648795127868652,1.472757339477539,2.986549139022827,4.18125581741333,0.0,0.0,36,4,5.220355825078324,1,1,0.2608500763576425,0.4322971042023028,HH,0.26085007190704346,0.43229711055755615,0.0833333358168602,residual,disabled,28.0
870,1119,1,8.12169075012207,0.6830545663833618,3.3111181259155273,4.1192851066589355,0.0,0.0,2,12,3.6635616461296463,1,1,0.17653506637630972,0.5166121141836355,HH,0.17653506994247437,0.5166121125221252,0.20412413775920868,residual,disabled,4.0
833,1678,1,-4.071903705596924,-0.11799749732017517,-0.6609424352645874,-3.301196813583374,0.0,0.0,6,1,2.6390573296152584,0,0,0.006401163194461921,-0.006401163194461921,LL,0.006401163060218096,-0.006401163060218096,0.0,residual,disabled,182.0
1133,1500,1,6.071013450622559,-1.389723777770996,3.3157248497009277,4.136779308319092,0.0,0.0,3,2,2.4849066497880004,2,2,0.07427151148220186,1.0243407771859079,LH,0.07427151501178741,1.0243407487869263,0.8164965510368347,residual,disabled,6.0
733,862,1,3.645514726638794,2.6435961723327637,-0.6610645651817322,1.654750108718872,0.0,0.0,25,1,3.9512437185814275,0,0,0.005713782933315264,-0.005713782933315264,HL,0.005713782738894224,-0.005713782738894224,0.0,residual,disabled,83.0
1301,2140,1,2.2130208015441895,-1.3397183418273926,-0.5876129865646362,4.132119178771973,0.0,0.0,4,3,2.995732273553991,0,0,0.18602303754564287,-0.18602303754564287,HL,0.1860230416059494,-0.1860230416059494,0.0,residual,disabled,48.0
551,2388,1,2.4855399131774902,1.203446626663208,-0.6617758274078369,1.9356359243392944,0.0,0.0,0,4,1.6094379124341003,0,0,0.0017051669314512175,-0.0017051669314512175,LL,0.0017051668837666512,-0.0017051668837666512,0.0,residual,disabled,37.0
269,321,1,2.2524044513702393,-1.31488037109375,-0.6374170780181885,4.196468830108643,0.0,0.0,4,2,2.70805020110221,0,0,0.09507910900607243,-0.09507910900607243,LL,0.09507910907268524,-0.09507910907268524,0.0,residual,disabled,11.0
88,415,1,6.464390754699707,-0.6603406071662903,3.099647283554077,4.01685094833374,0.0,0.0,31,19,6.461468176353717,10,10,1.051609223728408,1.3462860490699626,HH,1.0516092777252197,1.3462860584259033,0.4120428264141083,residual,disabled,62.0
1955,2235,1,2.5393333435058594,-0.9695871472358704,-0.6353040933609009,4.13599157333374,0.0,0.0,6,2,3.044522437723423,0,0,0.09993231907971788,-0.09993231907971788,HL,0.09993232041597366,-0.09993232041597366,0.0,residual,disabled,19.0
657,2522,1,6.565464973449707,0.24084243178367615,2.244049310684204,4.07234001159668,0.0,0.0,10,2,3.4965075614664807,1,1,0.1378403019224301,0.5553068786375152,HH,0.13784030079841614,0.5553069114685059,0.22360679507255554,residual,disabled,4.0
901,1042,1,7.6293487548828125,0.1892070174217224,3.29621958732605,4.1356892585754395,0.0,0.0,4,17,4.499809670330265,1,1,0.4681938869129151,0.2249532936470302,HH,0.4681938886642456,0.224953293800354,0.12126781791448593,residual,disabled,21.0
119,1549,1,6.2130255699157715,-1.2203618288040161,3.2893943786621094,4.1357598304748535,0.0,0.0,5,2,2.8903717578961645,1,1,0.09507910900607243,0.5980680715538729,LH,0.09507910907268524,0.5980680584907532,0.3162277638912201,residual,disabled,7.0
482,1810,1,7.840618133544922,0.8669644594192505,3.075716495513916,3.889704465866089,0.0,0.0,6,38,5.60947179518496,2,2,0.5504573122412603,0.5481549764268495,HH,0.5504572987556458,0.5481550097465515,0.13245323300361633,residual,disabled,4.0
48,598,1,0.11599983274936676,0.09804335236549377,0.26395130157470703,-0.254227876663208,0.0,0.0,7,26,5.375278407684165,0,0,0.8168566785177598,-0.8168566785177598,HL,0.8168566823005676,-0.8168566823005676,0.0,residual,disabled,119.0
744,1154,1,5.643943786621094,-0.6151218414306641,2.1610958576202393,4.089736461639404,0.0,0.0,3,9,3.6888794541139367,1,1,0.361807736196368,0.33133944436357726,HH,0.3618077337741852,0.33133944869041443,0.19245009124279022,residual,disabled,17.0
1951,2206,1,5.9818220138549805,-1.3786498308181763,3.2576372623443604,4.094601631164551,0.0,0.0,2,2,2.1972245773362196,1,1,0.06396091467381823,0.629186265886127,LH,0.06396091729402542,0.6291862726211548,0.5,residual,disabled,8.0
537,1165,1,6.565438747406006,-0.9842131733894348,3.3135125637054443,4.227906227111816,0.0,0.0,4,1,2.3025850929940455,1,1,0.002536581283496064,0.6906105992764492,LH,0.002536581363528967,0.6906105875968933,0.5,residual,disabled,2.0
439,1169,1,4.3689045906066895,2.4682817459106445,-0.6618333458900452,2.55422306060791,0.0,0.0,1,20,3.7376696182833684,0,0,0.0013809592565058647,-0.0013809592565058647,HL,0.0013809592928737402,-0.0013809592928737402,0.0,residual,disabled,146.0
649,1171,1,-2.3157474994659424,1.460984230041504,-0.6616859436035156,-3.123278856277466,0.0,0.0,0,7,2.0794415416798357,0,0,0.0022128532902202114,-0.0022128532902202114,LL,0.002212853403761983,-0.002212853403761983,0.0,residual,disabled,147.0
117,259,1,6.431293964385986,-1.0463824272155762,3.3056235313415527,4.163819789886475,0.0,0.0,1,1,1.3862943611198906,1,1,0.002483473901375505,0.6906637066585698,LH,0.0024834738578647375,0.6906636953353882,1.0,residual,disabled,1.0
760,985,1,2.219329357147217,-1.2937219142913818,-0.5498636960983276,4.054681777954102,0.0,0.0,5,3,3.1780538303479453,0,0,0.22552334649902314,-0.22552334649902314,HL,0.22552335262298584,-0.22552335262298584,0.0,residual,disabled,80.0
1724,2215,1,6.065286159515381,-1.3397183418273926,3.2782883644104004,4.118483066558838,0.0,0.0,4,3,2.995732273553991,1,1,0.18602303754564287,0.5071241430143024,HH,0.1860230416059494,0.507124125957489,0.28867512941360474,residual,disabled,10.0
2181,2196,1,4.638629913330078,1.203446626663208,-0.6617758274078369,4.088726043701172,0.0,0.0,4,0,1.6094379124341003,0,0,0.0017051669314512175,-0.0017051669314512175,LL,0.0017051668837666512,-0.0017051668837666512,0.0,residual,disabled,31.0
56,447,1,5.932803153991699,-1.389723777770996,3.217947483062744,4.096346378326416,0.0,0.0,2,3,2.4849066497880004,1,1,0.07427151148220186,0.6188756690777434,LH,0.07427151501178741,0.6188756823539734,0.40824827551841736,residual,disabled,9.0
1061,1196,1,-0.058861393481492996,-1.221219539642334,-0.6616032123565674,1.8157283067703247,0.0,0.0,1,3,2.0794415416798357,0,0,0.002679459971092827,-0.002679459971092827,LL,0.002679459983482957,-0.002679459983482957,0.0,residual,disabled,32.0
1131,1909,1,2.6857855319976807,0.905929684638977,-0.4757901132106781,2.247412919998169,0.0,0.0,19,3,4.382026634673881,0,0,0.3011881021227526,-0.3011881021227526,HL,0.3011881113052368,-0.3011881113052368,0.0,residual,disabled,35.0
448,1826,1,6.246212959289551,-1.1990232467651367,3.286447525024414,4.150555610656738,0.0,0.0,3,6,3.332204510175204,1,1,0.295747045488935,0.3974001350710103,HH,0.2957470417022705,0.3974001407623291,0.2357022762298584,residual,disabled,5.0
133,1623,1,7.914243221282959,0.7867618203163147,2.9537405967712402,4.165507793426514,0.0,0.0,6,36,5.556828061699537,2,2,0.5020092073846224,0.5966030812834874,HH,0.5020092129707336,0.5966030955314636,0.13608276844024658,residual,disabled,41.0
985,1073,1,2.1244077682495117,-1.221219539642334,-0.6616032123565674,3.998997449874878,0.0,0.0,3,1,2.0794415416798357,0,0,0.002679459971092827,-0.002679459971092827,LL,0.002679459983482957,-0.002679459983482957,0.0,residual,disabled,77.0
701,2062,1,6.260056018829346,-1.221219539642334,3.30643367767334,4.166608810424805,0.0,0.0,3,1,2.0794415416798357,1,1,0.002679459971092827,0.6904677205888524,LH,0.002679459983482957,0.6904677152633667,0.5773502588272095,residual,disabled,9.0
767,873,1,2.041161060333252,-1.3714497089385986,-0.6061508655548096,4.010528564453125,0.0,0.0,3,3,2.772588722239781,0,0,0.15981025222941134,-0.15981025222941134,LL,0.15981024503707886,-0.15981024503707886,0.0,residual,disabled,57.0
1712,1725,1,6.491263389587402,0.4743700921535492,2.0555942058563232,3.953066110610962,0.0,0.0,2,11,3.58351893845611,1,1,0.18117393408101218,0.511973246478933,HH,0.18117393553256989,0.5119732618331909,0.21320071816444397,residual,disabled,18.0
6,373,1,2.000180244445801,-1.3786498308181763,-0.6489906311035156,4.019587516784668,0.0,0.0,2,2,2.1972245773362196,0,0,0.06396091467381823,-0.06396091467381823,LL,0.06396091729402542,-0.06396091729402542,0.0,residual,disabled,48.0
1463,2133,1,6.184650421142578,-1.273027777671814,3.2962307929992676,4.153214454650879,0.0,0.0,6,6,3.8918202981106265,3,3,0.4982656549046744,0.8880287062152161,HH,0.49826565384864807,0.8880287408828735,0.5,residual,disabled,24.0
229,1894,1,-1.6887375116348267,1.6364682912826538,-0.6621754169464111,-2.6712634563446045,0.0,0.0,0,11,2.4849066497880004,0,0,-0.000550437072462336,0.000550437072462336,LH,-0.000550437078345567,0.000550437078345567,0.0,residual,disabled,98.99999999999999
1358,1745,1,8.350568771362305,2.4767940044403076,2.255861759185791,3.609680414199829,0.0,0.0,139,5,6.733401891837358,2,2,0.6801114887286566,0.4185007999394532,HH,0.6801114678382874,0.4185008406639099,0.07586432248353958,residual,disabled,104.0
1334,1542,1,8.417976379394531,1.009849190711975,3.2655420303344727,4.134352207183838,0.0,0.0,4,27,4.941642422609304,1,1,0.5687250615168912,0.12442211904305411,HH,0.568725049495697,0.12442213296890259,0.09622504562139511,residual,disabled,15.0
442,2362,1,-2.8879570960998535,1.387056827545166,-0.6619144678115845,-3.6213324069976807,0.0,0.0,6,0,1.9459101490553132,0,0,0.0009230486758283437,-0.0009230486758283437,LL,0.0009230487048625946,-0.0009230487048625946,0.0,residual,disabled,185.0
383,2268,1,6.160253047943115,-1.2203618288040161,3.2847094535827637,4.087672233581543,0.0,0.0,2,5,2.8903717578961645,1,1,0.09507910900607243,0.5980680715538729,LH,0.09507910907268524,0.5980680584907532,0.3162277638912201,residual,disabled,2.0
525,1628,1,6.480803489685059,-1.0151132345199585,3.281553030014038,4.206130504608154,0.0,0.0,13,15,5.4116460518550396,4,4,0.9840730042878254,0.6253649081462749,HH,0.9840729832649231,0.6253649592399597,0.2864459455013275,residual,disabled,85.0
1899,1902,1,2.379298210144043,-1.1990232467651367,-0.48136579990386963,4.051454067230225,0.0,0.0,3,6,3.332204510175204,0,0,0.295747045488935,-0.295747045488935,HL,0.2957470417022705,-0.2957470417022705,0.0,residual,disabled,49.00000000000001
1986,2001,1,6.215550422668457,0.21217656135559082,3.113656997680664,2.881483554840088,0.0,0.0,55,14,6.73340189183736,2,2,1.108719224544179,-0.010106935876069256,HL,1.1087192296981812,-0.010106921195983887,0.0720749944448471,residual,disabled,101.0
1358,1761,1,8.600964546203613,2.4767940044403076,2.198573589324951,3.9173638820648193,0.0,0.0,139,5,6.733401891837358,2,2,0.6801114887286566,0.4185007999394532,HH,0.6801114678382874,0.4185008406639099,0.07586432248353958,residual,disabled,78.0
745,1986,1,7.721831321716309,1.137773036956787,3.136455535888672,3.4393699169158936,0.0,0.0,7,55,6.104793232414986,6,6,0.9253597684372051,1.0205503806181082,HH,0.9253597855567932,1.0205504894256592,0.3057883381843567,residual,disabled,57.0
32,518,1,2.101642608642578,-1.3714497089385986,-0.6061508655548096,4.071010112762451,0.0,0.0,3,3,2.772588722239781,0,0,0.15981025222941134,-0.15981025222941134,LL,0.15981024503707886,-0.15981024503707886,0.0,residual,disabled,38.0
1427,2446,1,2.462887763977051,-0.9695871472358704,-0.6353040933609009,4.059545993804932,0.0,0.0,2,6,3.044522437723423,0,0,0.09993231907971788,-0.09993231907971788,HL,0.09993232041597366,-0.09993232041597366,0.0,residual,disabled,24.0
368,428,1,6.171427249908447,-1.3397183418273926,3.3027353286743164,4.200177192687988,0.0,0.0,3,4,2.995732273553991,1,1,0.18602303754564287,0.5071241430143024,HH,0.1860230416059494,0.507124125957489,0.28867512941360474,residual,disabled,21.0
47,163,1,4.398177146911621,1.0239121913909912,-0.6616231203079224,4.027655124664307,0.0,0.0,1,0,0.6931471805599453,0,0,0.0025667768776077267,-0.0025667768776077267,LL,0.0025667769368737936,-0.0025667769368737936,0.0,residual,disabled,18.0
1671,2137,1,1.979109764099121,-1.389723777770996,-0.6458405256271362,4.006441116333008,0.0,0.0,3,2,2.4849066497880004,0,0,0.07427151148220186,-0.07427151148220186,LL,0.07427151501178741,-0.07427151501178741,0.0,residual,disabled,30.0
710,2212,1,6.1225433349609375,-1.3714497089385986,3.2931270599365234,4.192632675170898,0.0,0.0,3,3,2.772588722239781,1,1,0.15981025222941134,0.5333369283305339,LH,0.15981024503707886,0.5333369374275208,0.3333333432674408,residual,disabled,3.0
218,2119,1,0.590575635433197,1.3477599620819092,-0.6615977883338928,-0.10381962358951569,0.0,0.0,10,1,3.091042453358316,0,0,0.002709528290634796,-0.002709528290634796,HL,0.002709528198465705,-0.002709528198465705,0.0,residual,disabled,122.99999999999999
441,1537,1,3.4684677124023438,-0.025431040674448013,-0.6214582920074463,4.107123851776123,0.0,0.0,9,2,3.401197381662156,0,0,0.12967205327110548,-0.12967205327110548,HL,0.12967205047607422,-0.12967205047607422,0.0,residual,disabled,9.0
665,2122,1,2.6303539276123047,-1.1654354333877563,-0.3540949821472168,4.141651153564453,0.0,0.0,4,7,3.688879454113936,0,0,0.4092811700187469,-0.4092811700187469,HL,0.4092811644077301,-0.4092811644077301,0.0,residual,disabled,38.0
325,1848,1,3.195542573928833,1.203446626663208,-0.6617758274078369,2.6456387042999268,0.0,0.0,0,4,1.6094379124341003,0,0,0.0017051669314512175,-0.0017051669314512175,LL,0.0017051668837666512,-0.0017051668837666512,0.0,residual,disabled,39.0
120,2405,1,6.101909160614014,-1.243704915046692,3.2731995582580566,4.064181327819824,0.0,0.0,4,6,3.5553480614894135,3,3,0.3678477635670827,1.0184465975528079,HH,0.3678477704524994,1.0184465646743774,0.6123723983764648,residual,disabled,8.0
1215,1894,1,-0.704810380935669,-0.22426737844944,-0.4840823709964752,-0.004693716764450073,0.0,0.0,3,11,3.8712010109078907,0,0,0.2930939733738713,-0.2930939733738713,HL,0.2930939793586731,-0.2930939793586731,0.0,residual,disabled,185.99999999999997
1206,1257,1,5.227668285369873,1.7099781036376953,-0.6606944799423218,4.170151710510254,0.0,0.0,0,14,2.70805020110221,0,0,0.007796294345678415,-0.007796294345678415,LL,0.007796294521540403,-0.007796294521540403,0.0,residual,disabled,23.0
50,1441,1,-0.18954600393772125,1.7619017362594604,-0.6609717011451721,-1.2987090349197388,0.0,0.0,0,17,2.8903717578961645,0,0,0.006236131996241855,-0.006236131996241855,LL,0.006236131768673658,-0.006236131768673658,0.0,residual,disabled,115.0
1185,1992,1,2.756838083267212,-0.6210997700691223,-0.6613830924034119,4.031087875366211,0.0,0.0,5,1,2.4849066497880004,0,0,0.003920084665472663,-0.003920084665472663,LL,0.003920084796845913,-0.003920084796845913,0.0,residual,disabled,27.0
1090,2367,1,6.669393062591553,-0.8385332822799683,3.287175178527832,4.212518215179443,0.0,0.0,6,12,4.51085950651685,5,5,0.6828674701538369,1.108891999074218,HH,0.6828674674034119,1.1088919639587402,0.589255690574646,residual,disabled,5.0
1041,2448,1,1.9129528999328613,-1.31488037109375,-0.6374170780181885,3.8570172786712646,0.0,0.0,4,2,2.70805020110221,0,0,0.09507910900607243,-0.09507910900607243,LL,0.09507910907268524,-0.09507910907268524,0.0,residual,disabled,42.0
86,1336,1,5.854889869689941,-0.9695871472358704,2.8525142669677734,3.9637293815612793,0.0,0.0,2,6,3.044522437723423,1,1,0.09993231907971788,0.5932148614802274,HH,0.09993232041597366,0.5932148694992065,0.28867512941360474,residual,disabled,21.0
1462,1663,1,6.075311660766602,-1.389723777770996,3.310317277908325,4.146485328674316,0.0,0.0,3,2,2.4849066497880004,1,1,0.07427151148220186,0.6188756690777434,LH,0.07427151501178741,0.6188756823539734,0.40824827551841736,residual,disabled,15.0
542,1245,1,5.656128883361816,-1.3714497089385986,2.8808302879333496,4.138514995574951,0.0,0.0,3,3,2.772588722239781,1,1,0.15981025222941134,0.5333369283305339,LH,0.15981024503707886,0.5333369374275208,0.3333333432674408,residual,disabled,60.0
1224,1660,1,8.671470642089844,1.7216567993164062,3.2558932304382324,3.685687303543091,0.0,0.0,20,2,4.143134726391533,2,2,0.16857358292832197,0.9300387057397879,HH,0.16857358813285828,0.9300386905670166,0.3162277638912201,residual,disabled,9.0
219,507,1,8.778055191040039,1.3083508014678955,3.287870168685913,4.173601150512695,0.0,0.0,2,16,3.931825632724326,1,1,0.21219425699455913,0.48095292356538616,HH,0.2121942639350891,0.4809529185295105,0.1767766922712326,residual,disabled,4.0
372,626,1,1.246143102645874,-1.389723777770996,-0.6458405256271362,3.2734744548797607,0.0,0.0,2,3,2.4849066497880004,0,0,0.07427151148220186,-0.07427151148220186,LL,0.07427151501178741,-0.07427151501178741,0.0,residual,disabled,196.00000000000003
59,1725,1,4.957959175109863,-1.086870551109314,2.044560432434082,3.9920361042022705,0.0,0.0,9,11,4.787491742782047,1,1,1.1233008543913807,-0.43015367383143543,HL,1.1233009099960327,-0.4301537275314331,0.10050378739833832,residual,disabled,194.0
1424,1621,1,2.2056994438171387,-1.0463824272155762,-0.6616379022598267,3.905486822128296,0.0,0.0,1,1,1.3862943611198906,0,0,0.002483473901375505,-0.002483473901375505,LL,0.0024834738578647375,-0.0024834738578647375,0.0,residual,disabled,17.0
868,2099,1,6.513642311096191,-0.6555263996124268,3.134284019470215,4.026651859283447,0.0,0.0,7,2,3.1780538303479453,1,1,0.09682951278185134,0.5963176677780939,HH,0.09682951122522354,0.5963176488876343,0.26726123690605164,residual,disabled,4.0
1281,1746,1,3.274353504180908,-1.389723777770996,2.0567076206207275,2.5991365909576416,0.0,0.0,3,2,2.4849066497880004,1,1,0.07427151148220186,0.6188756690777434,LH,0.07427151501178741,0.6188756823539734,0.40824827551841736,residual,disabled,89.0
443,1264,1,6.070590019226074,-1.389723777770996,3.287649631500244,4.164431095123291,0.0,0.0,3,2,2.4849066497880004,1,1,0.07427151148220186,0.6188756690777434,LH,0.07427151501178741,0.6188756823539734,0.40824827551841736,residual,disabled,7.0
807,1956,1,6.075157165527344,-1.389723777770996,3.306767702102661,4.149880409240723,0.0,0.0,3,2,2.4849066497880004,1,1,0.07427151148220186,0.6188756690777434,LH,0.07427151501178741,0.6188756823539734,0.40824827551841736,residual,disabled,10.0
1204,1839,1,-4.567720413208008,-1.304566502571106,-0.5127366185188293,-2.758650302886963,0.0,0.0,4,5,3.401197381662155,0,0,0.26394703539593084,-0.26394703539593084,HL,0.2639470398426056,-0.2639470398426056,0.0,residual,disabled,275.0
750,1441,1,-1.1604390144348145,1.7619017362594604,-0.6609717011451721,-2.269602060317993,0.0,0.0,0,17,2.8903717578961645,0,0,0.006236131996241855,-0.006236131996241855,LL,0.006236131768673658,-0.006236131768673658,0.0,residual,disabled,86.0
2112,2436,1,1.4121865034103394,-1.2937219142913818,-0.5498636960983276,3.2475390434265137,0.0,0.0,5,3,3.1780538303479453,0,0,0.22552334649902314,-0.22552334649902314,HL,0.22552335262298584,-0.22552335262298584,0.0,residual,disabled,79.0
624,1232,1,-5.2981390953063965,-1.0463824272155762,-0.6616379022598267,-3.5983517169952393,0.0,0.0,1,1,1.3862943611198906,0,0,0.002483473901375505,-0.002483473901375505,LL,0.0024834738578647375,-0.0024834738578647375,0.0,residual,disabled,294.0
205,1701,1,8.062111854553223,2.9324779510498047,3.25425386428833,1.8671470880508423,0.0,0.0,1,65,4.882801922586371,1,1,0.020145318105689636,0.6730018624542556,HH,0.020145317539572716,0.6730018854141235,0.12403473258018494,residual,disabled,36.0
921,1914,1,5.286005020141602,1.8775317668914795,-0.5984528064727783,3.9986932277679443,0.0,0.0,2,22,4.23410650459726,0,0,0.17162295933884167,-0.17162295933884167,HL,0.17162296175956726,-0.17162296175956726,0.0,residual,disabled,45.0
519,598,1,2.8236427307128906,-0.3232603073120117,-0.09551921486854553,3.23418927192688,0.0,0.0,10,26,5.6937321388027,0,0,0.5908559921618184,-0.5908559921618184,HL,0.5908560156822205,-0.5908560156822205,0.0,residual,disabled,81.0
1515,2234,1,-3.5362987518310547,1.0239121913909912,-0.6616231203079224,-3.9068210124969482,0.0,0.0,1,0,0.6931471805599453,0,0,0.0025667768776077267,-0.0025667768776077267,LL,0.0025667769368737936,-0.0025667769368737936,0.0,residual,disabled,278.0
469,2412,1,-2.2393720149993896,-1.389258623123169,-0.6616231203079224,-0.19672320783138275,0.0,0.0,2,1,1.791759469228055,0,0,0.0025667768776077267,-0.0025667768776077267,LL,0.0025667769368737936,-0.0025667769368737936,0.0,residual,disabled,91.0
64,1209,1,1.978410243988037,-1.389258623123169,-0.6616231203079224,4.021059036254883,0.0,0.0,2,1,1.791759469228055,0,0,0.0025667768776077267,-0.0025667768776077267,LL,0.0025667769368737936,-0.0025667769368737936,0.0,residual,disabled,18.0
306,1779,1,8.973925590515137,1.8471944332122803,2.940453052520752,4.17804479598999,0.0,0.0,64,5,5.966146739123692,1,1,0.7195270036789018,-0.02637982311895648,HL,0.719527006149292,-0.026379823684692383,0.055901698768138885,residual,disabled,49.00000000000001
1433,2359,1,3.720057964324951,0.24084243178367615,-0.6175186038017273,4.0885009765625,0.0,0.0,2,10,3.4965075614664807,0,0,0.1378403019224301,-0.1378403019224301,HL,0.13784030079841614,-0.13784030079841614,0.0,residual,disabled,40.0
1070,1358,1,5.732588768005371,2.4767940044403076,2.397507667541504,0.8500539660453796,0.0,0.0,5,139,6.733401891837358,2,2,0.6801114887286566,0.4185007999394532,HH,0.6801114678382874,0.4185008406639099,0.07586432248353958,residual,disabled,177.0
1810,1812,1,4.950416564941406,1.5514997243881226,-0.45798259973526,3.8486664295196533,0.0,0.0,38,4,5.272999558563747,0,0,0.31852856519640793,-0.31852856519640793,HL,0.31852856278419495,-0.31852856278419495,0.0,residual,disabled,82.0
695,1336,1,5.24359130859375,-1.2654914855957031,3.215312957763672,3.285537004470825,0.0,0.0,5,6,3.737669618283368,1,1,0.42931193287961333,0.26383524768033195,HH,0.42931193113327026,0.26383525133132935,0.18257418274879456,residual,disabled,29.0
667,2364,1,-4.275823593139648,-1.3786498308181763,-0.6489906311035156,-2.2564163208007812,0.0,0.0,2,2,2.1972245773362196,0,0,0.06396091467381823,-0.06396091467381823,LL,0.06396091729402542,-0.06396091729402542,0.0,residual,disabled,159.0
945,2388,1,2.084425926208496,-1.3397183418273926,-0.5876129865646362,4.003524303436279,0.0,0.0,3,4,2.995732273553991,0,0,0.18602303754564287,-0.18602303754564287,HL,0.1860230416059494,-0.1860230416059494,0.0,residual,disabled,82.0
843,2542,1,1.1517462730407715,1.0449187755584717,-0.6617758274078369,0.7603703141212463,0.0,0.0,3,0,1.3862943611198906,0,0,0.0017051669314512175,-0.0017051669314512175,LL,0.0017051668837666512,-0.0017051668837666512,0.0,residual,disabled,47.0
1358,1713,1,-0.6759426593780518,2.860663890838623,-0.08723604679107666,-3.457603693008423,0.0,0.0,139,3,6.327936783729195,0,0,0.5962537633065377,-0.5962537633065377,HL,0.5962537527084351,-0.5962537527084351,0.0,residual,disabled,291.0
905,1483,1,7.777915954589844,1.00600266456604,2.6910929679870605,4.072587490081787,0.0,0.0,3,20,4.430816798843313,3,3,0.34185746108770393,1.0444369000321867,HH,0.3418574631214142,1.0444369316101074,0.3872983157634735,residual,disabled,3.0
1059,1600,1,6.2938737869262695,3.452509880065918,-0.6616379022598267,3.4947686195373535,0.0,0.0,0,0,0.0,0,0,0.002483473901375505,-0.002483473901375505,LL,0.0024834738578647375,-0.0024834738578647375,0.0,residual,disabled,1.0
403,806,1,6.284956932067871,-0.11799749732017517,2.2831428050994873,4.111578464508057,0.0,0.0,6,1,2.6390573296152584,1,1,0.006401163194461921,0.6867460173654834,LH,0.006401163060218096,0.6867460012435913,0.40824827551841736,residual,disabled,2.0
228,322,1,2.3073387145996094,1.203446626663208,-0.6617758274078369,1.7574347257614136,0.0,0.0,4,0,1.6094379124341003,0,0,0.0017051669314512175,-0.0017051669314512175,LL,0.0017051668837666512,-0.0017051668837666512,0.0,residual,disabled,142.0
1148,2220,1,5.15640926361084,-1.389723777770996,2.4280128479003906,4.10988712310791,0.0,0.0,2,3,2.4849066497880004,1,1,0.07427151148220186,0.6188756690777434,LH,0.07427151501178741,0.6188756823539734,0.40824827551841736,residual,disabled,5.0
1317,1720,1,2.4637832641601562,-1.0478382110595703,-0.45696452260017395,3.960352897644043,0.0,0.0,7,3,3.465735902799726,0,0,0.31951830065715553,-0.31951830065715553,HL,0.3195182979106903,-0.3195182979106903,0.0,residual,disabled,156.0
1553,1827,1,6.082737445831299,-1.3714497089385986,3.309434175491333,4.136519908905029,0.0,0.0,3,3,2.772588722239781,1,1,0.15981025222941134,0.5333369283305339,LH,0.15981024503707886,0.5333369374275208,0.3333333432674408,residual,disabled,16.0
2147,2486,1,6.240104675292969,-1.31488037109375,3.3164262771606445,4.230325698852539,0.0,0.0,4,2,2.70805020110221,1,1,0.09507910900607243,0.5980680715538729,LH,0.09507910907268524,0.5980680584907532,0.3535533845424652,residual,disabled,4.0
604,1914,1,7.971365928649902,0.6497972011566162,3.2646780014038086,4.0486578941345215,0.0,0.0,4,22,4.74493212836325,1,1,0.6011019660483662,0.0920452145115791,HH,0.6011019945144653,0.09204518795013428,0.10660035908222198,residual,disabled,16.0
2164,2282,1,2.627840042114258,-0.6210997700691223,-0.6613830924034119,3.902089834213257,0.0,0.0,1,5,2.4849066497880004,0,0,0.003920084665472663,-0.003920084665472663,LL,0.003920084796845913,-0.003920084796845913,0.0,residual,disabled,48.0
175,2217,1,2.3191776275634766,-1.1990232467651367,-0.48136579990386963,3.9913337230682373,0.0,0.0,6,3,3.332204510175204,0,0,0.295747045488935,-0.295747045488935,HL,0.2957470417022705,-0.2957470417022705,0.0,residual,disabled,53.0
1957,2630,1,-2.99568510055542,-0.6210997700691223,-0.6613830924034119,-1.7214351892471313,0.0,0.0,5,1,2.4849066497880004,0,0,0.003920084665472663,-0.003920084665472663,LL,0.003920084796845913,-0.003920084796845913,0.0,residual,disabled,122.0
1054,1432,1,6.176554203033447,-1.2203618288040161,3.271031141281128,4.11765193939209,0.0,0.0,5,2,2.8903717578961645,1,1,0.09507910900607243,0.5980680715538729,LH,0.09507910907268524,0.5980680584907532,0.3162277638912201,residual,disabled,7.0
289,1722,1,4.1633734703063965,-1.3786498308181763,2.056813955307007,3.476976156234741,0.0,0.0,2,2,2.1972245773362196,1,1,0.06396091467381823,0.629186265886127,LH,0.06396091729402542,0.6291862726211548,0.5,residual,disabled,109.0
466,1305,1,4.283633708953857,-0.9842131733894348,2.057443141937256,3.2021706104278564,0.0,0.0,4,1,2.3025850929940455,1,1,0.002536581283496064,0.6906105992764492,LH,0.002536581363528967,0.6906105875968933,0.5,residual,disabled,128.0
1098,2067,1,2.1077566146850586,-1.389258623123169,-0.6616231203079224,4.150405406951904,0.0,0.0,1,2,1.791759469228055,0,0,0.0025667768776077267,-0.0025667768776077267,LL,0.0025667769368737936,-0.0025667769368737936,0.0,residual,disabled,23.0
981,1221,1,2.419604778289795,-0.9842131733894348,-0.6616284251213074,4.057213306427002,0.0,0.0,1,4,2.3025850929940455,0,0,0.002536581283496064,-0.002536581283496064,LL,0.002536581363528967,-0.002536581363528967,0.0,residual,disabled,22.0
293,2038,1,-1.7884646654129028,1.0239121913909912,-0.6616231203079224,-2.158986806869507,0.0,0.0,0,1,0.6931471805599453,0,0,0.0025667768776077267,-0.0025667768776077267,LL,0.0025667769368737936,-0.0025667769368737936,0.0,residual,disabled,101.0
1270,2034,1,3.840432643890381,2.817962408065796,-0.6588606238365173,1.6730979681015015,0.0,0.0,1,35,4.276666119016055,0,0,0.018078891203757413,-0.018078891203757413,HL,0.018078891560435295,-0.018078891560435295,0.0,residual,disabled,98.99999999999999
618,938,1,1.6137254238128662,-1.389258623123169,-0.6616231203079224,3.656374216079712,0.0,0.0,1,2,1.791759469228055,0,0,0.0025667768776077267,-0.0025667768776077267,LL,0.0025667769368737936,-0.0025667769368737936,0.0,residual,disabled,24.0
1197,1791,1,1.9261877536773682,-1.389258623123169,-0.6616231203079224,3.968836545944214,0.0,0.0,1,2,1.791759469228055,0,0,0.0025667768776077267,-0.0025667768776077267,LL,0.0025667769368737936,-0.0025667769368737936,0.0,residual,disabled,20.0
1098,1477,1,6.114933013916016,-1.221219539642334,3.1713573932647705,4.156562328338623,0.0,0.0,1,3,2.0794415416798357,1,1,0.002679459971092827,0.6904677205888524,LH,0.002679459983482957,0.6904677152633667,0.5773502588272095,residual,disabled,3.0
266,809,1,5.7160797119140625,-1.3397183418273926,3.184225082397461,3.863340139389038,0.0,0.0,3,4,2.995732273553991,1,1,0.18602303754564287,0.5071241430143024,HH,0.1860230416059494,0.507124125957489,0.28867512941360474,residual,disabled,12.0
131,2169,1,2.2245771884918213,-1.221219539642334,-0.6616032123565674,4.0991668701171875,0.0,0.0,1,3,2.0794415416798357,0,0,0.002679459971092827,-0.002679459971092827,LL,0.002679459983482957,-0.002679459983482957,0.0,residual,disabled,31.0
1147,2371,1,6.477511405944824,-0.9695871472358704,3.292842388153076,4.146022796630859,0.0,0.0,6,2,3.044522437723423,1,1,0.09993231907971788,0.5932148614802274,HH,0.09993232041597366,0.5932148694992065,0.28867512941360474,residual,disabled,2.0
142,2181,1,6.149007320404053,-1.3397183418273926,3.295009136199951,4.185483455657959,0.0,0.0,3,4,2.995732273553991,1,1,0.18602303754564287,0.5071241430143024,HH,0.1860230416059494,0.507124125957489,0.28867512941360474,residual,disabled,28.0
1236,2479,1,6.889474391937256,3.452509880065918,-0.6616379022598267,4.09036922454834,0.0,0.0,0,0,0.0,0,0,0.002483473901375505,-0.002483473901375505,LL,0.0024834738578647375,-0.0024834738578647375,0.0,residual,disabled,1.0
18,2082,1,-3.1660728454589844,1.0449187755584717,-0.6617758274078369,-3.5574488639831543,0.0,0.0,3,0,1.3862943611198906,0,0,0.0017051669314512175,-0.0017051669314512175,LL,0.0017051668837666512,-0.0017051668837666512,0.0,residual,disabled,131.0
531,606,1,-3.238257884979248,-0.9842131733894348,-0.6616284251213074,-1.6006492376327515,0.0,0.0,1,4,2.3025850929940455,0,0,0.002536581283496064,-0.002536581283496064,LL,0.002536581363528967,-0.002536581363528967,0.0,residual,disabled,143.0
1682,2319,1,7.072141170501709,-0.32378941774368286,3.1853392124176025,4.202358245849609,0.0,0.0,8,2,3.295836866004329,1,1,0.12967205327110548,0.5634751272888399,HH,0.12967205047607422,0.5634751319885254,0.25,residual,disabled,1.0
405,1275,1,1.8602912425994873,-1.389258623123169,-0.6616231203079224,3.902940034866333,0.0,0.0,2,1,1.791759469228055,0,0,0.0025667768776077267,-0.0025667768776077267,LL,0.0025667769368737936,-0.0025667769368737936,0.0,residual,disabled,33.0
429,2043,1,5.455985069274902,2.028008460998535,-0.6600931882858276,4.079836845397949,0.0,0.0,14,1,3.4011973816621555,0,0,0.011174017424812204,-0.011174017424812204,HL,0.011174017563462257,-0.011174017563462257,0.0,residual,disabled,6.0
836,2403,1,2.0917811393737793,-0.6210997700691223,-0.6613830924034119,3.3660309314727783,0.0,0.0,5,1,2.4849066497880004,0,0,0.003920084665472663,-0.003920084665472663,LL,0.003920084796845913,-0.003920084796845913,0.0,residual,disabled,81.0
2181,2202,1,2.2762222290039062,-1.3397183418273926,-0.5876129865646362,4.1953206062316895,0.0,0.0,4,3,2.995732273553991,0,0,0.18602303754564287,-0.18602303754564287,HL,0.1860230416059494,-0.1860230416059494,0.0,residual,disabled,51.0
296,2685,1,5.0854644775390625,-1.221219539642334,2.318917989730835,3.9795329570770264,0.0,0.0,1,3,2.0794415416798357,1,1,0.002679459971092827,0.6904677205888524,LH,0.002679459983482957,0.6904677152633667,0.5773502588272095,residual,disabled,10.0
1701,1865,1,1.513051986694336,2.8116581439971924,-0.6243376731872559,-0.682501494884491,0.0,0.0,65,2,5.288267030694535,0,0,0.12368596641301963,-0.12368596641301963,HL,0.12368596345186234,-0.12368596345186234,0.0,residual,disabled,148.0
468,1311,1,6.183401107788086,-1.221219539642334,3.2325057983398438,4.163881778717041,0.0,0.0,1,3,2.0794415416798357,1,1,0.002679459971092827,0.6904677205888524,LH,0.002679459983482957,0.6904677152633667,0.5773502588272095,residual,disabled,2.0
577,2352,1,6.795801639556885,-0.6555263996124268,3.293499231338501,4.149595737457275,0.0,0.0,7,2,3.1780538303479453,1,1,0.09682951278185134,0.5963176677780939,HH,0.09682951122522354,0.5963176488876343,0.26726123690605164,residual,disabled,2.0
830,1914,1,5.802398204803467,2.549152374267578,-0.6603704690933228,3.9053831100463867,0.0,0.0,1,22,3.828641396489095,0,0,0.00961734087375331,-0.00961734087375331,HL,0.009617340750992298,-0.009617340750992298,0.0,residual,disabled,38.0
1072,1801,1,8.028421401977539,0.943117082118988,2.9767611026763916,4.100310325622559,0.0,0.0,26,4,4.90527477843843,1,1,0.5121098978044188,0.18103728275552644,HH,0.5121098756790161,0.1810373067855835,0.0980580672621727,residual,disabled,38.0
57,2418,1,-3.2780542373657227,1.3075400590896606,-0.6617758274078369,-3.932051420211792,0.0,0.0,0,5,1.791759469228055,0,0,0.0017051669314512175,-0.0017051669314512175,LL,0.0017051668837666512,-0.0017051668837666512,0.0,residual,disabled,157.0
374,2147,1,2.421891212463379,-1.304566502571106,-0.5127366185188293,4.230961322784424,0.0,0.0,5,4,3.401197381662155,0,0,0.26394703539593084,-0.26394703539593084,HL,0.2639470398426056,-0.2639470398426056,0.0,residual,disabled,9.0
380,930,1,6.452936172485352,-1.0463824272155762,3.3123693466186523,4.17871618270874,0.0,0.0,1,1,1.3862943611198906,1,1,0.002483473901375505,0.6906637066585698,LH,0.0024834738578647375,0.6906636953353882,1.0,residual,disabled,1.0
1441,2272,1,0.5177881121635437,1.7619017362594604,-0.6609717011451721,-0.591374933719635,0.0,0.0,17,0,2.8903717578961645,0,0,0.006236131996241855,-0.006236131996241855,LL,0.006236131768673658,-0.006236131768673658,0.0,residual,disabled,80.0
2034,2042,1,10.049116134643555,2.817962408065796,3.282853364944458,3.9400672912597656,0.0,0.0,35,1,4.276666119016055,1,1,0.018078891203757413,0.6750682893561879,HH,0.018078891560435295,0.6750683188438416,0.16903084516525269,residual,disabled,3.0
445,909,1,4.447609901428223,1.0239121913909912,-0.6616231203079224,4.077087879180908,0.0,0.0,1,0,0.6931471805599453,0,0,0.0025667768776077267,-0.0025667768776077267,LL,0.0025667769368737936,-0.0025667769368737936,0.0,residual,disabled,4.0
302,1158,1,2.246325969696045,-1.243704915046692,-0.403886616230011,3.8856844902038574,0.0,0.0,4,6,3.5553480614894135,0,0,0.3678477635670827,-0.3678477635670827,HL,0.3678477704524994,-0.3678477704524994,0.0,residual,disabled,94.0
91,2380,1,6.055020332336426,-1.2203618288040161,3.1240122318267822,4.143136978149414,0.0,0.0,5,2,2.8903717578961645,2,2,0.09507910900607243,1.0035331796620373,LH,0.09507910907268524,1.0035332441329956,0.6324555277824402,residual,disabled,10.0
651,2156,1,6.020454406738281,-1.1990232467651367,3.2012689113616943,4.009975433349609,0.0,0.0,6,3,3.332204510175204,1,1,0.295747045488935,0.3974001350710103,HH,0.2957470417022705,0.3974001407623291,0.2357022762298584,residual,disabled,11.0
95,734,1,6.735514163970947,-0.7452322840690613,3.2939388751983643,4.178574562072754,0.0,0.0,18,10,5.342334251964811,2,2,0.9537633594016448,0.14484892926646498,HH,0.9537633657455444,0.14484894275665283,0.14907120168209076,residual,disabled,42.0
55,2020,1,8.01156234741211,0.7373051047325134,3.2322616577148438,4.033762454986572,0.0,0.0,8,1,2.890371757896165,1,1,0.002709528290634796,0.6904376522693105,LH,0.002709528198465705,0.6904376745223999,0.3535533845424652,residual,disabled,1.0
1097,1115,1,5.8427863121032715,-1.304566502571106,3.283357620239258,3.855762243270874,0.0,0.0,4,5,3.401197381662155,1,1,0.26394703539593084,0.42920014516401445,HH,0.2639470398426056,0.429200142621994,0.22360679507255554,residual,disabled,13.0
513,565,1,4.708232879638672,1.3477599620819092,-0.6615977883338928,4.013837814331055,0.0,0.0,1,10,3.091042453358316,0,0,0.002709528290634796,-0.002709528290634796,HL,0.002709528198465705,-0.002709528198465705,0.0,residual,disabled,19.0
1848,2419,1,1.6236950159072876,-1.3397183418273926,-0.5876129865646362,3.5427932739257812,0.0,0.0,4,3,2.995732273553991,0,0,0.18602303754564287,-0.18602303754564287,HL,0.1860230416059494,-0.1860230416059494,0.0,residual,disabled,104.99999999999999
596,644,1,5.7130632400512695,-1.304566502571106,3.000697135925293,4.008699417114258,0.0,0.0,4,5,3.401197381662155,1,1,0.26394703539593084,0.42920014516401445,HH,0.2639470398426056,0.429200142621994,0.22360679507255554,residual,disabled,6.0
506,1013,1,2.7470662593841553,1.6447538137435913,-0.632943868637085,1.7270232439041138,0.0,0.0,3,29,4.787491742782046,0,0,0.10534341095846705,-0.10534341095846705,HL,0.10534340888261795,-0.10534340888261795,0.0,residual,disabled,163.0
1110,1224,1,4.521137714385986,1.00600266456604,-0.43334949016571045,3.940251350402832,0.0,0.0,3,20,4.430816798843313,0,0,0.34185746108770393,-0.34185746108770393,HL,0.3418574631214142,-0.3418574631214142,0.0,residual,disabled,95.0
458,1953,1,6.222053527832031,-1.2203618288040161,3.296572208404541,4.137609958648682,0.0,0.0,5,2,2.8903717578961645,1,1,0.09507910900607243,0.5980680715538729,LH,0.09507910907268524,0.5980680584907532,0.3162277638912201,residual,disabled,4.0
693,2108,1,-3.7312331199645996,-1.221219539642334,-0.6616032123565674,-1.8566434383392334,0.0,0.0,3,1,2.0794415416798357,0,0,0.002679459971092827,-0.002679459971092827,LL,0.002679459983482957,-0.002679459983482957,0.0,residual,disabled,224.0
1229,1254,1,7.807482719421387,1.5727288722991943,2.1904306411743164,4.03609037399292,0.0,0.0,11,1,3.1780538303479458,1,1,0.0006908748283487874,0.6924563057315964,HH,0.0006908748182468116,0.6924563050270081,0.30151134729385376,residual,disabled,2.0
1158,2251,1,-0.5987138748168945,1.387056827545166,-0.6619144678115845,-1.3320893049240112,0.0,0.0,6,0,1.9459101490553132,0,0,0.0009230486758283437,-0.0009230486758283437,LL,0.0009230487048625946,-0.0009230487048625946,0.0,residual,disabled,47.0
2222,2225,1,6.198994159698486,-1.3397183418273926,3.302793025970459,4.227686405181885,0.0,0.0,3,4,2.995732273553991,3,3,0.18602303754564287,1.2002713235742477,HH,0.1860230416059494,1.2002713680267334,0.866025447845459,residual,disabled,3.0
303,1670,1,1.9767768383026123,-1.3786498308181763,-0.6489906311035156,3.9961841106414795,0.0,0.0,2,2,2.1972245773362196,0,0,0.06396091467381823,-0.06396091467381823,LL,0.06396091729402542,-0.06396091729402542,0.0,residual,disabled,67.0
380,477,1,6.447298526763916,-1.0463824272155762,3.3123693466186523,4.173078536987305,0.0,0.0,1,1,1.3862943611198906,1,1,0.002483473901375505,0.6906637066585698,LH,0.0024834738578647375,0.6906636953353882,1.0,residual,disabled,3.0
1757,2451,1,2.870650291442871,-0.025431040674448013,-0.6214582920074463,3.5093066692352295,0.0,0.0,2,9,3.401197381662156,0,0,0.12967205327110548,-0.12967205327110548,HL,0.12967205047607422,-0.12967205047607422,0.0,residual,disabled,136.0
1255,2248,1,5.316938877105713,1.9020248651504517,-0.6625849008560181,4.069265842437744,0.0,0.0,1,13,3.332204510175204,0,0,-0.002865332104051953,0.002865332104051953,HH,-0.002865332178771496,0.002865332178771496,0.0,residual,disabled,22.0
368,2393,1,2.199117422103882,-1.221219539642334,-0.6616032123565674,4.073707103729248,0.0,0.0,3,1,2.0794415416798357,0,0,0.002679459971092827,-0.002679459971092827,LL,0.002679459983482957,-0.002679459983482957,0.0,residual,disabled,24.0
388,1899,1,1.8946266174316406,-1.389723777770996,-0.6458405256271362,3.9219579696655273,0.0,0.0,2,3,2.4849066497880004,0,0,0.07427151148220186,-0.07427151148220186,LL,0.07427151501178741,-0.07427151501178741,0.0,residual,disabled,64.0
89,1157,1,6.904257297515869,-0.6151218414306641,3.2945609092712402,4.216585159301758,0.0,0.0,9,3,3.6888794541139367,1,1,0.361807736196368,0.33133944436357726,HH,0.3618077337741852,0.33133944869041443,0.19245009124279022,residual,disabled,6.0
1580,2200,1,6.0483245849609375,-1.31488037109375,3.2954039573669434,4.059567928314209,0.0,0.0,4,2,2.70805020110221,1,1,0.09507910900607243,0.5980680715538729,LH,0.09507910907268524,0.5980680584907532,0.3535533845424652,residual,disabled,19.0
492,688,1,6.896432876586914,-0.6210997700691223,3.305601119995117,4.203698635101318,0.0,0.0,5,1,2.4849066497880004,1,1,0.003920084665472663,0.6892270958944726,LH,0.003920084796845913,0.6892271041870117,0.4472135901451111,residual,disabled,8.0
335,1986,1,5.93035888671875,2.9143800735473633,-0.6667852401733398,3.6745312213897705,0.0,0.0,1,55,4.718498871295095,0,0,-0.027598705190133088,0.027598705190133088,HH,-0.027598705142736435,0.027598705142736435,0.0,residual,disabled,88.0
346,1358,1,9.155769348144531,2.9819693565368652,2.285041093826294,3.8805253505706787,0.0,0.0,1,139,5.634789603169249,1,1,0.06430606827952172,0.6288411122804236,HH,0.06430606544017792,0.6288411021232605,0.08481889218091965,residual,disabled,9.0
2034,2035,1,5.129251480102539,2.439189910888672,-0.6223410964012146,3.3041694164276123,0.0,0.0,35,2,4.68213122712422,0,0,0.1278380797400702,-0.1278380797400702,HL,0.12783807516098022,-0.12783807516098022,0.0,residual,disabled,91.0
1554,2687,1,2.111203670501709,-1.389258623123169,-0.6616231203079224,4.153852462768555,0.0,0.0,2,1,1.791759469228055,0,0,0.0025667768776077267,-0.0025667768776077267,LL,0.0025667769368737936,-0.0025667769368737936,0.0,residual,disabled,12.0
695,1681,1,6.294379234313965,-1.134115219116211,3.2019739151000977,4.218287467956543,0.0,0.0,5,8,3.9889840465642745,3,3,0.4855470978437046,0.9007472632761859,HH,0.48554709553718567,0.9007472991943359,0.47434163093566895,residual,disabled,6.0
1358,1709,1,8.874529838562012,2.860663890838623,2.178597927093506,3.8270347118377686,0.0,0.0,139,3,6.327936783729195,1,1,0.5962537633065377,0.09689341725340761,HH,0.5962537527084351,0.09689342975616455,0.048970211297273636,residual,disabled,54.0
1889,1891,1,6.2164764404296875,-0.9695871472358704,3.1104824542999268,4.067348003387451,0.0,0.0,6,2,3.044522437723423,2,2,0.09993231907971788,0.9986799695883919,HH,0.09993232041597366,0.9986799955368042,0.5773502588272095,residual,disabled,12.0
1207,2290,1,6.2216410636901855,-1.31488037109375,3.309056282043457,4.219232082366943,0.0,0.0,2,4,2.70805020110221,2,2,0.09507910900607243,1.0035331796620373,LH,0.09507910907268524,1.0035332441329956,0.7071067690849304,residual,disabled,10.0
1705,2322,1,-3.762316942214966,0.8975906372070312,-0.6617958545684814,-4.006344795227051,0.0,0.0,2,0,1.0986122886681098,0,0,0.001592483837966117,-0.001592483837966117,LL,0.0015924838371574879,-0.0015924838371574879,0.0,residual,disabled,363.0
15,1271,1,6.175036430358887,-1.3397183418273926,3.3000035285949707,4.206518173217773,0.0,0.0,3,4,2.995732273553991,3,3,0.18602303754564287,1.2002713235742477,HH,0.1860230416059494,1.2002713680267334,0.866025447845459,residual,disabled,7.0
22,1234,1,6.067951202392578,-1.3714497089385986,3.2616567611694336,4.169511318206787,0.0,0.0,3,3,2.772588722239781,2,2,0.15981025222941134,0.9388020364386984,LH,0.15981024503707886,0.9388020634651184,0.6666666865348816,residual,disabled,10.0
901,1279,1,6.104885101318359,-1.3397183418273926,3.295219659805298,4.141150951385498,0.0,0.0,4,3,2.995732273553991,2,2,0.18602303754564287,0.9125892511224669,HH,0.1860230416059494,0.9125892519950867,0.5773502588272095,residual,disabled,13.0
1708,2313,1,-3.0427045822143555,1.3075400590896606,-0.6617758274078369,-3.696701765060425,0.0,0.0,5,0,1.791759469228055,0,0,0.0017051669314512175,-0.0017051669314512175,LL,0.0017051668837666512,-0.0017051668837666512,0.0,residual,disabled,348.0
477,930,1,6.450809001922607,-1.0463824272155762,3.3123693466186523,4.176589012145996,0.0,0.0,1,1,1.3862943611198906,1,1,0.002483473901375505,0.6906637066585698,LH,0.0024834738578647375,0.6906636953353882,1.0,residual,disabled,2.0
334,693,1,5.937355041503906,-1.389723777770996,3.2962989807128906,4.022546768188477,0.0,0.0,2,3,2.4849066497880004,1,1,0.07427151148220186,0.6188756690777434,LH,0.07427151501178741,0.6188756823539734,0.40824827551841736,residual,disabled,38.0
1358,1740,1,7.759160041809082,1.4043906927108765,2.4021148681640625,3.9444215297698975,0.0,0.0,139,12,7.50659178007084,2,2,1.720593176226104,-0.6219808875579942,HL,1.7205932140350342,-0.6219809055328369,0.048970211297273636,residual,disabled,129.0
174,1742,1,3.6141135692596436,-0.05305695906281471,-0.4556736946105957,4.1146111488342285,0.0,0.0,3,12,3.951243718581427,0,0,0.32077300936225667,-0.32077300936225667,HL,0.32077300548553467,-0.32077300548553467,0.0,residual,disabled,144.0
1739,1750,1,4.98003625869751,-1.243704915046692,2.176283836364746,4.039224147796631,0.0,0.0,6,4,3.5553480614894135,2,2,0.3678477635670827,0.7307645251010271,HH,0.3678477704524994,0.7307645082473755,0.40824827551841736,residual,disabled,36.0
1,2,1,1.1687209606170654,-1.31488037109375,-0.6374170780181885,3.1127853393554688,0.0,0.0,2,4,2.70805020110221,0,0,0.09507910900607243,-0.09507910900607243,LL,0.09507910907268524,-0.09507910907268524,0.0,residual,disabled,90.0
97,661,1,9.21827507019043,1.7538998126983643,3.305774211883545,4.150367736816406,0.0,0.0,1,12,3.258096538021482,1,1,0.00010257655063265483,0.6930446040093127,HH,0.00010257655230816454,0.6930446028709412,0.28867512941360474,residual,disabled,1.0
1358,1751,1,5.810791492462158,2.9819693565368652,-0.6489067077636719,3.4694957733154297,0.0,0.0,139,1,5.634789603169249,0,0,0.06430606827952172,-0.06430606827952172,HL,0.06430606544017792,-0.06430606544017792,0.0,residual,disabled,151.0
229,1053,1,-1.7704797983169556,1.0239121913909912,-0.6616231203079224,-2.1410019397735596,0.0,0.0,0,1,0.6931471805599453,0,0,0.0025667768776077267,-0.0025667768776077267,LL,0.0025667769368737936,-0.0025667769368737936,0.0,residual,disabled,104.0
2227,2228,1,0.44487687945365906,-1.3714497089385986,-0.6061508655548096,2.4142444133758545,0.0,0.0,3,3,2.772588722239781,0,0,0.15981025222941134,-0.15981025222941134,LL,0.15981024503707886,-0.15981024503707886,0.0,residual,disabled,115.0
1842,2281,1,7.313603401184082,-0.025431040674448013,3.279820203781128,4.050981044769287,0.0,0.0,9,2,3.401197381662156,1,1,0.12967205327110548,0.5634751272888399,HH,0.12967205047607422,0.5634751319885254,0.2357022762298584,residual,disabled,7.0
838,2280,1,6.009113788604736,-1.3397183418273926,3.246253490447998,4.094345569610596,0.0,0.0,4,3,2.995732273553991,2,2,0.18602303754564287,0.9125892511224669,HH,0.1860230416059494,0.9125892519950867,0.5773502588272095,residual,disabled,8.0
831,1733,1,4.517860412597656,-0.9695871472358704,2.0564422607421875,3.422772169113159,0.0,0.0,6,2,3.044522437723423,1,1,0.09993231907971788,0.5932148614802274,HH,0.09993232041597366,0.5932148694992065,0.28867512941360474,residual,disabled,37.0
702,822,1,0.5587535500526428,1.5189414024353027,-0.6616859436035156,-0.30673497915267944,0.0,0.0,8,0,2.1972245773362196,0,0,0.0022128532902202114,-0.0022128532902202114,LL,0.002212853403761983,-0.002212853403761983,0.0,residual,disabled,56.0
44,2624,1,6.14440393447876,-1.389258623123169,3.3120229244232178,4.213406562805176,0.0,0.0,2,1,1.791759469228055,1,1,0.0025667768776077267,0.6905804036823375,LH,0.0025667769368737936,0.690580427646637,0.7071067690849304,residual,disabled,1.0
1229,1384,1,7.225996494293213,1.5727288722991943,2.057462215423584,3.5875723361968994,0.0,0.0,11,1,3.1780538303479458,1,1,0.0006908748283487874,0.6924563057315964,HH,0.0006908748182468116,0.6924563050270081,0.30151134729385376,residual,disabled,10.0
414,711,1,-2.9527838230133057,1.5189414024353027,-0.6616859436035156,-3.818272352218628,0.0,0.0,0,8,2.1972245773362196,0,0,0.0022128532902202114,-0.0022128532902202114,LL,0.002212853403761983,-0.002212853403761983,0.0,residual,disabled,138.0
524,2476,1,2.1015877723693848,-1.304566502571106,2.067720413208008,1.3302009105682373,0.0,0.0,4,5,3.401197381662155,1,1,0.26394703539593084,0.42920014516401445,HH,0.2639470398426056,0.429200142621994,0.22360679507255554,residual,disabled,94.0
1040,1358,1,8.934343338012695,2.860663890838623,2.1535472869873047,3.9118993282318115,0.0,0.0,3,139,6.327936783729195,2,2,0.5962537633065377,0.5023585253615721,HH,0.5962537527084351,0.5023585557937622,0.09794042259454727,residual,disabled,49.00000000000001
1546,2169,1,2.192809581756592,-1.3397183418273926,-0.5876129865646362,4.111907958984375,0.0,0.0,4,3,2.995732273553991,0,0,0.18602303754564287,-0.18602303754564287,HL,0.1860230416059494,-0.1860230416059494,0.0,residual,disabled,156.0
844,1902,1,2.5233559608459473,-0.9695871472358704,-0.6353040933609009,4.120014190673828,0.0,0.0,2,6,3.044522437723423,0,0,0.09993231907971788,-0.09993231907971788,HL,0.09993232041597366,-0.09993232041597366,0.0,residual,disabled,33.0
229,2118,1,-2.6586804389953613,0.8975906372070312,-0.6617958545684814,-2.9027082920074463,0.0,0.0,0,2,1.0986122886681098,0,0,0.001592483837966117,-0.001592483837966117,LL,0.0015924838371574879,-0.0015924838371574879,0.0,residual,disabled,182.0
1202,2376,1,6.145174980163574,-1.304566502571106,3.300861358642578,4.140646934509277,0.0,0.0,4,5,3.401197381662155,1,1,0.26394703539593084,0.42920014516401445,HH,0.2639470398426056,0.429200142621994,0.22360679507255554,residual,disabled,7.0
8,1996,1,2.530613899230957,-0.9842131733894348,-0.6616284251213074,4.168222427368164,0.0,0.0,1,4,2.3025850929940455,0,0,0.002536581283496064,-0.002536581283496064,LL,0.002536581363528967,-0.002536581363528967,0.0,residual,disabled,30.0
90,1358,1,7.2597808837890625,2.9674696922302246,3.296712875366211,0.9873653054237366,0.0,0.0,2,139,6.040254711277414,1,1,0.3024114743739735,0.3907357061859718,HH,0.3024114668369293,0.3907357156276703,0.059976015239953995,residual,disabled,129.0
598,1821,1,7.96514892578125,0.943117082118988,3.128953695297241,3.884845495223999,0.0,0.0,26,4,4.90527477843843,1,1,0.5121098978044188,0.18103728275552644,HH,0.5121098756790161,0.1810373067855835,0.0980580672621727,residual,disabled,16.0
1951,2204,1,5.978959560394287,-1.3786498308181763,3.2576372623443604,4.091739177703857,0.0,0.0,2,2,2.1972245773362196,1,1,0.06396091467381823,0.629186265886127,LH,0.06396091729402542,0.6291862726211548,0.5,residual,disabled,6.0
1444,2323,1,-3.6190919876098633,-1.221219539642334,-0.6616032123565674,-1.7445024251937866,0.0,0.0,3,1,2.0794415416798357,0,0,0.002679459971092827,-0.002679459971092827,LL,0.002679459983482957,-0.002679459983482957,0.0,residual,disabled,341.0
885,2386,1,-5.264330863952637,-1.2203618288040161,-0.6374170780181885,-3.414785146713257,0.0,0.0,5,2,2.8903717578961645,0,0,0.09507910900607243,-0.09507910900607243,LL,0.09507910907268524,-0.09507910907268524,0.0,residual,disabled,280.0
577,906,1,6.818378448486328,-0.6555263996124268,3.298574447631836,4.167097568511963,0.0,0.0,7,2,3.1780538303479453,1,1,0.09682951278185134,0.5963176677780939,HH,0.09682951122522354,0.5963176488876343,0.26726123690605164,residual,disabled,1.0
203,857,1,6.101419448852539,-1.3397183418273926,3.2773261070251465,4.15557861328125,0.0,0.0,3,4,2.995732273553991,1,1,0.18602303754564287,0.5071241430143024,HH,0.1860230416059494,0.507124125957489,0.28867512941360474,residual,disabled,2.0
1340,1413,1,8.134209632873535,0.6813010573387146,3.281172037124634,4.163503170013428,0.0,0.0,3,17,4.276666119016055,2,2,0.3753222375214932,0.7232900511466166,HH,0.37532222270965576,0.7232900857925415,0.28005602955818176,residual,disabled,1.0
1589,1745,1,-0.40218254923820496,-0.6210997700691223,-0.6613830924034119,0.8720672726631165,0.0,0.0,1,5,2.4849066497880004,0,0,0.003920084665472663,-0.003920084665472663,LL,0.003920084796845913,-0.003920084796845913,0.0,residual,disabled,95.0
487,1705,1,6.697705268859863,-0.32378941774368286,2.881256341934204,4.132005214691162,0.0,0.0,8,2,3.295836866004329,1,1,0.12967205327110548,0.5634751272888399,HH,0.12967205047607422,0.5634751319885254,0.25,residual,disabled,19.0
893,911,1,6.129721641540527,-1.2937219142913818,3.277254581451416,4.137956142425537,0.0,0.0,5,3,3.1780538303479453,1,1,0.22552334649902314,0.4676238340609221,HH,0.22552335262298584,0.46762382984161377,0.25819888710975647,residual,disabled,7.0
628,1764,1,2.0133543014526367,-1.221219539642334,-0.6616032123565674,3.887943983078003,0.0,0.0,3,1,2.0794415416798357,0,0,0.002679459971092827,-0.002679459971092827,LL,0.002679459983482957,-0.002679459983482957,0.0,residual,disabled,171.0
264,1902,1,2.454570770263672,-1.1990232467651367,-0.48136579990386963,4.1267266273498535,0.0,0.0,3,6,3.332204510175204,0,0,0.295747045488935,-0.295747045488935,HL,0.2957470417022705,-0.2957470417022705,0.0,residual,disabled,43.0
229,1405,1,-1.9204914569854736,1.0449187755584717,-0.6617758274078369,-2.3118674755096436,0.0,0.0,0,3,1.3862943611198906,0,0,0.0017051669314512175,-0.0017051669314512175,LL,0.0017051668837666512,-0.0017051668837666512,0.0,residual,disabled,120.0
733,2304,1,5.041563987731934,2.0673413276672363,-0.5608848333358765,3.526874303817749,0.0,0.0,25,2,4.356708826689592,0,0,0.21403955770147523,-0.21403955770147523,HL,0.21403956413269043,-0.21403956413269043,0.0,residual,disabled,52.0
795,1645,1,-4.119104862213135,-1.221219539642334,-0.6616032123565674,-2.2445151805877686,0.0,0.0,1,3,2.0794415416798357,0,0,0.002679459971092827,-0.002679459971092827,LL,0.002679459983482957,-0.002679459983482957,0.0,residual,disabled,217.0
505,1258,1,4.2716593742370605,1.073485255241394,-0.6615977883338928,3.85153865814209,0.0,0.0,9,1,2.9957322735539913,0,0,0.002709528290634796,-0.002709528290634796,HL,0.002709528198465705,-0.002709528198465705,0.0,residual,disabled,8.0
63,1322,1,3.067200183868408,1.0239121913909912,-0.6616231203079224,2.6966781616210938,0.0,0.0,0,1,0.6931471805599453,0,0,0.0025667768776077267,-0.0025667768776077267,LL,0.0025667769368737936,-0.0025667769368737936,0.0,residual,disabled,21.0
1430,1718,1,0.07942686975002289,-1.221219539642334,-0.6616032123565674,1.9540165662765503,0.0,0.0,1,3,2.0794415416798357,0,0,0.002679459971092827,-0.002679459971092827,LL,0.002679459983482957,-0.002679459983482957,0.0,residual,disabled,214.00000000000003
1750,1765,1,6.038241386413574,-0.15636634826660156,2.136772394180298,4.049602508544922,0.0,0.0,4,14,4.31748811353631,2,2,0.4564122585269044,0.6422000301412054,HH,0.45641225576400757,0.6422000527381897,0.26726123690605164,residual,disabled,44.0
779,1919,1,6.046659469604492,-1.298426866531372,3.224174976348877,4.112678527832031,0.0,0.0,5,5,3.58351893845611,2,2,0.3664462099481818,0.732166078719928,HH,0.36644619703292847,0.7321661114692688,0.4000000059604645,residual,disabled,18.0
986,2697,1,6.921666622161865,3.452509880065918,-0.6616379022598267,4.122561454772949,0.0,0.0,0,0,0.0,0,0,0.002483473901375505,-0.002483473901375505,LL,0.0024834738578647375,-0.0024834738578647375,0.0,residual,disabled,1.0
576,1810,1,3.4225873947143555,1.5514997243881226,-0.45798259973526,2.3208372592926025,0.0,0.0,4,38,5.272999558563747,0,0,0.31852856519640793,-0.31852856519640793,HL,0.31852856278419495,-0.31852856278419495,0.0,residual,disabled,75.0
274,749,1,1.0366036891937256,-1.389258623123169,-0.6616231203079224,3.0792524814605713,0.0,0.0,1,2,1.791759469228055,0,0,0.0025667768776077267,-0.0025667768776077267,LL,0.0025667769368737936,-0.0025667769368737936,0.0,residual,disabled,118.0
1224,1587,1,9.57552433013916,2.4682817459106445,3.247404098510742,3.85160493850708,0.0,0.0,20,1,3.7376696182833684,1,1,0.0013809592565058647,0.6917662213034395,HH,0.0013809592928737402,0.6917662024497986,0.22360679507255554,residual,disabled,1.0
610,2481,1,2.766343832015991,-0.6210997700691223,-0.6613830924034119,4.04059362411499,0.0,0.0,5,1,2.4849066497880004,0,0,0.003920084665472663,-0.003920084665472663,LL,0.003920084796845913,-0.003920084796845913,0.0,residual,disabled,9.0
1903,2269,1,2.7108325958251953,-1.1996101140975952,-0.18472866714000702,4.086938381195068,0.0,0.0,7,5,3.8712010109078907,0,0,0.530128441809577,-0.530128441809577,HL,0.5301284193992615,-0.5301284193992615,0.0,residual,disabled,17.0
1358,1741,1,-0.9945135116577148,2.9674696922302246,-0.4745357036590576,-3.495680570602417,0.0,0.0,139,2,6.040254711277414,0,0,0.3024114743739735,-0.3024114743739735,HL,0.3024114668369293,-0.3024114668369293,0.0,residual,disabled,268.0
336,1950,1,9.242682456970215,1.9020248651504517,3.273465633392334,4.058959484100342,0.0,0.0,1,13,3.332204510175204,1,1,-0.002865332104051953,0.6960125126639972,HH,-0.002865332178771496,0.6960124969482422,0.2773500978946686,residual,disabled,2.0
146,897,1,6.127048492431641,-1.1990232467651367,3.2885231971740723,4.02931547164917,0.0,0.0,3,6,3.332204510175204,1,1,0.295747045488935,0.3974001350710103,HH,0.2957470417022705,0.3974001407623291,0.2357022762298584,residual,disabled,2.0
154,364,1,5.2050628662109375,-1.1262667179107666,2.3177895545959473,4.005307197570801,0.0,0.0,10,9,4.700480365792417,1,1,1.148705496723915,-0.4555583161639697,HL,1.1487054824829102,-0.45555830001831055,0.10540925711393356,residual,disabled,56.0
1042,2198,1,4.096595287322998,0.1892070174217224,-0.2743738889694214,4.173529148101807,0.0,0.0,17,4,4.499809670330265,0,0,0.4681938869129151,-0.4681938869129151,HL,0.4681938886642456,-0.4681938886642456,0.0,residual,disabled,66.0
167,168,1,6.1305012702941895,-1.3786498308181763,3.3067169189453125,4.1942009925842285,0.0,0.0,2,2,2.1972245773362196,1,1,0.06396091467381823,0.629186265886127,LH,0.06396091729402542,0.6291862726211548,0.5,residual,disabled,1.0
1566,2071,1,1.6875747442245483,-1.1654354333877563,-0.3540949821472168,3.1988720893859863,0.0,0.0,4,7,3.688879454113936,0,0,0.4092811700187469,-0.4092811700187469,HL,0.4092811644077301,-0.4092811644077301,0.0,residual,disabled,92.0
603,795,1,1.9599428176879883,-0.11799749732017517,-0.6609424352645874,2.730649709701538,0.0,0.0,6,1,2.6390573296152584,0,0,0.006401163194461921,-0.006401163194461921,LL,0.006401163060218096,-0.006401163060218096,0.0,residual,disabled,90.0
55,210,1,2.935049533843994,-1.1832892894744873,0.149629607796669,3.9604761600494385,0.0,0.0,8,7,4.276666119016055,0,0,0.7439778312008087,-0.7439778312008087,HL,0.7439778447151184,-0.7439778447151184,0.0,residual,disabled,57.0
1229,2439,1,6.060580730438232,-0.22426737844944,2.2423319816589355,4.03428316116333,0.0,0.0,11,3,3.8712010109078907,1,1,0.2930939733738713,0.400053207186074,HH,0.2930939793586731,0.4000532031059265,0.17407765984535217,residual,disabled,23.0
963,2434,1,7.599369525909424,0.08179783821105957,3.2989070415496826,4.2104315757751465,0.0,0.0,16,4,4.442651256490317,3,3,0.45656483740368703,0.9297295237162035,HH,0.45656484365463257,0.9297295212745667,0.375,residual,disabled,20.0
170,1358,1,6.222460746765137,2.9819693565368652,-0.6489067077636719,3.8811652660369873,0.0,0.0,1,139,5.634789603169249,0,0,0.06430606827952172,-0.06430606827952172,HL,0.06430606544017792,-0.06430606544017792,0.0,residual,disabled,146.0
