u,v,label,score_total,score_degree,score_cn,score_residual,score_interaction,interaction_share,degree_u,degree_v,degree_score,cn_raw,cn,cn_expected,cn_residual,quadrant,model_cn_expected,model_cn_residual,model_cn_normalized,cn_feature_mode,interaction_mode,rank
733,1062,1,9.560771942138672,1.7015366554260254,3.473557949066162,4.279680252075195,0.097872793674469,0.010245619341731071,25,3,4.6443908991413725,1,1,0.2834964304215914,0.4096507501383539,HH,0.2834964394569397,0.4096507430076599,0.1154700443148613,raw,audited,3.0
1416,1468,1,5.127928256988525,1.55104398727417,-0.7193391919136047,4.102226734161377,0.18587231636047363,0.02834075130522251,17,2,3.9889840465642745,0,0,0.257133548881196,-0.257133548881196,HL,0.2571335434913635,-0.2571335434913635,0.0,raw,audited,34.0
350,1778,1,6.569848537445068,-0.26947763562202454,2.5414841175079346,4.2851691246032715,0.004548037890344858,0.0006405074964277446,13,6,4.584967478670571,1,1,0.7193156778617236,-0.026168497301778282,HL,0.7193156480789185,-0.026168465614318848,0.1132277101278305,raw,audited,72.0
657,1740,1,2.732977867126465,-0.689368724822998,-0.7193391919136047,4.088968753814697,0.044592104852199554,0.008045821450650692,10,12,4.962844630259907,0,0,0.6196499723695155,-0.6196499723695155,HL,0.6196499466896057,-0.6196499466896057,0.0,raw,audited,140.0
1602,2073,1,3.1121795177459717,-0.4444933235645294,-0.7193391919136047,4.235622882843018,0.03226444497704506,0.005940005648881197,7,2,3.1780538303479453,0,0,0.09682951278185134,-0.09682951278185134,HL,0.09682951122522354,-0.09682951122522354,0.0,raw,audited,63.0
507,1300,1,8.018205642700195,0.08370540291070938,3.5125908851623535,4.365035057067871,0.04875001683831215,0.00608608266338706,16,6,4.77912349311153,5,5,0.7613044293103012,1.030455039917754,HH,0.7613044381141663,1.0304551124572754,0.5103103518486023,raw,audited,13.0
1682,2189,1,-0.24166825413703918,-0.7037891149520874,-0.7193391919136047,1.1392515897750854,0.03408375009894371,0.013126988895237446,8,4,3.8066624897703196,0,0,0.40617432960244304,-0.40617432960244304,HL,0.40617433190345764,-0.40617433190345764,0.0,raw,audited,130.0
306,1798,1,9.13933277130127,2.1268210411071777,2.6561484336853027,4.2574357986450195,0.09080266952514648,0.009944211691617966,64,5,5.966146739123692,5,5,0.7195270036789018,1.072232465549153,HH,0.719527006149292,1.0722324848175049,0.279508501291275,raw,audited,8.0
661,1878,1,-0.07261307537555695,0.8640322685241699,-0.7193391919136047,-0.35709699988365173,0.13166607916355133,0.06354127824306488,12,2,3.6635616461296463,0,0,0.17653506637630972,-0.17653506637630972,HL,0.17653506994247437,-0.17653506994247437,0.0,raw,audited,89.0
2446,2448,1,2.6583399772644043,-0.7776404619216919,-0.7193391919136047,4.133962631225586,0.013232137076556683,0.0023443882819265127,6,2,3.044522437723423,0,0,0.09993231907971788,-0.09993231907971788,HL,0.09993232041597366,-0.09993232041597366,0.0,raw,audited,26.0
1704,1912,1,0.9091227650642395,-0.2531281113624573,-0.7193391919136047,1.8153631687164307,0.058102138340473175,0.02041585184633732,3,9,3.6888794541139367,0,0,0.361807736196368,-0.361807736196368,HL,0.3618077337741852,-0.3618077337741852,0.0,raw,audited,149.0
4,1761,1,6.528862953186035,-1.1330461502075195,3.5470616817474365,4.107625484466553,-0.0009026518673636019,0.00010270671918988228,4,5,3.401197381662155,2,2,0.26394703539593084,0.834665253272179,HH,0.2639470398426056,0.8346652984619141,0.4472135901451111,raw,audited,7.0
236,2046,1,6.078256607055664,-0.5336422324180603,2.4482033252716064,4.169986248016357,-0.014415120705962181,0.002011530101299286,9,4,3.9120230054281464,2,2,0.42142500762192203,0.6771872810461878,HH,0.4214250147342682,0.6771873235702515,0.3333333432674408,raw,audited,9.0
1411,2218,1,-0.13268277049064636,0.9311632513999939,-0.7193391919136047,-0.3812830448150635,0.028651447966694832,0.013905520550906658,0,1,0.6931471805599453,0,0,0.0025667768776077267,-0.0025667768776077267,LL,0.0025667769368737936,-0.0025667769368737936,0.0,raw,audited,77.0
1359,1914,1,8.354669570922852,1.137731909751892,3.513676404953003,3.6152095794677734,0.07992774248123169,0.009576146490871906,4,22,4.74493212836325,1,1,0.6011019660483662,0.0920452145115791,HH,0.6011019945144653,0.09204518795013428,0.10660035908222198,raw,audited,18.0
1013,1844,1,5.830493450164795,2.5899250507354736,-0.7193391919136047,3.6824350357055664,0.26934751868247986,0.03709486126899719,29,1,4.0943445622221,0,0,-0.1059855857541714,0.1059855857541714,HH,-0.10598558932542801,0.10598558932542801,0.0,raw,audited,6.0
2263,2490,1,6.374963760375977,-1.2960149049758911,3.407414674758911,4.281899929046631,-0.026460809633135796,0.002936243312433362,2,1,1.791759469228055,1,1,0.0025667768776077267,0.6905804036823375,LH,0.0025667769368737936,0.690580427646637,0.7071067690849304,raw,audited,12.0
1072,1802,1,8.645726203918457,2.1587331295013428,2.421572208404541,3.969775438308716,0.08752144873142242,0.010132609866559505,26,2,4.394449154672439,1,1,0.2057299702690783,0.487417210290867,HH,0.20572997629642487,0.48741722106933594,0.1386750489473343,raw,audited,27.0
968,1986,1,6.485396385192871,2.8267810344696045,-0.7193391919136047,4.069004535675049,0.3008250594139099,0.03800239413976669,1,55,4.718498871295095,0,0,-0.027598705190133088,0.027598705190133088,HH,-0.027598705142736435,0.027598705142736435,0.0,raw,audited,10.0
968,1603,1,-2.5040557384490967,0.9311632513999939,-0.7193391919136047,-2.7526559829711914,0.028651447966694832,0.006464954931288958,1,0,0.6931471805599453,0,0,0.0025667768776077267,-0.0025667768776077267,LL,0.0025667769368737936,-0.0025667769368737936,0.0,raw,audited,195.0
650,1486,1,1.4409544467926025,-0.7776404619216919,-0.7193391919136047,2.9165773391723633,0.013232137076556683,0.0029891047161072493,6,2,3.044522437723423,0,0,0.09993231907971788,-0.09993231907971788,HL,0.09993232041597366,-0.09993232041597366,0.0,raw,audited,104.99999999999999
73,1751,1,4.747720718383789,1.3095659017562866,-0.7193391919136047,3.9982643127441406,0.151105135679245,0.024457499384880066,11,1,3.1780538303479458,0,0,0.0006908748283487874,-0.0006908748283487874,HL,0.0006908748182468116,-0.0006908748182468116,0.0,raw,audited,35.0
1602,2074,1,7.02083158493042,-0.7485431432723999,3.513906717300415,4.234555244445801,0.012787697836756706,0.0015027036424726248,7,3,3.465735902799726,1,1,0.31951830065715553,0.37362887990278976,HH,0.3195182979106903,0.3736288845539093,0.2182178795337677,raw,audited,18.0
1599,2614,1,1.8745454549789429,-1.1330461502075195,-0.7193391919136047,3.708435297012329,0.010370692238211632,0.001861485536210239,5,4,3.401197381662155,0,0,0.26394703539593084,-0.26394703539593084,HL,0.2639470398426056,-0.2639470398426056,0.0,raw,audited,178.0
1201,2533,1,-2.5068557262420654,0.7102168798446655,-0.7193391919136047,-2.515122890472412,0.009264739230275154,0.0023431640584021807,2,0,1.0986122886681098,0,0,0.001592483837966117,-0.001592483837966117,LL,0.0015924838371574879,-0.0015924838371574879,0.0,raw,audited,156.0
1409,1826,1,6.798964977264404,-1.0262408256530762,3.5605967044830322,4.249093055725098,0.007391116116195917,0.0008357850601896644,4,6,3.5553480614894135,1,1,0.3678477635670827,0.3252994169928626,HH,0.3678477704524994,0.3252994120121002,0.20412413775920868,raw,audited,9.0
756,885,1,-4.249878406524658,-0.5308321714401245,-0.7193391919136047,-3.0572686195373535,0.04943669214844704,0.011346819810569286,10,5,4.189654742026425,0,0,0.5320508010865779,-0.5320508010865779,HL,0.5320507884025574,-0.5320507884025574,0.0,raw,audited,295.0
1153,1401,1,6.942949295043945,-0.9080660343170166,3.5121994018554688,4.338245868682861,-0.00755447568371892,0.0008617864223197103,1,4,2.3025850929940455,1,1,0.002536581283496064,0.6906105992764492,LH,0.002536581363528967,0.6906105875968933,0.5,raw,audited,6.0
102,1251,1,5.813488960266113,-0.7485431432723999,2.3264548778533936,4.255059242248535,-0.027607019990682602,0.0037521447520703077,7,3,3.465735902799726,2,2,0.31951830065715553,0.7790939880109542,HH,0.3195182979106903,0.7790939807891846,0.4364357590675354,raw,audited,24.0
567,1513,1,4.489880561828613,-1.0142223834991455,1.3608020544052124,4.184476375579834,-0.04930015653371811,0.00745977321639657,5,2,2.8903717578961645,1,1,0.09507910900607243,0.5980680715538729,LH,0.09507910907268524,0.5980680584907532,0.3162277638912201,raw,audited,18.0
1282,1735,1,6.887029647827148,-0.8649494051933289,3.5218427181243896,4.211912155151367,0.010099481791257858,0.0011731573613360524,4,7,3.688879454113936,2,2,0.4092811700187469,0.6893311186493629,HH,0.4092811644077301,0.6893311738967896,0.37796449661254883,raw,audited,15.0
1440,1701,1,10.140859603881836,2.8627705574035645,3.5178372859954834,3.6228160858154297,0.1293114572763443,0.012761752121150494,1,65,4.882801922586371,1,1,0.020145318105689636,0.6730018624542556,HH,0.020145317539572716,0.6730018854141235,0.12403473258018494,raw,audited,1.0
118,581,1,7.665168762207031,0.8043345808982849,3.294762372970581,3.5002336502075195,0.05771363526582718,0.007537325844168663,18,4,4.553876891600541,1,1,0.47281091218246313,0.22033626837748216,HH,0.47281092405319214,0.22033625841140747,0.1178511381149292,raw,audited,27.0
124,1367,1,3.025216817855835,-0.49998703598976135,-0.7193391919136047,4.194446563720703,0.04197164624929428,0.007693110965192318,3,8,3.58351893845611,0,0,0.31403642712572494,-0.31403642712572494,HL,0.31403642892837524,-0.31403642892837524,0.0,raw,audited,54.0
1042,1517,1,9.732992172241211,2.1042237281799316,3.3988449573516846,4.1305766105651855,0.09122184664011002,0.009380266070365906,17,1,3.58351893845611,1,1,0.007700184364779972,0.6854469961951654,HH,0.0077001843601465225,0.6854469776153564,0.24253563582897186,raw,audited,3.0
492,1533,1,2.5141069889068604,-1.1052969694137573,-0.7193391919136047,4.322694778442383,0.007923625409603119,0.0012872944353148341,5,3,3.1780538303479453,0,0,0.22552334649902314,-0.22552334649902314,HL,0.22552335262298584,-0.22552335262298584,0.0,raw,audited,33.0
972,1000,1,2.3246328830718994,-1.2596451044082642,-0.7193391919136047,4.288835048675537,0.006657330319285393,0.0010610176250338554,3,3,2.772588722239781,0,0,0.15981025222941134,-0.15981025222941134,LL,0.15981024503707886,-0.15981024503707886,0.0,raw,audited,28.0
468,647,1,2.184831142425537,-0.9211475849151611,-0.7193391919136047,3.77919864654541,0.037994302809238434,0.006961621809750795,1,1,1.3862943611198906,0,0,0.002483473901375505,-0.002483473901375505,LL,0.0024834738578647375,-0.0024834738578647375,0.0,raw,audited,19.0
121,1910,1,-2.7828750610351562,-0.9080660343170166,-0.7193391919136047,-1.1605396270751953,-0.0030551189556717873,0.001094632432796061,4,1,2.3025850929940455,0,0,0.002536581283496064,-0.002536581283496064,LL,0.002536581363528967,-0.002536581363528967,0.0,raw,audited,197.00000000000003
547,598,1,5.593708038330078,2.5233662128448486,-0.7193391919136047,3.519591808319092,0.26196423172950745,0.03729420155286789,1,26,3.9889840465642745,0,0,-0.011027840012221813,0.011027840012221813,HH,-0.011027839966118336,0.011027839966118336,0.0,raw,audited,29.0
452,1258,1,1.8761605024337769,-1.2960149049758911,-0.7193391919136047,3.8880062103271484,-0.004616216290742159,0.0007813531556166708,2,1,1.791759469228055,0,0,0.0025667768776077267,-0.0025667768776077267,LL,0.0025667769368737936,-0.0025667769368737936,0.0,raw,audited,52.0
1109,2671,1,8.342647552490234,0.38056308031082153,3.5504894256591797,4.352080345153809,0.051390279084444046,0.006165952887386084,3,12,3.951243718581427,3,3,0.32077300936225667,1.0655213517576338,HH,0.32077300548553467,1.0655213594436646,0.5,raw,audited,5.0
1365,1702,1,6.830113887786865,-0.2531281113624573,3.436997175216675,3.609323501586914,0.028796106576919556,0.003929468337446451,3,9,3.6888794541139367,1,1,0.361807736196368,0.33133944436357726,HH,0.3618077337741852,0.33133944869041443,0.19245009124279022,raw,audited,21.0
326,1358,1,8.541114807128906,2.9335386753082275,1.744519591331482,3.7001166343688965,0.15481606125831604,0.01814323663711548,2,139,6.040254711277414,1,1,0.3024114743739735,0.3907357061859718,HH,0.3024114668369293,0.3907357156276703,0.059976015239953995,raw,audited,8.0
718,2059,1,1.9386504888534546,-1.2958875894546509,-0.7193391919136047,3.9457921981811523,-3.959875903092325e-05,6.642907010245835e-06,2,3,2.4849066497880004,0,0,0.07427151148220186,-0.07427151148220186,LL,0.07427151501178741,-0.07427151501178741,0.0,raw,audited,53.0
1085,1421,1,6.280972480773926,-1.1052969694137573,3.1844899654388428,4.212093830108643,-0.018439430743455887,0.002164171077311039,3,5,3.1780538303479453,3,3,0.22552334649902314,1.1607710146208674,HH,0.22552335262298584,1.1607710123062134,0.774596631526947,raw,audited,7.0
166,2617,1,-3.498430013656616,0.9311632513999939,-0.7193391919136047,-3.74703049659729,0.028651447966694832,0.005280220415443182,1,0,0.6931471805599453,0,0,0.0025667768776077267,-0.0025667768776077267,LL,0.0025667769368737936,-0.0025667769368737936,0.0,raw,audited,139.0
1856,2045,1,8.180340766906738,1.447340965270996,2.421572208404541,4.236465930938721,0.06683741509914398,0.008178615011274815,4,27,4.941642422609304,1,1,0.5687250615168912,0.12442211904305411,HH,0.568725049495697,0.12442213296890259,0.09622504562139511,raw,audited,52.0
307,991,1,5.097806453704834,3.2033233642578125,-0.7193391919136047,2.2862119674682617,0.3194855749607086,0.04893810302019119,0,0,0.0,0,0,0.002483473901375505,-0.002483473901375505,LL,0.0024834738578647375,-0.0024834738578647375,0.0,raw,audited,2.0
958,1798,1,5.49563455581665,-1.0142223834991455,2.352553606033325,4.192028999328613,-0.0428503043949604,0.005636970046907663,2,5,2.8903717578961645,1,1,0.09507910900607243,0.5980680715538729,LH,0.09507910907268524,0.5980680584907532,0.3162277638912201,raw,audited,32.0
1358,1568,1,8.142963409423828,2.9335386753082275,1.2480698823928833,3.793381452560425,0.15984897315502167,0.019649924710392952,139,2,6.040254711277414,1,1,0.3024114743739735,0.3907357061859718,HH,0.3024114668369293,0.3907357156276703,0.059976015239953995,raw,audited,98.99999999999999
1501,2228,1,6.2381367683410645,-0.9425831437110901,3.023970127105713,4.162698745727539,-0.014073653146624565,0.001728244125843048,6,3,3.332204510175204,1,1,0.295747045488935,0.3974001350710103,HH,0.2957470417022705,0.3974001407623291,0.2357022762298584,raw,audited,9.0
14,2668,1,6.210103511810303,-1.1964846849441528,3.152930498123169,4.268675327301025,-0.023142313584685326,0.002678126562386751,4,3,2.995732273553991,1,1,0.18602303754564287,0.5071241430143024,HH,0.1860230416059494,0.507124125957489,0.28867512941360474,raw,audited,17.0
1038,1358,1,6.089673042297363,2.845573663711548,-0.7193391919136047,3.6599955558776855,0.2953181862831116,0.03926985338330269,3,139,6.327936783729195,0,0,0.5962537633065377,-0.5962537633065377,HL,0.5962537527084351,-0.5962537527084351,0.0,raw,audited,185.99999999999997
1385,2335,1,2.4622342586517334,-1.0142223834991455,-0.7193391919136047,4.18241024017334,0.005260641686618328,0.000888436974491924,2,5,2.8903717578961645,0,0,0.09507910900607243,-0.09507910900607243,LL,0.09507910907268524,-0.09507910907268524,0.0,raw,audited,43.0
647,904,1,3.1967384815216064,-0.3114834427833557,-0.7193391919136047,4.198653221130371,0.020783303305506706,0.003958528861403465,1,6,2.6390573296152584,0,0,0.006401163194461921,-0.006401163194461921,LL,0.006401163060218096,-0.006401163060218096,0.0,raw,audited,18.0
1849,1914,1,4.370994567871094,0.8567515015602112,-0.7193391919136047,4.0814971923828125,0.1439603567123413,0.024814127013087273,5,22,4.927253685157204,0,0,0.5779234037185782,-0.5779234037185782,HL,0.5779234170913696,-0.5779234170913696,0.0,raw,audited,82.0
1773,1780,1,2.240879774093628,-1.1696233749389648,-0.7193391919136047,4.1204071044921875,0.0013104357058182359,0.00021801787079311907,4,2,2.70805020110221,0,0,0.09507910900607243,-0.09507910900607243,LL,0.09507910907268524,-0.09507910907268524,0.0,raw,audited,67.0
306,656,1,10.23442554473877,2.7610723972320557,3.0892462730407715,4.26855993270874,0.10742153972387314,0.010504437610507011,64,2,5.272999558563747,2,2,0.22027006945527555,0.8783422192128343,HH,0.2202700674533844,0.8783422708511353,0.1767766922712326,raw,audited,12.0
1351,1535,1,2.476471185684204,-0.8052902817726135,-0.7193391919136047,3.9625964164733887,0.03037947788834572,0.005505917128175497,8,5,3.9889840465642745,0,0,0.4855470978437046,-0.4855470978437046,HL,0.48554709553718567,-0.48554709553718567,0.0,raw,audited,71.0
2457,2458,1,6.292612552642822,-1.1565622091293335,3.340975761413574,4.117730140686035,-0.01765589602291584,0.0020451811142265797,3,1,2.0794415416798357,1,1,0.002679459971092827,0.6904677205888524,LH,0.002679459983482957,0.6904677152633667,0.5773502588272095,raw,audited,3.0
109,1805,1,5.547041893005371,1.8469992876052856,-0.7193391919136047,4.196588039398193,0.21466857194900513,0.030765408650040627,28,3,4.7535901911063645,0,0,0.2474640255978244,-0.2474640255978244,HL,0.24746403098106384,-0.24746403098106384,0.0,raw,audited,8.0
907,1351,1,-3.2657392024993896,1.3082263469696045,-0.7193391919136047,-3.928936004638672,0.06618472188711166,0.010989236645400524,0,8,2.1972245773362196,0,0,0.0022128532902202114,-0.0022128532902202114,LL,0.002212853403761983,-0.002212853403761983,0.0,raw,audited,109.0
748,1617,1,3.199162244796753,1.403645634651184,-0.7193391919136047,2.43131685256958,0.0754142552614212,0.016289176419377327,10,0,2.3978952727983707,0,0,0.0014682163898236727,-0.0014682163898236727,LL,0.0014682164182886481,-0.0014682164182886481,0.0,raw,audited,122.0
1357,2170,1,1.4419972896575928,-0.9211475849151611,-0.7193391919136047,3.036365032196045,0.037994302809238434,0.008058439940214157,1,1,1.3862943611198906,0,0,0.002483473901375505,-0.002483473901375505,LL,0.0024834738578647375,-0.0024834738578647375,0.0,raw,audited,73.0
645,1495,1,3.329571008682251,0.6646050810813904,-0.7193391919136047,3.260350227355957,0.11583016067743301,0.02433343045413494,11,2,3.58351893845611,0,0,0.18117393408101218,-0.18117393408101218,HL,0.18117393553256989,-0.18117393553256989,0.0,raw,audited,70.0
56,1849,1,6.5083794593811035,-1.0142223834991455,3.3843233585357666,4.140744209289551,-0.010590719990432262,0.0012386981397867203,2,5,2.8903717578961645,2,2,0.09507910900607243,1.0035331796620373,LH,0.09507910907268524,1.0035332441329956,0.6324555277824402,raw,audited,4.0
743,1570,1,1.843058466911316,-0.6487200260162354,-0.7193391919136047,3.199634075164795,0.0033588281366974115,0.0007348041981458664,5,1,2.4849066497880004,0,0,0.003920084665472663,-0.003920084665472663,LL,0.003920084796845913,-0.003920084796845913,0.0,raw,audited,71.0
8,281,1,2.8386025428771973,-0.6487200260162354,-0.7193391919136047,4.195178031921387,0.0033588281366974115,0.0006033899844624102,1,5,2.4849066497880004,0,0,0.003920084665472663,-0.003920084665472663,LL,0.003920084796845913,-0.003920084796845913,0.0,raw,audited,8.0
598,1301,1,1.6435221433639526,1.3929754495620728,-0.7193391919136047,0.7794923186302185,0.182268887758255,0.059292253106832504,26,4,4.90527477843843,0,0,0.5121098978044188,-0.5121098978044188,HL,0.5121098756790161,-0.5121098756790161,0.0,raw,audited,132.0
1388,2181,1,6.66443395614624,-1.1969711780548096,3.5413811206817627,4.315677165985107,-0.0037779801059514284,0.00041709656943567097,4,4,3.2188758248682006,1,1,0.2842516161783053,0.40889556438164,HH,0.2842516303062439,0.4088955521583557,0.25,raw,audited,16.0
1818,2305,1,6.553304672241211,-1.1964846849441528,3.425232172012329,4.330591201782227,-0.014158953912556171,0.0015791004989296198,3,4,2.995732273553991,1,1,0.18602303754564287,0.5071241430143024,HH,0.1860230416059494,0.507124125957489,0.28867512941360474,raw,audited,8.0
2228,2394,1,7.952169895172119,0.6996179223060608,3.023970127105713,4.175405025482178,0.045052286237478256,0.005671202205121517,3,14,4.0943445622221,1,1,0.3512116285679379,0.34193555199200737,HH,0.35121163725852966,0.34193554520606995,0.15430335700511932,raw,audited,3.0
2303,2541,1,0.153609499335289,-1.2960149049758911,-0.7193391919136047,2.1654551029205322,-0.004616216290742159,0.001102926442399621,2,1,1.791759469228055,0,0,0.0025667768776077267,-0.0025667768776077267,LL,0.0025667769368737936,-0.0025667769368737936,0.0,raw,audited,67.0
661,1879,1,2.6169495582580566,0.38056308031082153,-0.7193391919136047,2.845147132873535,0.10245362669229507,0.025312798097729683,12,3,3.951243718581427,0,0,0.32077300936225667,-0.32077300936225667,HL,0.32077300548553467,-0.32077300548553467,0.0,raw,audited,78.0
1395,2072,1,1.7101669311523438,-1.1696233749389648,-0.7193391919136047,3.5896942615509033,0.0013104357058182359,0.0002391320449532941,4,2,2.70805020110221,0,0,0.09507910900607243,-0.09507910900607243,LL,0.09507910907268524,-0.09507910907268524,0.0,raw,audited,40.0
1091,2176,1,7.136285781860352,-0.7776404619216919,3.549391508102417,4.348013877868652,0.008395985700190067,0.0009668960119597614,2,6,3.044522437723423,2,2,0.09993231907971788,0.9986799695883919,HH,0.09993232041597366,0.9986799955368042,0.5773502588272095,raw,audited,1.0
387,2191,1,-3.498483419418335,0.7102168798446655,-0.7193391919136047,-3.5067505836486816,0.009264739230275154,0.0018733403412625194,2,0,1.0986122886681098,0,0,0.001592483837966117,-0.001592483837966117,LL,0.0015924838371574879,-0.0015924838371574879,0.0,raw,audited,216.0
1300,2508,1,7.10129451751709,-0.7776404619216919,3.502239465713501,4.366873741149902,0.001696972525678575,0.00019621696264948696,6,2,3.044522437723423,1,1,0.09993231907971788,0.5932148614802274,HH,0.09993232041597366,0.5932148694992065,0.28867512941360474,raw,audited,9.0
926,1862,1,-0.6752625107765198,0.7768762111663818,-0.7193391919136047,-0.7583690285682678,0.017444748431444168,0.007678047753870487,0,3,1.3862943611198906,0,0,0.0017051669314512175,-0.0017051669314512175,LL,0.0017051668837666512,-0.0017051668837666512,0.0,raw,audited,147.0
1125,2332,1,1.700949788093567,-1.2960149049758911,-0.7193391919136047,3.7127954959869385,-0.004616216290742159,0.0008052337216213346,1,2,1.791759469228055,0,0,0.0025667768776077267,-0.0025667768776077267,LL,0.0025667769368737936,-0.0025667769368737936,0.0,raw,audited,35.0
577,2351,1,7.030378341674805,-0.8649494051933289,3.5314550399780273,4.346706390380859,0.009041071869432926,0.001033011358231306,7,4,3.688879454113936,2,2,0.4092811700187469,0.6893311186493629,HH,0.4092811644077301,0.6893311738967896,0.37796449661254883,raw,audited,4.0
45,2667,1,6.533243179321289,-1.142774224281311,3.4061343669891357,4.2640061378479,-0.0022477221209555864,0.0002549836353864521,5,5,3.58351893845611,1,1,0.3664462099481818,0.3267009706117635,HH,0.36644619703292847,0.32670098543167114,0.20000000298023224,raw,audited,10.0
1273,2125,1,7.140186309814453,-0.7485431432723999,3.556501626968384,4.310595512390137,0.013507268391549587,0.001565307378768921,7,3,3.465735902799726,3,3,0.31951830065715553,1.066776060462735,HH,0.3195182979106903,1.0667760372161865,0.6546536684036255,raw,audited,5.0
2045,2047,1,4.095367431640625,2.548041582107544,-0.7193391919136047,1.9939721822738647,0.264568030834198,0.047877635806798935,27,1,4.025351690735149,0,0,0.06306873591422772,-0.06306873591422772,HL,0.06306873261928558,-0.06306873261928558,0.0,raw,audited,138.0
341,2045,1,0.9850561022758484,1.8020044565200806,-0.7193391919136047,-0.3169705867767334,0.21123673021793365,0.06926814466714859,3,27,4.718498871295094,0,0,0.3195190468888935,-0.3195190468888935,HL,0.31951904296875,-0.31951904296875,0.0,raw,audited,189.0
6,1042,1,5.204057216644287,1.55104398727417,-0.7193391919136047,4.1783552169799805,0.18587231636047363,0.028015559539198875,2,17,3.9889840465642745,0,0,0.257133548881196,-0.257133548881196,HL,0.2571335434913635,-0.2571335434913635,0.0,raw,audited,56.0
1920,1926,1,5.95383358001709,-0.9425831437110901,3.152400255203247,3.7470741271972656,-0.011182296089828014,0.001423908630385995,3,6,3.332204510175204,1,1,0.295747045488935,0.3974001350710103,HH,0.2957470417022705,0.3974001407623291,0.2357022762298584,raw,audited,33.0
1568,1729,1,1.744962453842163,-1.1696233749389648,-0.7193391919136047,3.6244897842407227,0.0013104357058182359,0.00023762321507092565,2,4,2.70805020110221,0,0,0.09507910900607243,-0.09507910900607243,LL,0.09507910907268524,-0.09507910907268524,0.0,raw,audited,162.0
360,1824,1,3.2132151126861572,-0.3114834427833557,-0.7193391919136047,4.215129852294922,0.020783303305506706,0.003946145065128803,1,6,2.6390573296152584,0,0,0.006401163194461921,-0.006401163194461921,LL,0.006401163060218096,-0.006401163060218096,0.0,raw,audited,8.0
482,2308,1,2.470163583755493,-0.9425831437110901,-0.7193391919136047,4.108394622802734,0.015566570684313774,0.002690439810976386,6,3,3.332204510175204,0,0,0.295747045488935,-0.295747045488935,HL,0.2957470417022705,-0.2957470417022705,0.0,raw,audited,41.0
1522,1697,1,1.9473322629928589,-1.2958875894546509,-0.7193391919136047,3.9544739723205566,-3.959875903092325e-05,6.633246357523603e-06,2,3,2.4849066497880004,0,0,0.07427151148220186,-0.07427151148220186,LL,0.07427151501178741,-0.07427151501178741,0.0,raw,audited,65.0
741,1088,1,2.1715621948242188,-1.1565622091293335,-0.7193391919136047,4.044223308563232,-0.004884487017989159,0.0008243846241384745,3,1,2.0794415416798357,0,0,0.002679459971092827,-0.002679459971092827,LL,0.002679459983482957,-0.002679459983482957,0.0,raw,audited,32.0
1191,1558,1,5.959625244140625,-0.4444933235645294,2.171130895614624,4.246146202087402,-0.021283572539687157,0.003092169761657715,2,7,3.1780538303479453,1,1,0.09682951278185134,0.5963176677780939,HH,0.09682951122522354,0.5963176488876343,0.26726123690605164,raw,audited,12.0
306,2078,1,10.08347225189209,2.7610723972320557,3.469473361968994,3.7337560653686523,0.11104598641395569,0.011021553538739681,64,2,5.272999558563747,1,1,0.22027006945527555,0.47287711110466973,HH,0.2202700674533844,0.4728771150112152,0.0883883461356163,raw,audited,15.0
86,2295,1,-4.018321990966797,-1.2958875894546509,-0.7193391919136047,-2.0111801624298096,-3.959875903092325e-05,9.834665434027556e-06,2,3,2.4849066497880004,0,0,0.07427151148220186,-0.07427151148220186,LL,0.07427151501178741,-0.07427151501178741,0.0,raw,audited,212.0
364,1632,1,6.269255638122559,0.1680741012096405,1.875815749168396,4.210421562194824,0.006819282192736864,0.0010891454294323921,9,2,3.401197381662156,1,1,0.12967205327110548,0.5634751272888399,HH,0.12967205047607422,0.5634751319885254,0.2357022762298584,raw,audited,4.0
1358,1742,1,8.544952392578125,1.8618420362472534,2.9084157943725586,3.6669886112213135,0.09958186000585556,0.011664971709251404,139,12,7.50659178007084,2,2,1.720593176226104,-0.6219808875579942,HL,1.7205932140350342,-0.6219809055328369,0.048970211297273636,raw,audited,74.0
109,176,1,3.79862904548645,2.235548734664917,-0.7193391919136047,2.036787986755371,0.23750656843185425,0.045419447124004364,28,2,4.465908118654584,0,0,0.0948206319924906,-0.0948206319924906,HL,0.09482063353061676,-0.09482063353061676,0.0,raw,audited,188.0
52,2053,1,2.619950294494629,-0.9080660343170166,-0.7193391919136047,4.24228572845459,-0.0030551189556717873,0.0005202198517508805,4,1,2.3025850929940455,0,0,0.002536581283496064,-0.002536581283496064,LL,0.002536581363528967,-0.002536581363528967,0.0,raw,audited,38.0
1240,2237,1,2.4286038875579834,-1.1696233749389648,-0.7193391919136047,4.308131217956543,0.0013104357058182359,0.00021141501201782376,4,2,2.70805020110221,0,0,0.09507910900607243,-0.09507910900607243,LL,0.09507910907268524,-0.09507910907268524,0.0,raw,audited,17.0
779,1370,1,2.21549916267395,-1.142774224281311,-0.7193391919136047,4.057018280029297,0.01246944721788168,0.0021022059954702854,5,5,3.58351893845611,0,0,0.3664462099481818,-0.3664462099481818,HL,0.36644619703292847,-0.36644619703292847,0.0,raw,audited,11.0
2509,2519,1,6.239887237548828,-1.1696233749389648,3.1182820796966553,4.317904949188232,-0.03480101004242897,0.004027609713375568,4,2,2.70805020110221,1,1,0.09507910900607243,0.5980680715538729,LH,0.09507910907268524,0.5980680584907532,0.3535533845424652,raw,audited,11.0
71,1986,1,-0.9682353138923645,1.9336857795715332,-0.7193391919136047,-2.3349175453186035,0.1442108303308487,0.028099477291107178,0,55,4.02535169073515,0,0,-0.03377005795343527,0.03377005795343527,HH,-0.033770058304071426,0.033770058304071426,0.0,raw,audited,272.0
2139,2140,1,2.290703535079956,-1.2596451044082642,-0.7193391919136047,4.254905700683594,0.006657330319285393,0.0010667863534763455,3,3,2.772588722239781,0,0,0.15981025222941134,-0.15981025222941134,LL,0.15981024503707886,-0.15981024503707886,0.0,raw,audited,18.0
249,621,1,5.876724720001221,-1.3522998094558716,3.395287036895752,3.8520193099975586,-0.026406997814774513,0.0030613213311880827,2,2,2.1972245773362196,1,1,0.06396091467381823,0.629186265886127,LH,0.06396091729402542,0.6291862726211548,0.5,raw,audited,10.0
1194,1366,1,4.333718776702881,0.7102168798446655,-0.7193391919136047,4.325451374053955,0.009264739230275154,0.0016072693979367614,0,2,1.0986122886681098,0,0,0.001592483837966117,-0.001592483837966117,LL,0.0015924838371574879,-0.0015924838371574879,0.0,raw,audited,14.0
963,2400,1,9.974103927612305,2.020230531692505,3.534808397293091,4.324516296386719,0.08642463386058807,0.008671965450048447,16,1,3.5263605246161616,1,1,0.003285002945769245,0.689862177614176,HH,0.0032850028946995735,0.6898621916770935,0.25,raw,audited,1.0
649,1457,1,-3.7185747623443604,0.9311632513999939,-0.7193391919136047,-3.967175006866455,0.028651447966694832,0.005074349697679281,0,1,0.6931471805599453,0,0,0.0025667768776077267,-0.0025667768776077267,LL,0.0025667769368737936,-0.0025667769368737936,0.0,raw,audited,219.0
873,1358,1,4.782841205596924,2.845573663711548,1.9210947751998901,-0.1207069531083107,0.1287551373243332,0.025668218731880188,3,139,6.327936783729195,1,1,0.5962537633065377,0.09689341725340761,HH,0.5962537527084351,0.09689342975616455,0.048970211297273636,raw,audited,202.0
152,2238,1,7.257863998413086,-0.49998703598976135,3.523130178451538,4.206732749938965,0.01986374892294407,0.002407810650765896,3,8,3.58351893845611,1,1,0.31403642712572494,0.37911075343422035,HH,0.31403642892837524,0.37911075353622437,0.20412413775920868,raw,audited,3.0
438,1985,1,2.002558469772339,-1.1565622091293335,-0.7193391919136047,3.8752195835113525,-0.004884487017989159,0.0008485896396450698,3,1,2.0794415416798357,0,0,0.002679459971092827,-0.002679459971092827,LL,0.002679459983482957,-0.002679459983482957,0.0,raw,audited,46.0
241,1441,1,-0.8165501356124878,1.6304957866668701,-0.7193391919136047,-1.840003252029419,0.1041717678308487,0.024259785190224648,0,17,2.8903717578961645,0,0,0.006236131996241855,-0.006236131996241855,LL,0.006236131768673658,-0.006236131768673658,0.0,raw,audited,104.0
876,2168,1,2.226280927658081,-1.1052969694137573,-0.7193391919136047,4.0348687171936035,0.007923625409603119,0.0013504426460713148,3,5,3.1780538303479453,0,0,0.22552334649902314,-0.22552334649902314,HL,0.22552335262298584,-0.22552335262298584,0.0,raw,audited,57.0
1013,1120,1,8.688360214233398,1.545044183731079,3.1224653720855713,3.932478427886963,0.08024800568819046,0.009244910441339016,29,4,5.0106352940962555,1,1,0.22445065056199184,0.4686965299979534,HH,0.22445064783096313,0.4686965346336365,0.09284766763448715,raw,audited,15.0
315,1602,1,2.6970860958099365,-0.8649494051933289,-0.7193391919136047,4.249107360839844,0.02414252981543541,0.0041216169483959675,4,7,3.688879454113936,0,0,0.4092811700187469,-0.4092811700187469,HL,0.4092811644077301,-0.4092811644077301,0.0,raw,audited,57.0
889,1832,1,-3.514106512069702,0.7768762111663818,-0.7193391919136047,-3.5972132682800293,0.017444748431444168,0.0034132618457078934,3,0,1.3862943611198906,0,0,0.0017051669314512175,-0.0017051669314512175,LL,0.0017051668837666512,-0.0017051668837666512,0.0,raw,audited,146.0
404,1170,1,6.890052318572998,-0.9211475849151611,3.549184799194336,4.275888919830322,-0.02199823036789894,0.002508859382942319,1,1,1.3862943611198906,1,1,0.002483473901375505,0.6906637066585698,LH,0.0024834738578647375,0.6906636953353882,1.0,raw,audited,1.0
154,1358,1,7.899759769439697,2.039782762527466,1.8852745294570923,3.8575403690338135,0.10903745889663696,0.013816840015351772,10,139,7.3395376954076745,7,7,1.0392202095811933,1.0402213320986424,HH,1.0392202138900757,1.0402213335037231,0.18775463104248047,raw,audited,118.0
1623,1767,1,10.227791786193848,2.692250967025757,3.432304859161377,3.969344139099121,0.12576724588871002,0.01230639312416315,36,1,4.304065093204169,1,1,-0.0016739614614515981,0.6948211420213969,HH,-0.0016739614075049758,0.6948211193084717,0.1666666716337204,raw,audited,1.0
606,1666,1,-0.8619428873062134,-1.1969711780548096,-0.7193391919136047,1.0367127656936646,0.009529880248010159,0.0032167797908186913,4,4,3.2188758248682006,0,0,0.2842516161783053,-0.2842516161783053,HL,0.2842516303062439,-0.2842516303062439,0.0,raw,audited,110.0
155,1358,1,5.571319580078125,2.610295057296753,3.560098648071289,-0.7212879061698914,0.11408864706754684,0.01628495380282402,5,139,6.733401891837358,3,3,0.6801114887286566,0.706182872391234,HH,0.6801114678382874,0.7061828970909119,0.11379648745059967,raw,audited,195.0
354,1803,1,5.825037479400635,-1.2958875894546509,2.9569897651672363,4.20009708404541,-0.04428667202591896,0.0052118762396276,2,3,2.4849066497880004,1,1,0.07427151148220186,0.6188756690777434,LH,0.07427151501178741,0.6188756823539734,0.40824827551841736,raw,audited,3.0
738,2162,1,5.350209712982178,-1.1964846849441528,2.635862112045288,3.9382336139678955,-0.035526201128959656,0.00455107819288969,3,4,2.995732273553991,1,1,0.18602303754564287,0.5071241430143024,HH,0.1860230416059494,0.507124125957489,0.28867512941360474,raw,audited,23.0
1421,1975,1,6.215060234069824,-1.142774224281311,3.2759249210357666,4.0834550857543945,-0.009670304134488106,0.001136102364398539,5,5,3.58351893845611,2,2,0.3664462099481818,0.732166078719928,HH,0.36644619703292847,0.7321661114692688,0.4000000059604645,raw,audited,7.0
1844,2276,1,5.539168834686279,-1.2960149049758911,2.877580165863037,3.9900619983673096,-0.04058302566409111,0.0049465917982161045,1,2,1.791759469228055,1,1,0.0025667768776077267,0.6905804036823375,LH,0.0025667769368737936,0.690580427646637,0.7071067690849304,raw,audited,15.0
1526,1977,1,2.804008722305298,-0.3114834427833557,-0.7193391919136047,3.8059234619140625,0.020783303305506706,0.004278574604541063,6,1,2.6390573296152584,0,0,0.006401163194461921,-0.006401163194461921,LL,0.006401163060218096,-0.006401163060218096,0.0,raw,audited,56.0
171,775,1,2.0513203144073486,-1.3522998094558716,-0.7193391919136047,4.111481666564941,0.0033529773354530334,0.0005419852095656097,2,2,2.1972245773362196,0,0,0.06396091467381823,-0.06396091467381823,LL,0.06396091729402542,-0.06396091729402542,0.0,raw,audited,41.0
1752,1754,1,4.0170769691467285,-1.2958875894546509,1.231763243675232,4.129890441894531,-0.05681412294507027,0.00846158992499113,2,3,2.4849066497880004,2,2,0.07427151148220186,1.0243407771859079,LH,0.07427151501178741,1.0243407487869263,0.8164965510368347,raw,audited,29.0
331,2480,1,0.5885829925537109,-1.2960149049758911,-0.7193391919136047,2.600428581237793,-0.004616216290742159,0.0009990946855396032,1,2,1.791759469228055,0,0,0.0025667768776077267,-0.0025667768776077267,LL,0.0025667769368737936,-0.0025667769368737936,0.0,raw,audited,98.99999999999999
1015,1452,1,4.5242180824279785,0.8640322685241699,-0.7193391919136047,4.239734172821045,0.13166607916355133,0.022111019119620323,12,2,3.6635616461296463,0,0,0.17653506637630972,-0.17653506637630972,HL,0.17653506994247437,-0.17653506994247437,0.0,raw,audited,38.0
1206,2671,1,5.168389797210693,1.4915703535079956,-0.7193391919136047,4.301576614379883,0.08645720034837723,0.013101672753691673,0,12,2.5649493574615367,0,0,-0.006243055183185751,0.006243055183185751,LH,-0.00624305522069335,0.00624305522069335,0.0,raw,audited,13.0
1136,1189,1,5.890927314758301,-1.1964846849441528,2.862419366836548,4.255820274353027,-0.03895225003361702,0.004662887193262577,3,4,2.995732273553991,2,2,0.18602303754564287,0.9125892511224669,HH,0.1860230416059494,0.9125892519950867,0.5773502588272095,raw,audited,19.0
1469,2590,1,7.103407859802246,-0.7776404619216919,3.542236089706421,4.322574615478516,0.008112975396215916,0.0009378550457768142,6,2,3.044522437723423,1,1,0.09993231907971788,0.5932148614802274,HH,0.09993232041597366,0.5932148694992065,0.28867512941360474,raw,audited,7.0
332,2122,1,2.7518460750579834,-0.8649494051933289,-0.7193391919136047,4.303867340087891,0.02414252981543541,0.004083442036062479,4,7,3.688879454113936,0,0,0.4092811700187469,-0.4092811700187469,HL,0.4092811644077301,-0.4092811644077301,0.0,raw,audited,16.0
306,2086,1,6.276904582977295,2.5573112964630127,-0.7193391919136047,4.163201808929443,0.2676057517528534,0.03472036495804787,64,3,5.560681631015528,0,0,0.3910899774469028,-0.3910899774469028,HL,0.3910899758338928,-0.3910899758338928,0.0,raw,audited,122.99999999999999
177,726,1,2.2850677967071533,-1.3522998094558716,-0.7193391919136047,4.345229148864746,0.0033529773354530334,0.0005222525796853006,2,2,2.1972245773362196,0,0,0.06396091467381823,-0.06396091467381823,LL,0.06396091729402542,-0.06396091729402542,0.0,raw,audited,18.0
486,2668,1,6.36333703994751,-1.2596451044082642,3.369018077850342,4.261712074279785,-0.015872914344072342,0.0017822223016992211,3,3,2.772588722239781,1,1,0.15981025222941134,0.5333369283305339,LH,0.15981024503707886,0.5333369374275208,0.3333333432674408,raw,audited,14.0
242,2280,1,5.76198673248291,-1.2596451044082642,2.907148599624634,4.140249252319336,-0.03389051929116249,0.004063156433403492,3,3,2.772588722239781,2,2,0.15981025222941134,0.9388020364386984,LH,0.15981024503707886,0.9388020634651184,0.6666666865348816,raw,audited,18.0
33,698,1,6.993609428405762,-0.8649494051933289,3.493631601333618,4.347178936004639,0.009623617865145206,0.001104210503399372,7,4,3.688879454113936,2,2,0.4092811700187469,0.6893311186493629,HH,0.4092811644077301,0.6893311738967896,0.37796449661254883,raw,audited,2.0
231,551,1,0.6674174070358276,1.3082263469696045,-0.7193391919136047,0.004220776259899139,0.06618472188711166,0.03154701367020607,8,0,2.1972245773362196,0,0,0.0022128532902202114,-0.0022128532902202114,LL,0.002212853403761983,-0.002212853403761983,0.0,raw,audited,116.99999999999999
1026,1303,1,1.3852778673171997,-1.1964846849441528,-0.7193391919136047,3.2863073348999023,0.00666970806196332,0.001280469004996121,3,4,2.995732273553991,0,0,0.18602303754564287,-0.18602303754564287,HL,0.1860230416059494,-0.1860230416059494,0.0,raw,audited,84.0
964,965,1,2.5855872631073,-1.0142223834991455,-0.7193391919136047,4.305763244628906,0.005260641686618328,0.0008703064522705972,5,2,2.8903717578961645,0,0,0.09507910900607243,-0.09507910900607243,LL,0.09507910907268524,-0.09507910907268524,0.0,raw,audited,28.0
277,973,1,0.7285236120223999,0.3313347101211548,-0.7193391919136047,1.0042030811309814,0.10420025885105133,0.04826147481799126,4,14,4.31748811353631,0,0,0.4564122585269044,-0.4564122585269044,HL,0.45641225576400757,-0.45641225576400757,0.0,raw,audited,73.0
1289,1705,1,1.8634482622146606,-1.2960149049758911,-0.7193391919136047,3.8752939701080322,-0.004616216290742159,0.000783038092777133,1,2,1.791759469228055,0,0,0.0025667768776077267,-0.0025667768776077267,LL,0.0025667769368737936,-0.0025667769368737936,0.0,raw,audited,41.0
371,1354,1,2.608471632003784,-0.9425831437110901,-0.7193391919136047,4.246702671051025,0.015566570684313774,0.0026276279240846634,6,3,3.332204510175204,0,0,0.295747045488935,-0.295747045488935,HL,0.2957470417022705,-0.2957470417022705,0.0,raw,audited,37.0
1042,2052,1,8.737642288208008,1.077337384223938,3.3902604579925537,4.194464683532715,0.06745488941669464,0.007727218326181173,17,3,4.276666119016055,2,2,0.3753222375214932,0.7232900511466166,HH,0.37532222270965576,0.7232900857925415,0.28005602955818176,raw,audited,14.0
372,1834,1,2.0520613193511963,-1.1696233749389648,-0.7193391919136047,3.931588649749756,0.0013104357058182359,0.0002250887919217348,2,4,2.70805020110221,0,0,0.09507910900607243,-0.09507910900607243,LL,0.09507910907268524,-0.09507910907268524,0.0,raw,audited,52.0
541,647,1,2.309756278991699,-1.1565622091293335,-0.7193391919136047,4.182417392730713,-0.004884487017989159,0.0008055950747802854,3,1,2.0794415416798357,0,0,0.002679459971092827,-0.002679459971092827,LL,0.002679459983482957,-0.002679459983482957,0.0,raw,audited,20.0
297,899,1,1.6438173055648804,-1.2596451044082642,-0.7193391919136047,3.6080195903778076,0.006657330319285393,0.0011901562102138996,3,3,2.772588722239781,0,0,0.15981025222941134,-0.15981025222941134,LL,0.15981024503707886,-0.15981024503707886,0.0,raw,audited,59.0
13,1701,1,5.787613391876221,2.8627705574035645,-0.7193391919136047,3.3294198513031006,0.30663710832595825,0.04248129948973656,1,65,4.882801922586371,0,0,0.020145318105689636,-0.020145318105689636,HL,0.020145317539572716,-0.020145317539572716,0.0,raw,audited,81.0
210,1671,1,6.257495403289795,-0.7485431432723999,2.7949931621551514,4.216839790344238,-0.013919346034526825,0.0017904319101944566,7,3,3.465735902799726,1,1,0.31951830065715553,0.37362887990278976,HH,0.3195182979106903,0.3736288845539093,0.2182178795337677,raw,audited,12.0
1709,1739,1,2.3876025676727295,-0.9425831437110901,-0.7193391919136047,4.025833606719971,0.015566570684313774,0.0027293863240629435,3,6,3.332204510175204,0,0,0.295747045488935,-0.295747045488935,HL,0.2957470417022705,-0.2957470417022705,0.0,raw,audited,25.0
876,1358,1,9.475983619689941,2.845573663711548,3.471961259841919,3.033230781555176,0.11709379404783249,0.01236750464886427,3,139,6.327936783729195,1,1,0.5962537633065377,0.09689341725340761,HH,0.5962537527084351,0.09689342975616455,0.048970211297273636,raw,audited,23.0
725,1652,1,1.0307351350784302,-1.1969711780548096,-0.7193391919136047,2.9293909072875977,0.009529880248010159,0.001962806563824415,4,4,3.2188758248682006,0,0,0.2842516161783053,-0.2842516161783053,HL,0.2842516303062439,-0.2842516303062439,0.0,raw,audited,103.00000000000001
1624,1705,1,5.146817684173584,1.4439698457717896,-0.7193391919136047,4.236522674560547,0.17753949761390686,0.026992470026016235,16,2,3.931825632724326,0,0,0.21219425699455913,-0.21219425699455913,HL,0.2121942639350891,-0.2121942639350891,0.0,raw,audited,108.0
2382,2383,1,7.681044101715088,-0.12844550609588623,3.517768621444702,4.253264427185059,0.030331537127494812,0.0038250016514211893,2,8,3.295836866004329,1,1,0.12967205327110548,0.5634751272888399,HH,0.12967205047607422,0.5634751319885254,0.25,raw,audited,2.0
1257,2677,1,5.632709503173828,1.7984846830368042,-0.7193391919136047,4.351122856140137,0.19431661069393158,0.027510883286595345,14,1,3.4011973816621555,0,0,0.011174017424812204,-0.011174017424812204,HL,0.011174017563462257,-0.011174017563462257,0.0,raw,audited,23.0
1282,1776,1,7.441562652587891,-0.1514875590801239,3.5523173809051514,3.993906259536743,0.038701556622982025,0.005002519581466913,4,11,4.0943445622221,1,1,0.4367082177118159,0.2564389628481294,HH,0.4367082118988037,0.2564389705657959,0.15075567364692688,raw,audited,6.0
681,1445,1,6.584681510925293,-1.1565622091293335,3.433851957321167,4.323224067687988,-0.023957349359989166,0.002680514007806778,3,1,2.0794415416798357,1,1,0.002679459971092827,0.6904677205888524,LH,0.002679459983482957,0.6904677152633667,0.5773502588272095,raw,audited,1.0
513,1528,1,2.307339668273926,-0.9080660343170166,-0.7193391919136047,3.9296751022338867,-0.0030551189556717873,0.000549468444660306,1,4,2.3025850929940455,0,0,0.002536581283496064,-0.002536581283496064,LL,0.002536581363528967,-0.002536581363528967,0.0,raw,audited,41.0
310,1950,1,7.277126789093018,-0.6043859720230103,3.500176191329956,4.348145008087158,0.025066975504159927,0.002956787124276161,15,13,5.4116460518550396,8,8,0.9840730042878254,1.2131515730483942,HH,0.9840729832649231,1.2131516933441162,0.572891891002655,raw,audited,22.0
88,696,1,1.155281901359558,2.3262791633605957,-0.7193391919136047,-0.7044330835342407,0.24465030431747437,0.0612436942756176,31,2,4.564348191467836,0,0,0.11159319800623856,-0.11159319800623856,HL,0.11159319430589676,-0.11159319430589676,0.0,raw,audited,52.0
832,2600,1,5.8017072677612305,3.2033233642578125,-0.7193391919136047,2.990112543106079,0.3194855749607086,0.04417506232857704,0,0,0.0,0,0,0.002483473901375505,-0.002483473901375505,LL,0.0024834738578647375,-0.0024834738578647375,0.0,raw,audited,1.0
1731,1755,1,3.6301867961883545,-1.1696233749389648,0.7521165013313293,4.0946269035339355,-0.055057965219020844,0.009068376384675503,4,2,2.70805020110221,1,1,0.09507910900607243,0.5980680715538729,LH,0.09507910907268524,0.5980680584907532,0.3535533845424652,raw,audited,51.0
291,1692,1,5.213303089141846,1.6506550312042236,-0.7193391919136047,4.1670684814453125,0.10679399222135544,0.01607409678399563,0,18,2.9444389791664403,0,0,0.006236131996241855,-0.006236131996241855,LL,0.006236131768673658,-0.006236131768673658,0.0,raw,audited,13.0
876,2584,1,2.9340708255767822,0.7768762111663818,-0.7193391919136047,2.850964069366455,0.017444748431444168,0.003996849991381168,3,0,1.3862943611198906,0,0,0.0017051669314512175,-0.0017051669314512175,LL,0.0017051668837666512,-0.0017051668837666512,0.0,raw,audited,51.0
51,1392,1,6.890012741088867,-1.0142223834991455,3.563664674758911,4.334132194519043,-0.001686388743110001,0.00018919052672572434,5,2,2.8903717578961645,1,1,0.09507910900607243,0.5980680715538729,LH,0.09507910907268524,0.5980680584907532,0.3162277638912201,raw,audited,5.0
1254,1308,1,2.1040730476379395,-1.2960149049758911,-0.7193391919136047,4.1159186363220215,-0.004616216290742159,0.0007523304666392505,1,2,1.791759469228055,0,0,0.0025667768776077267,-0.0025667768776077267,LL,0.0025667769368737936,-0.0025667769368737936,0.0,raw,audited,57.0
124,306,1,9.871484756469727,2.5573112964630127,2.997244119644165,4.204310417175293,0.10449516773223877,0.010594276711344719,3,64,5.560681631015528,1,1,0.3910899774469028,0.30205720311304246,HH,0.3910899758338928,0.3020572066307068,0.07216878235340118,raw,audited,22.0
571,696,1,-0.6583171486854553,0.7102168798446655,-0.7193391919136047,-0.6665843725204468,0.009264739230275154,0.0044004544615745544,0,2,1.0986122886681098,0,0,0.001592483837966117,-0.001592483837966117,LL,0.0015924838371574879,-0.0015924838371574879,0.0,raw,audited,35.0
426,1789,1,2.202759265899658,-1.0262408256530762,-0.7193391919136047,3.925724983215332,0.01448947936296463,0.0025483649224042892,6,4,3.5553480614894135,0,0,0.3678477635670827,-0.3678477635670827,HL,0.3678477704524994,-0.3678477704524994,0.0,raw,audited,59.0
2001,2335,1,3.413846015930176,0.0576353445649147,-0.7193391919136047,3.9786646366119385,0.08876039832830429,0.01832227036356926,14,5,4.499809670330265,0,0,0.5737341020377579,-0.5737341020377579,HL,0.5737341046333313,-0.5737341046333313,0.0,raw,audited,56.0
36,1552,1,6.364994525909424,-1.0262408256530762,3.166300058364868,4.229321479797363,-0.012511064298450947,0.0014833423774689436,6,4,3.5553480614894135,1,1,0.3678477635670827,0.3252994169928626,HH,0.3678477704524994,0.3252994120121002,0.20412413775920868,raw,audited,9.0
217,2473,1,2.1143712997436523,-1.2960149049758911,-0.7193391919136047,4.126216888427734,-0.004616216290742159,0.0007510699215345085,2,1,1.791759469228055,0,0,0.0025667768776077267,-0.0025667768776077267,LL,0.0025667769368737936,-0.0025667769368737936,0.0,raw,audited,23.0
2164,2217,1,2.085583448410034,-1.1565622091293335,-0.7193391919136047,3.958244562149048,-0.004884487017989159,0.0008365235989913344,1,3,2.0794415416798357,0,0,0.002679459971092827,-0.002679459971092827,LL,0.002679459983482957,-0.002679459983482957,0.0,raw,audited,33.0
1701,1867,1,9.682656288146973,2.7668492794036865,3.145779848098755,3.651787042617798,0.11011604964733124,0.011382054537534714,65,2,5.288267030694535,1,1,0.12368596641301963,0.5694612141469256,HH,0.12368596345186234,0.5694612264633179,0.08770579844713211,raw,audited,20.0
549,1497,1,3.329732656478882,0.7768762111663818,-0.7193391919136047,3.2466259002685547,0.017444748431444168,0.0036646430380642414,3,0,1.3862943611198906,0,0,0.0017051669314512175,-0.0017051669314512175,LL,0.0017051668837666512,-0.0017051668837666512,0.0,raw,audited,42.0
308,1670,1,2.1711649894714355,-1.2958875894546509,-0.7193391919136047,4.178306579589844,-3.959875903092325e-05,6.393524017767049e-06,3,2,2.4849066497880004,0,0,0.07427151148220186,-0.07427151148220186,LL,0.07427151501178741,-0.07427151501178741,0.0,raw,audited,71.0
1102,2464,1,7.365852355957031,-0.5336422324180603,3.5538008213043213,4.313503742218018,0.024065276607871056,0.0028564087115228176,4,9,3.9120230054281464,4,4,0.42142500762192203,1.1880129048121781,HH,0.4214250147342682,1.188012957572937,0.6666666865348816,raw,audited,6.0
836,2078,1,-0.7503663301467896,-1.0142223834991455,-0.7193391919136047,0.9698097705841064,0.005260641686618328,0.001942176604643464,5,2,2.8903717578961645,0,0,0.09507910900607243,-0.09507910900607243,LL,0.09507910907268524,-0.09507910907268524,0.0,raw,audited,137.0
1396,2394,1,7.446587562561035,0.0576353445649147,3.1594579219818115,4.191765785217285,0.029603708535432816,0.003979815170168877,5,14,4.499809670330265,3,3,0.5737341020377579,0.8125602590821327,HH,0.5737341046333313,0.8125602602958679,0.35856857895851135,raw,audited,6.0
294,306,1,4.205408573150635,2.8596739768981934,-0.7193391919136047,1.7508163452148438,0.30613279342651367,0.05431775376200676,1,64,4.867534450455582,0,0,0.10231614743923174,-0.10231614743923174,HL,0.10231614857912064,-0.10231614857912064,0.0,raw,audited,164.0
1876,1986,1,6.516953468322754,2.8267810344696045,-0.7193391919136047,4.100561618804932,0.3008250594139099,0.03785150125622749,1,55,4.718498871295095,0,0,-0.027598705190133088,0.027598705190133088,HH,-0.027598705142736435,0.027598705142736435,0.0,raw,audited,81.0
1050,1320,1,2.607471227645874,-0.7485431432723999,-0.7193391919136047,4.041996955871582,0.02523192949593067,0.004558522719889879,7,3,3.465735902799726,0,0,0.31951830065715553,-0.31951830065715553,HL,0.3195182979106903,-0.3195182979106903,0.0,raw,audited,25.0
561,1016,1,-3.8470232486724854,0.7768762111663818,-0.7193391919136047,-3.9301300048828125,0.017444748431444168,0.003204522654414177,0,3,1.3862943611198906,0,0,0.0017051669314512175,-0.0017051669314512175,LL,0.0017051668837666512,-0.0017051668837666512,0.0,raw,audited,270.0
858,2182,1,5.238067150115967,2.1042237281799316,-0.7193391919136047,3.6237335205078125,0.2213238626718521,0.03318885341286659,1,17,3.58351893845611,0,0,0.007700184364779972,-0.007700184364779972,HL,0.0077001843601465225,-0.0077001843601465225,0.0,raw,audited,5.0
151,2238,1,3.1767194271087646,-0.49998703598976135,-0.7193391919136047,4.345949172973633,0.04197164624929428,0.007485250476747751,3,8,3.58351893845611,0,0,0.31403642712572494,-0.31403642712572494,HL,0.31403642892837524,-0.31403642892837524,0.0,raw,audited,46.0
1171,1909,1,-0.18168804049491882,-0.7485431432723999,-0.7193391919136047,1.2528376579284668,0.02523192949593067,0.009188773110508919,7,3,3.465735902799726,0,0,0.31951830065715553,-0.31951830065715553,HL,0.3195182979106903,-0.3195182979106903,0.0,raw,audited,92.99999999999999
611,2690,1,0.9705585837364197,3.2033233642578125,-0.7193391919136047,-1.8410359621047974,0.3194855749607086,0.05251946300268173,0,0,0.0,0,0,0.002483473901375505,-0.002483473901375505,LL,0.0024834738578647375,-0.0024834738578647375,0.0,raw,audited,23.0
1154,1358,1,8.87730884552002,2.140076160430908,2.653336763381958,3.967998743057251,0.10777245461940765,0.01215133722871542,9,139,7.24422751560335,4,4,1.3404225027653847,0.2690154096687156,HH,1.340422511100769,0.26901543140411377,0.1130918487906456,raw,audited,66.0
541,1022,1,2.578106641769409,-0.9425831437110901,-0.7193391919136047,4.21633768081665,0.015566570684313774,0.0026411653961986303,3,6,3.332204510175204,0,0,0.295747045488935,-0.295747045488935,HL,0.2957470417022705,-0.2957470417022705,0.0,raw,audited,19.0
132,379,1,6.687294006347656,-1.1330461502075195,3.5620458126068115,4.249941825866699,0.00022739799169357866,2.542105721659027e-05,4,5,3.401197381662155,3,3,0.26394703539593084,1.1223473257239598,HH,0.2639470398426056,1.122347354888916,0.6708203554153442,raw,audited,11.0
1203,1410,1,2.2383930683135986,-0.9425831437110901,-0.7193391919136047,3.8766238689422607,0.015566570684313774,0.002802710747346282,6,3,3.332204510175204,0,0,0.295747045488935,-0.295747045488935,HL,0.2957470417022705,-0.2957470417022705,0.0,raw,audited,74.0
2151,2423,1,1.4902900457382202,-1.2958875894546509,-0.7193391919136047,3.497431755065918,-3.959875903092325e-05,7.183190064097289e-06,2,3,2.4849066497880004,0,0,0.07427151148220186,-0.07427151148220186,LL,0.07427151501178741,-0.07427151501178741,0.0,raw,audited,86.0
1641,2495,1,2.228161573410034,-1.3522998094558716,-0.7193391919136047,4.288322925567627,0.0033529773354530334,0.0005269230459816754,2,2,2.1972245773362196,0,0,0.06396091467381823,-0.06396091467381823,LL,0.06396091729402542,-0.06396091729402542,0.0,raw,audited,14.0
478,514,1,6.259422779083252,-1.1696233749389648,3.395287036895752,4.041357517242432,-0.015723003074526787,0.0018235930474475026,2,4,2.70805020110221,1,1,0.09507910900607243,0.5980680715538729,LH,0.09507910907268524,0.5980680584907532,0.3535533845424652,raw,audited,12.0
2471,2493,1,-1.0904561281204224,-1.1565622091293335,-0.7193391919136047,0.7822050452232361,-0.004884487017989159,0.00183421082329005,1,3,2.0794415416798357,0,0,0.002679459971092827,-0.002679459971092827,LL,0.002679459983482957,-0.002679459983482957,0.0,raw,audited,103.00000000000001
42,87,1,1.6561230421066284,-1.2960149049758911,-0.7193391919136047,3.66796875,-0.004616216290742159,0.0008115797536447644,1,2,1.791759469228055,0,0,0.0025667768776077267,-0.0025667768776077267,LL,0.0025667769368737936,-0.0025667769368737936,0.0,raw,audited,28.0
793,1902,1,7.018488883972168,-0.7776404619216919,3.558781623840332,4.2180657386779785,0.011157263070344925,0.0013025597436353564,2,6,3.044522437723423,1,1,0.09993231907971788,0.5932148614802274,HH,0.09993232041597366,0.5932148694992065,0.28867512941360474,raw,audited,5.0
30,738,1,2.0685038566589355,-1.1964846849441528,-0.7193391919136047,3.9695332050323486,0.00666970806196332,0.0011319888290017843,4,3,2.995732273553991,0,0,0.18602303754564287,-0.18602303754564287,HL,0.1860230416059494,-0.1860230416059494,0.0,raw,audited,29.0
424,436,1,5.550282955169678,2.1042237281799316,-0.7193391919136047,3.9359495639801025,0.2213238626718521,0.03170448914170265,1,17,3.58351893845611,0,0,0.007700184364779972,-0.007700184364779972,HL,0.0077001843601465225,-0.0077001843601465225,0.0,raw,audited,42.0
417,1072,1,6.874192714691162,1.3929754495620728,2.421572208404541,2.9870762825012207,0.06444400548934937,0.009385867975652218,4,26,4.90527477843843,1,1,0.5121098978044188,0.18103728275552644,HH,0.5121098756790161,0.1810373067855835,0.0980580672621727,raw,audited,111.0
1675,1914,1,5.066544532775879,1.5135436058044434,-0.7193391919136047,4.075399398803711,0.18881621956825256,0.02906162478029728,3,22,4.5217885770490405,0,0,0.3419557546295762,-0.3419557546295762,HL,0.3419557511806488,-0.3419557511806488,0.0,raw,audited,52.0
405,2059,1,2.098175048828125,-1.2958875894546509,-0.7193391919136047,4.105316638946533,-3.959875903092325e-05,6.469769232353428e-06,2,3,2.4849066497880004,0,0,0.07427151148220186,-0.07427151148220186,LL,0.07427151501178741,-0.07427151501178741,0.0,raw,audited,42.0
1623,1769,1,6.120009899139404,2.4443857669830322,-0.7193391919136047,4.132957458496094,0.2538810074329376,0.03362411633133888,36,2,4.709530201312334,0,0,0.1325756172494532,-0.1325756172494532,HL,0.1325756162405014,-0.1325756162405014,0.0,raw,audited,68.0
1194,2670,1,4.360806465148926,0.7102168798446655,-0.7193391919136047,4.3525390625,0.009264739230275154,0.0015997519949451089,0,2,1.0986122886681098,0,0,0.001592483837966117,-0.001592483837966117,LL,0.0015924838371574879,-0.0015924838371574879,0.0,raw,audited,6.0
85,2488,1,-0.13787934184074402,0.7102168798446655,-0.7193391919136047,-0.14614653587341309,0.009264739230275154,0.0058453818783164024,2,0,1.0986122886681098,0,0,0.001592483837966117,-0.001592483837966117,LL,0.0015924838371574879,-0.0015924838371574879,0.0,raw,audited,72.0
2251,2252,1,-0.9062665700912476,0.7102168798446655,-0.7193391919136047,-0.914533793926239,0.009264739230275154,0.003936822526156902,0,2,1.0986122886681098,0,0,0.001592483837966117,-0.001592483837966117,LL,0.0015924838371574879,-0.0015924838371574879,0.0,raw,audited,53.0
472,2029,1,2.751211166381836,-0.7776404619216919,-0.7193391919136047,4.226833820343018,0.013232137076556683,0.0023064373526722193,6,2,3.044522437723423,0,0,0.09993231907971788,-0.09993231907971788,HL,0.09993232041597366,-0.09993232041597366,0.0,raw,audited,21.0
267,2000,1,-0.3138342797756195,-1.2958875894546509,-0.7193391919136047,1.6933073997497559,-3.959875903092325e-05,1.0677624231902882e-05,2,3,2.4849066497880004,0,0,0.07427151148220186,-0.07427151148220186,LL,0.07427151501178741,-0.07427151501178741,0.0,raw,audited,161.0
1889,1890,1,7.370428562164307,-0.3114834427833557,3.482917308807373,4.180293083190918,0.010576711036264896,0.0013245275476947427,6,1,2.6390573296152584,1,1,0.006401163194461921,0.6867460173654834,LH,0.006401163060218096,0.6867460012435913,0.40824827551841736,raw,audited,2.0
1134,2296,1,0.950235903263092,-1.3522998094558716,-0.7193391919136047,3.01039719581604,0.0033529773354530334,0.0006593354628421366,2,2,2.1972245773362196,0,0,0.06396091467381823,-0.06396091467381823,LL,0.06396091729402542,-0.06396091729402542,0.0,raw,audited,53.0
1635,2383,1,0.8400381803512573,-0.49998703598976135,-0.7193391919136047,2.009268045425415,0.04197164624929428,0.012833144515752792,3,8,3.58351893845611,0,0,0.31403642712572494,-0.31403642712572494,HL,0.31403642892837524,-0.31403642892837524,0.0,raw,audited,89.0
423,525,1,8.085410118103027,0.18418696522712708,3.543100118637085,4.29857063293457,0.05142757296562195,0.006366937421262264,4,13,4.2484952420493585,1,1,0.43754764362154674,0.25559953693839854,HH,0.4375476539134979,0.2555995285511017,0.1386750489473343,raw,audited,16.0
252,973,1,4.019142150878906,0.6996179223060608,-0.7193391919136047,3.905229091644287,0.1255093216896057,0.023030519485473633,3,14,4.0943445622221,0,0,0.3512116285679379,-0.3512116285679379,HL,0.35121163725852966,-0.35121163725852966,0.0,raw,audited,116.0
1224,1370,1,7.8089165687561035,0.6989457011222839,3.0981993675231934,3.9550206661224365,0.04862599074840546,0.006233468651771545,20,5,4.836281906951478,2,2,0.6515950224309884,0.44701726623712135,HH,0.6515949964523315,0.4470173120498657,0.20000000298023224,raw,audited,4.0
109,1772,1,8.145044326782227,1.4984933137893677,2.421572208404541,4.147768020629883,0.06908711045980453,0.008490572683513165,28,4,4.976733742420574,1,1,0.42250394902965904,0.27064323153028624,HH,0.4225039482116699,0.2706432342529297,0.09449112415313721,raw,audited,80.0
402,776,1,7.1116132736206055,-0.7776404619216919,3.519244432449341,4.358273506164551,0.0036111874505877495,0.0004170554457232356,6,2,3.044522437723423,2,2,0.09993231907971788,0.9986799695883919,HH,0.09993232041597366,0.9986799955368042,0.5773502588272095,raw,audited,8.0
1013,1293,1,5.491303443908691,2.2678375244140625,-0.7193391919136047,3.6946234703063965,0.24005632102489471,0.034680917859077454,29,2,4.499809670330265,0,0,0.015324816569887118,-0.015324816569887118,HL,0.015324816107749939,-0.015324816107749939,0.0,raw,audited,80.0
560,2526,1,2.5128211975097656,-0.9211475849151611,-0.7193391919136047,4.107188701629639,0.037994302809238434,0.006566966883838177,1,1,1.3862943611198906,0,0,0.002483473901375505,-0.002483473901375505,LL,0.0024834738578647375,-0.0024834738578647375,0.0,raw,audited,1.0
306,308,1,9.787896156311035,2.5573112964630127,2.864555597305298,4.253915309906006,0.10398995131254196,0.010633167810738087,64,3,5.560681631015528,2,2,0.3910899774469028,0.707522311221207,HH,0.3910899758338928,0.7075223326683044,0.14433756470680237,raw,audited,25.0
1142,2326,1,2.0589146614074707,-1.1565622091293335,-0.7193391919136047,3.9315757751464844,-0.004884487017989159,0.0008403618703596294,1,3,2.0794415416798357,0,0,0.002679459971092827,-0.002679459971092827,LL,0.002679459983482957,-0.002679459983482957,0.0,raw,audited,66.0
71,2691,1,2.98561692237854,0.9311632513999939,-0.7193391919136047,2.7370166778564453,0.028651447966694832,0.00648784963414073,0,1,0.6931471805599453,0,0,0.0025667768776077267,-0.0025667768776077267,LL,0.0025667769368737936,-0.0025667769368737936,0.0,raw,audited,2.0
460,1989,1,0.7558648586273193,-1.2960149049758911,0.8163688778877258,1.2853327989578247,-0.05794670432806015,0.016768621280789375,2,1,1.791759469228055,1,1,0.0025667768776077267,0.6905804036823375,LH,0.0025667769368737936,0.690580427646637,0.7071067690849304,raw,audited,111.0
1531,1889,1,0.5722408890724182,-0.7776404619216919,-0.7193391919136047,2.047863721847534,0.013232137076556683,0.00371890258975327,2,6,3.044522437723423,0,0,0.09993231907971788,-0.09993231907971788,HL,0.09993232041597366,-0.09993232041597366,0.0,raw,audited,104.99999999999999
1070,1470,1,2.1660678386688232,-1.142774224281311,-0.7193391919136047,4.00758695602417,0.01246944721788168,0.0021198720205575228,5,5,3.58351893845611,0,0,0.3664462099481818,-0.3664462099481818,HL,0.36644619703292847,-0.36644619703292847,0.0,raw,audited,83.0
825,1765,1,0.28947722911834717,1.5571374893188477,-0.7193391919136047,-0.6512511372566223,0.09480530023574829,0.03136617690324783,0,14,2.70805020110221,0,0,0.007796294345678415,-0.007796294345678415,LL,0.007796294521540403,-0.007796294521540403,0.0,raw,audited,220.99999999999997
1399,2227,1,-0.4049283266067505,-1.1964846849441528,-0.7193391919136047,1.4961011409759521,0.00666970806196332,0.0019510086858645082,4,3,2.995732273553991,0,0,0.18602303754564287,-0.18602303754564287,HL,0.1860230416059494,-0.1860230416059494,0.0,raw,audited,159.0
1920,2310,1,-2.3867268562316895,-1.1565622091293335,-0.7193391919136047,-0.5140658020973206,-0.004884487017989159,0.0020395780447870493,3,1,2.0794415416798357,0,0,0.002679459971092827,-0.002679459971092827,LL,0.002679459983482957,-0.002679459983482957,0.0,raw,audited,150.0
310,1241,1,5.120395660400391,1.3243662118911743,-0.7193391919136047,4.339081287384033,0.1681625247001648,0.025669949129223824,15,2,3.8712010109078907,0,0,0.20673482910021176,-0.20673482910021176,HL,0.20673483610153198,-0.20673483610153198,0.0,raw,audited,25.0
653,1231,1,-0.02702251449227333,3.2033233642578125,-0.7193391919136047,-2.8386170864105225,0.3194855749607086,0.045120205730199814,0,0,0.0,0,0,0.002483473901375505,-0.002483473901375505,LL,0.0024834738578647375,-0.0024834738578647375,0.0,raw,audited,61.0
472,1182,1,6.9011969566345215,-0.9425831437110901,3.5652949810028076,4.262308120727539,0.008051905781030655,0.0009172576246783137,6,3,3.332204510175204,2,2,0.295747045488935,0.8028652431791747,HH,0.2957470417022705,0.8028652667999268,0.4714045524597168,raw,audited,1.0
634,2227,1,1.199661135673523,-1.1565622091293335,-0.7193391919136047,3.072322368621826,-0.004884487017989159,0.0009861456928774714,1,3,2.0794415416798357,0,0,0.002679459971092827,-0.002679459971092827,LL,0.002679459983482957,-0.002679459983482957,0.0,raw,audited,98.00000000000001
165,2706,1,6.609542369842529,-1.2596451044082642,3.554558038711548,4.319446086883545,-0.012941273860633373,0.001414873986504972,3,3,2.772588722239781,2,2,0.15981025222941134,0.9388020364386984,LH,0.15981024503707886,0.9388020634651184,0.6666666865348816,raw,audited,2.0
1200,2414,1,-0.9869015216827393,-1.2960149049758911,-0.7193391919136047,1.0249440670013428,-0.004616216290742159,0.0015160413458943367,2,1,1.791759469228055,0,0,0.0025667768776077267,-0.0025667768776077267,LL,0.0025667769368737936,-0.0025667769368737936,0.0,raw,audited,127.0
839,965,1,2.2462918758392334,-1.3522998094558716,-0.7193391919136047,4.306453227996826,0.0033529773354530334,0.0005254260031506419,2,2,2.1972245773362196,0,0,0.06396091467381823,-0.06396091467381823,LL,0.06396091729402542,-0.06396091729402542,0.0,raw,audited,22.0
456,2347,1,7.864142417907715,0.1680741012096405,3.4828457832336426,4.1678667068481445,0.0372309535741806,0.004739163909107447,9,2,3.401197381662156,1,1,0.12967205327110548,0.5634751272888399,HH,0.12967205047607422,0.5634751319885254,0.2357022762298584,raw,audited,8.0
1224,1525,1,4.743077754974365,1.3605765104293823,-0.7193391919136047,3.9168405532836914,0.17687511444091797,0.02865009196102619,20,3,4.430816798843313,0,0,0.34185746108770393,-0.34185746108770393,HL,0.3418574631214142,-0.3418574631214142,0.0,raw,audited,124.0
1725,2597,1,4.343249797821045,-0.37862956523895264,1.0025498867034912,3.724045753479004,-0.012841271236538887,0.0025090083945542574,11,5,4.276666119016055,2,2,0.514928761573871,0.5836835270942388,HH,0.5149287581443787,0.5836835503578186,0.2696799635887146,raw,audited,26.0
186,1672,1,-1.5813853740692139,1.0787166357040405,-0.7193391919136047,-1.9935917854309082,0.04470430687069893,0.011652817018330097,5,0,1.791759469228055,0,0,0.0017051669314512175,-0.0017051669314512175,LL,0.0017051668837666512,-0.0017051668837666512,0.0,raw,audited,75.0
281,2247,1,2.4467461109161377,-1.142774224281311,-0.7193391919136047,4.288265228271484,0.01246944721788168,0.0020233255345374346,5,5,3.58351893845611,0,0,0.3664462099481818,-0.3664462099481818,HL,0.36644619703292847,-0.36644619703292847,0.0,raw,audited,40.0
1148,1317,1,6.069787979125977,-0.4444933235645294,2.310371160507202,4.213705062866211,-0.017920145764946938,0.002564971335232258,2,7,3.1780538303479453,1,1,0.09682951278185134,0.5963176677780939,HH,0.09682951122522354,0.5963176488876343,0.26726123690605164,raw,audited,3.0
2221,2507,1,2.440319776535034,-1.0142223834991455,-0.7193391919136047,4.160495758056641,0.005260641686618328,0.0008917372906580567,5,2,2.8903717578961645,0,0,0.09507910900607243,-0.09507910900607243,LL,0.09507910907268524,-0.09507910907268524,0.0,raw,audited,30.0
2247,2543,1,2.582890748977661,-1.0142223834991455,-0.7193391919136047,4.303066730499268,0.005260641686618328,0.0008706948719918728,5,2,2.8903717578961645,0,0,0.09507910900607243,-0.09507910900607243,LL,0.09507910907268524,-0.09507910907268524,0.0,raw,audited,27.0
676,1955,1,2.7358851432800293,-0.7776404619216919,-0.7193391919136047,4.211507797241211,0.013232137076556683,0.002312615280970931,2,6,3.044522437723423,0,0,0.09993231907971788,-0.09993231907971788,HL,0.09993232041597366,-0.09993232041597366,0.0,raw,audited,20.0
1072,1725,1,6.382119655609131,0.16237962245941162,2.540134906768799,3.6482222080230713,0.023258410394191742,0.0036489535123109818,26,11,5.780743515792329,3,3,0.2764764640628693,1.1098178970570212,HH,0.2764764726161957,1.1098178625106812,0.17739370465278625,raw,audited,104.0
764,1358,1,8.73922348022461,2.845573663711548,1.8574458360671997,3.8816051483154297,0.1464741975069046,0.01677614636719227,3,139,6.327936783729195,1,1,0.5962537633065377,0.09689341725340761,HH,0.5962537527084351,0.09689342975616455,0.048970211297273636,raw,audited,63.0
639,900,1,-3.0400707721710205,0.9311632513999939,-0.7193391919136047,-3.2886712551116943,0.028651447966694832,0.005767402704805136,0,1,0.6931471805599453,0,0,0.0025667768776077267,-0.0025667768776077267,LL,0.0025667769368737936,-0.0025667769368737936,0.0,raw,audited,114.0
1901,2284,1,2.7935004234313965,-0.6487200260162354,-0.7193391919136047,4.150075912475586,0.0033588281366974115,0.0006083187181502581,5,1,2.4849066497880004,0,0,0.003920084665472663,-0.003920084665472663,LL,0.003920084796845913,-0.003920084796845913,0.0,raw,audited,35.0
90,155,1,6.784192085266113,-1.0142223834991455,3.5608768463134766,4.229784965515137,-0.0003723770787473768,4.229031765135005e-05,2,5,2.8903717578961645,2,2,0.09507910900607243,1.0035331796620373,LH,0.09507910907268524,1.0035332441329956,0.6324555277824402,raw,audited,3.0
1037,2654,1,5.989421367645264,-1.3522998094558716,3.2510697841644287,4.115861892700195,-0.033334970474243164,0.0038085938431322575,2,2,2.1972245773362196,1,1,0.06396091467381823,0.629186265886127,LH,0.06396091729402542,0.6291862726211548,0.5,raw,audited,12.0
609,2448,1,2.6514315605163574,-0.7776404619216919,-0.7193391919136047,4.127054214477539,0.013232137076556683,0.0023472614120692015,6,2,3.044522437723423,0,0,0.09993231907971788,-0.09993231907971788,HL,0.09993232041597366,-0.09993232041597366,0.0,raw,audited,134.0
454,1441,1,-0.7951985001564026,-0.12357398122549057,-0.7193391919136047,-0.04231775552034378,0.08190760761499405,0.08469066768884659,8,17,5.087596335232384,0,0,0.4554986663378776,-0.4554986663378776,HL,0.45549866557121277,-0.45549866557121277,0.0,raw,audited,188.0
434,1524,1,6.688747406005859,-1.1696233749389648,3.549105405807495,4.311388969421387,-0.010248751379549503,0.0011336654424667358,4,2,2.70805020110221,1,1,0.09507910900607243,0.5980680715538729,LH,0.09507910907268524,0.5980680584907532,0.3535533845424652,raw,audited,6.0
1676,1914,1,4.668511867523193,1.137731909751892,-0.7193391919136047,4.079809188842773,0.16218513250350952,0.026591802015900612,4,22,4.74493212836325,0,0,0.6011019660483662,-0.6011019660483662,HL,0.6011019945144653,-0.6011019945144653,0.0,raw,audited,59.0
449,2581,1,1.0493797063827515,-1.2960149049758911,-0.7193391919136047,3.061225414276123,-0.004616216290742159,0.0009084901539608836,2,1,1.791759469228055,0,0,0.0025667768776077267,-0.0025667768776077267,LL,0.0025667769368737936,-0.0025667769368737936,0.0,raw,audited,65.0
487,1773,1,2.6392157077789307,-0.7037891149520874,-0.7193391919136047,4.020135402679443,0.03408375009894371,0.006222674157470465,8,4,3.8066624897703196,0,0,0.40617432960244304,-0.40617432960244304,HL,0.40617433190345764,-0.40617433190345764,0.0,raw,audited,156.0
666,1973,1,3.5931198596954346,0.38056308031082153,-0.7193391919136047,3.821317434310913,0.10245362669229507,0.020394165068864822,3,12,3.951243718581427,0,0,0.32077300936225667,-0.32077300936225667,HL,0.32077300548553467,-0.32077300548553467,0.0,raw,audited,69.0
873,2313,1,-2.5567328929901123,0.7768762111663818,-0.7193391919136047,-2.6398396492004395,0.017444748431444168,0.0042000119574368,3,0,1.3862943611198906,0,0,0.0017051669314512175,-0.0017051669314512175,LL,0.0017051668837666512,-0.0017051668837666512,0.0,raw,audited,230.0
1986,1991,1,5.663051605224609,2.8267810344696045,-0.7193391919136047,3.246659755706787,0.3008250594139099,0.04240792244672775,55,1,4.718498871295095,0,0,-0.027598705190133088,0.027598705190133088,HH,-0.027598705142736435,0.027598705142736435,0.0,raw,audited,115.0
210,1079,1,2.5732581615448,-0.7485431432723999,-0.7193391919136047,4.007783889770508,0.02523192949593067,0.004586874507367611,7,3,3.465735902799726,0,0,0.31951830065715553,-0.31951830065715553,HL,0.3195182979106903,-0.3195182979106903,0.0,raw,audited,70.0
108,2157,1,2.410362958908081,-1.1696233749389648,-0.7193391919136047,4.289890289306641,0.0013104357058182359,0.00021203901269473135,2,4,2.70805020110221,0,0,0.09507910900607243,-0.09507910900607243,LL,0.09507910907268524,-0.09507910907268524,0.0,raw,audited,11.0
534,609,1,3.140233278274536,-0.3114834427833557,-0.7193391919136047,4.142148017883301,0.020783303305506706,0.0040015955455601215,1,6,2.6390573296152584,0,0,0.006401163194461921,-0.006401163194461921,LL,0.006401163060218096,-0.006401163060218096,0.0,raw,audited,98.00000000000001
1807,2034,1,5.577615737915039,1.776946783065796,-0.7193391919136047,4.299726963043213,0.2121562659740448,0.03027270920574665,4,35,5.19295685089021,0,0,0.2608500763576425,-0.2608500763576425,HL,0.26085007190704346,-0.26085007190704346,0.0,raw,audited,49.00000000000001
1310,2692,1,6.684265613555908,3.2033233642578125,-0.7193391919136047,3.8726706504821777,0.3194855749607086,0.03937063738703728,0,0,0.0,0,0,0.002483473901375505,-0.002483473901375505,LL,0.0024834738578647375,-0.0024834738578647375,0.0,raw,audited,1.0
201,1701,1,9.763520240783691,2.1397244930267334,3.5293338298797607,3.9822998046875,0.10403849929571152,0.010664713568985462,5,65,5.98141421125448,1,1,0.5287222011676986,0.16442497939224665,HH,0.5287222266197205,0.16442495584487915,0.055470023304224014,raw,audited,16.0
2075,2077,1,6.486828804016113,-0.9378221035003662,3.124352216720581,4.301336288452148,-0.009162330999970436,0.0010943138040602207,7,5,3.8712010109078907,3,3,0.530128441809577,0.8561659193103136,HH,0.5301284193992615,0.8561659455299377,0.5070925354957581,raw,audited,12.0
367,2451,1,4.297075271606445,0.8184369206428528,-0.7193391919136047,4.081055641174316,0.10879690200090408,0.018995104357600212,1,9,2.9957322735539913,0,0,0.002709528290634796,-0.002709528290634796,HL,0.002709528198465705,-0.002709528198465705,0.0,raw,audited,29.0
40,1364,1,4.154897689819336,0.7102168798446655,-0.7193391919136047,4.14663028717041,0.009264739230275154,0.0016587270656600595,2,0,1.0986122886681098,0,0,0.001592483837966117,-0.001592483837966117,LL,0.0015924838371574879,-0.0015924838371574879,0.0,raw,audited,19.0
110,567,1,5.003787040710449,-1.1330461502075195,2.1644251346588135,4.008333206176758,-0.04404987022280693,0.0059932987205684185,4,5,3.401197381662155,1,1,0.26394703539593084,0.42920014516401445,HH,0.2639470398426056,0.429200142621994,0.22360679507255554,raw,audited,14.0
961,2555,1,6.459803581237793,-1.1964846849441528,3.4584503173828125,4.205110549926758,-0.015397468581795692,0.0017348395194858313,3,4,2.995732273553991,2,2,0.18602303754564287,0.9125892511224669,HH,0.1860230416059494,0.9125892519950867,0.5773502588272095,raw,audited,6.0
444,2289,1,2.40712571144104,-1.1964846849441528,-0.7193391919136047,4.308155059814453,0.00666970806196332,0.0010704677551984787,4,3,2.995732273553991,0,0,0.18602303754564287,-0.18602303754564287,HL,0.1860230416059494,-0.1860230416059494,0.0,raw,audited,17.0
142,1628,1,4.536226749420166,0.8360446095466614,-0.7193391919136047,4.275435447692871,0.13596098124980927,0.022786322981119156,3,15,4.1588830833596715,0,0,0.32690411934740055,-0.32690411934740055,HL,0.3269041180610657,-0.3269041180610657,0.0,raw,audited,81.0
290,1765,1,3.563822031021118,0.3313347101211548,-0.7193391919136047,3.83950138092041,0.10420025885105133,0.020863519981503487,4,14,4.31748811353631,0,0,0.4564122585269044,-0.4564122585269044,HL,0.45641225576400757,-0.45641225576400757,0.0,raw,audited,151.0
167,1056,1,6.550464630126953,-1.2960149049758911,3.558865547180176,4.299497604370117,-0.02000873163342476,0.002180933952331543,2,1,1.791759469228055,1,1,0.0025667768776077267,0.6905804036823375,LH,0.0025667769368737936,0.690580427646637,0.7071067690849304,raw,audited,1.0
353,1345,1,6.327915668487549,-1.1565622091293335,3.231389284133911,4.275609016418457,-0.030645187944173813,0.00352478283457458,3,1,2.0794415416798357,1,1,0.002679459971092827,0.6904677205888524,LH,0.002679459983482957,0.6904677152633667,0.5773502588272095,raw,audited,2.0
2304,2385,1,0.9305813312530518,-1.1696233749389648,-0.7193391919136047,2.8101086616516113,0.0013104357058182359,0.0002787934790831059,2,4,2.70805020110221,0,0,0.09507910900607243,-0.09507910900607243,LL,0.09507910907268524,-0.09507910907268524,0.0,raw,audited,83.0
306,2080,1,8.643465042114258,1.4916402101516724,2.800812005996704,4.271844863891602,0.07104426622390747,0.00822715274989605,64,9,6.476972362889683,7,7,1.5413646619434214,0.5380768797364144,HH,1.5413646697998047,0.5380768775939941,0.2916666567325592,raw,audited,71.0
918,1098,1,2.338521957397461,-1.2960149049758911,-0.7193391919136047,4.350367546081543,-0.004616216290742159,0.0007246423047035933,2,1,1.791759469228055,0,0,0.0025667768776077267,-0.0025667768776077267,LL,0.0025667769368737936,-0.0025667769368737936,0.0,raw,audited,47.0
962,1809,1,6.02578067779541,-0.7776404619216919,2.527461290359497,4.302990913391113,-0.035155970603227615,0.004599611274898052,6,2,3.044522437723423,2,2,0.09993231907971788,0.9986799695883919,HH,0.09993232041597366,0.9986799955368042,0.5773502588272095,raw,audited,11.0
1721,2476,1,4.951043605804443,-1.0675908327102661,1.945845127105713,4.100522041320801,-0.035857684910297394,0.005015190225094557,6,5,3.737669618283368,1,1,0.42931193287961333,0.26383524768033195,HH,0.42931193113327026,0.26383525133132935,0.18257418274879456,raw,audited,6.0
347,408,1,6.751301288604736,-1.1052969694137573,3.5420658588409424,4.3079729080200195,-0.0015652470756322145,0.00017475320782978088,3,5,3.1780538303479453,1,1,0.22552334649902314,0.4676238340609221,HH,0.22552335262298584,0.46762382984161377,0.25819888710975647,raw,audited,21.0
526,1007,1,6.113108158111572,-1.2596451044082642,3.2346134185791016,4.153822898864746,-0.02380809374153614,0.002745433244854212,3,3,2.772588722239781,1,1,0.15981025222941134,0.5333369283305339,LH,0.15981024503707886,0.5333369374275208,0.3333333432674408,raw,audited,28.0
309,2305,1,2.4347550868988037,-1.1696233749389648,-0.7193391919136047,4.314282417297363,0.0013104357058182359,0.00021120540623087436,2,4,2.70805020110221,0,0,0.09507910900607243,-0.09507910900607243,LL,0.09507910907268524,-0.09507910907268524,0.0,raw,audited,29.0
717,1907,1,-0.893264889717102,1.2495394945144653,-0.7193391919136047,-1.4922438859939575,0.06065390259027481,0.017222531139850616,0,7,2.0794415416798357,0,0,0.0022128532902202114,-0.0022128532902202114,LL,0.002212853403761983,-0.002212853403761983,0.0,raw,audited,106.0
482,2230,1,0.9413562417030334,-0.9425831437110901,-0.7193391919136047,2.57958722114563,0.015566570684313774,0.003656634595245123,6,3,3.332204510175204,0,0,0.295747045488935,-0.295747045488935,HL,0.2957470417022705,-0.2957470417022705,0.0,raw,audited,76.0
1623,1772,1,8.963737487792969,1.8091912269592285,2.8043887615203857,4.256272315979004,0.08576063066720963,0.00957618746906519,36,4,5.220355825078324,1,1,0.2608500763576425,0.4322971042023028,HH,0.26085007190704346,0.43229711055755615,0.0833333358168602,raw,audited,31.0
870,1119,1,8.71701717376709,0.8640322685241699,3.5454065799713135,4.23781156539917,0.061641626060009,0.007078009657561779,2,12,3.6635616461296463,1,1,0.17653506637630972,0.5166121141836355,HH,0.17653506994247437,0.5166121125221252,0.20412413775920868,raw,audited,4.0
833,1678,1,-4.052544593811035,-0.3114834427833557,-0.7193391919136047,-3.0506300926208496,0.020783303305506706,0.005066335201263428,6,1,2.6390573296152584,0,0,0.006401163194461921,-0.006401163194461921,LL,0.006401163060218096,-0.006401163060218096,0.0,raw,audited,173.0
1133,1500,1,6.503087043762207,-1.2958875894546509,3.564180612564087,4.239943981170654,-0.013274844735860825,0.001456647296436131,3,2,2.4849066497880004,2,2,0.07427151148220186,1.0243407771859079,LH,0.07427151501178741,1.0243407487869263,0.8164965510368347,raw,audited,6.0
733,862,1,5.010437965393066,2.4956531524658203,-0.7193391919136047,2.967045783996582,0.25895342230796814,0.040203966200351715,25,1,3.9512437185814275,0,0,0.005713782933315264,-0.005713782933315264,HL,0.005713782738894224,-0.005713782738894224,0.0,raw,audited,65.0
1301,2140,1,2.4041354656219482,-1.1964846849441528,-0.7193391919136047,4.305164813995361,0.00666970806196332,0.0010709817288443446,4,3,2.995732273553991,0,0,0.18602303754564287,-0.18602303754564287,HL,0.1860230416059494,-0.1860230416059494,0.0,raw,audited,46.0
551,2388,1,2.2988288402557373,0.9482179880142212,-0.7193391919136047,2.0290656089782715,0.032759614288806915,0.008784192614257336,0,4,1.6094379124341003,0,0,0.0017051669314512175,-0.0017051669314512175,LL,0.0017051668837666512,-0.0017051668837666512,0.0,raw,audited,41.0
269,321,1,2.3689916133880615,-1.1696233749389648,-0.7193391919136047,4.248518943786621,0.0013104357058182359,0.00021346801077015698,4,2,2.70805020110221,0,0,0.09507910900607243,-0.09507910900607243,LL,0.09507910907268524,-0.09507910907268524,0.0,raw,audited,11.0
88,415,1,6.564694881439209,-0.1048644408583641,2.520646810531616,4.123401165008545,0.01738634891808033,0.002569550881162286,31,19,6.461468176353717,10,10,1.051609223728408,1.3462860490699626,HH,1.0516092777252197,1.3462860584259033,0.4120428264141083,raw,audited,69.0
1955,2235,1,2.7161598205566406,-0.7776404619216919,-0.7193391919136047,4.191782474517822,0.013232137076556683,0.0023206155747175217,6,2,3.044522437723423,0,0,0.09993231907971788,-0.09993231907971788,HL,0.09993232041597366,-0.09993232041597366,0.0,raw,audited,16.0
657,2522,1,7.983184337615967,0.4336865246295929,3.401228427886963,4.098952770233154,0.04119192808866501,0.005165093578398228,10,2,3.4965075614664807,1,1,0.1378403019224301,0.5553068786375152,HH,0.13784030079841614,0.5553069114685059,0.22360679507255554,raw,audited,3.0
901,1042,1,8.457883834838867,0.7018234729766846,3.4887290000915527,4.192122459411621,0.06708468496799469,0.007939241826534271,4,17,4.499809670330265,1,1,0.4681938869129151,0.2249532936470302,HH,0.4681938886642456,0.224953293800354,0.12126781791448593,raw,audited,21.0
119,1549,1,6.716799736022949,-1.0142223834991455,3.5595881938934326,4.161787033081055,0.0015218289336189628,0.0001741797022987157,5,2,2.8903717578961645,1,1,0.09507910900607243,0.5980680715538729,LH,0.09507910907268524,0.5980680584907532,0.3162277638912201,raw,audited,8.0
482,1810,1,8.559354782104492,1.3855942487716675,2.935371160507202,4.154026508331299,0.07623842358589172,0.0089154914021492,6,38,5.60947179518496,2,2,0.5504573122412603,0.5481549764268495,HH,0.5504572987556458,0.5481550097465515,0.13245323300361633,raw,audited,6.0
48,598,1,1.982494831085205,0.6890960931777954,-0.7193391919136047,1.8676869869232178,0.13692627847194672,0.040118467062711716,7,26,5.375278407684165,0,0,0.8168566785177598,-0.8168566785177598,HL,0.8168566823005676,-0.8168566823005676,0.0,raw,audited,84.0
744,1154,1,6.455240726470947,-0.2531281113624573,2.587528944015503,4.112757205963135,-4.2169562220806256e-05,6.064547505957307e-06,3,9,3.6888794541139367,1,1,0.361807736196368,0.33133944436357726,HH,0.3618077337741852,0.33133944869041443,0.19245009124279022,raw,audited,21.0
1951,2206,1,6.414144039154053,-1.3522998094558716,3.5034031867980957,4.28277587890625,-0.02786014787852764,0.003039397532120347,2,2,2.1972245773362196,1,1,0.06396091467381823,0.629186265886127,LH,0.06396091729402542,0.6291862726211548,0.5,raw,audited,11.0
537,1165,1,6.95408821105957,-0.9080660343170166,3.55104660987854,4.306816101074219,-0.003833069698885083,0.0004370780079625547,4,1,2.3025850929940455,1,1,0.002536581283496064,0.6906105992764492,LH,0.002536581363528967,0.6906105875968933,0.5,raw,audited,2.0
439,1169,1,4.940901756286621,2.2976574897766113,-0.7193391919136047,3.1153981685638428,0.23906026780605316,0.03752051293849945,1,20,3.7376696182833684,0,0,0.0013809592565058647,-0.0013809592565058647,HL,0.0013809592928737402,-0.0013809592928737402,0.0,raw,audited,126.0
649,1171,1,0.11800877004861832,1.2495394945144653,-0.7193391919136047,-0.48097020387649536,0.06065390259027481,0.02416006103157997,0,7,2.0794415416798357,0,0,0.0022128532902202114,-0.0022128532902202114,LL,0.002212853403761983,-0.002212853403761983,0.0,raw,audited,94.0
117,259,1,6.938896656036377,-0.9211475849151611,3.560572862625122,4.313951015472412,-0.02260468155145645,0.0025633899495005608,1,1,1.3862943611198906,1,1,0.002483473901375505,0.6906637066585698,LH,0.0024834738578647375,0.6906636953353882,1.0,raw,audited,1.0
760,985,1,2.2583367824554443,-1.1052969694137573,-0.7193391919136047,4.066924571990967,0.007923625409603119,0.0013431047555059195,5,3,3.1780538303479453,0,0,0.22552334649902314,-0.22552334649902314,HL,0.22552335262298584,-0.22552335262298584,0.0,raw,audited,75.0
1724,2215,1,6.544616222381592,-1.1964846849441528,3.553818464279175,4.187295913696289,-0.008138331584632397,0.0009097440051846206,4,3,2.995732273553991,1,1,0.18602303754564287,0.5071241430143024,HH,0.1860230416059494,0.507124125957489,0.28867512941360474,raw,audited,9.0
2181,2196,1,4.439948558807373,0.9482179880142212,-0.7193391919136047,4.170185089111328,0.032759614288806915,0.005580376833677292,4,0,1.6094379124341003,0,0,0.0017051669314512175,-0.0017051669314512175,LL,0.0017051668837666512,-0.0017051668837666512,0.0,raw,audited,30.0
56,447,1,6.101086139678955,-1.2958875894546509,3.294762372970581,4.12081241607666,-0.02672579325735569,0.003058505244553089,2,3,2.4849066497880004,1,1,0.07427151148220186,0.6188756690777434,LH,0.07427151501178741,0.6188756823539734,0.40824827551841736,raw,audited,8.0
1061,1196,1,-0.4822548031806946,-1.1565622091293335,-0.7193391919136047,1.3904063701629639,-0.004884487017989159,0.001493182498961687,1,3,2.0794415416798357,0,0,0.002679459971092827,-0.002679459971092827,LL,0.002679459983482957,-0.002679459983482957,0.0,raw,audited,47.0
1131,1909,1,3.5969419479370117,1.2742576599121094,-0.7193391919136047,2.8638195991516113,0.1700790673494339,0.03382978215813637,19,3,4.382026634673881,0,0,0.3011881021227526,-0.3011881021227526,HL,0.3011881113052368,-0.3011881113052368,0.0,raw,audited,36.0
448,1826,1,6.900961399078369,-0.9425831437110901,3.561286211013794,4.265962600708008,0.008170953951776028,0.0009308442240580916,3,6,3.332204510175204,1,1,0.295747045488935,0.3974001350710103,HH,0.2957470417022705,0.3974001407623291,0.2357022762298584,raw,audited,6.0
133,1623,1,8.637941360473633,1.3212412595748901,2.9638991355895996,4.2737860679626465,0.07089006155729294,0.008214550092816353,6,36,5.556828061699537,2,2,0.5020092073846224,0.5966030812834874,HH,0.5020092129707336,0.5966030955314636,0.13608276844024658,raw,audited,41.0
985,1073,1,2.4032320976257324,-1.1565622091293335,-0.7193391919136047,4.275893211364746,-0.004884487017989159,0.0007933638989925385,3,1,2.0794415416798357,0,0,0.002679459971092827,-0.002679459971092827,LL,0.002679459983482957,-0.002679459983482957,0.0,raw,audited,55.0
701,2062,1,6.655797481536865,-1.1565622091293335,3.559020519256592,4.253941535949707,-0.008727297186851501,0.0009720486705191433,3,1,2.0794415416798357,1,1,0.002679459971092827,0.6904677205888524,LH,0.002679459983482957,0.6904677152633667,0.5773502588272095,raw,audited,10.0
767,873,1,1.8595303297042847,-1.2596451044082642,-0.7193391919136047,3.823732614517212,0.006657330319285393,0.0011459634406492114,3,3,2.772588722239781,0,0,0.15981025222941134,-0.15981025222941134,LL,0.15981024503707886,-0.15981024503707886,0.0,raw,audited,81.0
1712,1725,1,5.236469745635986,0.6646050810813904,0.7521165013313293,3.784553050994873,0.027070166543126106,0.0051775784231722355,2,11,3.58351893845611,1,1,0.18117393408101218,0.511973246478933,HH,0.18117393553256989,0.5119732618331909,0.21320071816444397,raw,audited,38.0
6,373,1,1.620542049407959,-1.3522998094558716,-0.7193391919136047,3.6807034015655518,0.0033529773354530334,0.0005825494881719351,2,2,2.1972245773362196,0,0,0.06396091467381823,-0.06396091467381823,LL,0.06396091729402542,-0.06396091729402542,0.0,raw,audited,53.0
1463,2133,1,6.618778228759766,-1.0941753387451172,3.5280168056488037,4.173864364624023,0.002947345143184066,0.0003349634644109756,6,6,3.8918202981106265,3,3,0.4982656549046744,0.8880287062152161,HH,0.49826565384864807,0.8880287408828735,0.5,raw,audited,25.0
229,1894,1,0.6695671677589417,1.45132315158844,-0.7193391919136047,-0.15188029408454895,0.0813387930393219,0.03383643925189972,0,11,2.4849066497880004,0,0,-0.000550437072462336,0.000550437072462336,LH,-0.000550437078345567,0.000550437078345567,0.0,raw,audited,46.0
1358,1745,1,9.152175903320312,2.610295057296753,3.011430501937866,3.415128469467163,0.10719786584377289,0.011723235249519348,139,5,6.733401891837358,2,2,0.6801114887286566,0.4185007999394532,HH,0.6801114678382874,0.4185008406639099,0.07586432248353958,raw,audited,48.0
1334,1542,1,9.385504722595215,1.447340965270996,3.502239465713501,4.340960502624512,0.08683990687131882,0.009260572493076324,4,27,4.941642422609304,1,1,0.5687250615168912,0.12442211904305411,HH,0.568725049495697,0.12442213296890259,0.09622504562139511,raw,audited,15.0
442,2362,1,-3.6068403720855713,1.1748332977294922,-0.7193391919136047,-4.124117851257324,0.05365851894021034,0.008837115950882435,6,0,1.9459101490553132,0,0,0.0009230486758283437,-0.0009230486758283437,LL,0.0009230487048625946,-0.0009230487048625946,0.0,raw,audited,158.0
383,2268,1,6.824376583099365,-1.0142223834991455,3.4863226413726807,4.3480377197265625,-0.0038859928026795387,0.00043897275463677943,2,5,2.8903717578961645,1,1,0.09507910900607243,0.5980680715538729,LH,0.09507910907268524,0.5980680584907532,0.3162277638912201,raw,audited,4.0
525,1628,1,7.27145528793335,-0.6043859720230103,3.5363376140594482,4.300848007202148,0.03053080104291439,0.003603686112910509,13,15,5.4116460518550396,4,4,0.9840730042878254,0.6253649081462749,HH,0.9840729832649231,0.6253649592399597,0.2864459455013275,raw,audited,79.0
1899,1902,1,2.519414186477661,-0.9425831437110901,-0.7193391919136047,4.157645225524902,0.015566570684313774,0.002667731372639537,3,6,3.332204510175204,0,0,0.295747045488935,-0.295747045488935,HL,0.2957470417022705,-0.2957470417022705,0.0,raw,audited,44.0
1986,2001,1,7.351263046264648,0.8528120517730713,3.4607226848602295,2.9514524936676025,0.07815136015415192,0.010642774403095245,55,14,6.73340189183736,2,2,1.108719224544179,-0.010106935876069256,HL,1.1087192296981812,-0.010106921195983887,0.0720749944448471,raw,audited,95.0
1358,1761,1,8.10377025604248,2.610295057296753,1.4615164995193481,3.8902273178100586,0.13360664248466492,0.01650351844727993,139,5,6.733401891837358,2,2,0.6801114887286566,0.4185007999394532,HH,0.6801114678382874,0.4185008406639099,0.07586432248353958,raw,audited,103.00000000000001
745,1986,1,8.864025115966797,1.613181471824646,3.3889718055725098,3.765777111053467,0.08796995878219604,0.009933484718203545,7,55,6.104793232414986,6,6,0.9253597684372051,1.0205503806181082,HH,0.9253597855567932,1.0205504894256592,0.3057883381843567,raw,audited,44.0
32,518,1,2.2027041912078857,-1.2596451044082642,-0.7193391919136047,4.166906356811523,0.006657330319285393,0.0010820444440469146,3,3,2.772588722239781,0,0,0.15981025222941134,-0.15981025222941134,LL,0.15981024503707886,-0.15981024503707886,0.0,raw,audited,39.0
1427,2446,1,2.568131923675537,-0.7776404619216919,-0.7193391919136047,4.043754577636719,0.013232137076556683,0.0023824661038815975,2,6,3.044522437723423,0,0,0.09993231907971788,-0.09993231907971788,HL,0.09993232041597366,-0.09993232041597366,0.0,raw,audited,20.0
368,428,1,6.710873603820801,-1.1964846849441528,3.5450246334075928,4.362224102020264,-0.008015362545847893,0.0008796733454801142,3,4,2.995732273553991,1,1,0.18602303754564287,0.5071241430143024,HH,0.1860230416059494,0.507124125957489,0.28867512941360474,raw,audited,20.0
47,163,1,4.380928039550781,0.9311632513999939,-0.7193391919136047,4.132328033447266,0.028651447966694832,0.0049301451072096825,1,0,0.6931471805599453,0,0,0.0025667768776077267,-0.0025667768776077267,LL,0.0025667769368737936,-0.0025667769368737936,0.0,raw,audited,12.0
1671,2137,1,1.837760329246521,-1.2958875894546509,-0.7193391919136047,3.8449020385742188,-3.959875903092325e-05,6.757273240509676e-06,3,2,2.4849066497880004,0,0,0.07427151148220186,-0.07427151148220186,LL,0.07427151501178741,-0.07427151501178741,0.0,raw,audited,53.0
710,2212,1,6.630444526672363,-1.2596451044082642,3.5622928142547607,4.330172061920166,-0.010499881580471992,0.0011459487723186612,3,3,2.772588722239781,1,1,0.15981025222941134,0.5333369283305339,LH,0.15981024503707886,0.5333369374275208,0.3333333432674408,raw,audited,6.0
218,2119,1,3.050420045852661,1.0885100364685059,-0.7193391919136047,2.5416173934936523,0.13150693476200104,0.029347850009799004,10,1,3.091042453358316,0,0,0.002709528290634796,-0.002709528290634796,HL,0.002709528198465705,-0.002709528198465705,0.0,raw,audited,78.0
441,1537,1,3.6649067401885986,0.1680741012096405,-0.7193391919136047,4.1320881843566895,0.07595889270305634,0.0149071691557765,9,2,3.401197381662156,0,0,0.12967205327110548,-0.12967205327110548,HL,0.12967205047607422,-0.12967205047607422,0.0,raw,audited,8.0
665,2122,1,2.768573522567749,-0.8649494051933289,-0.7193391919136047,4.320594787597656,0.02414252981543541,0.0040719215758144855,4,7,3.688879454113936,0,0,0.4092811700187469,-0.4092811700187469,HL,0.4092811644077301,-0.4092811644077301,0.0,raw,audited,41.0
325,1848,1,2.2629339694976807,0.9482179880142212,-0.7193391919136047,1.9931707382202148,0.032759614288806915,0.008869561366736889,0,4,1.6094379124341003,0,0,0.0017051669314512175,-0.0017051669314512175,LL,0.0017051668837666512,-0.0017051668837666512,0.0,raw,audited,50.0
120,2405,1,6.634743690490723,-1.0262408256530762,3.5185296535491943,4.132097244262695,0.0022329508792608976,0.0002572790835984051,4,6,3.5553480614894135,3,3,0.3678477635670827,1.0184465975528079,HH,0.3678477704524994,1.0184465646743774,0.6123723983764648,raw,audited,8.0
1215,1894,1,1.4292824268341064,0.19170373678207397,-0.7193391919136047,1.8595669269561768,0.08922623842954636,0.031199773773550987,3,11,3.8712010109078907,0,0,0.2930939733738713,-0.2930939733738713,HL,0.2930939793586731,-0.2930939793586731,0.0,raw,audited,156.0
1206,1257,1,5.212648391723633,1.5571374893188477,-0.7193391919136047,4.271920204162598,0.09480530023574829,0.01427102368324995,0,14,2.70805020110221,0,0,0.007796294345678415,-0.007796294345678415,LL,0.007796294521540403,-0.007796294521540403,0.0,raw,audited,23.0
50,1441,1,-2.625743865966797,1.6304957866668701,-0.7193391919136047,-3.6491971015930176,0.1041717678308487,0.017068374902009964,0,17,2.8903717578961645,0,0,0.006236131996241855,-0.006236131996241855,LL,0.006236131768673658,-0.006236131768673658,0.0,raw,audited,247.0
1185,1992,1,2.7897872924804688,-0.6487200260162354,-0.7193391919136047,4.146362781524658,0.0033588281366974115,0.0006087280926294625,5,1,2.4849066497880004,0,0,0.003920084665472663,-0.003920084665472663,LL,0.003920084796845913,-0.003920084796845913,0.0,raw,audited,23.0
1090,2367,1,7.5148491859436035,-0.39226993918418884,3.55802321434021,4.305707931518555,0.03526308014988899,0.004253040533512831,6,12,4.51085950651685,5,5,0.6828674701538369,1.108891999074218,HH,0.6828674674034119,1.1088919639587402,0.589255690574646,raw,audited,4.0
1041,2448,1,2.0833897590637207,-1.1696233749389648,-0.7193391919136047,3.9629170894622803,0.0013104357058182359,0.0002238840243080631,4,2,2.70805020110221,0,0,0.09507910900607243,-0.09507910900607243,LL,0.09507910907268524,-0.09507910907268524,0.0,raw,audited,37.0
86,1336,1,4.853011131286621,-0.7776404619216919,2.2836687564849854,3.371032238006592,-0.032174255698919296,0.004977055825293064,2,6,3.044522437723423,1,1,0.09993231907971788,0.5932148614802274,HH,0.09993232041597366,0.5932148694992065,0.28867512941360474,raw,audited,66.0
1462,1663,1,6.538620471954346,-1.2958875894546509,3.5503828525543213,4.292743682861328,-0.01674305833876133,0.0018286919221282005,3,2,2.4849066497880004,1,1,0.07427151148220186,0.6188756690777434,LH,0.07427151501178741,0.6188756823539734,0.40824827551841736,raw,audited,15.0
542,1245,1,5.347776412963867,-1.2596451044082642,2.421572208404541,4.224186420440674,-0.046462055295705795,0.0058429124765098095,3,3,2.772588722239781,1,1,0.15981025222941134,0.5333369283305339,LH,0.15981024503707886,0.5333369374275208,0.3333333432674408,raw,audited,54.0
1224,1660,1,9.069615364074707,1.8130799531936646,3.3066279888153076,3.863781452178955,0.07800132781267166,0.008608001284301281,20,2,4.143134726391533,2,2,0.16857358292832197,0.9300387057397879,HH,0.16857358813285828,0.9300386905670166,0.3162277638912201,raw,audited,3.0
219,507,1,9.416657447814941,1.4439698457717896,3.5273845195770264,4.360955238342285,0.07622368633747101,0.008101548068225384,2,16,3.931825632724326,1,1,0.21219425699455913,0.48095292356538616,HH,0.2121942639350891,0.4809529185295105,0.1767766922712326,raw,audited,2.0
372,626,1,1.107425570487976,-1.2958875894546509,-0.7193391919136047,3.114567279815674,-3.959875903092325e-05,7.71930626797257e-06,2,3,2.4849066497880004,0,0,0.07427151148220186,-0.07427151148220186,LL,0.07427151501178741,-0.07427151501178741,0.0,raw,audited,203.0
59,1725,1,4.002823829650879,-0.7254643440246582,0.7521165013313293,3.989001512527466,-0.02095434069633484,0.003818533383309841,9,11,4.787491742782047,1,1,1.1233008543913807,-0.43015367383143543,HL,1.1233009099960327,-0.4301537275314331,0.10050378739833832,raw,audited,204.0
1424,1621,1,2.5741376876831055,-0.9211475849151611,-0.7193391919136047,4.1685051918029785,0.037994302809238434,0.006498100236058235,1,1,1.3862943611198906,0,0,0.002483473901375505,-0.002483473901375505,LL,0.0024834738578647375,-0.0024834738578647375,0.0,raw,audited,17.0
868,2099,1,6.122389793395996,-0.4444933235645294,2.6666653156280518,3.9085261821746826,-0.016433250159025192,0.0023355563171207905,7,2,3.1780538303479453,1,1,0.09682951278185134,0.5963176677780939,HH,0.09682951122522354,0.5963176488876343,0.26726123690605164,raw,audited,7.0
1281,1746,1,1.369023323059082,-1.2958875894546509,0.7521165013313293,1.9641751050949097,-0.05950532853603363,0.014614423736929893,3,2,2.4849066497880004,1,1,0.07427151148220186,0.6188756690777434,LH,0.07427151501178741,0.6188756823539734,0.40824827551841736,raw,audited,194.0
443,1264,1,6.53408670425415,-1.2958875894546509,3.528531312942505,4.310667037963867,-0.017348572611808777,0.0018955145496875048,3,2,2.4849066497880004,1,1,0.07427151148220186,0.6188756690777434,LH,0.07427151501178741,0.6188756823539734,0.40824827551841736,raw,audited,7.0
807,1956,1,6.472593307495117,-1.2958875894546509,3.5595169067382812,4.213343620300293,-0.012504673562943935,0.0013769767247140408,3,2,2.4849066497880004,1,1,0.07427151148220186,0.6188756690777434,LH,0.07427151501178741,0.6188756823539734,0.40824827551841736,raw,audited,12.0
1204,1839,1,-3.3533644676208496,-1.1330461502075195,-0.7193391919136047,-1.519474744796753,0.010370692238211632,0.0030662284698337317,4,5,3.401197381662155,0,0,0.26394703539593084,-0.26394703539593084,HL,0.2639470398426056,-0.2639470398426056,0.0,raw,audited,235.0
750,1441,1,-1.5333467721939087,1.6304957866668701,-0.7193391919136047,-2.55679988861084,0.1041717678308487,0.02078942023217678,0,17,2.8903717578961645,0,0,0.006236131996241855,-0.006236131996241855,LL,0.006236131768673658,-0.006236131768673658,0.0,raw,audited,102.0
2112,2436,1,1.5080441236495972,-1.1052969694137573,-0.7193391919136047,3.316632032394409,0.007923625409603119,0.0015388095052912831,5,3,3.1780538303479453,0,0,0.22552334649902314,-0.22552334649902314,HL,0.22552335262298584,-0.22552335262298584,0.0,raw,audited,72.0
624,1232,1,-4.029884338378906,-0.9211475849151611,-0.7193391919136047,-2.435516834259033,0.037994302809238434,0.009235372766852379,1,1,1.3862943611198906,0,0,0.002483473901375505,-0.002483473901375505,LL,0.0024834738578647375,-0.0024834738578647375,0.0,raw,audited,204.0
205,1701,1,7.869887351989746,2.8627705574035645,2.874260663986206,1.9987634420394897,0.1259680986404419,0.016022883355617523,1,65,4.882801922586371,1,1,0.020145318105689636,0.6730018624542556,HH,0.020145317539572716,0.6730018854141235,0.12403473258018494,raw,audited,45.0
921,1914,1,5.485326290130615,1.9503642320632935,-0.7193391919136047,4.029789447784424,0.21638675034046173,0.03128839284181595,2,22,4.23410650459726,0,0,0.17162295933884167,-0.17162295933884167,HL,0.17162296175956726,-0.17162296175956726,0.0,raw,audited,42.0
519,598,1,3.074601888656616,0.2673672139644623,-0.7193391919136047,3.407478094100952,0.11097092926502228,0.024631986394524574,10,26,5.6937321388027,0,0,0.5908559921618184,-0.5908559921618184,HL,0.5908560156822205,-0.5908560156822205,0.0,raw,audited,73.0
1515,2234,1,-3.3047235012054443,0.9311632513999939,-0.7193391919136047,-3.553323984146118,0.028651447966694832,0.005475694313645363,1,0,0.6931471805599453,0,0,0.0025667768776077267,-0.0025667768776077267,LL,0.0025667769368737936,-0.0025667769368737936,0.0,raw,audited,174.0
469,2412,1,-4.557071208953857,-1.2960149049758911,-0.7193391919136047,-2.5452256202697754,-0.004616216290742159,0.001011175918392837,2,1,1.791759469228055,0,0,0.0025667768776077267,-0.0025667768776077267,LL,0.0025667769368737936,-0.0025667769368737936,0.0,raw,audited,199.0
64,1209,1,1.9037421941757202,-1.2960149049758911,-0.7193391919136047,3.915587902069092,-0.004616216290742159,0.0007777223363518715,2,1,1.791759469228055,0,0,0.0025667768776077267,-0.0025667768776077267,LL,0.0025667769368737936,-0.0025667769368737936,0.0,raw,audited,17.0
306,1779,1,9.482991218566895,2.1268210411071777,2.997244119644165,4.252262115478516,0.09853968024253845,0.010400112718343735,64,5,5.966146739123692,1,1,0.7195270036789018,-0.02637982311895648,HL,0.719527006149292,-0.026379823684692383,0.055901698768138885,raw,audited,36.0
1433,2359,1,3.9330103397369385,0.4336865246295929,-0.7193391919136047,4.113227367401123,0.09731088578701019,0.018142951652407646,2,10,3.4965075614664807,0,0,0.1378403019224301,-0.1378403019224301,HL,0.13784030079841614,-0.13784030079841614,0.0,raw,audited,41.0
1070,1358,1,6.857374668121338,2.610295057296753,2.1122822761535645,2.007200241088867,0.11947259306907654,0.017443165183067322,5,139,6.733401891837358,2,2,0.6801114887286566,0.4185007999394532,HH,0.6801114678382874,0.4185008406639099,0.07586432248353958,raw,audited,153.0
1810,1812,1,5.529268264770508,1.8693116903305054,-0.7193391919136047,4.152011871337891,0.2191593497991562,0.03148921951651573,38,4,5.272999558563747,0,0,0.31852856519640793,-0.31852856519640793,HL,0.31852856278419495,-0.31852856278419495,0.0,raw,audited,54.0
695,1336,1,5.623465538024902,-1.0675908327102661,3.120131254196167,3.5767900943756104,-0.013989974744617939,0.0017985436134040356,5,6,3.737669618283368,1,1,0.42931193287961333,0.26383524768033195,HH,0.42931193113327026,0.26383525133132935,0.18257418274879456,raw,audited,18.0
667,2364,1,-1.7656095027923584,-1.3522998094558716,-0.7193391919136047,0.29455190896987915,0.0033529773354530334,0.0014150307979434729,2,2,2.1972245773362196,0,0,0.06396091467381823,-0.06396091467381823,LL,0.06396091729402542,-0.06396091729402542,0.0,raw,audited,104.0
945,2388,1,2.1223371028900146,-1.1964846849441528,-0.7193391919136047,4.023366451263428,0.00666970806196332,0.0011217398568987846,3,4,2.995732273553991,0,0,0.18602303754564287,-0.18602303754564287,HL,0.1860230416059494,-0.1860230416059494,0.0,raw,audited,82.0
843,2542,1,0.23695145547389984,0.7768762111663818,-0.7193391919136047,0.1538449227809906,0.017444748431444168,0.010461586527526379,3,0,1.3862943611198906,0,0,0.0017051669314512175,-0.0017051669314512175,LL,0.0017051668837666512,-0.0017051668837666512,0.0,raw,audited,73.0
1358,1713,1,-1.3040004968643188,2.845573663711548,-0.7193391919136047,-3.733677864074707,0.2953181862831116,0.03888882324099541,139,3,6.327936783729195,0,0,0.5962537633065377,-0.5962537633065377,HL,0.5962537527084351,-0.5962537527084351,0.0,raw,audited,336.0
905,1483,1,9.186172485351562,1.3605765104293823,3.5396854877471924,4.199187755584717,0.07859859615564346,0.008563759736716747,3,20,4.430816798843313,3,3,0.34185746108770393,1.0444369000321867,HH,0.3418574631214142,1.0444369316101074,0.3872983157634735,raw,audited,2.0
1059,1600,1,5.61731481552124,3.2033233642578125,-0.7193391919136047,2.8057198524475098,0.3194855749607086,0.04533081129193306,0,0,0.0,0,0,0.002483473901375505,-0.002483473901375505,LL,0.0024834738578647375,-0.0024834738578647375,0.0,raw,audited,1.0
403,806,1,7.214356899261475,-0.3114834427833557,3.3292396068573,4.183283805847168,0.0051917931996285915,0.0006631321157328784,6,1,2.6390573296152584,1,1,0.006401163194461921,0.6867460173654834,LH,0.006401163060218096,0.6867460012435913,0.40824827551841736,raw,audited,1.0
228,322,1,1.8654831647872925,0.9482179880142212,-0.7193391919136047,1.5957200527191162,0.032759614288806915,0.009939092211425304,4,0,1.6094379124341003,0,0,0.0017051669314512175,-0.0017051669314512175,LL,0.0017051668837666512,-0.0017051668837666512,0.0,raw,audited,147.0
1148,2220,1,5.187850475311279,-1.2958875894546509,2.310371160507202,4.219577789306641,-0.05433565750718117,0.006895237136632204,2,3,2.4849066497880004,1,1,0.07427151148220186,0.6188756690777434,LH,0.07427151501178741,0.6188756823539734,0.40824827551841736,raw,audited,5.0
1317,1720,1,2.5736114978790283,-0.7485431432723999,-0.7193391919136047,4.008137226104736,0.02523192949593067,0.004586579743772745,7,3,3.465735902799726,0,0,0.31951830065715553,-0.31951830065715553,HL,0.3195182979106903,-0.3195182979106903,0.0,raw,audited,141.0
1553,1827,1,6.564067363739014,-1.2596451044082642,3.5597808361053467,4.262890815734863,-0.007083837408572435,0.0007793513941578567,3,3,2.772588722239781,1,1,0.15981025222941134,0.5333369283305339,LH,0.15981024503707886,0.5333369374275208,0.3333333432674408,raw,audited,16.0
2147,2486,1,6.6968584060668945,-1.1696233749389648,3.5580193996429443,4.308438301086426,-0.008100831881165504,0.0008956953533925116,4,2,2.70805020110221,1,1,0.09507910900607243,0.5980680715538729,LH,0.09507910907268524,0.5980680584907532,0.3535533845424652,raw,audited,3.0
604,1914,1,8.500800132751465,1.137731909751892,3.152400255203247,4.137035369873047,0.06550785154104233,0.007713452447205782,4,22,4.74493212836325,1,1,0.6011019660483662,0.0920452145115791,HH,0.6011019945144653,0.09204518795013428,0.10660035908222198,raw,audited,16.0
2164,2282,1,2.506364107131958,-0.6487200260162354,-0.7193391919136047,3.8629395961761475,0.0033588281366974115,0.0006416886462830007,1,5,2.4849066497880004,0,0,0.003920084665472663,-0.003920084665472663,LL,0.003920084796845913,-0.003920084796845913,0.0,raw,audited,49.00000000000001
175,2217,1,2.2711093425750732,-0.9425831437110901,-0.7193391919136047,3.9093403816223145,0.015566570684313774,0.0027862980496138334,6,3,3.332204510175204,0,0,0.295747045488935,-0.295747045488935,HL,0.2957470417022705,-0.2957470417022705,0.0,raw,audited,54.0
1957,2630,1,-4.539752006530762,-0.6487200260162354,-0.7193391919136047,-3.1831765174865723,0.0033588281366974115,0.0007374593405984342,5,1,2.4849066497880004,0,0,0.003920084665472663,-0.003920084665472663,LL,0.003920084796845913,-0.003920084796845913,0.0,raw,audited,257.0
1054,1432,1,6.8108625411987305,-1.0142223834991455,3.514094591140747,4.3124237060546875,-0.009558354504406452,0.0010800035670399666,5,2,2.8903717578961645,1,1,0.09507910900607243,0.5980680715538729,LH,0.09507910907268524,0.5980680584907532,0.3162277638912201,raw,audited,7.0
289,1722,1,2.106942653656006,-1.3522998094558716,0.7521165013313293,2.756697654724121,-0.05769655480980873,0.011729777790606022,2,2,2.1972245773362196,1,1,0.06396091467381823,0.629186265886127,LH,0.06396091729402542,0.6291862726211548,0.5,raw,audited,199.0
466,1305,1,3.624444007873535,-0.9080660343170166,0.7521165013313293,3.819483518600464,-0.047214679419994354,0.008542736060917377,4,1,2.3025850929940455,1,1,0.002536581283496064,0.6906105992764492,LH,0.002536581363528967,0.6906105875968933,0.5,raw,audited,56.0
1098,2067,1,2.337350845336914,-1.2960149049758911,-0.7193391919136047,4.349196434020996,-0.004616216290742159,0.0007247755420394242,1,2,1.791759469228055,0,0,0.0025667768776077267,-0.0025667768776077267,LL,0.0025667769368737936,-0.0025667769368737936,0.0,raw,audited,24.0
981,1221,1,2.596820831298828,-0.9080660343170166,-0.7193391919136047,4.219156265258789,-0.0030551189556717873,0.0005222767940722406,1,4,2.3025850929940455,0,0,0.002536581283496064,-0.002536581283496064,LL,0.002536581363528967,-0.002536581363528967,0.0,raw,audited,20.0
293,2038,1,-3.3539440631866455,0.9311632513999939,-0.7193391919136047,-3.6025443077087402,0.028651447966694832,0.005424665752798319,0,1,0.6931471805599453,0,0,0.0025667768776077267,-0.0025667768776077267,LL,0.0025667769368737936,-0.0025667769368737936,0.0,raw,audited,153.0
1270,2034,1,3.61963152885437,2.6808102130889893,-0.7193391919136047,1.369586706161499,0.2804490029811859,0.05553241819143295,1,35,4.276666119016055,0,0,0.018078891203757413,-0.018078891203757413,HL,0.018078891560435295,-0.018078891560435295,0.0,raw,audited,110.0
618,938,1,-1.5480259656906128,-1.2960149049758911,-0.7193391919136047,0.4638197422027588,-0.004616216290742159,0.00185853720176965,1,2,1.791759469228055,0,0,0.0025667768776077267,-0.0025667768776077267,LL,0.0025667769368737936,-0.0025667769368737936,0.0,raw,audited,102.0
1197,1791,1,2.0342159271240234,-1.2960149049758911,-0.7193391919136047,4.0460615158081055,-0.004616216290742159,0.0007609943859279156,1,2,1.791759469228055,0,0,0.0025667768776077267,-0.0025667768776077267,LL,0.0025667769368737936,-0.0025667769368737936,0.0,raw,audited,32.0
1098,1477,1,6.669009685516357,-1.1565622091293335,3.487327814102173,4.352119445800781,-0.022000359371304512,0.0024396025110036135,1,3,2.0794415416798357,1,1,0.002679459971092827,0.6904677205888524,LH,0.002679459983482957,0.6904677152633667,0.5773502588272095,raw,audited,11.0
266,809,1,5.693968296051025,-1.1964846849441528,3.000718355178833,3.909844398498535,-0.02823464199900627,0.003470640629529953,3,4,2.995732273553991,1,1,0.18602303754564287,0.5071241430143024,HH,0.1860230416059494,0.507124125957489,0.28867512941360474,raw,audited,14.0
131,2169,1,2.356173515319824,-1.1565622091293335,-0.7193391919136047,4.228834629058838,-0.004884487017989159,0.0007994746556505561,1,3,2.0794415416798357,0,0,0.002679459971092827,-0.002679459971092827,LL,0.002679459983482957,-0.002679459983482957,0.0,raw,audited,35.0
1147,2371,1,6.9023237228393555,-0.7776404619216919,3.547208070755005,4.115073204040527,0.00955803133547306,0.0011311975540593266,6,2,3.044522437723423,1,1,0.09993231907971788,0.5932148614802274,HH,0.09993232041597366,0.5932148694992065,0.28867512941360474,raw,audited,4.0
142,2181,1,6.6363725662231445,-1.1964846849441528,3.5420658588409424,4.289237976074219,-0.006571266334503889,0.0007273638620972633,3,4,2.995732273553991,1,1,0.18602303754564287,0.5071241430143024,HH,0.1860230416059494,0.507124125957489,0.28867512941360474,raw,audited,28.0
1236,2479,1,6.656570911407471,3.2033233642578125,-0.7193391919136047,3.8449761867523193,0.3194855749607086,0.03950546309351921,0,0,0.0,0,0,0.002483473901375505,-0.002483473901375505,LL,0.0024834738578647375,-0.0024834738578647375,0.0,raw,audited,1.0
18,2082,1,-2.0825064182281494,0.7768762111663818,-0.7193391919136047,-2.1656131744384766,0.017444748431444168,0.004741357173770666,3,0,1.3862943611198906,0,0,0.0017051669314512175,-0.0017051669314512175,LL,0.0017051668837666512,-0.0017051668837666512,0.0,raw,audited,70.0
531,606,1,-0.7226200699806213,-0.9080660343170166,-0.7193391919136047,0.8997154235839844,-0.0030551189556717873,0.001207473105750978,1,4,2.3025850929940455,0,0,0.002536581283496064,-0.002536581283496064,LL,0.002536581363528967,-0.002536581363528967,0.0,raw,audited,94.0
1682,2319,1,7.255738735198975,-0.12844550609588623,3.075594663619995,4.2891340255737305,0.011330822482705116,0.00150986947119236,8,2,3.295836866004329,1,1,0.12967205327110548,0.5634751272888399,HH,0.12967205047607422,0.5634751319885254,0.25,raw,audited,1.0
405,1275,1,2.070002555847168,-1.2960149049758911,-0.7193391919136047,4.08184814453125,-0.004616216290742159,0.0007565312553197145,2,1,1.791759469228055,0,0,0.0025667768776077267,-0.0025667768776077267,LL,0.0025667769368737936,-0.0025667769368737936,0.0,raw,audited,32.0
429,2043,1,5.566316604614258,1.7984846830368042,-0.7193391919136047,4.284729957580566,0.19431661069393158,0.027771931141614914,14,1,3.4011973816621555,0,0,0.011174017424812204,-0.011174017424812204,HL,0.011174017563462257,-0.011174017563462257,0.0,raw,audited,6.0
836,2403,1,1.4063669443130493,-0.6487200260162354,-0.7193391919136047,2.7629425525665283,0.0033588281366974115,0.0008124178275465965,5,1,2.4849066497880004,0,0,0.003920084665472663,-0.003920084665472663,LL,0.003920084796845913,-0.003920084796845913,0.0,raw,audited,133.0
2181,2202,1,2.403871774673462,-1.1964846849441528,-0.7193391919136047,4.304901123046875,0.00666970806196332,0.0010710270144045353,4,3,2.995732273553991,0,0,0.18602303754564287,-0.18602303754564287,HL,0.1860230416059494,-0.1860230416059494,0.0,raw,audited,51.0
296,2685,1,4.215173244476318,-1.1565622091293335,1.3838289976119995,4.030036926269531,-0.05025549605488777,0.007590681314468384,1,3,2.0794415416798357,1,1,0.002679459971092827,0.6904677205888524,LH,0.002679459983482957,0.6904677152633667,0.5773502588272095,raw,audited,12.0
1701,1865,1,5.8837666511535645,2.7668492794036865,-0.7193391919136047,3.5438408851623535,0.28429076075553894,0.03886769339442253,65,2,5.288267030694535,0,0,0.12368596641301963,-0.12368596641301963,HL,0.12368596345186234,-0.12368596345186234,0.0,raw,audited,85.0
468,1311,1,6.629472732543945,-1.1565622091293335,3.540019989013672,4.250696182250977,-0.012806082144379616,0.00142923672683537,1,3,2.0794415416798357,1,1,0.002679459971092827,0.6904677205888524,LH,0.002679459983482957,0.6904677152633667,0.5773502588272095,raw,audited,4.0
577,2352,1,7.438069820404053,-0.4444933235645294,3.525294780731201,4.332140922546387,0.017002582550048828,0.0020438421051949263,7,2,3.1780538303479453,1,1,0.09682951278185134,0.5963176677780939,HH,0.09682951122522354,0.5963176488876343,0.26726123690605164,raw,audited,2.0
830,1914,1,5.504126071929932,2.388705015182495,-0.7193391919136047,3.5786666870117188,0.2479686737060547,0.03575776889920235,1,22,3.828641396489095,0,0,0.00961734087375331,-0.00961734087375331,HL,0.009617340750992298,-0.009617340750992298,0.0,raw,audited,39.0
1072,1801,1,8.745113372802734,1.3929754495620728,3.166300058364868,4.097639560699463,0.0800732895731926,0.009164861403405666,26,4,4.90527477843843,1,1,0.5121098978044188,0.18103728275552644,HH,0.5121098756790161,0.1810373067855835,0.0980580672621727,raw,audited,24.0
57,2418,1,-3.5601351261138916,1.0787166357040405,-0.7193391919136047,-3.972341537475586,0.04470430687069893,0.007687622681260109,0,5,1.791759469228055,0,0,0.0017051669314512175,-0.0017051669314512175,LL,0.0017051668837666512,-0.0017051668837666512,0.0,raw,audited,195.0
374,2147,1,2.470221757888794,-1.1330461502075195,-0.7193391919136047,4.304111480712891,0.010370692238211632,0.0016816790448501706,5,4,3.401197381662155,0,0,0.26394703539593084,-0.26394703539593084,HL,0.2639470398426056,-0.2639470398426056,0.0,raw,audited,9.0
380,930,1,6.892670154571533,-0.9211475849151611,3.5267560482025146,4.30210542678833,-0.02316877990961075,0.002640865044668317,1,1,1.3862943611198906,1,1,0.002483473901375505,0.6906637066585698,LH,0.0024834738578647375,0.6906636953353882,1.0,raw,audited,2.0
1441,2272,1,-0.7143827676773071,1.6304957866668701,-0.7193391919136047,-1.7378358840942383,0.1041717678308487,0.02485106885433197,17,0,2.8903717578961645,0,0,0.006236131996241855,-0.006236131996241855,LL,0.006236131768673658,-0.006236131768673658,0.0,raw,audited,194.0
2034,2042,1,10.253719329833984,2.6808102130889893,3.2403509616851807,4.211637496948242,0.11279595643281937,0.0110092144459486,35,1,4.276666119016055,1,1,0.018078891203757413,0.6750682893561879,HH,0.018078891560435295,0.6750683188438416,0.16903084516525269,raw,audited,7.0
445,909,1,3.3312413692474365,0.9311632513999939,-0.7193391919136047,3.082641124725342,0.028651447966694832,0.006016942672431469,1,0,0.6931471805599453,0,0,0.0025667768776077267,-0.0025667768776077267,LL,0.0025667769368737936,-0.0025667769368737936,0.0,raw,audited,5.0
302,1158,1,2.337033748626709,-1.0262408256530762,-0.7193391919136047,4.059999465942383,0.01448947936296463,0.002489571925252676,4,6,3.5553480614894135,0,0,0.3678477635670827,-0.3678477635670827,HL,0.3678477704524994,-0.3678477704524994,0.0,raw,audited,86.0
91,2380,1,6.765368461608887,-1.0142223834991455,3.4394338130950928,4.339580535888672,-0.00754849286749959,0.0008577067637816072,5,2,2.8903717578961645,2,2,0.09507910900607243,1.0035331796620373,LH,0.09507910907268524,1.0035332441329956,0.6324555277824402,raw,audited,8.0
651,2156,1,6.0409440994262695,-0.9425831437110901,2.863483190536499,4.134709358215332,-0.02279037982225418,0.002861830871552229,6,3,3.332204510175204,1,1,0.295747045488935,0.3974001350710103,HH,0.2957470417022705,0.3974001407623291,0.2357022762298584,raw,audited,11.0
95,734,1,7.6322526931762695,-0.23868942260742188,3.5402472019195557,4.278993606567383,0.043576642870903015,0.00537883210927248,18,10,5.342334251964811,2,2,0.9537633594016448,0.14484892926646498,HH,0.9537633657455444,0.14484894275665283,0.14907120168209076,raw,audited,40.0
55,2020,1,7.139423847198486,0.49399563670158386,2.521440267562866,4.105621337890625,0.010241694748401642,0.001436161226592958,8,1,2.890371757896165,1,1,0.002709528290634796,0.6904376522693105,LH,0.002709528198465705,0.6904376745223999,0.3535533845424652,raw,audited,2.0
1097,1115,1,6.366366863250732,-1.1330461502075195,3.4268314838409424,4.066736698150635,-0.0022800276055932045,0.0002642317267600447,4,5,3.401197381662155,1,1,0.26394703539593084,0.42920014516401445,HH,0.2639470398426056,0.429200142621994,0.22360679507255554,raw,audited,9.0
513,565,1,4.546300888061523,1.0885100364685059,-0.7193391919136047,4.037498474121094,0.13150693476200104,0.022002700716257095,1,10,3.091042453358316,0,0,0.002709528290634796,-0.002709528290634796,HL,0.002709528198465705,-0.002709528198465705,0.0,raw,audited,17.0
1848,2419,1,1.942803978919983,-1.1964846849441528,-0.7193391919136047,3.8438334465026855,0.00666970806196332,0.0011566649191081524,4,3,2.995732273553991,0,0,0.18602303754564287,-0.18602303754564287,HL,0.1860230416059494,-0.1860230416059494,0.0,raw,audited,91.0
596,644,1,5.833303451538086,-1.1330461502075195,2.943176031112671,4.0445709228515625,-0.029522400349378586,0.003622240386903286,4,5,3.401197381662155,1,1,0.26394703539593084,0.42920014516401445,HH,0.2639470398426056,0.429200142621994,0.22360679507255554,raw,audited,11.0
506,1013,1,2.6314406394958496,1.8892107009887695,-0.7193391919136047,1.2355693578720093,0.21787503361701965,0.05363745614886284,3,29,4.787491742782046,0,0,0.10534341095846705,-0.10534341095846705,HL,0.10534340888261795,-0.10534340888261795,0.0,raw,audited,179.0
1110,1224,1,4.831418514251709,1.3605765104293823,-0.7193391919136047,4.005181312561035,0.17687511444091797,0.02824591100215912,3,20,4.430816798843313,0,0,0.34185746108770393,-0.34185746108770393,HL,0.3418574631214142,-0.3418574631214142,0.0,raw,audited,96.0
458,1953,1,6.813279151916504,-1.0142223834991455,3.5620059967041016,4.2570648193359375,0.0003058908332604915,3.4628108551260084e-05,5,2,2.8903717578961645,1,1,0.09507910900607243,0.5980680715538729,LH,0.09507910907268524,0.5980680584907532,0.3162277638912201,raw,audited,4.0
693,2108,1,-2.882728338241577,-1.1565622091293335,-0.7193391919136047,-1.0100672245025635,-0.004884487017989159,0.001689635100774467,3,1,2.0794415416798357,0,0,0.002679459971092827,-0.002679459971092827,LL,0.002679459983482957,-0.002679459983482957,0.0,raw,audited,195.0
1229,1254,1,8.51307201385498,1.3095659017562866,3.018867254257202,4.1292219161987305,0.0472930483520031,0.005560651421546936,11,1,3.1780538303479458,1,1,0.0006908748283487874,0.6924563057315964,HH,0.0006908748182468116,0.6924563050270081,0.30151134729385376,raw,audited,1.0
1158,2251,1,-0.013086884282529354,1.1748332977294922,-0.7193391919136047,-0.5303642749786377,0.05365851894021034,0.021652257069945335,6,0,1.9459101490553132,0,0,0.0009230486758283437,-0.0009230486758283437,LL,0.0009230487048625946,-0.0009230487048625946,0.0,raw,audited,49.00000000000001
2222,2225,1,6.684691429138184,-1.1964846849441528,3.5630717277526855,4.314318656921387,-0.004339074250310659,0.00047796560102142394,3,4,2.995732273553991,3,3,0.18602303754564287,1.2002713235742477,HH,0.1860230416059494,1.2002713680267334,0.866025447845459,raw,audited,1.0
303,1670,1,1.9106760025024414,-1.3522998094558716,-0.7193391919136047,3.970837354660034,0.0033529773354530334,0.0005545933963730931,2,2,2.1972245773362196,0,0,0.06396091467381823,-0.06396091467381823,LL,0.06396091729402542,-0.06396091729402542,0.0,raw,audited,84.0
380,477,1,6.888273239135742,-0.9211475849151611,3.5267560482025146,4.297708511352539,-0.02316877990961075,0.00264218938536942,1,1,1.3862943611198906,1,1,0.002483473901375505,0.6906637066585698,LH,0.0024834738578647375,0.6906636953353882,1.0,raw,audited,3.0
1757,2451,1,3.115234613418579,0.1680741012096405,-0.7193391919136047,3.582415819168091,0.07595889270305634,0.01670973189175129,2,9,3.401197381662156,0,0,0.12967205327110548,-0.12967205327110548,HL,0.12967205047607422,-0.12967205047607422,0.0,raw,audited,52.0
1255,2248,1,5.230963706970215,1.6586369276046753,-0.7193391919136047,4.101376533508301,0.1821647584438324,0.02734583429992199,1,13,3.332204510175204,0,0,-0.002865332104051953,0.002865332104051953,HH,-0.002865332178771496,0.002865332178771496,0.0,raw,audited,25.0
368,2393,1,2.437387466430664,-1.1565622091293335,-0.7193391919136047,4.310048580169678,-0.004884487017989159,0.0007889867993071675,3,1,2.0794415416798357,0,0,0.002679459971092827,-0.002679459971092827,LL,0.002679459983482957,-0.002679459983482957,0.0,raw,audited,20.0
388,1899,1,2.061246395111084,-1.2958875894546509,-0.7193391919136047,4.068387985229492,-3.959875903092325e-05,6.509041668323334e-06,2,3,2.4849066497880004,0,0,0.07427151148220186,-0.07427151148220186,LL,0.07427151501178741,-0.07427151501178741,0.0,raw,audited,65.0
89,1157,1,7.65933084487915,-0.2531281113624573,3.5438578128814697,4.330992698669434,0.029483715072274208,0.003614324377849698,9,3,3.6888794541139367,1,1,0.361807736196368,0.33133944436357726,HH,0.3618077337741852,0.33133944869041443,0.19245009124279022,raw,audited,7.0
1580,2200,1,6.441422462463379,-1.1696233749389648,3.495854616165161,4.122416973114014,-0.01535099744796753,0.001743788248859346,4,2,2.70805020110221,1,1,0.09507910900607243,0.5980680715538729,LH,0.09507910907268524,0.5980680584907532,0.3535533845424652,raw,audited,16.0
492,688,1,7.264593601226807,-0.6487200260162354,3.543797731399536,4.357818603515625,0.0035722514148801565,0.0004176162474323064,5,1,2.4849066497880004,1,1,0.003920084665472663,0.6892270958944726,LH,0.003920084796845913,0.6892271041870117,0.4472135901451111,raw,audited,9.0
335,1986,1,6.295654773712158,2.8267810344696045,-0.7193391919136047,3.879262924194336,0.3008250594139099,0.03893566504120827,1,55,4.718498871295095,0,0,-0.027598705190133088,0.027598705190133088,HH,-0.027598705142736435,0.027598705142736435,0.0,raw,audited,87.0
346,1358,1,9.951017379760742,2.9637725353240967,3.1147119998931885,3.7276785373687744,0.13673053681850433,0.01375158503651619,1,139,5.634789603169249,1,1,0.06430606827952172,0.6288411122804236,HH,0.06430606544017792,0.6288411021232605,0.08481889218091965,raw,audited,10.0
2034,2035,1,5.290101528167725,2.4234836101531982,-0.7193391919136047,3.3256046772003174,0.25222766399383545,0.037530217319726944,35,2,4.68213122712422,0,0,0.1278380797400702,-0.1278380797400702,HL,0.12783807516098022,-0.12783807516098022,0.0,raw,audited,98.00000000000001
1554,2687,1,2.273158550262451,-1.2960149049758911,-0.7193391919136047,4.285004138946533,-0.004616216290742159,0.0007321546436287463,2,1,1.791759469228055,0,0,0.0025667768776077267,-0.0025667768776077267,LL,0.0025667769368737936,-0.0025667769368737936,0.0,raw,audited,11.0
695,1681,1,6.674515724182129,-0.8052902817726135,3.164321184158325,4.30894660949707,-0.0015862477011978626,0.00019157248607371002,5,8,3.9889840465642745,3,3,0.4855470978437046,0.9007472632761859,HH,0.48554709553718567,0.9007472991943359,0.47434163093566895,raw,audited,7.0
1358,1709,1,8.024348258972168,2.845573663711548,1.0086458921432495,4.004873275756836,0.15713123977184296,0.019601652398705482,139,3,6.327936783729195,1,1,0.5962537633065377,0.09689341725340761,HH,0.5962537527084351,0.09689342975616455,0.048970211297273636,raw,audited,109.0
1889,1891,1,6.554241180419922,-0.7776404619216919,3.1177151203155518,4.222430229187012,-0.01638858951628208,0.0020147820468991995,6,2,3.044522437723423,2,2,0.09993231907971788,0.9986799695883919,HH,0.09993232041597366,0.9986799955368042,0.5773502588272095,raw,audited,15.0
1207,2290,1,6.694492340087891,-1.1696233749389648,3.558915138244629,4.307521343231201,-0.010445370338857174,0.001154630328528583,2,4,2.70805020110221,2,2,0.09507910900607243,1.0035331796620373,LH,0.09507910907268524,1.0035332441329956,0.7071067690849304,raw,audited,7.0
1705,2322,1,-4.051891326904297,0.7102168798446655,-0.7193391919136047,-4.060158729553223,0.009264739230275154,0.0016848106170073152,2,0,1.0986122886681098,0,0,0.001592483837966117,-0.001592483837966117,LL,0.0015924838371574879,-0.0015924838371574879,0.0,raw,audited,360.0
15,1271,1,6.707259654998779,-1.1964846849441528,3.562753677368164,4.337653636932373,-0.004787977784872055,0.0005260542966425419,3,4,2.995732273553991,3,3,0.18602303754564287,1.2002713235742477,HH,0.1860230416059494,1.2002713680267334,0.866025447845459,raw,audited,7.0
22,1234,1,6.537515640258789,-1.2596451044082642,3.4548041820526123,4.350939750671387,-0.01670776680111885,0.0018396375235170126,3,3,2.772588722239781,2,2,0.15981025222941134,0.9388020364386984,LH,0.15981024503707886,0.9388020634651184,0.6666666865348816,raw,audited,9.0
901,1279,1,6.5487799644470215,-1.1964846849441528,3.4844706058502197,4.266717910766602,-0.014048365876078606,0.0015675966860726476,4,3,2.995732273553991,2,2,0.18602303754564287,0.9125892511224669,HH,0.1860230416059494,0.9125892519950867,0.5773502588272095,raw,audited,11.0
1708,2313,1,-2.738274574279785,1.0787166357040405,-0.7193391919136047,-3.1504809856414795,0.04470430687069893,0.008952963165938854,5,0,1.791759469228055,0,0,0.0017051669314512175,-0.0017051669314512175,LL,0.0017051668837666512,-0.0017051668837666512,0.0,raw,audited,265.0
477,930,1,6.896483421325684,-0.9211475849151611,3.5267560482025146,4.3059186935424805,-0.02316877990961075,0.0026397178880870342,1,1,1.3862943611198906,1,1,0.002483473901375505,0.6906637066585698,LH,0.0024834738578647375,0.6906636953353882,1.0,raw,audited,1.0
334,693,1,6.255126476287842,-1.2958875894546509,3.513906717300415,4.0483198165893555,-0.019337262958288193,0.0021782447583973408,2,3,2.4849066497880004,1,1,0.07427151148220186,0.6188756690777434,LH,0.07427151501178741,0.6188756823539734,0.40824827551841736,raw,audited,31.0
1358,1740,1,8.053247451782227,1.8618420362472534,2.1122822761535645,3.976659059524536,0.0943395346403122,0.011726301163434982,139,12,7.50659178007084,2,2,1.720593176226104,-0.6219808875579942,HL,1.7205932140350342,-0.6219809055328369,0.048970211297273636,raw,audited,118.0
174,1742,1,3.9455695152282715,0.38056308031082153,-0.7193391919136047,4.17376708984375,0.10245362669229507,0.01905715838074684,3,12,3.951243718581427,0,0,0.32077300936225667,-0.32077300936225667,HL,0.32077300548553467,-0.32077300548553467,0.0,raw,audited,47.0
1739,1750,1,4.196722507476807,-1.0262408256530762,1.1280897855758667,4.125477313995361,-0.03872857615351677,0.006129358429461718,6,4,3.5553480614894135,2,2,0.3678477635670827,0.7307645251010271,HH,0.3678477704524994,0.7307645082473755,0.40824827551841736,raw,audited,20.0
1,2,1,-0.39693233370780945,-1.1696233749389648,-0.7193391919136047,1.4825949668884277,0.0013104357058182359,0.00038852269062772393,2,4,2.70805020110221,0,0,0.09507910900607243,-0.09507910900607243,LL,0.09507910907268524,-0.09507910907268524,0.0,raw,audited,116.0
97,661,1,9.328489303588867,1.4955440759658813,3.5460665225982666,4.207024097442627,0.07173103094100952,0.007696161046624184,1,12,3.258096538021482,1,1,0.00010257655063265483,0.6930446040093127,HH,0.00010257655230816454,0.6930446028709412,0.28867512941360474,raw,audited,2.0
1358,1751,1,5.97224760055542,2.9637725353240967,-0.7193391919136047,3.3967337608337402,0.3229553699493408,0.04362610727548599,139,1,5.634789603169249,0,0,0.06430606827952172,-0.06430606827952172,HL,0.06430606544017792,-0.06430606544017792,0.0,raw,audited,154.0
229,1053,1,1.388414740562439,0.9311632513999939,-0.7193391919136047,1.1398144960403442,0.028651447966694832,0.010163805447518826,0,1,0.6931471805599453,0,0,0.0025667768776077267,-0.0025667768776077267,LL,0.0025667769368737936,-0.0025667769368737936,0.0,raw,audited,32.0
2227,2228,1,0.4849068224430084,-1.2596451044082642,-0.7193391919136047,2.4491090774536133,0.006657330319285393,0.0015011735958978534,3,3,2.772588722239781,0,0,0.15981025222941134,-0.15981025222941134,LL,0.15981024503707886,-0.15981024503707886,0.0,raw,audited,128.0
1842,2281,1,7.819161415100098,0.1680741012096405,3.538485527038574,4.064699649810791,0.0397774837911129,0.0050924718379974365,9,2,3.401197381662156,1,1,0.12967205327110548,0.5634751272888399,HH,0.12967205047607422,0.5634751319885254,0.2357022762298584,raw,audited,3.0
838,2280,1,5.888723373413086,-1.1964846849441528,2.9679529666900635,4.1373186111450195,-0.028188463300466537,0.003383991774171591,4,3,2.995732273553991,2,2,0.18602303754564287,0.9125892511224669,HH,0.1860230416059494,0.9125892519950867,0.5773502588272095,raw,audited,8.0
831,1733,1,2.852865695953369,-0.7776404619216919,0.7521165013313293,2.909553050994873,-0.03928835690021515,0.008772466331720352,6,2,3.044522437723423,1,1,0.09993231907971788,0.5932148614802274,HH,0.09993232041597366,0.5932148694992065,0.28867512941360474,raw,audited,76.0
702,822,1,-2.9557952880859375,1.3082263469696045,-0.7193391919136047,-3.6189920902252197,0.06618472188711166,0.011585455387830734,8,0,2.1972245773362196,0,0,0.0022128532902202114,-0.0022128532902202114,LL,0.002212853403761983,-0.002212853403761983,0.0,raw,audited,137.0
44,2624,1,6.567812919616699,-1.2960149049758911,3.5626461505889893,4.310288429260254,-0.017231585457921028,0.001875816029496491,2,1,1.791759469228055,1,1,0.0025667768776077267,0.6905804036823375,LH,0.0025667769368737936,0.690580427646637,0.7071067690849304,raw,audited,1.0
1229,1384,1,5.649393558502197,1.3095659017562866,0.7521165013313293,3.5223939418792725,0.05719241872429848,0.010138219222426414,11,1,3.1780538303479458,1,1,0.0006908748283487874,0.6924563057315964,HH,0.0006908748182468116,0.6924563050270081,0.30151134729385376,raw,audited,24.0
414,711,1,-3.5154778957366943,1.3082263469696045,-0.7193391919136047,-4.178674697875977,0.06618472188711166,0.0105516966432333,0,8,2.1972245773362196,0,0,0.0022128532902202114,-0.0022128532902202114,LL,0.002212853403761983,-0.002212853403761983,0.0,raw,audited,213.0
524,2476,1,2.536195755004883,-1.1330461502075195,0.9730557203292847,2.7323241233825684,-0.04426296800374985,0.009065285325050354,4,5,3.401197381662155,1,1,0.26394703539593084,0.42920014516401445,HH,0.2639470398426056,0.429200142621994,0.22360679507255554,raw,audited,68.0
1040,1358,1,8.218667984008789,2.845573663711548,1.204148530960083,4.011868000030518,0.14895330369472504,0.01814171113073826,3,139,6.327936783729195,2,2,0.5962537633065377,0.5023585253615721,HH,0.5962537527084351,0.5023585557937622,0.09794042259454727,raw,audited,100.0
1546,2169,1,2.2787325382232666,-1.1964846849441528,-0.7193391919136047,4.17976188659668,0.00666970806196332,0.0010929906275123358,4,3,2.995732273553991,0,0,0.18602303754564287,-0.18602303754564287,HL,0.1860230416059494,-0.1860230416059494,0.0,raw,audited,141.0
844,1902,1,2.713040351867676,-0.7776404619216919,-0.7193391919136047,4.188663005828857,0.013232137076556683,0.002321885898709297,2,6,3.044522437723423,0,0,0.09993231907971788,-0.09993231907971788,HL,0.09993232041597366,-0.09993232041597366,0.0,raw,audited,29.0
229,2118,1,-1.0402499437332153,0.7102168798446655,-0.7193391919136047,-1.0485169887542725,0.009264739230275154,0.003724761074408889,0,2,1.0986122886681098,0,0,0.001592483837966117,-0.001592483837966117,LL,0.0015924838371574879,-0.0015924838371574879,0.0,raw,audited,98.99999999999999
1202,2376,1,6.729690074920654,-1.1330461502075195,3.5450689792633057,4.310318470001221,-0.0007762964814901352,8.635869744466618e-05,4,5,3.401197381662155,1,1,0.26394703539593084,0.42920014516401445,HH,0.2639470398426056,0.429200142621994,0.22360679507255554,raw,audited,4.0
8,1996,1,2.6426706314086914,-0.9080660343170166,-0.7193391919136047,4.265006065368652,-0.0030551189556717873,0.0005182150052860379,1,4,2.3025850929940455,0,0,0.002536581283496064,-0.002536581283496064,LL,0.002536581363528967,-0.002536581363528967,0.0,raw,audited,28.0
90,1358,1,5.935260772705078,2.9335386753082275,3.5553863048553467,-0.6788087487220764,0.1170196682214737,0.016063641756772995,2,139,6.040254711277414,1,1,0.3024114743739735,0.3907357061859718,HH,0.3024114668369293,0.3907357156276703,0.059976015239953995,raw,audited,159.0
598,1821,1,7.373768329620361,1.3929754495620728,1.84589684009552,4.06114387512207,0.0656270906329155,0.008909892290830612,26,4,4.90527477843843,1,1,0.5121098978044188,0.18103728275552644,HH,0.5121098756790161,0.1810373067855835,0.0980580672621727,raw,audited,17.0
1951,2204,1,6.315591335296631,-1.3522998094558716,3.5034031867980957,4.184223175048828,-0.02786014787852764,0.0030724310781806707,2,2,2.1972245773362196,1,1,0.06396091467381823,0.629186265886127,LH,0.06396091729402542,0.6291862726211548,0.5,raw,audited,9.0
1444,2323,1,-4.386488437652588,-1.1565622091293335,-0.7193391919136047,-2.513827323913574,-0.004884487017989159,0.0011114714434370399,3,1,2.0794415416798357,0,0,0.002679459971092827,-0.002679459971092827,LL,0.002679459983482957,-0.002679459983482957,0.0,raw,audited,382.0
885,2386,1,-5.6728596687316895,-1.0142223834991455,-0.7193391919136047,-3.952683448791504,0.005260641686618328,0.0009242970263585448,5,2,2.8903717578961645,0,0,0.09507910900607243,-0.09507910900607243,LL,0.09507910907268524,-0.09507910907268524,0.0,raw,audited,360.0
577,906,1,7.4430012702941895,-0.4444933235645294,3.526254653930664,4.335107803344727,0.01800733059644699,0.002163338242098689,7,2,3.1780538303479453,1,1,0.09682951278185134,0.5963176677780939,HH,0.09682951122522354,0.5963176488876343,0.26726123690605164,raw,audited,1.0
203,857,1,6.606622695922852,-1.1964846849441528,3.5033087730407715,4.299756050109863,-0.00808230135589838,0.0008972725481726229,3,4,2.995732273553991,1,1,0.18602303754564287,0.5071241430143024,HH,0.1860230416059494,0.507124125957489,0.28867512941360474,raw,audited,3.0
1340,1413,1,9.04265308380127,1.077337384223938,3.5229580402374268,4.364628791809082,0.06960520148277283,0.007704353425651789,3,17,4.276666119016055,2,2,0.3753222375214932,0.7232900511466166,HH,0.37532222270965576,0.7232900857925415,0.28005602955818176,raw,audited,1.0
1589,1745,1,1.7661627531051636,-0.6487200260162354,-0.7193391919136047,3.1227383613586426,0.0033588281366974115,0.0007473767618648708,1,5,2.4849066497880004,0,0,0.003920084665472663,-0.003920084665472663,LL,0.003920084796845913,-0.003920084796845913,0.0,raw,audited,55.0
487,1705,1,6.526817798614502,-0.12844550609588623,2.421572208404541,4.233872413635254,-0.00830607209354639,0.001222884631715715,8,2,3.295836866004329,1,1,0.12967205327110548,0.5634751272888399,HH,0.12967205047607422,0.5634751319885254,0.25,raw,audited,19.0
893,911,1,6.763639450073242,-1.1052969694137573,3.52522349357605,4.339024543762207,-0.0034367742482572794,0.00038301359745673835,5,3,3.1780538303479453,1,1,0.22552334649902314,0.4676238340609221,HH,0.22552335262298584,0.46762382984161377,0.25819888710975647,raw,audited,6.0
628,1764,1,1.9871519804000854,-1.1565622091293335,-0.7193391919136047,3.8598132133483887,-0.004884487017989159,0.0008508670143783092,3,1,2.0794415416798357,0,0,0.002679459971092827,-0.002679459971092827,LL,0.002679459983482957,-0.002679459983482957,0.0,raw,audited,153.0
264,1902,1,2.556959867477417,-0.9425831437110901,-0.7193391919136047,4.195190906524658,0.015566570684313774,0.00265067582949996,3,6,3.332204510175204,0,0,0.295747045488935,-0.295747045488935,HL,0.2957470417022705,-0.2957470417022705,0.0,raw,audited,40.0
229,1405,1,0.7661260962486267,0.7768762111663818,-0.7193391919136047,0.6830195784568787,0.017444748431444168,0.007941416464745998,0,3,1.3862943611198906,0,0,0.0017051669314512175,-0.0017051669314512175,LL,0.0017051668837666512,-0.0017051668837666512,0.0,raw,audited,49.00000000000001
733,2304,1,4.415520191192627,2.1138691902160645,-0.7193391919136047,2.784383773803711,0.22848118841648102,0.0390828475356102,25,2,4.356708826689592,0,0,0.21403955770147523,-0.21403955770147523,HL,0.21403956413269043,-0.21403956413269043,0.0,raw,audited,83.0
795,1645,1,-5.19093656539917,-1.1565622091293335,-0.7193391919136047,-3.318275213241577,-0.004884487017989159,0.0009394939988851547,1,3,2.0794415416798357,0,0,0.002679459971092827,-0.002679459971092827,LL,0.002679459983482957,-0.002679459983482957,0.0,raw,audited,347.0
505,1258,1,4.021376609802246,0.8184369206428528,-0.7193391919136047,3.805356979370117,0.10879690200090408,0.019955666735768318,9,1,2.9957322735539913,0,0,0.002709528290634796,-0.002709528290634796,HL,0.002709528198465705,-0.002709528198465705,0.0,raw,audited,9.0
63,1322,1,3.860883951187134,0.9311632513999939,-0.7193391919136047,3.612283706665039,0.028651447966694832,0.005414681509137154,0,1,0.6931471805599453,0,0,0.0025667768776077267,-0.0025667768776077267,LL,0.0025667769368737936,-0.0025667769368737936,0.0,raw,audited,8.0
1430,1718,1,-3.8914284706115723,-1.1565622091293335,-0.7193391919136047,-2.0187673568725586,-0.004884487017989159,0.0012525760103017092,1,3,2.0794415416798357,0,0,0.002679459971092827,-0.002679459971092827,LL,0.002679459983482957,-0.002679459983482957,0.0,raw,audited,305.0
1750,1765,1,5.481451988220215,0.3313347101211548,1.0020636320114136,4.122723579406738,0.01720503717660904,0.003143433015793562,4,14,4.31748811353631,2,2,0.4564122585269044,0.6422000301412054,HH,0.45641225576400757,0.6422000527381897,0.26726123690605164,raw,audited,38.0
779,1919,1,5.92453145980835,-1.142774224281311,2.9255881309509277,4.160032749176025,-0.02644035406410694,0.0032030139118433,5,5,3.58351893845611,2,2,0.3664462099481818,0.732166078719928,HH,0.36644619703292847,0.7321661114692688,0.4000000059604645,raw,audited,33.0
986,2697,1,6.8791680335998535,3.2033233642578125,-0.7193391919136047,4.067573070526123,0.3194855749607086,0.03844720870256424,0,0,0.0,0,0,0.002483473901375505,-0.002483473901375505,LL,0.0024834738578647375,-0.0024834738578647375,0.0,raw,audited,1.0
576,1810,1,2.6094119548797607,1.8693116903305054,-0.7193391919136047,1.232155203819275,0.2191593497991562,0.05424783006310463,4,38,5.272999558563747,0,0,0.31852856519640793,-0.31852856519640793,HL,0.31852856278419495,-0.31852856278419495,0.0,raw,audited,88.0
274,749,1,1.385553240776062,-1.2960149049758911,-0.7193391919136047,3.3973989486694336,-0.004616216290742159,0.0008521139970980585,1,2,1.791759469228055,0,0,0.0025667768776077267,-0.0025667768776077267,LL,0.0025667769368737936,-0.0025667769368737936,0.0,raw,audited,114.0
1224,1587,1,9.595686912536621,2.2976574897766113,3.310926675796509,3.8856406211853027,0.09333831071853638,0.009735353291034698,20,1,3.7376696182833684,1,1,0.0013809592565058647,0.6917662213034395,HH,0.0013809592928737402,0.6917662024497986,0.22360679507255554,raw,audited,1.0
610,2481,1,2.789553165435791,-0.6487200260162354,-0.7193391919136047,4.1461286544799805,0.0033588281366974115,0.0006087539368309081,5,1,2.4849066497880004,0,0,0.003920084665472663,-0.003920084665472663,LL,0.003920084796845913,-0.003920084796845913,0.0,raw,audited,9.0
1903,2269,1,2.450157403945923,-0.9378221035003662,-0.7193391919136047,4.076991558074951,0.022202221676707268,0.003856993280351162,7,5,3.8712010109078907,0,0,0.530128441809577,-0.530128441809577,HL,0.5301284193992615,-0.5301284193992615,0.0,raw,audited,23.0
1358,1741,1,-0.061238888651132584,2.9335386753082275,-0.7193391919136047,-2.59480619430542,0.3112429976463318,0.04745334014296532,139,2,6.040254711277414,0,0,0.3024114743739735,-0.3024114743739735,HL,0.3024114668369293,-0.3024114668369293,0.0,raw,audited,256.0
336,1950,1,9.349664688110352,1.6586369276046753,3.452209711074829,4.157320022583008,0.07337386906147003,0.007854579016566277,1,13,3.332204510175204,1,1,-0.002865332104051953,0.6960125126639972,HH,-0.002865332178771496,0.6960124969482422,0.2773500978946686,raw,audited,3.0
146,897,1,6.478884220123291,-0.9425831437110901,3.2491161823272705,4.16410493850708,0.00012089528900105506,1.4468210792983882e-05,3,6,3.332204510175204,1,1,0.295747045488935,0.3974001350710103,HH,0.2957470417022705,0.3974001407623291,0.2357022762298584,raw,audited,1.0
154,364,1,5.222300052642822,-0.8093281388282776,1.895844578742981,4.140581130981445,-0.012922141700983047,0.0018840577686205506,10,9,4.700480365792417,1,1,1.148705496723915,-0.4555583161639697,HL,1.1487054824829102,-0.45555830001831055,0.10540925711393356,raw,audited,13.0
1042,2198,1,4.360494136810303,0.7018234729766846,-0.7193391919136047,4.239977836608887,0.1299070566892624,0.022432392463088036,17,4,4.499809670330265,0,0,0.4681938869129151,-0.4681938869129151,HL,0.4681938886642456,-0.4681938886642456,0.0,raw,audited,66.0
167,168,1,6.4791693687438965,-1.3522998094558716,3.563232660293579,4.279023170471191,-0.018911466002464294,0.002052589552477002,2,2,2.1972245773362196,1,1,0.06396091467381823,0.629186265886127,LH,0.06396091729402542,0.6291862726211548,0.5,raw,audited,2.0
1566,2071,1,1.5936459302902222,-0.8649494051933289,-0.7193391919136047,3.145667314529419,0.02414252981543541,0.005078256130218506,4,7,3.688879454113936,0,0,0.4092811700187469,-0.4092811700187469,HL,0.4092811644077301,-0.4092811644077301,0.0,raw,audited,110.0
603,795,1,2.7974302768707275,-0.3114834427833557,-0.7193391919136047,3.799345016479492,0.020783303305506706,0.004284376744180918,6,1,2.6390573296152584,0,0,0.006401163194461921,-0.006401163194461921,LL,0.006401163060218096,-0.006401163060218096,0.0,raw,audited,80.0
55,210,1,2.4585461616516113,-0.9135129451751709,-0.7193391919136047,4.0564398765563965,0.02683357708156109,0.004694364499300718,8,7,4.276666119016055,0,0,0.7439778312008087,-0.7439778312008087,HL,0.7439778447151184,-0.7439778447151184,0.0,raw,audited,84.0
1229,2439,1,7.728494167327881,0.19170373678207397,3.401228427886963,4.089103698730469,0.038333576172590256,0.0049652517773211,11,3,3.8712010109078907,1,1,0.2930939733738713,0.400053207186074,HH,0.2930939793586731,0.4000532031059265,0.17407765984535217,raw,audited,8.0
963,2434,1,8.53564453125,0.5905923843383789,3.536715030670166,4.34163761138916,0.05857563391327858,0.0068690115585923195,16,4,4.442651256490317,3,3,0.45656483740368703,0.9297295237162035,HH,0.45656484365463257,0.9297295212745667,0.375,raw,audited,18.0
170,1358,1,6.219579219818115,2.9637725353240967,-0.7193391919136047,3.6440653800964355,0.3229553699493408,0.04221566021442413,1,139,5.634789603169249,0,0,0.06430606827952172,-0.06430606827952172,HL,0.06430606544017792,-0.06430606544017792,0.0,raw,audited,150.0
