probe,probe_seed,pair_id,target,prediction
z_cn_to_degree,0,test-0,4.6443908991413725,3.516249656677246
z_cn_to_degree,0,test-1,3.9889840465642745,3.228334903717041
z_cn_to_degree,0,test-2,4.584967478670571,3.98944091796875
z_cn_to_degree,0,test-3,3.1780538303479453,3.228334903717041
z_cn_to_degree,0,test-4,4.77912349311153,4.698870658874512
z_cn_to_degree,0,test-5,3.8066624897703196,3.228334903717041
z_cn_to_degree,0,test-6,5.966146739123692,5.0101799964904785
z_cn_to_degree,0,test-7,3.6635616461296463,3.228334903717041
z_cn_to_degree,0,test-8,3.044522437723423,3.228334903717041
z_cn_to_degree,0,test-9,3.6888794541139367,3.228334903717041
z_cn_to_degree,0,test-10,3.401197381662155,3.9372856616973877
z_cn_to_degree,0,test-11,3.9120230054281464,4.346144676208496
z_cn_to_degree,0,test-12,0.6931471805599453,3.228334903717041
z_cn_to_degree,0,test-13,4.74493212836325,3.049376964569092
z_cn_to_degree,0,test-14,4.0943445622221,3.228334903717041
z_cn_to_degree,0,test-15,1.791759469228055,3.7730820178985596
z_cn_to_degree,0,test-16,4.394449154672439,4.090936660766602
z_cn_to_degree,0,test-17,4.718498871295095,3.228334903717041
z_cn_to_degree,0,test-18,0.6931471805599453,3.228334903717041
z_cn_to_degree,0,test-19,3.044522437723423,3.228334903717041
z_cn_to_degree,0,test-20,3.1780538303479458,3.228334903717041
z_cn_to_degree,0,test-21,3.465735902799726,4.001360893249512
z_cn_to_degree,0,test-22,3.401197381662155,3.228334903717041
z_cn_to_degree,0,test-23,1.0986122886681098,3.228334903717041
z_cn_to_degree,0,test-24,3.5553480614894135,3.0642096996307373
z_cn_to_degree,0,test-25,4.189654742026425,3.228334903717041
z_cn_to_degree,0,test-26,2.3025850929940455,3.356447458267212
z_cn_to_degree,0,test-27,3.465735902799726,4.105648040771484
z_cn_to_degree,0,test-28,2.8903717578961645,4.029163837432861
z_cn_to_degree,0,test-29,3.688879454113936,4.321290493011475
z_cn_to_degree,0,test-30,4.882801922586371,3.4213156700134277
z_cn_to_degree,0,test-31,4.553876891600541,3.438652753829956
z_cn_to_degree,0,test-32,3.58351893845611,3.228334903717041
z_cn_to_degree,0,test-33,3.58351893845611,3.967085123062134
z_cn_to_degree,0,test-34,3.1780538303479453,3.228334903717041
z_cn_to_degree,0,test-35,2.772588722239781,3.228334903717041
z_cn_to_degree,0,test-36,1.3862943611198906,3.228334903717041
z_cn_to_degree,0,test-37,2.3025850929940455,3.228334903717041
z_cn_to_degree,0,test-38,3.9889840465642745,3.228334903717041
z_cn_to_degree,0,test-39,1.791759469228055,3.228334903717041
z_cn_to_degree,0,test-40,3.951243718581427,4.137699127197266
z_cn_to_degree,0,test-41,3.6888794541139367,3.689777374267578
z_cn_to_degree,0,test-42,6.040254711277414,4.951427459716797
z_cn_to_degree,0,test-43,2.4849066497880004,3.228334903717041
z_cn_to_degree,0,test-44,3.1780538303479453,4.25361442565918
z_cn_to_degree,0,test-45,0.6931471805599453,3.228334903717041
z_cn_to_degree,0,test-46,4.941642422609304,4.090936660766602
z_cn_to_degree,0,test-47,0.0,3.228334903717041
z_cn_to_degree,0,test-48,2.8903717578961645,3.9436843395233154
z_cn_to_degree,0,test-49,6.040254711277414,4.102989673614502
z_cn_to_degree,0,test-50,3.332204510175204,3.7976365089416504
z_cn_to_degree,0,test-51,2.995732273553991,3.5720834732055664
z_cn_to_degree,0,test-52,6.327936783729195,3.228334903717041
z_cn_to_degree,0,test-53,2.8903717578961645,3.228334903717041
z_cn_to_degree,0,test-54,2.6390573296152584,3.228334903717041
z_cn_to_degree,0,test-55,4.927253685157204,3.228334903717041
z_cn_to_degree,0,test-56,2.70805020110221,3.228334903717041
z_cn_to_degree,0,test-57,5.272999558563747,4.419077396392822
z_cn_to_degree,0,test-58,3.9889840465642745,3.228334903717041
z_cn_to_degree,0,test-59,2.0794415416798357,3.2097866535186768
z_cn_to_degree,0,test-60,4.7535901911063645,3.228334903717041
z_cn_to_degree,0,test-61,2.1972245773362196,3.228334903717041
z_cn_to_degree,0,test-62,2.3978952727983707,3.228334903717041
z_cn_to_degree,0,test-63,1.3862943611198906,3.228334903717041
z_cn_to_degree,0,test-64,3.58351893845611,3.228334903717041
z_cn_to_degree,0,test-65,2.8903717578961645,3.848318576812744
z_cn_to_degree,0,test-66,2.4849066497880004,3.228334903717041
z_cn_to_degree,0,test-67,2.4849066497880004,3.228334903717041
z_cn_to_degree,0,test-68,4.90527477843843,3.228334903717041
z_cn_to_degree,0,test-69,3.2188758248682006,3.6327381134033203
z_cn_to_degree,0,test-70,2.995732273553991,3.9068453311920166
z_cn_to_degree,0,test-71,4.0943445622221,3.7976365089416504
z_cn_to_degree,0,test-72,1.791759469228055,3.228334903717041
z_cn_to_degree,0,test-73,3.951243718581427,3.228334903717041
z_cn_to_degree,0,test-74,2.70805020110221,3.228334903717041
z_cn_to_degree,0,test-75,3.044522437723423,3.8859665393829346
z_cn_to_degree,0,test-76,1.0986122886681098,3.228334903717041
z_cn_to_degree,0,test-77,3.044522437723423,3.712998151779175
z_cn_to_degree,0,test-78,1.3862943611198906,3.228334903717041
z_cn_to_degree,0,test-79,1.791759469228055,3.228334903717041
z_cn_to_degree,0,test-80,3.688879454113936,4.001434326171875
z_cn_to_degree,0,test-81,3.58351893845611,3.5995776653289795
z_cn_to_degree,0,test-82,3.465735902799726,3.9254138469696045
z_cn_to_degree,0,test-83,4.025351690735149,3.228334903717041
z_cn_to_degree,0,test-84,4.718498871295094,3.228334903717041
z_cn_to_degree,0,test-85,3.9889840465642745,3.228334903717041
z_cn_to_degree,0,test-86,3.332204510175204,3.7470126152038574
z_cn_to_degree,0,test-87,2.70805020110221,3.228334903717041
z_cn_to_degree,0,test-88,2.6390573296152584,3.228334903717041
z_cn_to_degree,0,test-89,3.332204510175204,3.228334903717041
z_cn_to_degree,0,test-90,2.4849066497880004,3.228334903717041
z_cn_to_degree,0,test-91,2.0794415416798357,3.228334903717041
z_cn_to_degree,0,test-92,3.1780538303479453,3.696286678314209
z_cn_to_degree,0,test-93,5.272999558563747,3.9048328399658203
z_cn_to_degree,0,test-94,2.4849066497880004,3.228334903717041
z_cn_to_degree,0,test-95,3.401197381662156,5.282887935638428
z_cn_to_degree,0,test-96,7.50659178007084,3.94303035736084
z_cn_to_degree,0,test-97,4.465908118654584,3.228334903717041
z_cn_to_degree,0,test-98,2.3025850929940455,3.228334903717041
z_cn_to_degree,0,test-99,2.70805020110221,3.228334903717041
z_cn_to_degree,0,test-100,3.58351893845611,3.228334903717041
z_cn_to_degree,0,test-101,2.70805020110221,3.5205090045928955
z_cn_to_degree,0,test-102,4.02535169073515,3.228334903717041
z_cn_to_degree,0,test-103,2.772588722239781,3.228334903717041
z_cn_to_degree,0,test-104,2.1972245773362196,3.7503442764282227
z_cn_to_degree,0,test-105,1.0986122886681098,3.228334903717041
z_cn_to_degree,0,test-106,3.5263605246161616,3.193317174911499
z_cn_to_degree,0,test-107,0.6931471805599453,3.228334903717041
z_cn_to_degree,0,test-108,6.327936783729195,3.504739284515381
z_cn_to_degree,0,test-109,3.58351893845611,3.297498941421509
z_cn_to_degree,0,test-110,2.0794415416798357,3.228334903717041
z_cn_to_degree,0,test-111,2.8903717578961645,3.228334903717041
z_cn_to_degree,0,test-112,5.0106352940962555,3.217480182647705
z_cn_to_degree,0,test-113,3.688879454113936,3.228334903717041
z_cn_to_degree,0,test-114,1.3862943611198906,3.228334903717041
z_cn_to_degree,0,test-115,1.3862943611198906,2.9384524822235107
z_cn_to_degree,0,test-116,7.3395376954076745,6.839457035064697
z_cn_to_degree,0,test-117,4.304065093204169,3.7352688312530518
z_cn_to_degree,0,test-118,3.2188758248682006,3.228334903717041
z_cn_to_degree,0,test-119,6.733401891837358,3.6849582195281982
z_cn_to_degree,0,test-120,2.4849066497880004,3.669111967086792
z_cn_to_degree,0,test-121,2.995732273553991,3.9184718132019043
z_cn_to_degree,0,test-122,3.58351893845611,4.129364490509033
z_cn_to_degree,0,test-123,1.791759469228055,3.6696479320526123
z_cn_to_degree,0,test-124,2.6390573296152584,3.228334903717041
z_cn_to_degree,0,test-125,2.1972245773362196,3.228334903717041
z_cn_to_degree,0,test-126,2.4849066497880004,5.800122261047363
z_cn_to_degree,0,test-127,1.791759469228055,3.228334903717041
z_cn_to_degree,0,test-128,3.6635616461296463,3.228334903717041
z_cn_to_degree,0,test-129,2.5649493574615367,3.228334903717041
z_cn_to_degree,0,test-130,2.995732273553991,4.353723049163818
z_cn_to_degree,0,test-131,3.044522437723423,3.230818748474121
z_cn_to_degree,0,test-132,3.688879454113936,3.228334903717041
z_cn_to_degree,0,test-133,5.560681631015528,3.228334903717041
z_cn_to_degree,0,test-134,2.1972245773362196,3.228334903717041
z_cn_to_degree,0,test-135,2.772588722239781,3.5641510486602783
z_cn_to_degree,0,test-136,3.688879454113936,4.0855536460876465
z_cn_to_degree,0,test-137,2.1972245773362196,3.228334903717041
z_cn_to_degree,0,test-138,4.31748811353631,3.228334903717041
z_cn_to_degree,0,test-139,1.791759469228055,3.228334903717041
z_cn_to_degree,0,test-140,3.332204510175204,3.228334903717041
z_cn_to_degree,0,test-141,4.276666119016055,4.380801200866699
z_cn_to_degree,0,test-142,2.70805020110221,3.228334903717041
z_cn_to_degree,0,test-143,2.0794415416798357,3.228334903717041
z_cn_to_degree,0,test-144,2.772588722239781,3.228334903717041
z_cn_to_degree,0,test-145,4.882801922586371,3.228334903717041
z_cn_to_degree,0,test-146,3.465735902799726,4.21425199508667
z_cn_to_degree,0,test-147,3.332204510175204,3.228334903717041
z_cn_to_degree,0,test-148,6.327936783729195,4.175189018249512
z_cn_to_degree,0,test-149,3.2188758248682006,3.228334903717041
z_cn_to_degree,0,test-150,3.931825632724326,3.228334903717041
z_cn_to_degree,0,test-151,3.295836866004329,3.372361660003662
z_cn_to_degree,0,test-152,3.4011973816621555,3.228334903717041
z_cn_to_degree,0,test-153,4.0943445622221,3.6840462684631348
z_cn_to_degree,0,test-154,2.0794415416798357,3.5588316917419434
z_cn_to_degree,0,test-155,2.3025850929940455,3.228334903717041
z_cn_to_degree,0,test-156,5.4116460518550396,5.014932155609131
z_cn_to_degree,0,test-157,4.564348191467836,3.228334903717041
z_cn_to_degree,0,test-158,0.0,3.228334903717041
z_cn_to_degree,0,test-159,2.70805020110221,3.8953819274902344
z_cn_to_degree,0,test-160,2.9444389791664403,3.228334903717041
z_cn_to_degree,0,test-161,1.3862943611198906,3.228334903717041
z_cn_to_degree,0,test-162,2.8903717578961645,3.30911922454834
z_cn_to_degree,0,test-163,1.791759469228055,3.228334903717041
z_cn_to_degree,0,test-164,5.560681631015528,3.937624454498291
z_cn_to_degree,0,test-165,1.0986122886681098,3.228334903717041
z_cn_to_degree,0,test-166,3.5553480614894135,3.228334903717041
z_cn_to_degree,0,test-167,4.499809670330265,3.228334903717041
z_cn_to_degree,0,test-168,3.5553480614894135,3.998622417449951
z_cn_to_degree,0,test-169,1.791759469228055,3.228334903717041
z_cn_to_degree,0,test-170,2.0794415416798357,3.228334903717041
z_cn_to_degree,0,test-171,5.288267030694535,3.6924893856048584
z_cn_to_degree,0,test-172,1.3862943611198906,3.228334903717041
z_cn_to_degree,0,test-173,2.4849066497880004,3.228334903717041
z_cn_to_degree,0,test-174,3.9120230054281464,3.8344945907592773
z_cn_to_degree,0,test-175,4.499809670330265,4.321664810180664
z_cn_to_degree,0,test-176,4.867534450455582,3.228334903717041
z_cn_to_degree,0,test-177,4.718498871295095,3.228334903717041
z_cn_to_degree,0,test-178,3.465735902799726,3.228334903717041
z_cn_to_degree,0,test-179,1.3862943611198906,3.228334903717041
z_cn_to_degree,0,test-180,3.58351893845611,3.228334903717041
z_cn_to_degree,0,test-181,3.58351893845611,3.228334903717041
z_cn_to_degree,0,test-182,3.465735902799726,3.228334903717041
z_cn_to_degree,0,test-183,0.0,3.228334903717041
z_cn_to_degree,0,test-184,7.24422751560335,4.4539031982421875
z_cn_to_degree,0,test-185,3.332204510175204,3.228334903717041
z_cn_to_degree,0,test-186,3.401197381662155,3.8307814598083496
z_cn_to_degree,0,test-187,3.332204510175204,3.228334903717041
z_cn_to_degree,0,test-188,2.4849066497880004,3.228334903717041
z_cn_to_degree,0,test-189,2.1972245773362196,3.228334903717041
z_cn_to_degree,0,test-190,2.70805020110221,3.7503442764282227
z_cn_to_degree,0,test-191,2.0794415416798357,3.228334903717041
z_cn_to_degree,0,test-192,3.044522437723423,3.0809478759765625
z_cn_to_degree,0,test-193,2.995732273553991,3.228334903717041
z_cn_to_degree,0,test-194,3.58351893845611,3.228334903717041
z_cn_to_degree,0,test-195,4.90527477843843,4.090936660766602
z_cn_to_degree,0,test-196,4.5217885770490405,3.228334903717041
z_cn_to_degree,0,test-197,2.4849066497880004,3.228334903717041
z_cn_to_degree,0,test-198,4.709530201312334,3.228334903717041
z_cn_to_degree,0,test-199,1.0986122886681098,3.228334903717041
z_cn_to_degree,0,test-200,1.0986122886681098,3.228334903717041
z_cn_to_degree,0,test-201,1.0986122886681098,3.228334903717041
z_cn_to_degree,0,test-202,3.044522437723423,3.228334903717041
z_cn_to_degree,0,test-203,2.4849066497880004,3.228334903717041
z_cn_to_degree,0,test-204,2.6390573296152584,3.642333507537842
z_cn_to_degree,0,test-205,2.1972245773362196,3.228334903717041
z_cn_to_degree,0,test-206,3.58351893845611,3.228334903717041
z_cn_to_degree,0,test-207,4.2484952420493585,3.4930551052093506
z_cn_to_degree,0,test-208,4.0943445622221,3.228334903717041
z_cn_to_degree,0,test-209,4.836281906951478,4.158071994781494
z_cn_to_degree,0,test-210,4.976733742420574,4.090936660766602
z_cn_to_degree,0,test-211,3.044522437723423,4.130712985992432
z_cn_to_degree,0,test-212,4.499809670330265,3.228334903717041
z_cn_to_degree,0,test-213,1.3862943611198906,3.228334903717041
z_cn_to_degree,0,test-214,5.560681631015528,4.227571964263916
z_cn_to_degree,0,test-215,2.0794415416798357,3.228334903717041
z_cn_to_degree,0,test-216,0.6931471805599453,3.228334903717041
z_cn_to_degree,0,test-217,1.791759469228055,3.3231863975524902
z_cn_to_degree,0,test-218,3.044522437723423,3.228334903717041
z_cn_to_degree,0,test-219,3.58351893845611,3.228334903717041
z_cn_to_degree,0,test-220,2.70805020110221,3.228334903717041
z_cn_to_degree,0,test-221,2.995732273553991,3.228334903717041
z_cn_to_degree,0,test-222,2.0794415416798357,3.228334903717041
z_cn_to_degree,0,test-223,3.8712010109078907,3.228334903717041
z_cn_to_degree,0,test-224,0.0,3.228334903717041
z_cn_to_degree,0,test-225,3.332204510175204,3.4476096630096436
z_cn_to_degree,0,test-226,2.0794415416798357,3.228334903717041
z_cn_to_degree,0,test-227,2.772588722239781,3.654196262359619
z_cn_to_degree,0,test-228,1.791759469228055,3.228334903717041
z_cn_to_degree,0,test-229,2.1972245773362196,3.228334903717041
z_cn_to_degree,0,test-230,3.401197381662156,3.97926664352417
z_cn_to_degree,0,test-231,4.430816798843313,3.228334903717041
z_cn_to_degree,0,test-232,4.276666119016055,5.326444149017334
z_cn_to_degree,0,test-233,1.791759469228055,3.228334903717041
z_cn_to_degree,0,test-234,3.58351893845611,3.228334903717041
z_cn_to_degree,0,test-235,3.1780538303479453,4.0777812004089355
z_cn_to_degree,0,test-236,2.8903717578961645,3.228334903717041
z_cn_to_degree,0,test-237,3.044522437723423,3.228334903717041
z_cn_to_degree,0,test-238,5.780743515792329,4.375192165374756
z_cn_to_degree,0,test-239,6.327936783729195,5.237281322479248
z_cn_to_degree,0,test-240,0.6931471805599453,3.228334903717041
z_cn_to_degree,0,test-241,2.4849066497880004,3.228334903717041
z_cn_to_degree,0,test-242,2.8903717578961645,3.4477577209472656
z_cn_to_degree,0,test-243,2.1972245773362196,3.3346943855285645
z_cn_to_degree,0,test-244,3.044522437723423,3.228334903717041
z_cn_to_degree,0,test-245,2.70805020110221,3.573744535446167
z_cn_to_degree,0,test-246,4.74493212836325,3.228334903717041
z_cn_to_degree,0,test-247,1.791759469228055,3.228334903717041
z_cn_to_degree,0,test-248,3.8066624897703196,3.228334903717041
z_cn_to_degree,0,test-249,3.951243718581427,3.228334903717041
z_cn_to_degree,0,test-250,1.3862943611198906,3.228334903717041
z_cn_to_degree,0,test-251,4.718498871295095,3.228334903717041
z_cn_to_degree,0,test-252,3.465735902799726,3.228334903717041
z_cn_to_degree,0,test-253,2.70805020110221,3.228334903717041
z_cn_to_degree,0,test-254,2.6390573296152584,3.228334903717041
z_cn_to_degree,0,test-255,5.19295685089021,3.228334903717041
z_cn_to_degree,0,test-256,0.0,3.228334903717041
z_cn_to_degree,0,test-257,5.98141421125448,3.4147701263427734
z_cn_to_degree,0,test-258,3.8712010109078907,4.329716682434082
z_cn_to_degree,0,test-259,2.9957322735539913,3.228334903717041
z_cn_to_degree,0,test-260,1.0986122886681098,3.228334903717041
z_cn_to_degree,0,test-261,3.401197381662155,4.341087341308594
z_cn_to_degree,0,test-262,2.995732273553991,4.6524553298950195
z_cn_to_degree,0,test-263,2.995732273553991,3.228334903717041
z_cn_to_degree,0,test-264,4.1588830833596715,3.228334903717041
z_cn_to_degree,0,test-265,4.31748811353631,3.228334903717041
z_cn_to_degree,0,test-266,1.791759469228055,3.067835569381714
z_cn_to_degree,0,test-267,2.0794415416798357,3.5184104442596436
z_cn_to_degree,0,test-268,2.70805020110221,3.228334903717041
z_cn_to_degree,0,test-269,6.476972362889683,5.142633438110352
z_cn_to_degree,0,test-270,1.791759469228055,3.228334903717041
z_cn_to_degree,0,test-271,3.044522437723423,3.943441867828369
z_cn_to_degree,0,test-272,3.737669618283368,4.964287757873535
z_cn_to_degree,0,test-273,3.1780538303479453,3.6237974166870117
z_cn_to_degree,0,test-274,2.772588722239781,3.4747047424316406
z_cn_to_degree,0,test-275,2.70805020110221,3.228334903717041
z_cn_to_degree,0,test-276,2.0794415416798357,3.228334903717041
z_cn_to_degree,0,test-277,3.332204510175204,3.228334903717041
z_cn_to_degree,0,test-278,5.220355825078324,4.09741735458374
z_cn_to_degree,0,test-279,3.6635616461296463,3.054459571838379
z_cn_to_degree,0,test-280,2.6390573296152584,3.228334903717041
z_cn_to_degree,0,test-281,2.4849066497880004,3.444125175476074
z_cn_to_degree,0,test-282,3.9512437185814275,3.228334903717041
z_cn_to_degree,0,test-283,2.995732273553991,3.228334903717041
z_cn_to_degree,0,test-284,1.6094379124341003,3.228334903717041
z_cn_to_degree,0,test-285,2.70805020110221,3.228334903717041
z_cn_to_degree,0,test-286,6.461468176353717,5.848200798034668
z_cn_to_degree,0,test-287,3.044522437723423,3.228334903717041
z_cn_to_degree,0,test-288,3.4965075614664807,3.553157329559326
z_cn_to_degree,0,test-289,4.499809670330265,4.048480033874512
z_cn_to_degree,0,test-290,2.8903717578961645,2.9665603637695312
z_cn_to_degree,0,test-291,5.60947179518496,4.069241046905518
z_cn_to_degree,0,test-292,5.375278407684165,3.228334903717041
z_cn_to_degree,0,test-293,3.6888794541139367,4.7605390548706055
z_cn_to_degree,0,test-294,2.1972245773362196,3.410266399383545
z_cn_to_degree,0,test-295,2.3025850929940455,2.637547731399536
z_cn_to_degree,0,test-296,3.7376696182833684,3.228334903717041
z_cn_to_degree,0,test-297,2.0794415416798357,3.228334903717041
z_cn_to_degree,0,test-298,1.3862943611198906,3.109409809112549
z_cn_to_degree,0,test-299,3.1780538303479453,3.228334903717041
z_cn_to_degree,0,test-300,2.995732273553991,3.4361257553100586
z_cn_to_degree,0,test-301,1.6094379124341003,3.228334903717041
z_cn_to_degree,0,test-302,2.4849066497880004,3.438652753829956
z_cn_to_degree,0,test-303,2.0794415416798357,3.228334903717041
z_cn_to_degree,0,test-304,4.382026634673881,3.228334903717041
z_cn_to_degree,0,test-305,3.332204510175204,3.096921682357788
z_cn_to_degree,0,test-306,5.556828061699537,4.1863813400268555
z_cn_to_degree,0,test-307,2.0794415416798357,3.228334903717041
z_cn_to_degree,0,test-308,2.0794415416798357,3.0276341438293457
z_cn_to_degree,0,test-309,3.58351893845611,3.8953819274902344
z_cn_to_degree,0,test-310,2.1972245773362196,3.228334903717041
z_cn_to_degree,0,test-311,3.8918202981106265,4.523653507232666
z_cn_to_degree,0,test-312,2.4849066497880004,3.228334903717041
z_cn_to_degree,0,test-313,6.733401891837358,4.3927764892578125
z_cn_to_degree,0,test-314,4.941642422609304,3.712998151779175
z_cn_to_degree,0,test-315,1.9459101490553132,3.228334903717041
z_cn_to_degree,0,test-316,2.8903717578961645,3.425036668777466
z_cn_to_degree,0,test-317,5.4116460518550396,4.549491882324219
z_cn_to_degree,0,test-318,3.332204510175204,3.228334903717041
z_cn_to_degree,0,test-319,6.733401891837358,6.0984296798706055
z_cn_to_degree,0,test-320,2.772588722239781,3.228334903717041
z_cn_to_degree,0,test-321,3.044522437723423,3.228334903717041
z_cn_to_degree,0,test-322,2.995732273553991,3.1602773666381836
z_cn_to_degree,0,test-323,0.6931471805599453,3.228334903717041
z_cn_to_degree,0,test-324,2.4849066497880004,3.228334903717041
z_cn_to_degree,0,test-325,2.772588722239781,3.3224003314971924
z_cn_to_degree,0,test-326,3.091042453358316,3.228334903717041
z_cn_to_degree,0,test-327,3.401197381662156,3.228334903717041
z_cn_to_degree,0,test-328,3.688879454113936,3.228334903717041
z_cn_to_degree,0,test-329,1.6094379124341003,3.228334903717041
z_cn_to_degree,0,test-330,3.5553480614894135,4.185653209686279
z_cn_to_degree,0,test-331,3.8712010109078907,3.228334903717041
z_cn_to_degree,0,test-332,2.70805020110221,3.228334903717041
z_cn_to_degree,0,test-333,2.8903717578961645,3.228334903717041
z_cn_to_degree,0,test-334,2.4849066497880004,3.228334903717041
z_cn_to_degree,0,test-335,4.51085950651685,3.907674551010132
z_cn_to_degree,0,test-336,2.70805020110221,3.228334903717041
z_cn_to_degree,0,test-337,3.044522437723423,3.1372222900390625
z_cn_to_degree,0,test-338,2.4849066497880004,2.9954833984375
z_cn_to_degree,0,test-339,2.772588722239781,4.090936660766602
z_cn_to_degree,0,test-340,4.143134726391533,3.9823708534240723
z_cn_to_degree,0,test-341,3.931825632724326,3.5862631797790527
z_cn_to_degree,0,test-342,2.4849066497880004,3.228334903717041
z_cn_to_degree,0,test-343,4.787491742782047,3.8953819274902344
z_cn_to_degree,0,test-344,1.3862943611198906,3.228334903717041
z_cn_to_degree,0,test-345,3.1780538303479453,3.9418861865997314
z_cn_to_degree,0,test-346,2.4849066497880004,3.8953819274902344
z_cn_to_degree,0,test-347,2.4849066497880004,3.0943281650543213
z_cn_to_degree,0,test-348,2.4849066497880004,3.016160011291504
z_cn_to_degree,0,test-349,3.401197381662155,3.228334903717041
z_cn_to_degree,0,test-350,2.8903717578961645,3.228334903717041
z_cn_to_degree,0,test-351,3.1780538303479453,3.228334903717041
z_cn_to_degree,0,test-352,1.3862943611198906,3.228334903717041
z_cn_to_degree,0,test-353,4.882801922586371,3.476231098175049
z_cn_to_degree,0,test-354,4.23410650459726,3.228334903717041
z_cn_to_degree,0,test-355,5.6937321388027,3.228334903717041
z_cn_to_degree,0,test-356,0.6931471805599453,3.228334903717041
z_cn_to_degree,0,test-357,1.791759469228055,3.228334903717041
z_cn_to_degree,0,test-358,1.791759469228055,3.228334903717041
z_cn_to_degree,0,test-359,5.966146739123692,3.937624454498291
z_cn_to_degree,0,test-360,3.4965075614664807,3.228334903717041
z_cn_to_degree,0,test-361,6.733401891837358,3.899934768676758
z_cn_to_degree,0,test-362,5.272999558563747,3.228334903717041
z_cn_to_degree,0,test-363,3.737669618283368,3.454009771347046
z_cn_to_degree,0,test-364,2.1972245773362196,3.228334903717041
z_cn_to_degree,0,test-365,2.995732273553991,3.228334903717041
z_cn_to_degree,0,test-366,1.3862943611198906,3.228334903717041
z_cn_to_degree,0,test-367,6.327936783729195,3.228334903717041
z_cn_to_degree,0,test-368,4.430816798843313,4.417223930358887
z_cn_to_degree,0,test-369,0.0,3.228334903717041
z_cn_to_degree,0,test-370,2.6390573296152584,3.4343924522399902
z_cn_to_degree,0,test-371,1.6094379124341003,3.228334903717041
z_cn_to_degree,0,test-372,2.4849066497880004,4.0777812004089355
z_cn_to_degree,0,test-373,3.465735902799726,3.228334903717041
z_cn_to_degree,0,test-374,2.772588722239781,3.044135808944702
z_cn_to_degree,0,test-375,2.70805020110221,2.974599838256836
z_cn_to_degree,0,test-376,4.74493212836325,3.7470126152038574
z_cn_to_degree,0,test-377,2.4849066497880004,3.228334903717041
z_cn_to_degree,0,test-378,3.332204510175204,3.228334903717041
z_cn_to_degree,0,test-379,2.4849066497880004,3.228334903717041
z_cn_to_degree,0,test-380,2.8903717578961645,3.6409995555877686
z_cn_to_degree,0,test-381,2.3025850929940455,3.8953819274902344
z_cn_to_degree,0,test-382,1.791759469228055,3.228334903717041
z_cn_to_degree,0,test-383,0.6931471805599453,3.228334903717041
z_cn_to_degree,0,test-384,4.276666119016055,3.228334903717041
z_cn_to_degree,0,test-385,1.791759469228055,3.228334903717041
z_cn_to_degree,0,test-386,1.791759469228055,3.228334903717041
z_cn_to_degree,0,test-387,2.0794415416798357,3.7411489486694336
z_cn_to_degree,0,test-388,2.995732273553991,3.8986990451812744
z_cn_to_degree,0,test-389,2.0794415416798357,3.228334903717041
z_cn_to_degree,0,test-390,3.044522437723423,2.939075469970703
z_cn_to_degree,0,test-391,2.995732273553991,3.6237974166870117
z_cn_to_degree,0,test-392,0.0,3.228334903717041
z_cn_to_degree,0,test-393,1.3862943611198906,3.228334903717041
z_cn_to_degree,0,test-394,2.3025850929940455,3.228334903717041
z_cn_to_degree,0,test-395,3.295836866004329,3.3591508865356445
z_cn_to_degree,0,test-396,1.791759469228055,3.228334903717041
z_cn_to_degree,0,test-397,3.4011973816621555,3.228334903717041
z_cn_to_degree,0,test-398,2.4849066497880004,3.228334903717041
z_cn_to_degree,0,test-399,2.995732273553991,3.228334903717041
z_cn_to_degree,0,test-400,2.0794415416798357,4.994818210601807
z_cn_to_degree,0,test-401,2.0794415416798357,3.181425094604492
z_cn_to_degree,0,test-402,3.1780538303479453,3.3872039318084717
z_cn_to_degree,0,test-403,3.828641396489095,3.228334903717041
z_cn_to_degree,0,test-404,4.90527477843843,3.998622417449951
z_cn_to_degree,0,test-405,1.791759469228055,3.228334903717041
z_cn_to_degree,0,test-406,3.401197381662155,3.228334903717041
z_cn_to_degree,0,test-407,1.3862943611198906,3.481025457382202
z_cn_to_degree,0,test-408,2.8903717578961645,3.228334903717041
z_cn_to_degree,0,test-409,4.276666119016055,3.647942066192627
z_cn_to_degree,0,test-410,0.6931471805599453,3.228334903717041
z_cn_to_degree,0,test-411,3.5553480614894135,3.228334903717041
z_cn_to_degree,0,test-412,2.8903717578961645,4.249876976013184
z_cn_to_degree,0,test-413,3.332204510175204,4.038735389709473
z_cn_to_degree,0,test-414,5.342334251964811,4.186500549316406
z_cn_to_degree,0,test-415,2.890371757896165,3.9714035987854004
z_cn_to_degree,0,test-416,3.401197381662155,3.6644127368927
z_cn_to_degree,0,test-417,3.091042453358316,3.228334903717041
z_cn_to_degree,0,test-418,2.995732273553991,3.228334903717041
z_cn_to_degree,0,test-419,3.401197381662155,3.806901454925537
z_cn_to_degree,0,test-420,4.787491742782046,3.228334903717041
z_cn_to_degree,0,test-421,4.430816798843313,3.228334903717041
z_cn_to_degree,0,test-422,2.8903717578961645,3.030442953109741
z_cn_to_degree,0,test-423,2.0794415416798357,3.228334903717041
z_cn_to_degree,0,test-424,3.1780538303479458,3.793682813644409
z_cn_to_degree,0,test-425,1.9459101490553132,3.228334903717041
z_cn_to_degree,0,test-426,2.995732273553991,3.4879226684570312
z_cn_to_degree,0,test-427,2.1972245773362196,3.228334903717041
z_cn_to_degree,0,test-428,1.3862943611198906,3.481025457382202
z_cn_to_degree,0,test-429,3.401197381662156,3.228334903717041
z_cn_to_degree,0,test-430,3.332204510175204,3.228334903717041
z_cn_to_degree,0,test-431,2.0794415416798357,3.228334903717041
z_cn_to_degree,0,test-432,2.4849066497880004,3.228334903717041
z_cn_to_degree,0,test-433,3.6888794541139367,3.052579879760742
z_cn_to_degree,0,test-434,2.70805020110221,4.139123916625977
z_cn_to_degree,0,test-435,2.4849066497880004,3.2619638442993164
z_cn_to_degree,0,test-436,4.718498871295095,3.228334903717041
z_cn_to_degree,0,test-437,5.634789603169249,4.362587928771973
z_cn_to_degree,0,test-438,4.68213122712422,3.228334903717041
z_cn_to_degree,0,test-439,1.791759469228055,3.228334903717041
z_cn_to_degree,0,test-440,3.9889840465642745,4.360066890716553
z_cn_to_degree,0,test-441,6.327936783729195,4.999024868011475
z_cn_to_degree,0,test-442,3.044522437723423,3.9040167331695557
z_cn_to_degree,0,test-443,2.70805020110221,3.437283754348755
z_cn_to_degree,0,test-444,1.0986122886681098,3.228334903717041
z_cn_to_degree,0,test-445,2.995732273553991,3.5937180519104004
z_cn_to_degree,0,test-446,2.772588722239781,4.17057991027832
z_cn_to_degree,0,test-447,2.995732273553991,4.655240058898926
z_cn_to_degree,0,test-448,1.791759469228055,3.228334903717041
z_cn_to_degree,0,test-449,1.3862943611198906,3.481025457382202
z_cn_to_degree,0,test-450,2.4849066497880004,4.001360893249512
z_cn_to_degree,0,test-451,7.50659178007084,3.899934768676758
z_cn_to_degree,0,test-452,3.951243718581427,3.228334903717041
z_cn_to_degree,0,test-453,3.5553480614894135,6.006048202514648
z_cn_to_degree,0,test-454,2.70805020110221,3.228334903717041
z_cn_to_degree,0,test-455,3.258096538021482,3.288804531097412
z_cn_to_degree,0,test-456,5.634789603169249,3.228334903717041
z_cn_to_degree,0,test-457,0.6931471805599453,3.228334903717041
z_cn_to_degree,0,test-458,2.772588722239781,3.228334903717041
z_cn_to_degree,0,test-459,3.401197381662156,3.3097221851348877
z_cn_to_degree,0,test-460,2.995732273553991,3.990797519683838
z_cn_to_degree,0,test-461,3.044522437723423,3.8953819274902344
z_cn_to_degree,0,test-462,2.1972245773362196,3.228334903717041
z_cn_to_degree,0,test-463,1.791759469228055,2.8158621788024902
z_cn_to_degree,0,test-464,3.1780538303479458,3.8953819274902344
z_cn_to_degree,0,test-465,2.1972245773362196,3.228334903717041
z_cn_to_degree,0,test-466,3.401197381662155,4.069439888000488
z_cn_to_degree,0,test-467,6.327936783729195,5.638666152954102
z_cn_to_degree,0,test-468,2.995732273553991,3.228334903717041
z_cn_to_degree,0,test-469,3.044522437723423,3.228334903717041
z_cn_to_degree,0,test-470,1.0986122886681098,3.228334903717041
z_cn_to_degree,0,test-471,3.401197381662155,2.974138021469116
z_cn_to_degree,0,test-472,2.3025850929940455,3.228334903717041
z_cn_to_degree,0,test-473,6.040254711277414,2.993825912475586
z_cn_to_degree,0,test-474,4.90527477843843,3.918705940246582
z_cn_to_degree,0,test-475,2.1972245773362196,3.410266399383545
z_cn_to_degree,0,test-476,2.0794415416798357,3.228334903717041
z_cn_to_degree,0,test-477,2.8903717578961645,3.228334903717041
z_cn_to_degree,0,test-478,3.1780538303479453,3.3146815299987793
z_cn_to_degree,0,test-479,2.995732273553991,3.6037001609802246
z_cn_to_degree,0,test-480,4.276666119016055,4.144158840179443
z_cn_to_degree,0,test-481,2.4849066497880004,3.228334903717041
z_cn_to_degree,0,test-482,3.295836866004329,4.090936660766602
z_cn_to_degree,0,test-483,3.1780538303479453,3.252575635910034
z_cn_to_degree,0,test-484,2.0794415416798357,3.228334903717041
z_cn_to_degree,0,test-485,3.332204510175204,3.228334903717041
z_cn_to_degree,0,test-486,1.3862943611198906,3.228334903717041
z_cn_to_degree,0,test-487,4.356708826689592,3.228334903717041
z_cn_to_degree,0,test-488,2.0794415416798357,3.228334903717041
z_cn_to_degree,0,test-489,2.9957322735539913,3.228334903717041
z_cn_to_degree,0,test-490,0.6931471805599453,3.228334903717041
z_cn_to_degree,0,test-491,2.0794415416798357,3.228334903717041
z_cn_to_degree,0,test-492,4.31748811353631,5.409402847290039
z_cn_to_degree,0,test-493,3.58351893845611,3.923875570297241
z_cn_to_degree,0,test-494,0.0,3.228334903717041
z_cn_to_degree,0,test-495,5.272999558563747,3.228334903717041
z_cn_to_degree,0,test-496,1.791759469228055,3.228334903717041
z_cn_to_degree,0,test-497,3.7376696182833684,3.5084829330444336
z_cn_to_degree,0,test-498,2.4849066497880004,3.228334903717041
z_cn_to_degree,0,test-499,3.8712010109078907,3.228334903717041
z_cn_to_degree,0,test-500,6.040254711277414,3.228334903717041
z_cn_to_degree,0,test-501,3.332204510175204,3.768761157989502
z_cn_to_degree,0,test-502,3.332204510175204,3.623460292816162
z_cn_to_degree,0,test-503,4.700480365792417,5.473842620849609
z_cn_to_degree,0,test-504,4.499809670330265,3.228334903717041
z_cn_to_degree,0,test-505,2.1972245773362196,3.031630754470825
z_cn_to_degree,0,test-506,3.688879454113936,3.228334903717041
z_cn_to_degree,0,test-507,2.6390573296152584,3.228334903717041
z_cn_to_degree,0,test-508,4.276666119016055,3.228334903717041
z_cn_to_degree,0,test-509,3.8712010109078907,3.553157329559326
z_cn_to_degree,0,test-510,4.442651256490317,3.9727797508239746
z_cn_to_degree,0,test-511,5.634789603169249,3.228334903717041
z_residual_to_degree,0,test-0,4.6443908991413725,3.425621747970581
z_residual_to_degree,0,test-1,3.9889840465642745,3.6620657444000244
z_residual_to_degree,0,test-2,4.584967478670571,3.3340682983398438
z_residual_to_degree,0,test-3,3.1780538303479453,3.3456685543060303
z_residual_to_degree,0,test-4,4.77912349311153,3.3168387413024902
z_residual_to_degree,0,test-5,3.8066624897703196,3.7424895763397217
z_residual_to_degree,0,test-6,5.966146739123692,3.552496910095215
z_residual_to_degree,0,test-7,3.6635616461296463,2.2511606216430664
z_residual_to_degree,0,test-8,3.044522437723423,3.76564621925354
z_residual_to_degree,0,test-9,3.6888794541139367,4.677931785583496
z_residual_to_degree,0,test-10,3.401197381662155,3.574091911315918
z_residual_to_degree,0,test-11,3.9120230054281464,3.6771240234375
z_residual_to_degree,0,test-12,0.6931471805599453,2.2004287242889404
z_residual_to_degree,0,test-13,4.74493212836325,3.5561883449554443
z_residual_to_degree,0,test-14,4.0943445622221,3.8839399814605713
z_residual_to_degree,0,test-15,1.791759469228055,3.422755002975464
z_residual_to_degree,0,test-16,4.394449154672439,4.034094333648682
z_residual_to_degree,0,test-17,4.718498871295095,4.022984504699707
z_residual_to_degree,0,test-18,0.6931471805599453,1.8035051822662354
z_residual_to_degree,0,test-19,3.044522437723423,4.850640296936035
z_residual_to_degree,0,test-20,3.1780538303479458,3.606707811355591
z_residual_to_degree,0,test-21,3.465735902799726,3.504469633102417
z_residual_to_degree,0,test-22,3.401197381662155,3.66328763961792
z_residual_to_degree,0,test-23,1.0986122886681098,1.460339069366455
z_residual_to_degree,0,test-24,3.5553480614894135,2.8814218044281006
z_residual_to_degree,0,test-25,4.189654742026425,2.0545835494995117
z_residual_to_degree,0,test-26,2.3025850929940455,2.8423948287963867
z_residual_to_degree,0,test-27,3.465735902799726,3.7398791313171387
z_residual_to_degree,0,test-28,2.8903717578961645,3.76147198677063
z_residual_to_degree,0,test-29,3.688879454113936,3.5381758213043213
z_residual_to_degree,0,test-30,4.882801922586371,3.6573877334594727
z_residual_to_degree,0,test-31,4.553876891600541,3.7128777503967285
z_residual_to_degree,0,test-32,3.58351893845611,3.5860564708709717
z_residual_to_degree,0,test-33,3.58351893845611,3.569183111190796
z_residual_to_degree,0,test-34,3.1780538303479453,3.1540796756744385
z_residual_to_degree,0,test-35,2.772588722239781,2.973639726638794
z_residual_to_degree,0,test-36,1.3862943611198906,3.156385898590088
z_residual_to_degree,0,test-37,2.3025850929940455,2.7098121643066406
z_residual_to_degree,0,test-38,3.9889840465642745,3.7469229698181152
z_residual_to_degree,0,test-39,1.791759469228055,4.29695463180542
z_residual_to_degree,0,test-40,3.951243718581427,2.918034315109253
z_residual_to_degree,0,test-41,3.6888794541139367,3.3816049098968506
z_residual_to_degree,0,test-42,6.040254711277414,4.190310001373291
z_residual_to_degree,0,test-43,2.4849066497880004,3.7461538314819336
z_residual_to_degree,0,test-44,3.1780538303479453,3.433209180831909
z_residual_to_degree,0,test-45,0.6931471805599453,1.0861046314239502
z_residual_to_degree,0,test-46,4.941642422609304,3.60703706741333
z_residual_to_degree,0,test-47,0.0,2.0869598388671875
z_residual_to_degree,0,test-48,2.8903717578961645,3.77817440032959
z_residual_to_degree,0,test-49,6.040254711277414,4.246401309967041
z_residual_to_degree,0,test-50,3.332204510175204,3.4935731887817383
z_residual_to_degree,0,test-51,2.995732273553991,3.2653329372406006
z_residual_to_degree,0,test-52,6.327936783729195,4.275794982910156
z_residual_to_degree,0,test-53,2.8903717578961645,3.4874346256256104
z_residual_to_degree,0,test-54,2.6390573296152584,2.921076774597168
z_residual_to_degree,0,test-55,4.927253685157204,3.4668080806732178
z_residual_to_degree,0,test-56,2.70805020110221,3.6341145038604736
z_residual_to_degree,0,test-57,5.272999558563747,3.474820137023926
z_residual_to_degree,0,test-58,3.9889840465642745,3.4585413932800293
z_residual_to_degree,0,test-59,2.0794415416798357,3.6012320518493652
z_residual_to_degree,0,test-60,4.7535901911063645,3.578216552734375
z_residual_to_degree,0,test-61,2.1972245773362196,1.2810943126678467
z_residual_to_degree,0,test-62,2.3978952727983707,4.108462810516357
z_residual_to_degree,0,test-63,1.3862943611198906,3.919982671737671
z_residual_to_degree,0,test-64,3.58351893845611,3.659475326538086
z_residual_to_degree,0,test-65,2.8903717578961645,3.411681890487671
z_residual_to_degree,0,test-66,2.4849066497880004,3.6038899421691895
z_residual_to_degree,0,test-67,2.4849066497880004,2.8324456214904785
z_residual_to_degree,0,test-68,4.90527477843843,4.044034957885742
z_residual_to_degree,0,test-69,3.2188758248682006,3.251488447189331
z_residual_to_degree,0,test-70,2.995732273553991,3.2722644805908203
z_residual_to_degree,0,test-71,4.0943445622221,3.519247055053711
z_residual_to_degree,0,test-72,1.791759469228055,3.3294384479522705
z_residual_to_degree,0,test-73,3.951243718581427,3.4120492935180664
z_residual_to_degree,0,test-74,2.70805020110221,4.047859191894531
z_residual_to_degree,0,test-75,3.044522437723423,3.1181201934814453
z_residual_to_degree,0,test-76,1.0986122886681098,2.0314013957977295
z_residual_to_degree,0,test-77,3.044522437723423,3.2857909202575684
z_residual_to_degree,0,test-78,1.3862943611198906,2.488109588623047
z_residual_to_degree,0,test-79,1.791759469228055,3.7416486740112305
z_residual_to_degree,0,test-80,3.688879454113936,3.196042060852051
z_residual_to_degree,0,test-81,3.58351893845611,3.3304107189178467
z_residual_to_degree,0,test-82,3.465735902799726,3.6319594383239746
z_residual_to_degree,0,test-83,4.025351690735149,4.140091419219971
z_residual_to_degree,0,test-84,4.718498871295094,3.236388921737671
z_residual_to_degree,0,test-85,3.9889840465642745,3.4981045722961426
z_residual_to_degree,0,test-86,3.332204510175204,3.4819788932800293
z_residual_to_degree,0,test-87,2.70805020110221,3.9612772464752197
z_residual_to_degree,0,test-88,2.6390573296152584,2.872058391571045
z_residual_to_degree,0,test-89,3.332204510175204,3.7157821655273438
z_residual_to_degree,0,test-90,2.4849066497880004,3.8229258060455322
z_residual_to_degree,0,test-91,2.0794415416798357,3.7570254802703857
z_residual_to_degree,0,test-92,3.1780538303479453,3.333529233932495
z_residual_to_degree,0,test-93,5.272999558563747,4.28786039352417
z_residual_to_degree,0,test-94,2.4849066497880004,2.237799882888794
z_residual_to_degree,0,test-95,3.401197381662156,3.650402069091797
z_residual_to_degree,0,test-96,7.50659178007084,4.297208309173584
z_residual_to_degree,0,test-97,4.465908118654584,3.991158962249756
z_residual_to_degree,0,test-98,2.3025850929940455,3.326404333114624
z_residual_to_degree,0,test-99,2.70805020110221,3.2887213230133057
z_residual_to_degree,0,test-100,3.58351893845611,3.438389778137207
z_residual_to_degree,0,test-101,2.70805020110221,3.2215394973754883
z_residual_to_degree,0,test-102,4.02535169073515,2.6957035064697266
z_residual_to_degree,0,test-103,2.772588722239781,3.381014823913574
z_residual_to_degree,0,test-104,2.1972245773362196,3.553072929382324
z_residual_to_degree,0,test-105,1.0986122886681098,3.038820743560791
z_residual_to_degree,0,test-106,3.5263605246161616,2.965867042541504
z_residual_to_degree,0,test-107,0.6931471805599453,1.6529483795166016
z_residual_to_degree,0,test-108,6.327936783729195,3.4359540939331055
z_residual_to_degree,0,test-109,3.58351893845611,3.2121970653533936
z_residual_to_degree,0,test-110,2.0794415416798357,3.7078771591186523
z_residual_to_degree,0,test-111,2.8903717578961645,0.844627857208252
z_residual_to_degree,0,test-112,5.0106352940962555,3.651543617248535
z_residual_to_degree,0,test-113,3.688879454113936,3.4311559200286865
z_residual_to_degree,0,test-114,1.3862943611198906,1.4499263763427734
z_residual_to_degree,0,test-115,1.3862943611198906,3.2377429008483887
z_residual_to_degree,0,test-116,7.3395376954076745,4.079205513000488
z_residual_to_degree,0,test-117,4.304065093204169,3.9837512969970703
z_residual_to_degree,0,test-118,3.2188758248682006,4.426446437835693
z_residual_to_degree,0,test-119,6.733401891837358,3.369915723800659
z_residual_to_degree,0,test-120,2.4849066497880004,3.286517858505249
z_residual_to_degree,0,test-121,2.995732273553991,3.843834161758423
z_residual_to_degree,0,test-122,3.58351893845611,3.5110371112823486
z_residual_to_degree,0,test-123,1.791759469228055,3.5788934230804443
z_residual_to_degree,0,test-124,2.6390573296152584,3.8551042079925537
z_residual_to_degree,0,test-125,2.1972245773362196,3.8233931064605713
z_residual_to_degree,0,test-126,2.4849066497880004,3.559103012084961
z_residual_to_degree,0,test-127,1.791759469228055,2.466965913772583
z_residual_to_degree,0,test-128,3.6635616461296463,3.203420877456665
z_residual_to_degree,0,test-129,2.5649493574615367,3.0566117763519287
z_residual_to_degree,0,test-130,2.995732273553991,3.5034446716308594
z_residual_to_degree,0,test-131,3.044522437723423,3.2158148288726807
z_residual_to_degree,0,test-132,3.688879454113936,3.404787540435791
z_residual_to_degree,0,test-133,5.560681631015528,3.6744329929351807
z_residual_to_degree,0,test-134,2.1972245773362196,3.0196785926818848
z_residual_to_degree,0,test-135,2.772588722239781,3.288344144821167
z_residual_to_degree,0,test-136,3.688879454113936,3.1351044178009033
z_residual_to_degree,0,test-137,2.1972245773362196,2.3920774459838867
z_residual_to_degree,0,test-138,4.31748811353631,3.496673107147217
z_residual_to_degree,0,test-139,1.791759469228055,3.9732894897460938
z_residual_to_degree,0,test-140,3.332204510175204,2.9094200134277344
z_residual_to_degree,0,test-141,4.276666119016055,3.4594550132751465
z_residual_to_degree,0,test-142,2.70805020110221,4.13038969039917
z_residual_to_degree,0,test-143,2.0794415416798357,2.8924989700317383
z_residual_to_degree,0,test-144,2.772588722239781,3.996515989303589
z_residual_to_degree,0,test-145,4.882801922586371,3.931922435760498
z_residual_to_degree,0,test-146,3.465735902799726,3.451666831970215
z_residual_to_degree,0,test-147,3.332204510175204,4.193252086639404
z_residual_to_degree,0,test-148,6.327936783729195,4.633231163024902
z_residual_to_degree,0,test-149,3.2188758248682006,3.563768148422241
z_residual_to_degree,0,test-150,3.931825632724326,3.416323661804199
z_residual_to_degree,0,test-151,3.295836866004329,2.9366455078125
z_residual_to_degree,0,test-152,3.4011973816621555,3.1232259273529053
z_residual_to_degree,0,test-153,4.0943445622221,3.981271982192993
z_residual_to_degree,0,test-154,2.0794415416798357,3.4192521572113037
z_residual_to_degree,0,test-155,2.3025850929940455,3.7430436611175537
z_residual_to_degree,0,test-156,5.4116460518550396,3.5131163597106934
z_residual_to_degree,0,test-157,4.564348191467836,2.6196720600128174
z_residual_to_degree,0,test-158,0.0,1.454010009765625
z_residual_to_degree,0,test-159,2.70805020110221,3.9927313327789307
z_residual_to_degree,0,test-160,2.9444389791664403,3.3137800693511963
z_residual_to_degree,0,test-161,1.3862943611198906,3.896821975708008
z_residual_to_degree,0,test-162,2.8903717578961645,3.3652048110961914
z_residual_to_degree,0,test-163,1.791759469228055,3.6578261852264404
z_residual_to_degree,0,test-164,5.560681631015528,3.671297311782837
z_residual_to_degree,0,test-165,1.0986122886681098,1.601981282234192
z_residual_to_degree,0,test-166,3.5553480614894135,3.9573559761047363
z_residual_to_degree,0,test-167,4.499809670330265,3.656428337097168
z_residual_to_degree,0,test-168,3.5553480614894135,3.5147111415863037
z_residual_to_degree,0,test-169,1.791759469228055,4.050224304199219
z_residual_to_degree,0,test-170,2.0794415416798357,3.5700631141662598
z_residual_to_degree,0,test-171,5.288267030694535,3.878711462020874
z_residual_to_degree,0,test-172,1.3862943611198906,3.429314136505127
z_residual_to_degree,0,test-173,2.4849066497880004,3.591064691543579
z_residual_to_degree,0,test-174,3.9120230054281464,2.8945181369781494
z_residual_to_degree,0,test-175,4.499809670330265,3.5174806118011475
z_residual_to_degree,0,test-176,4.867534450455582,4.598540306091309
z_residual_to_degree,0,test-177,4.718498871295095,3.8982911109924316
z_residual_to_degree,0,test-178,3.465735902799726,3.9470150470733643
z_residual_to_degree,0,test-179,1.3862943611198906,1.942487120628357
z_residual_to_degree,0,test-180,3.58351893845611,3.2959961891174316
z_residual_to_degree,0,test-181,3.58351893845611,3.284698009490967
z_residual_to_degree,0,test-182,3.465735902799726,4.172364234924316
z_residual_to_degree,0,test-183,0.0,1.2384095191955566
z_residual_to_degree,0,test-184,7.24422751560335,4.1294426918029785
z_residual_to_degree,0,test-185,3.332204510175204,2.904346227645874
z_residual_to_degree,0,test-186,3.401197381662155,3.0008814334869385
z_residual_to_degree,0,test-187,3.332204510175204,3.962446928024292
z_residual_to_degree,0,test-188,2.4849066497880004,3.335832357406616
z_residual_to_degree,0,test-189,2.1972245773362196,3.26729416847229
z_residual_to_degree,0,test-190,2.70805020110221,3.4380478858947754
z_residual_to_degree,0,test-191,2.0794415416798357,4.026810646057129
z_residual_to_degree,0,test-192,3.044522437723423,2.8908891677856445
z_residual_to_degree,0,test-193,2.995732273553991,3.7570440769195557
z_residual_to_degree,0,test-194,3.58351893845611,3.6178207397460938
z_residual_to_degree,0,test-195,4.90527477843843,4.459188461303711
z_residual_to_degree,0,test-196,4.5217885770490405,3.4721169471740723
z_residual_to_degree,0,test-197,2.4849066497880004,3.713606595993042
z_residual_to_degree,0,test-198,4.709530201312334,3.7018442153930664
z_residual_to_degree,0,test-199,1.0986122886681098,2.9952244758605957
z_residual_to_degree,0,test-200,1.0986122886681098,3.447571039199829
z_residual_to_degree,0,test-201,1.0986122886681098,2.414679527282715
z_residual_to_degree,0,test-202,3.044522437723423,2.8718385696411133
z_residual_to_degree,0,test-203,2.4849066497880004,5.769186973571777
z_residual_to_degree,0,test-204,2.6390573296152584,3.6997056007385254
z_residual_to_degree,0,test-205,2.1972245773362196,4.083391189575195
z_residual_to_degree,0,test-206,3.58351893845611,3.9999654293060303
z_residual_to_degree,0,test-207,4.2484952420493585,3.2370283603668213
z_residual_to_degree,0,test-208,4.0943445622221,3.4524502754211426
z_residual_to_degree,0,test-209,4.836281906951478,3.4235849380493164
z_residual_to_degree,0,test-210,4.976733742420574,3.6587159633636475
z_residual_to_degree,0,test-211,3.044522437723423,3.369372606277466
z_residual_to_degree,0,test-212,4.499809670330265,3.970973014831543
z_residual_to_degree,0,test-213,1.3862943611198906,2.342900276184082
z_residual_to_degree,0,test-214,5.560681631015528,3.48819637298584
z_residual_to_degree,0,test-215,2.0794415416798357,4.15766716003418
z_residual_to_degree,0,test-216,0.6931471805599453,0.9292936325073242
z_residual_to_degree,0,test-217,1.791759469228055,3.9701383113861084
z_residual_to_degree,0,test-218,3.044522437723423,3.5134360790252686
z_residual_to_degree,0,test-219,3.58351893845611,3.128147840499878
z_residual_to_degree,0,test-220,2.70805020110221,4.063499450683594
z_residual_to_degree,0,test-221,2.995732273553991,3.228065013885498
z_residual_to_degree,0,test-222,2.0794415416798357,3.0210118293762207
z_residual_to_degree,0,test-223,3.8712010109078907,3.5476746559143066
z_residual_to_degree,0,test-224,0.0,1.1688189506530762
z_residual_to_degree,0,test-225,3.332204510175204,2.947477340698242
z_residual_to_degree,0,test-226,2.0794415416798357,3.7274281978607178
z_residual_to_degree,0,test-227,2.772588722239781,3.1044201850891113
z_residual_to_degree,0,test-228,1.791759469228055,3.1674976348876953
z_residual_to_degree,0,test-229,2.1972245773362196,3.224640130996704
z_residual_to_degree,0,test-230,3.401197381662156,3.27177095413208
z_residual_to_degree,0,test-231,4.430816798843313,3.4182510375976562
z_residual_to_degree,0,test-232,4.276666119016055,4.065687656402588
z_residual_to_degree,0,test-233,1.791759469228055,2.8794357776641846
z_residual_to_degree,0,test-234,3.58351893845611,2.9242329597473145
z_residual_to_degree,0,test-235,3.1780538303479453,3.6024787425994873
z_residual_to_degree,0,test-236,2.8903717578961645,3.9315521717071533
z_residual_to_degree,0,test-237,3.044522437723423,2.829897165298462
z_residual_to_degree,0,test-238,5.780743515792329,4.389067649841309
z_residual_to_degree,0,test-239,6.327936783729195,4.15487003326416
z_residual_to_degree,0,test-240,0.6931471805599453,0.9000363349914551
z_residual_to_degree,0,test-241,2.4849066497880004,3.0126523971557617
z_residual_to_degree,0,test-242,2.8903717578961645,3.4648518562316895
z_residual_to_degree,0,test-243,2.1972245773362196,3.566669225692749
z_residual_to_degree,0,test-244,3.044522437723423,3.810396432876587
z_residual_to_degree,0,test-245,2.70805020110221,3.2668676376342773
z_residual_to_degree,0,test-246,4.74493212836325,3.4793527126312256
z_residual_to_degree,0,test-247,1.791759469228055,4.613872528076172
z_residual_to_degree,0,test-248,3.8066624897703196,3.7385802268981934
z_residual_to_degree,0,test-249,3.951243718581427,3.5478639602661133
z_residual_to_degree,0,test-250,1.3862943611198906,2.117936134338379
z_residual_to_degree,0,test-251,4.718498871295095,4.469541072845459
z_residual_to_degree,0,test-252,3.465735902799726,3.6493630409240723
z_residual_to_degree,0,test-253,2.70805020110221,3.051544666290283
z_residual_to_degree,0,test-254,2.6390573296152584,3.603437900543213
z_residual_to_degree,0,test-255,5.19295685089021,3.4152138233184814
z_residual_to_degree,0,test-256,0.0,2.638383626937866
z_residual_to_degree,0,test-257,5.98141421125448,4.065622329711914
z_residual_to_degree,0,test-258,3.8712010109078907,3.2235047817230225
z_residual_to_degree,0,test-259,2.9957322735539913,3.955747127532959
z_residual_to_degree,0,test-260,1.0986122886681098,3.731269598007202
z_residual_to_degree,0,test-261,3.401197381662155,4.0802741050720215
z_residual_to_degree,0,test-262,2.995732273553991,3.4253451824188232
z_residual_to_degree,0,test-263,2.995732273553991,2.9325177669525146
z_residual_to_degree,0,test-264,4.1588830833596715,3.308032274246216
z_residual_to_degree,0,test-265,4.31748811353631,4.643239498138428
z_residual_to_degree,0,test-266,1.791759469228055,3.0589237213134766
z_residual_to_degree,0,test-267,2.0794415416798357,3.732050895690918
z_residual_to_degree,0,test-268,2.70805020110221,3.4922831058502197
z_residual_to_degree,0,test-269,6.476972362889683,3.3990049362182617
z_residual_to_degree,0,test-270,1.791759469228055,3.3956081867218018
z_residual_to_degree,0,test-271,3.044522437723423,3.3364415168762207
z_residual_to_degree,0,test-272,3.737669618283368,4.02640438079834
z_residual_to_degree,0,test-273,3.1780538303479453,3.2376768589019775
z_residual_to_degree,0,test-274,2.772588722239781,3.6059043407440186
z_residual_to_degree,0,test-275,2.70805020110221,3.356477975845337
z_residual_to_degree,0,test-276,2.0794415416798357,2.3817837238311768
z_residual_to_degree,0,test-277,3.332204510175204,4.753374099731445
z_residual_to_degree,0,test-278,5.220355825078324,3.4495580196380615
z_residual_to_degree,0,test-279,3.6635616461296463,3.7480645179748535
z_residual_to_degree,0,test-280,2.6390573296152584,2.4492647647857666
z_residual_to_degree,0,test-281,2.4849066497880004,3.036569833755493
z_residual_to_degree,0,test-282,3.9512437185814275,3.3439674377441406
z_residual_to_degree,0,test-283,2.995732273553991,3.641326427459717
z_residual_to_degree,0,test-284,1.6094379124341003,3.0347297191619873
z_residual_to_degree,0,test-285,2.70805020110221,2.857449531555176
z_residual_to_degree,0,test-286,6.461468176353717,3.484246253967285
z_residual_to_degree,0,test-287,3.044522437723423,2.8350186347961426
z_residual_to_degree,0,test-288,3.4965075614664807,3.662153482437134
z_residual_to_degree,0,test-289,4.499809670330265,3.317056179046631
z_residual_to_degree,0,test-290,2.8903717578961645,3.073225259780884
z_residual_to_degree,0,test-291,5.60947179518496,3.902068853378296
z_residual_to_degree,0,test-292,5.375278407684165,4.338614463806152
z_residual_to_degree,0,test-293,3.6888794541139367,3.789374351501465
z_residual_to_degree,0,test-294,2.1972245773362196,3.8224313259124756
z_residual_to_degree,0,test-295,2.3025850929940455,3.0843851566314697
z_residual_to_degree,0,test-296,3.7376696182833684,4.973094940185547
z_residual_to_degree,0,test-297,2.0794415416798357,3.2400190830230713
z_residual_to_degree,0,test-298,1.3862943611198906,3.0663139820098877
z_residual_to_degree,0,test-299,3.1780538303479453,3.906966209411621
z_residual_to_degree,0,test-300,2.995732273553991,3.6466050148010254
z_residual_to_degree,0,test-301,1.6094379124341003,3.454864025115967
z_residual_to_degree,0,test-302,2.4849066497880004,3.3823726177215576
z_residual_to_degree,0,test-303,2.0794415416798357,4.070431709289551
z_residual_to_degree,0,test-304,4.382026634673881,3.7904224395751953
z_residual_to_degree,0,test-305,3.332204510175204,2.8978371620178223
z_residual_to_degree,0,test-306,5.556828061699537,3.439342498779297
z_residual_to_degree,0,test-307,2.0794415416798357,3.3149852752685547
z_residual_to_degree,0,test-308,2.0794415416798357,2.9151930809020996
z_residual_to_degree,0,test-309,3.58351893845611,4.245755195617676
z_residual_to_degree,0,test-310,2.1972245773362196,3.939919948577881
z_residual_to_degree,0,test-311,3.8918202981106265,3.516963005065918
z_residual_to_degree,0,test-312,2.4849066497880004,2.9626288414001465
z_residual_to_degree,0,test-313,6.733401891837358,4.534562587738037
z_residual_to_degree,0,test-314,4.941642422609304,3.4862136840820312
z_residual_to_degree,0,test-315,1.9459101490553132,1.5178496837615967
z_residual_to_degree,0,test-316,2.8903717578961645,3.236448287963867
z_residual_to_degree,0,test-317,5.4116460518550396,3.271690607070923
z_residual_to_degree,0,test-318,3.332204510175204,2.8752264976501465
z_residual_to_degree,0,test-319,6.733401891837358,4.248190879821777
z_residual_to_degree,0,test-320,2.772588722239781,3.180027484893799
z_residual_to_degree,0,test-321,3.044522437723423,3.9006879329681396
z_residual_to_degree,0,test-322,2.995732273553991,2.971304416656494
z_residual_to_degree,0,test-323,0.6931471805599453,2.882801055908203
z_residual_to_degree,0,test-324,2.4849066497880004,3.917586088180542
z_residual_to_degree,0,test-325,2.772588722239781,3.426485061645508
z_residual_to_degree,0,test-326,3.091042453358316,3.551229953765869
z_residual_to_degree,0,test-327,3.401197381662156,3.1201727390289307
z_residual_to_degree,0,test-328,3.688879454113936,3.235741376876831
z_residual_to_degree,0,test-329,1.6094379124341003,3.2529726028442383
z_residual_to_degree,0,test-330,3.5553480614894135,3.3070497512817383
z_residual_to_degree,0,test-331,3.8712010109078907,3.8694212436676025
z_residual_to_degree,0,test-332,2.70805020110221,3.131124258041382
z_residual_to_degree,0,test-333,2.8903717578961645,1.6783359050750732
z_residual_to_degree,0,test-334,2.4849066497880004,3.3489911556243896
z_residual_to_degree,0,test-335,4.51085950651685,3.031046152114868
z_residual_to_degree,0,test-336,2.70805020110221,4.028266429901123
z_residual_to_degree,0,test-337,3.044522437723423,4.357750415802002
z_residual_to_degree,0,test-338,2.4849066497880004,3.7155768871307373
z_residual_to_degree,0,test-339,2.772588722239781,3.4503109455108643
z_residual_to_degree,0,test-340,4.143134726391533,3.5251636505126953
z_residual_to_degree,0,test-341,3.931825632724326,3.321645498275757
z_residual_to_degree,0,test-342,2.4849066497880004,4.788249969482422
z_residual_to_degree,0,test-343,4.787491742782047,4.1166768074035645
z_residual_to_degree,0,test-344,1.3862943611198906,3.7538371086120605
z_residual_to_degree,0,test-345,3.1780538303479453,3.7950706481933594
z_residual_to_degree,0,test-346,2.4849066497880004,3.0957186222076416
z_residual_to_degree,0,test-347,2.4849066497880004,3.4074416160583496
z_residual_to_degree,0,test-348,2.4849066497880004,2.8878583908081055
z_residual_to_degree,0,test-349,3.401197381662155,4.1576409339904785
z_residual_to_degree,0,test-350,2.8903717578961645,1.4241292476654053
z_residual_to_degree,0,test-351,3.1780538303479453,3.3173770904541016
z_residual_to_degree,0,test-352,1.3862943611198906,2.8794639110565186
z_residual_to_degree,0,test-353,4.882801922586371,7.392892360687256
z_residual_to_degree,0,test-354,4.23410650459726,3.443061113357544
z_residual_to_degree,0,test-355,5.6937321388027,3.83162260055542
z_residual_to_degree,0,test-356,0.6931471805599453,2.0647149085998535
z_residual_to_degree,0,test-357,1.791759469228055,2.0839133262634277
z_residual_to_degree,0,test-358,1.791759469228055,3.74560809135437
z_residual_to_degree,0,test-359,5.966146739123692,3.4719362258911133
z_residual_to_degree,0,test-360,3.4965075614664807,3.751060724258423
z_residual_to_degree,0,test-361,6.733401891837358,5.454277038574219
z_residual_to_degree,0,test-362,5.272999558563747,3.861845016479492
z_residual_to_degree,0,test-363,3.737669618283368,3.824021816253662
z_residual_to_degree,0,test-364,2.1972245773362196,3.9263384342193604
z_residual_to_degree,0,test-365,2.995732273553991,3.5821776390075684
z_residual_to_degree,0,test-366,1.3862943611198906,2.5262510776519775
z_residual_to_degree,0,test-367,6.327936783729195,1.3760099411010742
z_residual_to_degree,0,test-368,4.430816798843313,3.6010031700134277
z_residual_to_degree,0,test-369,0.0,1.623106837272644
z_residual_to_degree,0,test-370,2.6390573296152584,3.5332369804382324
z_residual_to_degree,0,test-371,1.6094379124341003,3.8545944690704346
z_residual_to_degree,0,test-372,2.4849066497880004,3.5919852256774902
z_residual_to_degree,0,test-373,3.465735902799726,3.9732232093811035
z_residual_to_degree,0,test-374,2.772588722239781,2.8655810356140137
z_residual_to_degree,0,test-375,2.70805020110221,2.9169232845306396
z_residual_to_degree,0,test-376,4.74493212836325,3.4727871417999268
z_residual_to_degree,0,test-377,2.4849066497880004,3.3019731044769287
z_residual_to_degree,0,test-378,3.332204510175204,3.522160053253174
z_residual_to_degree,0,test-379,2.4849066497880004,0.9251759052276611
z_residual_to_degree,0,test-380,2.8903717578961645,3.5188138484954834
z_residual_to_degree,0,test-381,2.3025850929940455,4.155109405517578
z_residual_to_degree,0,test-382,1.791759469228055,3.417121648788452
z_residual_to_degree,0,test-383,0.6931471805599453,1.773141860961914
z_residual_to_degree,0,test-384,4.276666119016055,4.318814277648926
z_residual_to_degree,0,test-385,1.791759469228055,3.7674190998077393
z_residual_to_degree,0,test-386,1.791759469228055,4.1487507820129395
z_residual_to_degree,0,test-387,2.0794415416798357,3.392526388168335
z_residual_to_degree,0,test-388,2.995732273553991,3.5417873859405518
z_residual_to_degree,0,test-389,2.0794415416798357,3.4367713928222656
z_residual_to_degree,0,test-390,3.044522437723423,2.8299591541290283
z_residual_to_degree,0,test-391,2.995732273553991,3.229102611541748
z_residual_to_degree,0,test-392,0.0,1.9130725860595703
z_residual_to_degree,0,test-393,1.3862943611198906,2.9719161987304688
z_residual_to_degree,0,test-394,2.3025850929940455,3.5622735023498535
z_residual_to_degree,0,test-395,3.295836866004329,3.3234453201293945
z_residual_to_degree,0,test-396,1.791759469228055,3.7377405166625977
z_residual_to_degree,0,test-397,3.4011973816621555,3.225416421890259
z_residual_to_degree,0,test-398,2.4849066497880004,3.7861413955688477
z_residual_to_degree,0,test-399,2.995732273553991,3.292691707611084
z_residual_to_degree,0,test-400,2.0794415416798357,3.7006940841674805
z_residual_to_degree,0,test-401,2.0794415416798357,3.2805492877960205
z_residual_to_degree,0,test-402,3.1780538303479453,3.3094520568847656
z_residual_to_degree,0,test-403,3.828641396489095,3.3790478706359863
z_residual_to_degree,0,test-404,4.90527477843843,3.811809539794922
z_residual_to_degree,0,test-405,1.791759469228055,1.9717098474502563
z_residual_to_degree,0,test-406,3.401197381662155,2.855706214904785
z_residual_to_degree,0,test-407,1.3862943611198906,3.096116304397583
z_residual_to_degree,0,test-408,2.8903717578961645,2.7322094440460205
z_residual_to_degree,0,test-409,4.276666119016055,3.7491655349731445
z_residual_to_degree,0,test-410,0.6931471805599453,3.327869176864624
z_residual_to_degree,0,test-411,3.5553480614894135,3.5743343830108643
z_residual_to_degree,0,test-412,2.8903717578961645,3.168333053588867
z_residual_to_degree,0,test-413,3.332204510175204,3.4646873474121094
z_residual_to_degree,0,test-414,5.342334251964811,3.3400535583496094
z_residual_to_degree,0,test-415,2.890371757896165,3.576627254486084
z_residual_to_degree,0,test-416,3.401197381662155,3.6351399421691895
z_residual_to_degree,0,test-417,3.091042453358316,3.7618534564971924
z_residual_to_degree,0,test-418,2.995732273553991,3.8071482181549072
z_residual_to_degree,0,test-419,3.401197381662155,3.45925235748291
z_residual_to_degree,0,test-420,4.787491742782046,4.126850128173828
z_residual_to_degree,0,test-421,4.430816798843313,3.6077404022216797
z_residual_to_degree,0,test-422,2.8903717578961645,2.9653701782226562
z_residual_to_degree,0,test-423,2.0794415416798357,3.1614885330200195
z_residual_to_degree,0,test-424,3.1780538303479458,3.5962729454040527
z_residual_to_degree,0,test-425,1.9459101490553132,2.4926609992980957
z_residual_to_degree,0,test-426,2.995732273553991,2.899176597595215
z_residual_to_degree,0,test-427,2.1972245773362196,3.8575096130371094
z_residual_to_degree,0,test-428,1.3862943611198906,3.047941207885742
z_residual_to_degree,0,test-429,3.401197381662156,4.2997050285339355
z_residual_to_degree,0,test-430,3.332204510175204,3.514308452606201
z_residual_to_degree,0,test-431,2.0794415416798357,3.2890732288360596
z_residual_to_degree,0,test-432,2.4849066497880004,2.919288396835327
z_residual_to_degree,0,test-433,3.6888794541139367,2.865825653076172
z_residual_to_degree,0,test-434,2.70805020110221,3.286463737487793
z_residual_to_degree,0,test-435,2.4849066497880004,3.035393238067627
z_residual_to_degree,0,test-436,4.718498871295095,4.060703277587891
z_residual_to_degree,0,test-437,5.634789603169249,3.93375563621521
z_residual_to_degree,0,test-438,4.68213122712422,3.645886182785034
z_residual_to_degree,0,test-439,1.791759469228055,3.2462944984436035
z_residual_to_degree,0,test-440,3.9889840465642745,3.3075504302978516
z_residual_to_degree,0,test-441,6.327936783729195,4.288345813751221
z_residual_to_degree,0,test-442,3.044522437723423,3.5713047981262207
z_residual_to_degree,0,test-443,2.70805020110221,2.935225486755371
z_residual_to_degree,0,test-444,1.0986122886681098,1.4819426536560059
z_residual_to_degree,0,test-445,2.995732273553991,3.071991205215454
z_residual_to_degree,0,test-446,2.772588722239781,3.342747688293457
z_residual_to_degree,0,test-447,2.995732273553991,3.24697208404541
z_residual_to_degree,0,test-448,1.791759469228055,1.9930460453033447
z_residual_to_degree,0,test-449,1.3862943611198906,3.075810670852661
z_residual_to_degree,0,test-450,2.4849066497880004,3.6082940101623535
z_residual_to_degree,0,test-451,7.50659178007084,4.161438465118408
z_residual_to_degree,0,test-452,3.951243718581427,3.482173204421997
z_residual_to_degree,0,test-453,3.5553480614894135,3.8804643154144287
z_residual_to_degree,0,test-454,2.70805020110221,2.6832404136657715
z_residual_to_degree,0,test-455,3.258096538021482,2.9677133560180664
z_residual_to_degree,0,test-456,5.634789603169249,4.533750534057617
z_residual_to_degree,0,test-457,0.6931471805599453,3.372250556945801
z_residual_to_degree,0,test-458,2.772588722239781,3.7505886554718018
z_residual_to_degree,0,test-459,3.401197381662156,3.3720765113830566
z_residual_to_degree,0,test-460,2.995732273553991,3.367403745651245
z_residual_to_degree,0,test-461,3.044522437723423,4.323825836181641
z_residual_to_degree,0,test-462,2.1972245773362196,1.48606538772583
z_residual_to_degree,0,test-463,1.791759469228055,2.946542978286743
z_residual_to_degree,0,test-464,3.1780538303479458,4.254064559936523
z_residual_to_degree,0,test-465,2.1972245773362196,1.5950140953063965
z_residual_to_degree,0,test-466,3.401197381662155,4.377406120300293
z_residual_to_degree,0,test-467,6.327936783729195,4.07282829284668
z_residual_to_degree,0,test-468,2.995732273553991,3.6897242069244385
z_residual_to_degree,0,test-469,3.044522437723423,2.9116358757019043
z_residual_to_degree,0,test-470,1.0986122886681098,2.526942014694214
z_residual_to_degree,0,test-471,3.401197381662155,3.1160452365875244
z_residual_to_degree,0,test-472,2.3025850929940455,2.8384439945220947
z_residual_to_degree,0,test-473,6.040254711277414,3.5394115447998047
z_residual_to_degree,0,test-474,4.90527477843843,3.4972567558288574
z_residual_to_degree,0,test-475,2.1972245773362196,4.104714393615723
z_residual_to_degree,0,test-476,2.0794415416798357,1.9786254167556763
z_residual_to_degree,0,test-477,2.8903717578961645,1.0301814079284668
z_residual_to_degree,0,test-478,3.1780538303479453,3.1678693294525146
z_residual_to_degree,0,test-479,2.995732273553991,3.005204200744629
z_residual_to_degree,0,test-480,4.276666119016055,3.337489604949951
z_residual_to_degree,0,test-481,2.4849066497880004,3.1179816722869873
z_residual_to_degree,0,test-482,3.295836866004329,3.4967076778411865
z_residual_to_degree,0,test-483,3.1780538303479453,3.0628626346588135
z_residual_to_degree,0,test-484,2.0794415416798357,4.05592679977417
z_residual_to_degree,0,test-485,3.332204510175204,2.9181506633758545
z_residual_to_degree,0,test-486,1.3862943611198906,3.2140512466430664
z_residual_to_degree,0,test-487,4.356708826689592,2.962190866470337
z_residual_to_degree,0,test-488,2.0794415416798357,2.3275928497314453
z_residual_to_degree,0,test-489,2.9957322735539913,4.1781792640686035
z_residual_to_degree,0,test-490,0.6931471805599453,4.402560710906982
z_residual_to_degree,0,test-491,2.0794415416798357,2.258671998977661
z_residual_to_degree,0,test-492,4.31748811353631,3.92146635055542
z_residual_to_degree,0,test-493,3.58351893845611,3.3842039108276367
z_residual_to_degree,0,test-494,0.0,3.193366289138794
z_residual_to_degree,0,test-495,5.272999558563747,3.87449049949646
z_residual_to_degree,0,test-496,1.791759469228055,3.651308298110962
z_residual_to_degree,0,test-497,3.7376696182833684,3.5209178924560547
z_residual_to_degree,0,test-498,2.4849066497880004,3.0907785892486572
z_residual_to_degree,0,test-499,3.8712010109078907,2.7746047973632812
z_residual_to_degree,0,test-500,6.040254711277414,1.312140703201294
z_residual_to_degree,0,test-501,3.332204510175204,3.9330086708068848
z_residual_to_degree,0,test-502,3.332204510175204,3.6802947521209717
z_residual_to_degree,0,test-503,4.700480365792417,3.583191394805908
z_residual_to_degree,0,test-504,4.499809670330265,3.3596954345703125
z_residual_to_degree,0,test-505,2.1972245773362196,3.038846015930176
z_residual_to_degree,0,test-506,3.688879454113936,3.7915546894073486
z_residual_to_degree,0,test-507,2.6390573296152584,3.8710074424743652
z_residual_to_degree,0,test-508,4.276666119016055,3.599853754043579
z_residual_to_degree,0,test-509,3.8712010109078907,3.7154197692871094
z_residual_to_degree,0,test-510,4.442651256490317,2.947343111038208
z_residual_to_degree,0,test-511,5.634789603169249,4.174604892730713
z_degree_to_cn_residual,0,test-0,0.4096507501383539,0.435638964176178
z_degree_to_cn_residual,0,test-1,-0.257133548881196,0.2859075665473938
z_degree_to_cn_residual,0,test-2,-0.026168497301778282,-0.024617627263069153
z_degree_to_cn_residual,0,test-3,-0.09682951278185134,0.10791639983654022
z_degree_to_cn_residual,0,test-4,1.030455039917754,0.09642772376537323
z_degree_to_cn_residual,0,test-5,-0.40617432960244304,0.3577631115913391
z_degree_to_cn_residual,0,test-6,1.072232465549153,-0.04334993660449982
z_degree_to_cn_residual,0,test-7,-0.17653506637630972,0.11089520156383514
z_degree_to_cn_residual,0,test-8,-0.09993231907971788,0.15283159911632538
z_degree_to_cn_residual,0,test-9,-0.361807736196368,0.22095875442028046
z_degree_to_cn_residual,0,test-10,0.834665253272179,0.14129476249217987
z_degree_to_cn_residual,0,test-11,0.6771872810461878,0.4296894669532776
z_degree_to_cn_residual,0,test-12,-0.0025667768776077267,0.04745130240917206
z_degree_to_cn_residual,0,test-13,0.0920452145115791,0.1964765042066574
z_degree_to_cn_residual,0,test-14,0.1059855857541714,0.06088666617870331
z_degree_to_cn_residual,0,test-15,0.6905804036823375,0.1089208573102951
z_degree_to_cn_residual,0,test-16,0.487417210290867,0.19465188682079315
z_degree_to_cn_residual,0,test-17,0.027598705190133088,0.10822419822216034
z_degree_to_cn_residual,0,test-18,-0.0025667768776077267,0.04745130240917206
z_degree_to_cn_residual,0,test-19,-0.09993231907971788,0.15283159911632538
z_degree_to_cn_residual,0,test-20,-0.0006908748283487874,0.05619530379772186
z_degree_to_cn_residual,0,test-21,0.37362887990278976,0.28745752573013306
z_degree_to_cn_residual,0,test-22,-0.26394703539593084,0.14129476249217987
z_degree_to_cn_residual,0,test-23,-0.001592483837966117,0.02243642508983612
z_degree_to_cn_residual,0,test-24,0.3252994169928626,0.22298698127269745
z_degree_to_cn_residual,0,test-25,-0.5320508010865779,0.49022895097732544
z_degree_to_cn_residual,0,test-26,0.6906105992764492,0.23764972388744354
z_degree_to_cn_residual,0,test-27,0.7790939880109542,0.28745752573013306
z_degree_to_cn_residual,0,test-28,0.5980680715538729,0.09741000831127167
z_degree_to_cn_residual,0,test-29,0.6893311186493629,0.1401834934949875
z_degree_to_cn_residual,0,test-30,0.6730018624542556,0.10981683433055878
z_degree_to_cn_residual,0,test-31,0.22033626837748216,0.004869386553764343
z_degree_to_cn_residual,0,test-32,-0.31403642712572494,0.32490283250808716
z_degree_to_cn_residual,0,test-33,0.6854469961951654,-0.012032225728034973
z_degree_to_cn_residual,0,test-34,-0.22552334649902314,0.29269152879714966
z_degree_to_cn_residual,0,test-35,-0.15981025222941134,0.38517647981643677
z_degree_to_cn_residual,0,test-36,-0.002483473901375505,0.33843499422073364
z_degree_to_cn_residual,0,test-37,-0.002536581283496064,0.23764972388744354
z_degree_to_cn_residual,0,test-38,0.011027840012221813,-0.04638548195362091
z_degree_to_cn_residual,0,test-39,-0.0025667768776077267,0.1089208573102951
z_degree_to_cn_residual,0,test-40,1.0655213517576338,0.13358621299266815
z_degree_to_cn_residual,0,test-41,0.33133944436357726,0.22095875442028046
z_degree_to_cn_residual,0,test-42,0.3907357061859718,0.5689433217048645
z_degree_to_cn_residual,0,test-43,-0.07427151148220186,0.17771892249584198
z_degree_to_cn_residual,0,test-44,1.1607710146208674,0.29269152879714966
z_degree_to_cn_residual,0,test-45,-0.0025667768776077267,0.04745130240917206
z_degree_to_cn_residual,0,test-46,0.12442211904305411,0.2377198189496994
z_degree_to_cn_residual,0,test-47,-0.002483473901375505,-0.002521231770515442
z_degree_to_cn_residual,0,test-48,0.5980680715538729,0.09741000831127167
z_degree_to_cn_residual,0,test-49,0.3907357061859718,0.5689433217048645
z_degree_to_cn_residual,0,test-50,0.3974001350710103,-0.07498855888843536
z_degree_to_cn_residual,0,test-51,0.5071241430143024,0.22770576179027557
z_degree_to_cn_residual,0,test-52,-0.5962537633065377,0.132677361369133
z_degree_to_cn_residual,0,test-53,-0.09507910900607243,0.09741000831127167
z_degree_to_cn_residual,0,test-54,-0.006401163194461921,0.11809496581554413
z_degree_to_cn_residual,0,test-55,-0.5779234037185782,-0.031420424580574036
z_degree_to_cn_residual,0,test-56,-0.09507910900607243,0.2633712887763977
z_degree_to_cn_residual,0,test-57,0.8783422192128343,-0.26581209897994995
z_degree_to_cn_residual,0,test-58,-0.4855470978437046,0.2634046673774719
z_degree_to_cn_residual,0,test-59,0.6904677205888524,0.10258083045482635
z_degree_to_cn_residual,0,test-60,-0.2474640255978244,0.3751245141029358
z_degree_to_cn_residual,0,test-61,-0.0022128532902202114,0.0485413521528244
z_degree_to_cn_residual,0,test-62,-0.0014682163898236727,-0.04952879250049591
z_degree_to_cn_residual,0,test-63,-0.002483473901375505,0.33843499422073364
z_degree_to_cn_residual,0,test-64,-0.18117393408101218,0.18183533847332
z_degree_to_cn_residual,0,test-65,1.0035331796620373,0.09741000831127167
z_degree_to_cn_residual,0,test-66,-0.003920084665472663,0.04305104911327362
z_degree_to_cn_residual,0,test-67,-0.003920084665472663,0.04305104911327362
z_degree_to_cn_residual,0,test-68,-0.5121098978044188,0.2592697739601135
z_degree_to_cn_residual,0,test-69,0.40889556438164,0.1259186714887619
z_degree_to_cn_residual,0,test-70,0.5071241430143024,0.22770576179027557
z_degree_to_cn_residual,0,test-71,0.34193555199200737,0.08624367415904999
z_degree_to_cn_residual,0,test-72,-0.0025667768776077267,0.1089208573102951
z_degree_to_cn_residual,0,test-73,-0.32077300936225667,0.13358621299266815
z_degree_to_cn_residual,0,test-74,-0.09507910900607243,0.2633712887763977
z_degree_to_cn_residual,0,test-75,0.9986799695883919,0.15283159911632538
z_degree_to_cn_residual,0,test-76,-0.001592483837966117,0.02243642508983612
z_degree_to_cn_residual,0,test-77,0.5932148614802274,0.15283159911632538
z_degree_to_cn_residual,0,test-78,-0.0017051669314512175,0.03470639884471893
z_degree_to_cn_residual,0,test-79,-0.0025667768776077267,0.1089208573102951
z_degree_to_cn_residual,0,test-80,0.6893311186493629,0.1401834934949875
z_degree_to_cn_residual,0,test-81,0.3267009706117635,0.06790952384471893
z_degree_to_cn_residual,0,test-82,1.066776060462735,0.28745752573013306
z_degree_to_cn_residual,0,test-83,-0.06306873591422772,-0.03398866951465607
z_degree_to_cn_residual,0,test-84,-0.3195190468888935,0.3914719223976135
z_degree_to_cn_residual,0,test-85,-0.257133548881196,0.2859075665473938
z_degree_to_cn_residual,0,test-86,0.3974001350710103,-0.07498855888843536
z_degree_to_cn_residual,0,test-87,-0.09507910900607243,0.2633712887763977
z_degree_to_cn_residual,0,test-88,-0.006401163194461921,0.11809496581554413
z_degree_to_cn_residual,0,test-89,-0.295747045488935,-0.07498855888843536
z_degree_to_cn_residual,0,test-90,-0.07427151148220186,0.17771892249584198
z_degree_to_cn_residual,0,test-91,-0.002679459971092827,0.10258083045482635
z_degree_to_cn_residual,0,test-92,0.5963176677780939,0.10791639983654022
z_degree_to_cn_residual,0,test-93,0.47287711110466973,-0.26581209897994995
z_degree_to_cn_residual,0,test-94,-0.07427151148220186,0.17771892249584198
z_degree_to_cn_residual,0,test-95,0.5634751272888399,0.2052796334028244
z_degree_to_cn_residual,0,test-96,-0.6219808875579942,-0.024537280201911926
z_degree_to_cn_residual,0,test-97,-0.0948206319924906,0.28825074434280396
z_degree_to_cn_residual,0,test-98,-0.002536581283496064,0.23764972388744354
z_degree_to_cn_residual,0,test-99,-0.09507910900607243,0.2633712887763977
z_degree_to_cn_residual,0,test-100,-0.3664462099481818,0.06790952384471893
z_degree_to_cn_residual,0,test-101,0.5980680715538729,0.2633712887763977
z_degree_to_cn_residual,0,test-102,0.03377005795343527,0.014526650309562683
z_degree_to_cn_residual,0,test-103,-0.15981025222941134,0.38517647981643677
z_degree_to_cn_residual,0,test-104,0.629186265886127,0.2869012951850891
z_degree_to_cn_residual,0,test-105,-0.001592483837966117,0.02243642508983612
z_degree_to_cn_residual,0,test-106,0.689862177614176,-0.008895590901374817
z_degree_to_cn_residual,0,test-107,-0.0025667768776077267,0.04745130240917206
z_degree_to_cn_residual,0,test-108,0.09689341725340761,0.132677361369133
z_degree_to_cn_residual,0,test-109,0.37911075343422035,0.32490283250808716
z_degree_to_cn_residual,0,test-110,-0.002679459971092827,0.10258083045482635
z_degree_to_cn_residual,0,test-111,-0.006236131996241855,0.07550935447216034
z_degree_to_cn_residual,0,test-112,0.4686965299979534,0.2259252518415451
z_degree_to_cn_residual,0,test-113,-0.4092811700187469,0.1401834934949875
z_degree_to_cn_residual,0,test-114,-0.0017051669314512175,0.03470639884471893
z_degree_to_cn_residual,0,test-115,0.6906637066585698,0.33843499422073364
z_degree_to_cn_residual,0,test-116,1.0402213320986424,-0.0032908469438552856
z_degree_to_cn_residual,0,test-117,0.6948211420213969,0.13384942710399628
z_degree_to_cn_residual,0,test-118,-0.2842516161783053,0.1259186714887619
z_degree_to_cn_residual,0,test-119,0.706182872391234,0.16630201041698456
z_degree_to_cn_residual,0,test-120,0.6188756690777434,0.17771892249584198
z_degree_to_cn_residual,0,test-121,0.5071241430143024,0.22770576179027557
z_degree_to_cn_residual,0,test-122,0.732166078719928,0.06790952384471893
z_degree_to_cn_residual,0,test-123,0.6905804036823375,0.1089208573102951
z_degree_to_cn_residual,0,test-124,-0.006401163194461921,0.11809496581554413
z_degree_to_cn_residual,0,test-125,-0.06396091467381823,0.2869012951850891
z_degree_to_cn_residual,0,test-126,1.0243407771859079,0.17771892249584198
z_degree_to_cn_residual,0,test-127,-0.0025667768776077267,0.1089208573102951
z_degree_to_cn_residual,0,test-128,-0.17653506637630972,0.11089520156383514
z_degree_to_cn_residual,0,test-129,0.006243055183185751,0.024810120463371277
z_degree_to_cn_residual,0,test-130,0.9125892511224669,0.22770576179027557
z_degree_to_cn_residual,0,test-131,0.5932148614802274,0.15283159911632538
z_degree_to_cn_residual,0,test-132,-0.4092811700187469,0.1401834934949875
z_degree_to_cn_residual,0,test-133,-0.3910899774469028,-0.029277995228767395
z_degree_to_cn_residual,0,test-134,-0.06396091467381823,0.2869012951850891
z_degree_to_cn_residual,0,test-135,0.5333369283305339,0.38517647981643677
z_degree_to_cn_residual,0,test-136,0.6893311186493629,0.1401834934949875
z_degree_to_cn_residual,0,test-137,-0.0022128532902202114,0.0485413521528244
z_degree_to_cn_residual,0,test-138,-0.4564122585269044,0.10673432052135468
z_degree_to_cn_residual,0,test-139,-0.0025667768776077267,0.1089208573102951
z_degree_to_cn_residual,0,test-140,-0.295747045488935,-0.07498855888843536
z_degree_to_cn_residual,0,test-141,0.7232900511466166,0.1413683146238327
z_degree_to_cn_residual,0,test-142,-0.09507910900607243,0.2633712887763977
z_degree_to_cn_residual,0,test-143,-0.002679459971092827,0.10258083045482635
z_degree_to_cn_residual,0,test-144,-0.15981025222941134,0.38517647981643677
z_degree_to_cn_residual,0,test-145,-0.020145318105689636,0.10981683433055878
z_degree_to_cn_residual,0,test-146,0.37362887990278976,0.28745752573013306
z_degree_to_cn_residual,0,test-147,-0.295747045488935,-0.07498855888843536
z_degree_to_cn_residual,0,test-148,0.09689341725340761,0.132677361369133
z_degree_to_cn_residual,0,test-149,-0.2842516161783053,0.1259186714887619
z_degree_to_cn_residual,0,test-150,-0.21219425699455913,0.2593684792518616
z_degree_to_cn_residual,0,test-151,0.5634751272888399,-0.08468170464038849
z_degree_to_cn_residual,0,test-152,-0.011174017424812204,-0.003945067524909973
z_degree_to_cn_residual,0,test-153,0.2564389628481294,0.0973546952009201
z_degree_to_cn_residual,0,test-154,0.6904677205888524,0.10258083045482635
z_degree_to_cn_residual,0,test-155,-0.002536581283496064,0.23764972388744354
z_degree_to_cn_residual,0,test-156,1.2131515730483942,0.03516201674938202
z_degree_to_cn_residual,0,test-157,-0.11159319800623856,0.2388012856245041
z_degree_to_cn_residual,0,test-158,-0.002483473901375505,-0.002521231770515442
z_degree_to_cn_residual,0,test-159,0.5980680715538729,0.2633712887763977
z_degree_to_cn_residual,0,test-160,-0.006236131996241855,0.07790116965770721
z_degree_to_cn_residual,0,test-161,-0.0017051669314512175,0.03470639884471893
z_degree_to_cn_residual,0,test-162,0.5980680715538729,0.09741000831127167
z_degree_to_cn_residual,0,test-163,-0.0025667768776077267,0.1089208573102951
z_degree_to_cn_residual,0,test-164,0.30205720311304246,-0.029277995228767395
z_degree_to_cn_residual,0,test-165,-0.001592483837966117,0.02243642508983612
z_degree_to_cn_residual,0,test-166,-0.3678477635670827,0.22298698127269745
z_degree_to_cn_residual,0,test-167,-0.5737341020377579,0.11136321723461151
z_degree_to_cn_residual,0,test-168,0.3252994169928626,0.22298698127269745
z_degree_to_cn_residual,0,test-169,-0.0025667768776077267,0.1089208573102951
z_degree_to_cn_residual,0,test-170,-0.002679459971092827,0.10258083045482635
z_degree_to_cn_residual,0,test-171,0.5694612141469256,-0.2903057932853699
z_degree_to_cn_residual,0,test-172,-0.0017051669314512175,0.03470639884471893
z_degree_to_cn_residual,0,test-173,-0.07427151148220186,0.17771892249584198
z_degree_to_cn_residual,0,test-174,1.1880129048121781,0.4296894669532776
z_degree_to_cn_residual,0,test-175,0.8125602590821327,0.11136321723461151
z_degree_to_cn_residual,0,test-176,-0.10231614743923174,0.11015443503856659
z_degree_to_cn_residual,0,test-177,0.027598705190133088,0.10822419822216034
z_degree_to_cn_residual,0,test-178,-0.31951830065715553,0.28745752573013306
z_degree_to_cn_residual,0,test-179,-0.0017051669314512175,0.03470639884471893
z_degree_to_cn_residual,0,test-180,-0.007700184364779972,-0.012032225728034973
z_degree_to_cn_residual,0,test-181,-0.31403642712572494,0.32490283250808716
z_degree_to_cn_residual,0,test-182,-0.31951830065715553,0.28745752573013306
z_degree_to_cn_residual,0,test-183,-0.002483473901375505,-0.002521231770515442
z_degree_to_cn_residual,0,test-184,0.2690154096687156,0.011437222361564636
z_degree_to_cn_residual,0,test-185,-0.295747045488935,-0.07498855888843536
z_degree_to_cn_residual,0,test-186,1.1223473257239598,0.14129476249217987
z_degree_to_cn_residual,0,test-187,-0.295747045488935,-0.07498855888843536
z_degree_to_cn_residual,0,test-188,-0.07427151148220186,0.17771892249584198
z_degree_to_cn_residual,0,test-189,-0.06396091467381823,0.2869012951850891
z_degree_to_cn_residual,0,test-190,0.5980680715538729,0.2633712887763977
z_degree_to_cn_residual,0,test-191,-0.002679459971092827,0.10258083045482635
z_degree_to_cn_residual,0,test-192,0.5932148614802274,0.15283159911632538
z_degree_to_cn_residual,0,test-193,-0.18602303754564287,0.22770576179027557
z_degree_to_cn_residual,0,test-194,-0.007700184364779972,-0.012032225728034973
z_degree_to_cn_residual,0,test-195,0.18103728275552644,0.2592697739601135
z_degree_to_cn_residual,0,test-196,-0.3419557546295762,0.48127251863479614
z_degree_to_cn_residual,0,test-197,-0.07427151148220186,0.17771892249584198
z_degree_to_cn_residual,0,test-198,-0.1325756172494532,0.13822393119335175
z_degree_to_cn_residual,0,test-199,-0.001592483837966117,0.02243642508983612
z_degree_to_cn_residual,0,test-200,-0.001592483837966117,0.02243642508983612
z_degree_to_cn_residual,0,test-201,-0.001592483837966117,0.02243642508983612
z_degree_to_cn_residual,0,test-202,-0.09993231907971788,0.15283159911632538
z_degree_to_cn_residual,0,test-203,-0.07427151148220186,0.17771892249584198
z_degree_to_cn_residual,0,test-204,0.6867460173654834,0.11809496581554413
z_degree_to_cn_residual,0,test-205,-0.06396091467381823,0.2869012951850891
z_degree_to_cn_residual,0,test-206,-0.31403642712572494,0.32490283250808716
z_degree_to_cn_residual,0,test-207,0.25559953693839854,0.1289680451154709
z_degree_to_cn_residual,0,test-208,-0.3512116285679379,0.08624367415904999
z_degree_to_cn_residual,0,test-209,0.44701726623712135,0.007691547274589539
z_degree_to_cn_residual,0,test-210,0.27064323153028624,0.21456818282604218
z_degree_to_cn_residual,0,test-211,0.9986799695883919,0.15283159911632538
z_degree_to_cn_residual,0,test-212,-0.015324816569887118,0.27309781312942505
z_degree_to_cn_residual,0,test-213,-0.002483473901375505,0.33843499422073364
z_degree_to_cn_residual,0,test-214,0.707522311221207,-0.029277995228767395
z_degree_to_cn_residual,0,test-215,-0.002679459971092827,0.10258083045482635
z_degree_to_cn_residual,0,test-216,-0.0025667768776077267,0.04745130240917206
z_degree_to_cn_residual,0,test-217,0.6905804036823375,0.1089208573102951
z_degree_to_cn_residual,0,test-218,-0.09993231907971788,0.15283159911632538
z_degree_to_cn_residual,0,test-219,-0.3664462099481818,0.06790952384471893
z_degree_to_cn_residual,0,test-220,-0.007796294345678415,0.07022790610790253
z_degree_to_cn_residual,0,test-221,-0.18602303754564287,0.22770576179027557
z_degree_to_cn_residual,0,test-222,-0.002679459971092827,0.10258083045482635
z_degree_to_cn_residual,0,test-223,-0.20673482910021176,0.21032015979290009
z_degree_to_cn_residual,0,test-224,-0.002483473901375505,-0.002521231770515442
z_degree_to_cn_residual,0,test-225,0.8028652431791747,-0.07498855888843536
z_degree_to_cn_residual,0,test-226,-0.002679459971092827,0.10258083045482635
z_degree_to_cn_residual,0,test-227,0.9388020364386984,0.38517647981643677
z_degree_to_cn_residual,0,test-228,-0.0025667768776077267,0.1089208573102951
z_degree_to_cn_residual,0,test-229,-0.06396091467381823,0.2869012951850891
z_degree_to_cn_residual,0,test-230,0.5634751272888399,0.2052796334028244
z_degree_to_cn_residual,0,test-231,-0.34185746108770393,0.40057045221328735
z_degree_to_cn_residual,0,test-232,0.5836835270942388,0.23651723563671112
z_degree_to_cn_residual,0,test-233,-0.0017051669314512175,-0.039289191365242004
z_degree_to_cn_residual,0,test-234,-0.3664462099481818,0.06790952384471893
z_degree_to_cn_residual,0,test-235,0.5963176677780939,0.10791639983654022
z_degree_to_cn_residual,0,test-236,-0.09507910900607243,0.09741000831127167
z_degree_to_cn_residual,0,test-237,-0.09993231907971788,0.15283159911632538
z_degree_to_cn_residual,0,test-238,1.1098178970570212,0.05979470908641815
z_degree_to_cn_residual,0,test-239,0.09689341725340761,0.132677361369133
z_degree_to_cn_residual,0,test-240,-0.0025667768776077267,0.04745130240917206
z_degree_to_cn_residual,0,test-241,-0.003920084665472663,0.04305104911327362
z_degree_to_cn_residual,0,test-242,1.0035331796620373,0.09741000831127167
z_degree_to_cn_residual,0,test-243,0.629186265886127,0.2869012951850891
z_degree_to_cn_residual,0,test-244,-0.09993231907971788,0.15283159911632538
z_degree_to_cn_residual,0,test-245,0.5980680715538729,0.2633712887763977
z_degree_to_cn_residual,0,test-246,-0.6011019660483662,0.1964765042066574
z_degree_to_cn_residual,0,test-247,-0.0025667768776077267,0.1089208573102951
z_degree_to_cn_residual,0,test-248,-0.40617432960244304,0.3577631115913391
z_degree_to_cn_residual,0,test-249,-0.32077300936225667,0.13358621299266815
z_degree_to_cn_residual,0,test-250,-0.0017051669314512175,0.03470639884471893
z_degree_to_cn_residual,0,test-251,0.027598705190133088,0.10822419822216034
z_degree_to_cn_residual,0,test-252,-0.31951830065715553,0.28745752573013306
z_degree_to_cn_residual,0,test-253,-0.09507910900607243,0.2633712887763977
z_degree_to_cn_residual,0,test-254,-0.006401163194461921,0.11809496581554413
z_degree_to_cn_residual,0,test-255,-0.2608500763576425,0.23012451827526093
z_degree_to_cn_residual,0,test-256,-0.002483473901375505,-0.002521231770515442
z_degree_to_cn_residual,0,test-257,0.16442497939224665,-0.05368061363697052
z_degree_to_cn_residual,0,test-258,0.8561659193103136,0.3142896294593811
z_degree_to_cn_residual,0,test-259,-0.002709528290634796,0.07120995223522186
z_degree_to_cn_residual,0,test-260,-0.001592483837966117,0.02243642508983612
z_degree_to_cn_residual,0,test-261,0.42920014516401445,0.14129476249217987
z_degree_to_cn_residual,0,test-262,0.9125892511224669,0.22770576179027557
z_degree_to_cn_residual,0,test-263,-0.18602303754564287,0.22770576179027557
z_degree_to_cn_residual,0,test-264,-0.32690411934740055,0.08850698173046112
z_degree_to_cn_residual,0,test-265,-0.4564122585269044,0.10673432052135468
z_degree_to_cn_residual,0,test-266,0.6905804036823375,0.1089208573102951
z_degree_to_cn_residual,0,test-267,0.6904677205888524,0.10258083045482635
z_degree_to_cn_residual,0,test-268,-0.09507910900607243,0.2633712887763977
z_degree_to_cn_residual,0,test-269,0.5380768797364144,-0.1794242411851883
z_degree_to_cn_residual,0,test-270,-0.0025667768776077267,0.1089208573102951
z_degree_to_cn_residual,0,test-271,0.9986799695883919,0.15283159911632538
z_degree_to_cn_residual,0,test-272,0.26383524768033195,0.1069977730512619
z_degree_to_cn_residual,0,test-273,0.4676238340609221,0.29269152879714966
z_degree_to_cn_residual,0,test-274,0.5333369283305339,0.38517647981643677
z_degree_to_cn_residual,0,test-275,-0.09507910900607243,0.2633712887763977
z_degree_to_cn_residual,0,test-276,-0.0022128532902202114,0.029990479350090027
z_degree_to_cn_residual,0,test-277,-0.295747045488935,-0.07498855888843536
z_degree_to_cn_residual,0,test-278,0.4322971042023028,0.22346000373363495
z_degree_to_cn_residual,0,test-279,0.5166121141836355,0.11089520156383514
z_degree_to_cn_residual,0,test-280,-0.006401163194461921,0.11809496581554413
z_degree_to_cn_residual,0,test-281,1.0243407771859079,0.17771892249584198
z_degree_to_cn_residual,0,test-282,-0.005713782933315264,-0.03832979500293732
z_degree_to_cn_residual,0,test-283,-0.18602303754564287,0.22770576179027557
z_degree_to_cn_residual,0,test-284,-0.0017051669314512175,-0.06616564095020294
z_degree_to_cn_residual,0,test-285,-0.09507910900607243,0.2633712887763977
z_degree_to_cn_residual,0,test-286,1.3462860490699626,-0.13369913399219513
z_degree_to_cn_residual,0,test-287,-0.09993231907971788,0.15283159911632538
z_degree_to_cn_residual,0,test-288,0.5553068786375152,0.21272461116313934
z_degree_to_cn_residual,0,test-289,0.2249532936470302,0.021154209971427917
z_degree_to_cn_residual,0,test-290,0.5980680715538729,0.09741000831127167
z_degree_to_cn_residual,0,test-291,0.5481549764268495,-0.09099335968494415
z_degree_to_cn_residual,0,test-292,-0.8168566785177598,-0.08286507427692413
z_degree_to_cn_residual,0,test-293,0.33133944436357726,0.22095875442028046
z_degree_to_cn_residual,0,test-294,0.629186265886127,0.2869012951850891
z_degree_to_cn_residual,0,test-295,0.6906105992764492,0.23764972388744354
z_degree_to_cn_residual,0,test-296,-0.0013809592565058647,-0.061480239033699036
z_degree_to_cn_residual,0,test-297,-0.0022128532902202114,0.029990479350090027
z_degree_to_cn_residual,0,test-298,0.6906637066585698,0.33843499422073364
z_degree_to_cn_residual,0,test-299,-0.22552334649902314,0.29269152879714966
z_degree_to_cn_residual,0,test-300,0.5071241430143024,0.22770576179027557
z_degree_to_cn_residual,0,test-301,-0.0017051669314512175,-0.06616564095020294
z_degree_to_cn_residual,0,test-302,0.6188756690777434,0.17771892249584198
z_degree_to_cn_residual,0,test-303,-0.002679459971092827,0.10258083045482635
z_degree_to_cn_residual,0,test-304,-0.3011881021227526,0.3403492569923401
z_degree_to_cn_residual,0,test-305,0.3974001350710103,-0.07498855888843536
z_degree_to_cn_residual,0,test-306,0.5966030812834874,-0.139811709523201
z_degree_to_cn_residual,0,test-307,-0.002679459971092827,0.10258083045482635
z_degree_to_cn_residual,0,test-308,0.6904677205888524,0.10258083045482635
z_degree_to_cn_residual,0,test-309,0.511973246478933,0.18183533847332
z_degree_to_cn_residual,0,test-310,-0.06396091467381823,0.2869012951850891
z_degree_to_cn_residual,0,test-311,0.8880287062152161,0.02059440314769745
z_degree_to_cn_residual,0,test-312,0.000550437072462336,-0.013355925679206848
z_degree_to_cn_residual,0,test-313,0.4185007999394532,0.16630201041698456
z_degree_to_cn_residual,0,test-314,0.12442211904305411,0.2377198189496994
z_degree_to_cn_residual,0,test-315,-0.0009230486758283437,-0.007193282246589661
z_degree_to_cn_residual,0,test-316,0.5980680715538729,0.09741000831127167
z_degree_to_cn_residual,0,test-317,0.6253649081462749,0.03516201674938202
z_degree_to_cn_residual,0,test-318,-0.295747045488935,-0.07498855888843536
z_degree_to_cn_residual,0,test-319,0.4185007999394532,0.16630201041698456
z_degree_to_cn_residual,0,test-320,-0.15981025222941134,0.38517647981643677
z_degree_to_cn_residual,0,test-321,-0.09993231907971788,0.15283159911632538
z_degree_to_cn_residual,0,test-322,0.5071241430143024,0.22770576179027557
z_degree_to_cn_residual,0,test-323,-0.0025667768776077267,0.04745130240917206
z_degree_to_cn_residual,0,test-324,-0.07427151148220186,0.17771892249584198
z_degree_to_cn_residual,0,test-325,0.5333369283305339,0.38517647981643677
z_degree_to_cn_residual,0,test-326,-0.002709528290634796,-0.01606316864490509
z_degree_to_cn_residual,0,test-327,-0.12967205327110548,0.2052796334028244
z_degree_to_cn_residual,0,test-328,-0.4092811700187469,0.1401834934949875
z_degree_to_cn_residual,0,test-329,-0.0017051669314512175,-0.06616564095020294
z_degree_to_cn_residual,0,test-330,1.0184465975528079,0.22298698127269745
z_degree_to_cn_residual,0,test-331,-0.2930939733738713,0.15394000709056854
z_degree_to_cn_residual,0,test-332,-0.007796294345678415,0.07022790610790253
z_degree_to_cn_residual,0,test-333,-0.006236131996241855,0.07550935447216034
z_degree_to_cn_residual,0,test-334,-0.003920084665472663,0.04305104911327362
z_degree_to_cn_residual,0,test-335,1.108891999074218,0.13407902419567108
z_degree_to_cn_residual,0,test-336,-0.09507910900607243,0.2633712887763977
z_degree_to_cn_residual,0,test-337,0.5932148614802274,0.15283159911632538
z_degree_to_cn_residual,0,test-338,0.6188756690777434,0.17771892249584198
z_degree_to_cn_residual,0,test-339,0.5333369283305339,0.38517647981643677
z_degree_to_cn_residual,0,test-340,0.9300387057397879,0.2769179940223694
z_degree_to_cn_residual,0,test-341,0.48095292356538616,0.2593684792518616
z_degree_to_cn_residual,0,test-342,-0.07427151148220186,0.17771892249584198
z_degree_to_cn_residual,0,test-343,-0.43015367383143543,0.34605127573013306
z_degree_to_cn_residual,0,test-344,-0.002483473901375505,0.33843499422073364
z_degree_to_cn_residual,0,test-345,0.5963176677780939,0.10791639983654022
z_degree_to_cn_residual,0,test-346,0.6188756690777434,0.17771892249584198
z_degree_to_cn_residual,0,test-347,0.6188756690777434,0.17771892249584198
z_degree_to_cn_residual,0,test-348,0.6188756690777434,0.17771892249584198
z_degree_to_cn_residual,0,test-349,-0.26394703539593084,0.14129476249217987
z_degree_to_cn_residual,0,test-350,-0.006236131996241855,0.07550935447216034
z_degree_to_cn_residual,0,test-351,-0.22552334649902314,0.29269152879714966
z_degree_to_cn_residual,0,test-352,-0.002483473901375505,0.33843499422073364
z_degree_to_cn_residual,0,test-353,0.6730018624542556,0.10981683433055878
z_degree_to_cn_residual,0,test-354,-0.17162295933884167,0.22697047889232635
z_degree_to_cn_residual,0,test-355,-0.5908559921618184,0.06310372054576874
z_degree_to_cn_residual,0,test-356,-0.0025667768776077267,0.04745130240917206
z_degree_to_cn_residual,0,test-357,-0.0025667768776077267,0.1089208573102951
z_degree_to_cn_residual,0,test-358,-0.0025667768776077267,0.1089208573102951
z_degree_to_cn_residual,0,test-359,-0.02637982311895648,-0.04334993660449982
z_degree_to_cn_residual,0,test-360,-0.1378403019224301,0.21272461116313934
z_degree_to_cn_residual,0,test-361,0.4185007999394532,0.16630201041698456
z_degree_to_cn_residual,0,test-362,-0.31852856519640793,0.20601873099803925
z_degree_to_cn_residual,0,test-363,0.26383524768033195,0.1069977730512619
z_degree_to_cn_residual,0,test-364,-0.06396091467381823,0.2869012951850891
z_degree_to_cn_residual,0,test-365,-0.18602303754564287,0.22770576179027557
z_degree_to_cn_residual,0,test-366,-0.0017051669314512175,0.03470639884471893
z_degree_to_cn_residual,0,test-367,-0.5962537633065377,0.132677361369133
z_degree_to_cn_residual,0,test-368,1.0444369000321867,0.40057045221328735
z_degree_to_cn_residual,0,test-369,-0.002483473901375505,-0.002521231770515442
z_degree_to_cn_residual,0,test-370,0.6867460173654834,0.11809496581554413
z_degree_to_cn_residual,0,test-371,-0.0017051669314512175,-0.06616564095020294
z_degree_to_cn_residual,0,test-372,0.6188756690777434,0.17771892249584198
z_degree_to_cn_residual,0,test-373,-0.31951830065715553,0.28745752573013306
z_degree_to_cn_residual,0,test-374,0.5333369283305339,0.38517647981643677
z_degree_to_cn_residual,0,test-375,0.5980680715538729,0.2633712887763977
z_degree_to_cn_residual,0,test-376,0.0920452145115791,0.1964765042066574
z_degree_to_cn_residual,0,test-377,-0.003920084665472663,0.04305104911327362
z_degree_to_cn_residual,0,test-378,-0.295747045488935,-0.07498855888843536
z_degree_to_cn_residual,0,test-379,-0.003920084665472663,0.04305104911327362
z_degree_to_cn_residual,0,test-380,0.5980680715538729,0.09741000831127167
z_degree_to_cn_residual,0,test-381,0.6906105992764492,0.23764972388744354
z_degree_to_cn_residual,0,test-382,-0.0025667768776077267,0.1089208573102951
z_degree_to_cn_residual,0,test-383,-0.0025667768776077267,0.04745130240917206
z_degree_to_cn_residual,0,test-384,-0.018078891203757413,0.172899529337883
z_degree_to_cn_residual,0,test-385,-0.0025667768776077267,0.1089208573102951
z_degree_to_cn_residual,0,test-386,-0.0025667768776077267,0.1089208573102951
z_degree_to_cn_residual,0,test-387,0.6904677205888524,0.10258083045482635
z_degree_to_cn_residual,0,test-388,0.5071241430143024,0.22770576179027557
z_degree_to_cn_residual,0,test-389,-0.002679459971092827,0.10258083045482635
z_degree_to_cn_residual,0,test-390,0.5932148614802274,0.15283159911632538
z_degree_to_cn_residual,0,test-391,0.5071241430143024,0.22770576179027557
z_degree_to_cn_residual,0,test-392,-0.002483473901375505,-0.002521231770515442
z_degree_to_cn_residual,0,test-393,-0.0017051669314512175,0.03470639884471893
z_degree_to_cn_residual,0,test-394,-0.002536581283496064,0.23764972388744354
z_degree_to_cn_residual,0,test-395,0.5634751272888399,-0.08468170464038849
z_degree_to_cn_residual,0,test-396,-0.0025667768776077267,0.1089208573102951
z_degree_to_cn_residual,0,test-397,-0.011174017424812204,-0.003945067524909973
z_degree_to_cn_residual,0,test-398,-0.003920084665472663,0.04305104911327362
z_degree_to_cn_residual,0,test-399,-0.18602303754564287,0.22770576179027557
z_degree_to_cn_residual,0,test-400,0.6904677205888524,0.10258083045482635
z_degree_to_cn_residual,0,test-401,0.6904677205888524,0.10258083045482635
z_degree_to_cn_residual,0,test-402,0.5963176677780939,0.10791639983654022
z_degree_to_cn_residual,0,test-403,-0.00961734087375331,-0.17523355782032013
z_degree_to_cn_residual,0,test-404,0.18103728275552644,0.2592697739601135
z_degree_to_cn_residual,0,test-405,-0.0017051669314512175,-0.039289191365242004
z_degree_to_cn_residual,0,test-406,-0.26394703539593084,0.14129476249217987
z_degree_to_cn_residual,0,test-407,0.6906637066585698,0.33843499422073364
z_degree_to_cn_residual,0,test-408,-0.006236131996241855,0.07550935447216034
z_degree_to_cn_residual,0,test-409,0.6750682893561879,0.172899529337883
z_degree_to_cn_residual,0,test-410,-0.0025667768776077267,0.04745130240917206
z_degree_to_cn_residual,0,test-411,-0.3678477635670827,0.22298698127269745
z_degree_to_cn_residual,0,test-412,1.0035331796620373,0.09741000831127167
z_degree_to_cn_residual,0,test-413,0.3974001350710103,-0.07498855888843536
z_degree_to_cn_residual,0,test-414,0.14484892926646498,-0.10209818184375763
z_degree_to_cn_residual,0,test-415,0.6904376522693105,0.10249786078929901
z_degree_to_cn_residual,0,test-416,0.42920014516401445,0.14129476249217987
z_degree_to_cn_residual,0,test-417,-0.002709528290634796,-0.01606316864490509
z_degree_to_cn_residual,0,test-418,-0.18602303754564287,0.22770576179027557
z_degree_to_cn_residual,0,test-419,0.42920014516401445,0.14129476249217987
z_degree_to_cn_residual,0,test-420,-0.10534341095846705,0.35636836290359497
z_degree_to_cn_residual,0,test-421,-0.34185746108770393,0.40057045221328735
z_degree_to_cn_residual,0,test-422,0.5980680715538729,0.09741000831127167
z_degree_to_cn_residual,0,test-423,-0.002679459971092827,0.10258083045482635
z_degree_to_cn_residual,0,test-424,0.6924563057315964,0.05619530379772186
z_degree_to_cn_residual,0,test-425,-0.0009230486758283437,-0.007193282246589661
z_degree_to_cn_residual,0,test-426,1.2002713235742477,0.22770576179027557
z_degree_to_cn_residual,0,test-427,-0.06396091467381823,0.2869012951850891
z_degree_to_cn_residual,0,test-428,0.6906637066585698,0.33843499422073364
z_degree_to_cn_residual,0,test-429,-0.12967205327110548,0.2052796334028244
z_degree_to_cn_residual,0,test-430,0.002865332104051953,0.05070523917675018
z_degree_to_cn_residual,0,test-431,-0.002679459971092827,0.10258083045482635
z_degree_to_cn_residual,0,test-432,-0.07427151148220186,0.17771892249584198
z_degree_to_cn_residual,0,test-433,0.33133944436357726,0.22095875442028046
z_degree_to_cn_residual,0,test-434,0.5980680715538729,0.2633712887763977
z_degree_to_cn_residual,0,test-435,0.6892270958944726,0.04305104911327362
z_degree_to_cn_residual,0,test-436,0.027598705190133088,0.10822419822216034
z_degree_to_cn_residual,0,test-437,0.6288411122804236,-0.06011171638965607
z_degree_to_cn_residual,0,test-438,-0.1278380797400702,0.16094045341014862
z_degree_to_cn_residual,0,test-439,-0.0025667768776077267,0.1089208573102951
z_degree_to_cn_residual,0,test-440,0.9007472632761859,0.2634046673774719
z_degree_to_cn_residual,0,test-441,0.09689341725340761,0.132677361369133
z_degree_to_cn_residual,0,test-442,0.9986799695883919,0.15283159911632538
z_degree_to_cn_residual,0,test-443,1.0035331796620373,0.2633712887763977
z_degree_to_cn_residual,0,test-444,-0.001592483837966117,0.02243642508983612
z_degree_to_cn_residual,0,test-445,1.2002713235742477,0.22770576179027557
z_degree_to_cn_residual,0,test-446,0.9388020364386984,0.38517647981643677
z_degree_to_cn_residual,0,test-447,0.9125892511224669,0.22770576179027557
z_degree_to_cn_residual,0,test-448,-0.0017051669314512175,-0.039289191365242004
z_degree_to_cn_residual,0,test-449,0.6906637066585698,0.33843499422073364
z_degree_to_cn_residual,0,test-450,0.6188756690777434,0.17771892249584198
z_degree_to_cn_residual,0,test-451,-0.6219808875579942,-0.024537280201911926
z_degree_to_cn_residual,0,test-452,-0.32077300936225667,0.13358621299266815
z_degree_to_cn_residual,0,test-453,0.7307645251010271,0.22298698127269745
z_degree_to_cn_residual,0,test-454,-0.09507910900607243,0.2633712887763977
z_degree_to_cn_residual,0,test-455,0.6930446040093127,0.07646207511425018
z_degree_to_cn_residual,0,test-456,-0.06430606827952172,-0.06011171638965607
z_degree_to_cn_residual,0,test-457,-0.0025667768776077267,0.04745130240917206
z_degree_to_cn_residual,0,test-458,-0.15981025222941134,0.38517647981643677
z_degree_to_cn_residual,0,test-459,0.5634751272888399,0.2052796334028244
z_degree_to_cn_residual,0,test-460,0.9125892511224669,0.22770576179027557
z_degree_to_cn_residual,0,test-461,0.5932148614802274,0.15283159911632538
z_degree_to_cn_residual,0,test-462,-0.0022128532902202114,0.0485413521528244
z_degree_to_cn_residual,0,test-463,0.6905804036823375,0.1089208573102951
z_degree_to_cn_residual,0,test-464,0.6924563057315964,0.05619530379772186
z_degree_to_cn_residual,0,test-465,-0.0022128532902202114,0.0485413521528244
z_degree_to_cn_residual,0,test-466,0.42920014516401445,0.14129476249217987
z_degree_to_cn_residual,0,test-467,0.5023585253615721,0.132677361369133
z_degree_to_cn_residual,0,test-468,-0.18602303754564287,0.22770576179027557
z_degree_to_cn_residual,0,test-469,-0.09993231907971788,0.15283159911632538
z_degree_to_cn_residual,0,test-470,-0.001592483837966117,0.02243642508983612
z_degree_to_cn_residual,0,test-471,0.42920014516401445,0.14129476249217987
z_degree_to_cn_residual,0,test-472,-0.002536581283496064,0.23764972388744354
z_degree_to_cn_residual,0,test-473,0.3907357061859718,0.5689433217048645
z_degree_to_cn_residual,0,test-474,0.18103728275552644,0.2592697739601135
z_degree_to_cn_residual,0,test-475,0.629186265886127,0.2869012951850891
z_degree_to_cn_residual,0,test-476,-0.002679459971092827,0.10258083045482635
z_degree_to_cn_residual,0,test-477,-0.09507910900607243,0.09741000831127167
z_degree_to_cn_residual,0,test-478,0.5963176677780939,0.10791639983654022
z_degree_to_cn_residual,0,test-479,0.5071241430143024,0.22770576179027557
z_degree_to_cn_residual,0,test-480,0.7232900511466166,0.1413683146238327
z_degree_to_cn_residual,0,test-481,-0.003920084665472663,0.04305104911327362
z_degree_to_cn_residual,0,test-482,0.5634751272888399,-0.08468170464038849
z_degree_to_cn_residual,0,test-483,0.4676238340609221,0.29269152879714966
z_degree_to_cn_residual,0,test-484,-0.002679459971092827,0.10258083045482635
z_degree_to_cn_residual,0,test-485,-0.295747045488935,-0.07498855888843536
z_degree_to_cn_residual,0,test-486,-0.0017051669314512175,0.03470639884471893
z_degree_to_cn_residual,0,test-487,-0.21403955770147523,0.18432025611400604
z_degree_to_cn_residual,0,test-488,-0.002679459971092827,0.10258083045482635
z_degree_to_cn_residual,0,test-489,-0.002709528290634796,0.07120995223522186
z_degree_to_cn_residual,0,test-490,-0.0025667768776077267,0.04745130240917206
z_degree_to_cn_residual,0,test-491,-0.002679459971092827,0.10258083045482635
z_degree_to_cn_residual,0,test-492,0.6422000301412054,0.10673432052135468
z_degree_to_cn_residual,0,test-493,0.732166078719928,0.06790952384471893
z_degree_to_cn_residual,0,test-494,-0.002483473901375505,-0.002521231770515442
z_degree_to_cn_residual,0,test-495,-0.31852856519640793,0.20601873099803925
z_degree_to_cn_residual,0,test-496,-0.0025667768776077267,0.1089208573102951
z_degree_to_cn_residual,0,test-497,0.6917662213034395,-0.061480239033699036
z_degree_to_cn_residual,0,test-498,-0.003920084665472663,0.04305104911327362
z_degree_to_cn_residual,0,test-499,-0.530128441809577,0.3142896294593811
z_degree_to_cn_residual,0,test-500,-0.3024114743739735,0.5689433217048645
z_degree_to_cn_residual,0,test-501,0.6960125126639972,0.05070523917675018
z_degree_to_cn_residual,0,test-502,0.3974001350710103,-0.07498855888843536
z_degree_to_cn_residual,0,test-503,-0.4555583161639697,0.31626254320144653
z_degree_to_cn_residual,0,test-504,-0.4681938869129151,0.021154209971427917
z_degree_to_cn_residual,0,test-505,0.629186265886127,0.2869012951850891
z_degree_to_cn_residual,0,test-506,-0.4092811700187469,0.1401834934949875
z_degree_to_cn_residual,0,test-507,-0.006401163194461921,0.11809496581554413
z_degree_to_cn_residual,0,test-508,-0.7439778312008087,0.24032072722911835
z_degree_to_cn_residual,0,test-509,0.400053207186074,0.15394000709056854
z_degree_to_cn_residual,0,test-510,0.9297295237162035,0.03087155520915985
z_degree_to_cn_residual,0,test-511,-0.06430606827952172,-0.06011171638965607
z_degree_to_degree,0,test-0,4.6443908991413725,4.767637252807617
z_degree_to_degree,0,test-1,3.9889840465642745,4.260457992553711
z_degree_to_degree,0,test-2,4.584967478670571,4.859255313873291
z_degree_to_degree,0,test-3,3.1780538303479453,3.541365146636963
z_degree_to_degree,0,test-4,4.77912349311153,4.905285358428955
z_degree_to_degree,0,test-5,3.8066624897703196,3.9856910705566406
z_degree_to_degree,0,test-6,5.966146739123692,6.21134614944458
z_degree_to_degree,0,test-7,3.6635616461296463,4.044098854064941
z_degree_to_degree,0,test-8,3.044522437723423,3.3680176734924316
z_degree_to_degree,0,test-9,3.6888794541139367,3.9315781593322754
z_degree_to_degree,0,test-10,3.401197381662155,3.690218687057495
z_degree_to_degree,0,test-11,3.9120230054281464,4.088908672332764
z_degree_to_degree,0,test-12,0.6931471805599453,1.5892438888549805
z_degree_to_degree,0,test-13,4.74493212836325,4.9525041580200195
z_degree_to_degree,0,test-14,4.0943445622221,4.645562171936035
z_degree_to_degree,0,test-15,1.791759469228055,2.3197357654571533
z_degree_to_degree,0,test-16,4.394449154672439,4.727632522583008
z_degree_to_degree,0,test-17,4.718498871295095,5.013523578643799
z_degree_to_degree,0,test-18,0.6931471805599453,1.5892438888549805
z_degree_to_degree,0,test-19,3.044522437723423,3.3680176734924316
z_degree_to_degree,0,test-20,3.1780538303479458,3.736234426498413
z_degree_to_degree,0,test-21,3.465735902799726,3.583101749420166
z_degree_to_degree,0,test-22,3.401197381662155,3.690218687057495
z_degree_to_degree,0,test-23,1.0986122886681098,1.7615184783935547
z_degree_to_degree,0,test-24,3.5553480614894135,3.7462916374206543
z_degree_to_degree,0,test-25,4.189654742026425,4.388605117797852
z_degree_to_degree,0,test-26,2.3025850929940455,2.779383420944214
z_degree_to_degree,0,test-27,3.465735902799726,3.583101749420166
z_degree_to_degree,0,test-28,2.8903717578961645,3.1589369773864746
z_degree_to_degree,0,test-29,3.688879454113936,3.906766414642334
z_degree_to_degree,0,test-30,4.882801922586371,5.203512191772461
z_degree_to_degree,0,test-31,4.553876891600541,4.817117214202881
z_degree_to_degree,0,test-32,3.58351893845611,3.7751636505126953
z_degree_to_degree,0,test-33,3.58351893845611,4.214616775512695
z_degree_to_degree,0,test-34,3.1780538303479453,3.4451804161071777
z_degree_to_degree,0,test-35,2.772588722239781,3.159907341003418
z_degree_to_degree,0,test-36,1.3862943611198906,2.0195274353027344
z_degree_to_degree,0,test-37,2.3025850929940455,2.779383420944214
z_degree_to_degree,0,test-38,3.9889840465642745,4.580804824829102
z_degree_to_degree,0,test-39,1.791759469228055,2.3197357654571533
z_degree_to_degree,0,test-40,3.951243718581427,4.254904270172119
z_degree_to_degree,0,test-41,3.6888794541139367,3.9315781593322754
z_degree_to_degree,0,test-42,6.040254711277414,6.401364803314209
z_degree_to_degree,0,test-43,2.4849066497880004,2.9176390171051025
z_degree_to_degree,0,test-44,3.1780538303479453,3.4451804161071777
z_degree_to_degree,0,test-45,0.6931471805599453,1.5892438888549805
z_degree_to_degree,0,test-46,4.941642422609304,5.174748420715332
z_degree_to_degree,0,test-47,0.0,1.230855941772461
z_degree_to_degree,0,test-48,2.8903717578961645,3.1589369773864746
z_degree_to_degree,0,test-49,6.040254711277414,6.401364803314209
z_degree_to_degree,0,test-50,3.332204510175204,3.600210666656494
z_degree_to_degree,0,test-51,2.995732273553991,3.424254894256592
z_degree_to_degree,0,test-52,6.327936783729195,6.6146769523620605
z_degree_to_degree,0,test-53,2.8903717578961645,3.1589369773864746
z_degree_to_degree,0,test-54,2.6390573296152584,2.9965932369232178
z_degree_to_degree,0,test-55,4.927253685157204,5.140707492828369
z_degree_to_degree,0,test-56,2.70805020110221,3.1227216720581055
z_degree_to_degree,0,test-57,5.272999558563747,5.57053279876709
z_degree_to_degree,0,test-58,3.9889840465642745,4.17647647857666
z_degree_to_degree,0,test-59,2.0794415416798357,2.7602524757385254
z_degree_to_degree,0,test-60,4.7535901911063645,4.930910110473633
z_degree_to_degree,0,test-61,2.1972245773362196,2.757800579071045
z_degree_to_degree,0,test-62,2.3978952727983707,3.007814407348633
z_degree_to_degree,0,test-63,1.3862943611198906,2.0195274353027344
z_degree_to_degree,0,test-64,3.58351893845611,3.981092929840088
z_degree_to_degree,0,test-65,2.8903717578961645,3.1589369773864746
z_degree_to_degree,0,test-66,2.4849066497880004,3.06911039352417
z_degree_to_degree,0,test-67,2.4849066497880004,3.06911039352417
z_degree_to_degree,0,test-68,4.90527477843843,5.1255717277526855
z_degree_to_degree,0,test-69,3.2188758248682006,3.6214332580566406
z_degree_to_degree,0,test-70,2.995732273553991,3.424254894256592
z_degree_to_degree,0,test-71,4.0943445622221,4.395212650299072
z_degree_to_degree,0,test-72,1.791759469228055,2.3197357654571533
z_degree_to_degree,0,test-73,3.951243718581427,4.254904270172119
z_degree_to_degree,0,test-74,2.70805020110221,3.1227216720581055
z_degree_to_degree,0,test-75,3.044522437723423,3.3680176734924316
z_degree_to_degree,0,test-76,1.0986122886681098,1.7615184783935547
z_degree_to_degree,0,test-77,3.044522437723423,3.3680176734924316
z_degree_to_degree,0,test-78,1.3862943611198906,2.0832982063293457
z_degree_to_degree,0,test-79,1.791759469228055,2.3197357654571533
z_degree_to_degree,0,test-80,3.688879454113936,3.906766414642334
z_degree_to_degree,0,test-81,3.58351893845611,3.9102940559387207
z_degree_to_degree,0,test-82,3.465735902799726,3.583101749420166
z_degree_to_degree,0,test-83,4.025351690735149,4.602197647094727
z_degree_to_degree,0,test-84,4.718498871295094,4.880533218383789
z_degree_to_degree,0,test-85,3.9889840465642745,4.260457992553711
z_degree_to_degree,0,test-86,3.332204510175204,3.600210666656494
z_degree_to_degree,0,test-87,2.70805020110221,3.1227216720581055
z_degree_to_degree,0,test-88,2.6390573296152584,2.9965932369232178
z_degree_to_degree,0,test-89,3.332204510175204,3.600210666656494
z_degree_to_degree,0,test-90,2.4849066497880004,2.9176390171051025
z_degree_to_degree,0,test-91,2.0794415416798357,2.7602524757385254
z_degree_to_degree,0,test-92,3.1780538303479453,3.541365146636963
z_degree_to_degree,0,test-93,5.272999558563747,5.57053279876709
z_degree_to_degree,0,test-94,2.4849066497880004,2.9176390171051025
z_degree_to_degree,0,test-95,3.401197381662156,3.7299556732177734
z_degree_to_degree,0,test-96,7.50659178007084,7.491076469421387
z_degree_to_degree,0,test-97,4.465908118654584,4.756965637207031
z_degree_to_degree,0,test-98,2.3025850929940455,2.779383420944214
z_degree_to_degree,0,test-99,2.70805020110221,3.1227216720581055
z_degree_to_degree,0,test-100,3.58351893845611,3.9102940559387207
z_degree_to_degree,0,test-101,2.70805020110221,3.1227216720581055
z_degree_to_degree,0,test-102,4.02535169073515,4.747155666351318
z_degree_to_degree,0,test-103,2.772588722239781,3.159907341003418
z_degree_to_degree,0,test-104,2.1972245773362196,2.6144187450408936
z_degree_to_degree,0,test-105,1.0986122886681098,1.7615184783935547
z_degree_to_degree,0,test-106,3.5263605246161616,4.164986610412598
z_degree_to_degree,0,test-107,0.6931471805599453,1.5892438888549805
z_degree_to_degree,0,test-108,6.327936783729195,6.6146769523620605
z_degree_to_degree,0,test-109,3.58351893845611,3.7751636505126953
z_degree_to_degree,0,test-110,2.0794415416798357,2.7602524757385254
z_degree_to_degree,0,test-111,2.8903717578961645,3.7897706031799316
z_degree_to_degree,0,test-112,5.0106352940962555,5.253489971160889
z_degree_to_degree,0,test-113,3.688879454113936,3.906766414642334
z_degree_to_degree,0,test-114,1.3862943611198906,2.0832982063293457
z_degree_to_degree,0,test-115,1.3862943611198906,2.0195274353027344
z_degree_to_degree,0,test-116,7.3395376954076745,7.461818218231201
z_degree_to_degree,0,test-117,4.304065093204169,4.624637603759766
z_degree_to_degree,0,test-118,3.2188758248682006,3.6214332580566406
z_degree_to_degree,0,test-119,6.733401891837358,7.048086166381836
z_degree_to_degree,0,test-120,2.4849066497880004,2.9176390171051025
z_degree_to_degree,0,test-121,2.995732273553991,3.424254894256592
z_degree_to_degree,0,test-122,3.58351893845611,3.9102940559387207
z_degree_to_degree,0,test-123,1.791759469228055,2.3197357654571533
z_degree_to_degree,0,test-124,2.6390573296152584,2.9965932369232178
z_degree_to_degree,0,test-125,2.1972245773362196,2.6144187450408936
z_degree_to_degree,0,test-126,2.4849066497880004,2.9176390171051025
z_degree_to_degree,0,test-127,1.791759469228055,2.3197357654571533
z_degree_to_degree,0,test-128,3.6635616461296463,4.044098854064941
z_degree_to_degree,0,test-129,2.5649493574615367,3.291752815246582
z_degree_to_degree,0,test-130,2.995732273553991,3.424254894256592
z_degree_to_degree,0,test-131,3.044522437723423,3.3680176734924316
z_degree_to_degree,0,test-132,3.688879454113936,3.906766414642334
z_degree_to_degree,0,test-133,5.560681631015528,5.678720474243164
z_degree_to_degree,0,test-134,2.1972245773362196,2.6144187450408936
z_degree_to_degree,0,test-135,2.772588722239781,3.159907341003418
z_degree_to_degree,0,test-136,3.688879454113936,3.906766414642334
z_degree_to_degree,0,test-137,2.1972245773362196,2.757800579071045
z_degree_to_degree,0,test-138,4.31748811353631,4.578149318695068
z_degree_to_degree,0,test-139,1.791759469228055,2.3197357654571533
z_degree_to_degree,0,test-140,3.332204510175204,3.600210666656494
z_degree_to_degree,0,test-141,4.276666119016055,4.5154128074646
z_degree_to_degree,0,test-142,2.70805020110221,3.1227216720581055
z_degree_to_degree,0,test-143,2.0794415416798357,2.7602524757385254
z_degree_to_degree,0,test-144,2.772588722239781,3.159907341003418
z_degree_to_degree,0,test-145,4.882801922586371,5.203512191772461
z_degree_to_degree,0,test-146,3.465735902799726,3.583101749420166
z_degree_to_degree,0,test-147,3.332204510175204,3.600210666656494
z_degree_to_degree,0,test-148,6.327936783729195,6.6146769523620605
z_degree_to_degree,0,test-149,3.2188758248682006,3.6214332580566406
z_degree_to_degree,0,test-150,3.931825632724326,4.2098164558410645
z_degree_to_degree,0,test-151,3.295836866004329,3.7532548904418945
z_degree_to_degree,0,test-152,3.4011973816621555,4.003089904785156
z_degree_to_degree,0,test-153,4.0943445622221,4.331186294555664
z_degree_to_degree,0,test-154,2.0794415416798357,2.7602524757385254
z_degree_to_degree,0,test-155,2.3025850929940455,2.779383420944214
z_degree_to_degree,0,test-156,5.4116460518550396,5.654758930206299
z_degree_to_degree,0,test-157,4.564348191467836,4.793405532836914
z_degree_to_degree,0,test-158,0.0,1.230855941772461
z_degree_to_degree,0,test-159,2.70805020110221,3.1227216720581055
z_degree_to_degree,0,test-160,2.9444389791664403,3.8480520248413086
z_degree_to_degree,0,test-161,1.3862943611198906,2.0832982063293457
z_degree_to_degree,0,test-162,2.8903717578961645,3.1589369773864746
z_degree_to_degree,0,test-163,1.791759469228055,2.3197357654571533
z_degree_to_degree,0,test-164,5.560681631015528,5.678720474243164
z_degree_to_degree,0,test-165,1.0986122886681098,1.7615184783935547
z_degree_to_degree,0,test-166,3.5553480614894135,3.7462916374206543
z_degree_to_degree,0,test-167,4.499809670330265,4.680716514587402
z_degree_to_degree,0,test-168,3.5553480614894135,3.7462916374206543
z_degree_to_degree,0,test-169,1.791759469228055,2.3197357654571533
z_degree_to_degree,0,test-170,2.0794415416798357,2.7602524757385254
z_degree_to_degree,0,test-171,5.288267030694535,5.586237907409668
z_degree_to_degree,0,test-172,1.3862943611198906,2.0832982063293457
z_degree_to_degree,0,test-173,2.4849066497880004,2.9176390171051025
z_degree_to_degree,0,test-174,3.9120230054281464,4.088908672332764
z_degree_to_degree,0,test-175,4.499809670330265,4.680716514587402
z_degree_to_degree,0,test-176,4.867534450455582,5.186528205871582
z_degree_to_degree,0,test-177,4.718498871295095,5.013523578643799
z_degree_to_degree,0,test-178,3.465735902799726,3.583101749420166
z_degree_to_degree,0,test-179,1.3862943611198906,2.0832982063293457
z_degree_to_degree,0,test-180,3.58351893845611,4.214616775512695
z_degree_to_degree,0,test-181,3.58351893845611,3.7751636505126953
z_degree_to_degree,0,test-182,3.465735902799726,3.583101749420166
z_degree_to_degree,0,test-183,0.0,1.230855941772461
z_degree_to_degree,0,test-184,7.24422751560335,7.450796604156494
z_degree_to_degree,0,test-185,3.332204510175204,3.600210666656494
z_degree_to_degree,0,test-186,3.401197381662155,3.690218687057495
z_degree_to_degree,0,test-187,3.332204510175204,3.600210666656494
z_degree_to_degree,0,test-188,2.4849066497880004,2.9176390171051025
z_degree_to_degree,0,test-189,2.1972245773362196,2.6144187450408936
z_degree_to_degree,0,test-190,2.70805020110221,3.1227216720581055
z_degree_to_degree,0,test-191,2.0794415416798357,2.7602524757385254
z_degree_to_degree,0,test-192,3.044522437723423,3.3680176734924316
z_degree_to_degree,0,test-193,2.995732273553991,3.424254894256592
z_degree_to_degree,0,test-194,3.58351893845611,4.214616775512695
z_degree_to_degree,0,test-195,4.90527477843843,5.1255717277526855
z_degree_to_degree,0,test-196,4.5217885770490405,4.610170364379883
z_degree_to_degree,0,test-197,2.4849066497880004,2.9176390171051025
z_degree_to_degree,0,test-198,4.709530201312334,4.85673713684082
z_degree_to_degree,0,test-199,1.0986122886681098,1.7615184783935547
z_degree_to_degree,0,test-200,1.0986122886681098,1.7615184783935547
z_degree_to_degree,0,test-201,1.0986122886681098,1.7615184783935547
z_degree_to_degree,0,test-202,3.044522437723423,3.3680176734924316
z_degree_to_degree,0,test-203,2.4849066497880004,2.9176390171051025
z_degree_to_degree,0,test-204,2.6390573296152584,2.9965932369232178
z_degree_to_degree,0,test-205,2.1972245773362196,2.6144187450408936
z_degree_to_degree,0,test-206,3.58351893845611,3.7751636505126953
z_degree_to_degree,0,test-207,4.2484952420493585,4.487610340118408
z_degree_to_degree,0,test-208,4.0943445622221,4.395212650299072
z_degree_to_degree,0,test-209,4.836281906951478,5.082130432128906
z_degree_to_degree,0,test-210,4.976733742420574,5.2229413986206055
z_degree_to_degree,0,test-211,3.044522437723423,3.3680176734924316
z_degree_to_degree,0,test-212,4.499809670330265,4.768575191497803
z_degree_to_degree,0,test-213,1.3862943611198906,2.0195274353027344
z_degree_to_degree,0,test-214,5.560681631015528,5.678720474243164
z_degree_to_degree,0,test-215,2.0794415416798357,2.7602524757385254
z_degree_to_degree,0,test-216,0.6931471805599453,1.5892438888549805
z_degree_to_degree,0,test-217,1.791759469228055,2.3197357654571533
z_degree_to_degree,0,test-218,3.044522437723423,3.3680176734924316
z_degree_to_degree,0,test-219,3.58351893845611,3.9102940559387207
z_degree_to_degree,0,test-220,2.70805020110221,3.52162504196167
z_degree_to_degree,0,test-221,2.995732273553991,3.424254894256592
z_degree_to_degree,0,test-222,2.0794415416798357,2.7602524757385254
z_degree_to_degree,0,test-223,3.8712010109078907,4.165671348571777
z_degree_to_degree,0,test-224,0.0,1.230855941772461
z_degree_to_degree,0,test-225,3.332204510175204,3.600210666656494
z_degree_to_degree,0,test-226,2.0794415416798357,2.7602524757385254
z_degree_to_degree,0,test-227,2.772588722239781,3.159907341003418
z_degree_to_degree,0,test-228,1.791759469228055,2.3197357654571533
z_degree_to_degree,0,test-229,2.1972245773362196,2.6144187450408936
z_degree_to_degree,0,test-230,3.401197381662156,3.7299556732177734
z_degree_to_degree,0,test-231,4.430816798843313,4.5590314865112305
z_degree_to_degree,0,test-232,4.276666119016055,4.495752334594727
z_degree_to_degree,0,test-233,1.791759469228055,2.429089069366455
z_degree_to_degree,0,test-234,3.58351893845611,3.9102940559387207
z_degree_to_degree,0,test-235,3.1780538303479453,3.541365146636963
z_degree_to_degree,0,test-236,2.8903717578961645,3.1589369773864746
z_degree_to_degree,0,test-237,3.044522437723423,3.3680176734924316
z_degree_to_degree,0,test-238,5.780743515792329,5.598355770111084
z_degree_to_degree,0,test-239,6.327936783729195,6.6146769523620605
z_degree_to_degree,0,test-240,0.6931471805599453,1.5892438888549805
z_degree_to_degree,0,test-241,2.4849066497880004,3.06911039352417
z_degree_to_degree,0,test-242,2.8903717578961645,3.1589369773864746
z_degree_to_degree,0,test-243,2.1972245773362196,2.6144187450408936
z_degree_to_degree,0,test-244,3.044522437723423,3.3680176734924316
z_degree_to_degree,0,test-245,2.70805020110221,3.1227216720581055
z_degree_to_degree,0,test-246,4.74493212836325,4.9525041580200195
z_degree_to_degree,0,test-247,1.791759469228055,2.3197357654571533
z_degree_to_degree,0,test-248,3.8066624897703196,3.9856910705566406
z_degree_to_degree,0,test-249,3.951243718581427,4.254904270172119
z_degree_to_degree,0,test-250,1.3862943611198906,2.0832982063293457
z_degree_to_degree,0,test-251,4.718498871295095,5.013523578643799
z_degree_to_degree,0,test-252,3.465735902799726,3.583101749420166
z_degree_to_degree,0,test-253,2.70805020110221,3.1227216720581055
z_degree_to_degree,0,test-254,2.6390573296152584,2.9965932369232178
z_degree_to_degree,0,test-255,5.19295685089021,5.436943054199219
z_degree_to_degree,0,test-256,0.0,1.230855941772461
z_degree_to_degree,0,test-257,5.98141421125448,6.226689338684082
z_degree_to_degree,0,test-258,3.8712010109078907,4.040555953979492
z_degree_to_degree,0,test-259,2.9957322735539913,3.5110583305358887
z_degree_to_degree,0,test-260,1.0986122886681098,1.7615184783935547
z_degree_to_degree,0,test-261,3.401197381662155,3.690218687057495
z_degree_to_degree,0,test-262,2.995732273553991,3.424254894256592
z_degree_to_degree,0,test-263,2.995732273553991,3.424254894256592
z_degree_to_degree,0,test-264,4.1588830833596715,4.447238445281982
z_degree_to_degree,0,test-265,4.31748811353631,4.578149318695068
z_degree_to_degree,0,test-266,1.791759469228055,2.3197357654571533
z_degree_to_degree,0,test-267,2.0794415416798357,2.7602524757385254
z_degree_to_degree,0,test-268,2.70805020110221,3.1227216720581055
z_degree_to_degree,0,test-269,6.476972362889683,6.6005024909973145
z_degree_to_degree,0,test-270,1.791759469228055,2.3197357654571533
z_degree_to_degree,0,test-271,3.044522437723423,3.3680176734924316
z_degree_to_degree,0,test-272,3.737669618283368,3.966536045074463
z_degree_to_degree,0,test-273,3.1780538303479453,3.4451804161071777
z_degree_to_degree,0,test-274,2.772588722239781,3.159907341003418
z_degree_to_degree,0,test-275,2.70805020110221,3.1227216720581055
z_degree_to_degree,0,test-276,2.0794415416798357,2.7016329765319824
z_degree_to_degree,0,test-277,3.332204510175204,3.600210666656494
z_degree_to_degree,0,test-278,5.220355825078324,5.466771125793457
z_degree_to_degree,0,test-279,3.6635616461296463,4.044098854064941
z_degree_to_degree,0,test-280,2.6390573296152584,2.9965932369232178
z_degree_to_degree,0,test-281,2.4849066497880004,2.9176390171051025
z_degree_to_degree,0,test-282,3.9512437185814275,4.549327850341797
z_degree_to_degree,0,test-283,2.995732273553991,3.424254894256592
z_degree_to_degree,0,test-284,1.6094379124341003,2.0800132751464844
z_degree_to_degree,0,test-285,2.70805020110221,3.1227216720581055
z_degree_to_degree,0,test-286,6.461468176353717,6.350282669067383
z_degree_to_degree,0,test-287,3.044522437723423,3.3680176734924316
z_degree_to_degree,0,test-288,3.4965075614664807,3.8503592014312744
z_degree_to_degree,0,test-289,4.499809670330265,4.778616428375244
z_degree_to_degree,0,test-290,2.8903717578961645,3.1589369773864746
z_degree_to_degree,0,test-291,5.60947179518496,5.941149711608887
z_degree_to_degree,0,test-292,5.375278407684165,5.50924825668335
z_degree_to_degree,0,test-293,3.6888794541139367,3.9315781593322754
z_degree_to_degree,0,test-294,2.1972245773362196,2.6144187450408936
z_degree_to_degree,0,test-295,2.3025850929940455,2.779383420944214
z_degree_to_degree,0,test-296,3.7376696182833684,4.426026344299316
z_degree_to_degree,0,test-297,2.0794415416798357,2.7016329765319824
z_degree_to_degree,0,test-298,1.3862943611198906,2.0195274353027344
z_degree_to_degree,0,test-299,3.1780538303479453,3.4451804161071777
z_degree_to_degree,0,test-300,2.995732273553991,3.424254894256592
z_degree_to_degree,0,test-301,1.6094379124341003,2.0800132751464844
z_degree_to_degree,0,test-302,2.4849066497880004,2.9176390171051025
z_degree_to_degree,0,test-303,2.0794415416798357,2.7602524757385254
z_degree_to_degree,0,test-304,4.382026634673881,4.539168834686279
z_degree_to_degree,0,test-305,3.332204510175204,3.600210666656494
z_degree_to_degree,0,test-306,5.556828061699537,5.891380786895752
z_degree_to_degree,0,test-307,2.0794415416798357,2.7602524757385254
z_degree_to_degree,0,test-308,2.0794415416798357,2.7602524757385254
z_degree_to_degree,0,test-309,3.58351893845611,3.981092929840088
z_degree_to_degree,0,test-310,2.1972245773362196,2.6144187450408936
z_degree_to_degree,0,test-311,3.8918202981106265,4.15763521194458
z_degree_to_degree,0,test-312,2.4849066497880004,3.162104606628418
z_degree_to_degree,0,test-313,6.733401891837358,7.048086166381836
z_degree_to_degree,0,test-314,4.941642422609304,5.174748420715332
z_degree_to_degree,0,test-315,1.9459101490553132,2.639791965484619
z_degree_to_degree,0,test-316,2.8903717578961645,3.1589369773864746
z_degree_to_degree,0,test-317,5.4116460518550396,5.654758930206299
z_degree_to_degree,0,test-318,3.332204510175204,3.600210666656494
z_degree_to_degree,0,test-319,6.733401891837358,7.048086166381836
z_degree_to_degree,0,test-320,2.772588722239781,3.159907341003418
z_degree_to_degree,0,test-321,3.044522437723423,3.3680176734924316
z_degree_to_degree,0,test-322,2.995732273553991,3.424254894256592
z_degree_to_degree,0,test-323,0.6931471805599453,1.5892438888549805
z_degree_to_degree,0,test-324,2.4849066497880004,2.9176390171051025
z_degree_to_degree,0,test-325,2.772588722239781,3.159907341003418
z_degree_to_degree,0,test-326,3.091042453358316,3.6741161346435547
z_degree_to_degree,0,test-327,3.401197381662156,3.7299556732177734
z_degree_to_degree,0,test-328,3.688879454113936,3.906766414642334
z_degree_to_degree,0,test-329,1.6094379124341003,2.0800132751464844
z_degree_to_degree,0,test-330,3.5553480614894135,3.7462916374206543
z_degree_to_degree,0,test-331,3.8712010109078907,4.188714027404785
z_degree_to_degree,0,test-332,2.70805020110221,3.52162504196167
z_degree_to_degree,0,test-333,2.8903717578961645,3.7897706031799316
z_degree_to_degree,0,test-334,2.4849066497880004,3.06911039352417
z_degree_to_degree,0,test-335,4.51085950651685,4.818039894104004
z_degree_to_degree,0,test-336,2.70805020110221,3.1227216720581055
z_degree_to_degree,0,test-337,3.044522437723423,3.3680176734924316
z_degree_to_degree,0,test-338,2.4849066497880004,2.9176390171051025
z_degree_to_degree,0,test-339,2.772588722239781,3.159907341003418
z_degree_to_degree,0,test-340,4.143134726391533,4.43167781829834
z_degree_to_degree,0,test-341,3.931825632724326,4.2098164558410645
z_degree_to_degree,0,test-342,2.4849066497880004,2.9176390171051025
z_degree_to_degree,0,test-343,4.787491742782047,4.970707893371582
z_degree_to_degree,0,test-344,1.3862943611198906,2.0195274353027344
z_degree_to_degree,0,test-345,3.1780538303479453,3.541365146636963
z_degree_to_degree,0,test-346,2.4849066497880004,2.9176390171051025
z_degree_to_degree,0,test-347,2.4849066497880004,2.9176390171051025
z_degree_to_degree,0,test-348,2.4849066497880004,2.9176390171051025
z_degree_to_degree,0,test-349,3.401197381662155,3.690218687057495
z_degree_to_degree,0,test-350,2.8903717578961645,3.7897706031799316
z_degree_to_degree,0,test-351,3.1780538303479453,3.4451804161071777
z_degree_to_degree,0,test-352,1.3862943611198906,2.0195274353027344
z_degree_to_degree,0,test-353,4.882801922586371,5.203512191772461
z_degree_to_degree,0,test-354,4.23410650459726,4.550324440002441
z_degree_to_degree,0,test-355,5.6937321388027,5.559642791748047
z_degree_to_degree,0,test-356,0.6931471805599453,1.5892438888549805
z_degree_to_degree,0,test-357,1.791759469228055,2.3197357654571533
z_degree_to_degree,0,test-358,1.791759469228055,2.3197357654571533
z_degree_to_degree,0,test-359,5.966146739123692,6.21134614944458
z_degree_to_degree,0,test-360,3.4965075614664807,3.8503592014312744
z_degree_to_degree,0,test-361,6.733401891837358,7.048086166381836
z_degree_to_degree,0,test-362,5.272999558563747,5.525373935699463
z_degree_to_degree,0,test-363,3.737669618283368,3.966536045074463
z_degree_to_degree,0,test-364,2.1972245773362196,2.6144187450408936
z_degree_to_degree,0,test-365,2.995732273553991,3.424254894256592
z_degree_to_degree,0,test-366,1.3862943611198906,2.0832982063293457
z_degree_to_degree,0,test-367,6.327936783729195,6.6146769523620605
z_degree_to_degree,0,test-368,4.430816798843313,4.5590314865112305
z_degree_to_degree,0,test-369,0.0,1.230855941772461
z_degree_to_degree,0,test-370,2.6390573296152584,2.9965932369232178
z_degree_to_degree,0,test-371,1.6094379124341003,2.0800132751464844
z_degree_to_degree,0,test-372,2.4849066497880004,2.9176390171051025
z_degree_to_degree,0,test-373,3.465735902799726,3.583101749420166
z_degree_to_degree,0,test-374,2.772588722239781,3.159907341003418
z_degree_to_degree,0,test-375,2.70805020110221,3.1227216720581055
z_degree_to_degree,0,test-376,4.74493212836325,4.9525041580200195
z_degree_to_degree,0,test-377,2.4849066497880004,3.06911039352417
z_degree_to_degree,0,test-378,3.332204510175204,3.600210666656494
z_degree_to_degree,0,test-379,2.4849066497880004,3.06911039352417
z_degree_to_degree,0,test-380,2.8903717578961645,3.1589369773864746
z_degree_to_degree,0,test-381,2.3025850929940455,2.779383420944214
z_degree_to_degree,0,test-382,1.791759469228055,2.3197357654571533
z_degree_to_degree,0,test-383,0.6931471805599453,1.5892438888549805
z_degree_to_degree,0,test-384,4.276666119016055,4.656116962432861
z_degree_to_degree,0,test-385,1.791759469228055,2.3197357654571533
z_degree_to_degree,0,test-386,1.791759469228055,2.3197357654571533
z_degree_to_degree,0,test-387,2.0794415416798357,2.7602524757385254
z_degree_to_degree,0,test-388,2.995732273553991,3.424254894256592
z_degree_to_degree,0,test-389,2.0794415416798357,2.7602524757385254
z_degree_to_degree,0,test-390,3.044522437723423,3.3680176734924316
z_degree_to_degree,0,test-391,2.995732273553991,3.424254894256592
z_degree_to_degree,0,test-392,0.0,1.230855941772461
z_degree_to_degree,0,test-393,1.3862943611198906,2.0832982063293457
z_degree_to_degree,0,test-394,2.3025850929940455,2.779383420944214
z_degree_to_degree,0,test-395,3.295836866004329,3.7532548904418945
z_degree_to_degree,0,test-396,1.791759469228055,2.3197357654571533
z_degree_to_degree,0,test-397,3.4011973816621555,4.003089904785156
z_degree_to_degree,0,test-398,2.4849066497880004,3.06911039352417
z_degree_to_degree,0,test-399,2.995732273553991,3.424254894256592
z_degree_to_degree,0,test-400,2.0794415416798357,2.7602524757385254
z_degree_to_degree,0,test-401,2.0794415416798357,2.7602524757385254
z_degree_to_degree,0,test-402,3.1780538303479453,3.541365146636963
z_degree_to_degree,0,test-403,3.828641396489095,4.598741054534912
z_degree_to_degree,0,test-404,4.90527477843843,5.1255717277526855
z_degree_to_degree,0,test-405,1.791759469228055,2.429089069366455
z_degree_to_degree,0,test-406,3.401197381662155,3.690218687057495
z_degree_to_degree,0,test-407,1.3862943611198906,2.0195274353027344
z_degree_to_degree,0,test-408,2.8903717578961645,3.7897706031799316
z_degree_to_degree,0,test-409,4.276666119016055,4.656116962432861
z_degree_to_degree,0,test-410,0.6931471805599453,1.5892438888549805
z_degree_to_degree,0,test-411,3.5553480614894135,3.7462916374206543
z_degree_to_degree,0,test-412,2.8903717578961645,3.1589369773864746
z_degree_to_degree,0,test-413,3.332204510175204,3.600210666656494
z_degree_to_degree,0,test-414,5.342334251964811,5.590126991271973
z_degree_to_degree,0,test-415,2.890371757896165,3.371250867843628
z_degree_to_degree,0,test-416,3.401197381662155,3.690218687057495
z_degree_to_degree,0,test-417,3.091042453358316,3.6741161346435547
z_degree_to_degree,0,test-418,2.995732273553991,3.424254894256592
z_degree_to_degree,0,test-419,3.401197381662155,3.690218687057495
z_degree_to_degree,0,test-420,4.787491742782046,4.980339050292969
z_degree_to_degree,0,test-421,4.430816798843313,4.5590314865112305
z_degree_to_degree,0,test-422,2.8903717578961645,3.1589369773864746
z_degree_to_degree,0,test-423,2.0794415416798357,2.7602524757385254
z_degree_to_degree,0,test-424,3.1780538303479458,3.736234426498413
z_degree_to_degree,0,test-425,1.9459101490553132,2.639791965484619
z_degree_to_degree,0,test-426,2.995732273553991,3.424254894256592
z_degree_to_degree,0,test-427,2.1972245773362196,2.6144187450408936
z_degree_to_degree,0,test-428,1.3862943611198906,2.0195274353027344
z_degree_to_degree,0,test-429,3.401197381662156,3.7299556732177734
z_degree_to_degree,0,test-430,3.332204510175204,3.9026052951812744
z_degree_to_degree,0,test-431,2.0794415416798357,2.7602524757385254
z_degree_to_degree,0,test-432,2.4849066497880004,2.9176390171051025
z_degree_to_degree,0,test-433,3.6888794541139367,3.9315781593322754
z_degree_to_degree,0,test-434,2.70805020110221,3.1227216720581055
z_degree_to_degree,0,test-435,2.4849066497880004,3.06911039352417
z_degree_to_degree,0,test-436,4.718498871295095,5.013523578643799
z_degree_to_degree,0,test-437,5.634789603169249,5.965269088745117
z_degree_to_degree,0,test-438,4.68213122712422,4.846280097961426
z_degree_to_degree,0,test-439,1.791759469228055,2.3197357654571533
z_degree_to_degree,0,test-440,3.9889840465642745,4.17647647857666
z_degree_to_degree,0,test-441,6.327936783729195,6.6146769523620605
z_degree_to_degree,0,test-442,3.044522437723423,3.3680176734924316
z_degree_to_degree,0,test-443,2.70805020110221,3.1227216720581055
z_degree_to_degree,0,test-444,1.0986122886681098,1.7615184783935547
z_degree_to_degree,0,test-445,2.995732273553991,3.424254894256592
z_degree_to_degree,0,test-446,2.772588722239781,3.159907341003418
z_degree_to_degree,0,test-447,2.995732273553991,3.424254894256592
z_degree_to_degree,0,test-448,1.791759469228055,2.429089069366455
z_degree_to_degree,0,test-449,1.3862943611198906,2.0195274353027344
z_degree_to_degree,0,test-450,2.4849066497880004,2.9176390171051025
z_degree_to_degree,0,test-451,7.50659178007084,7.491076469421387
z_degree_to_degree,0,test-452,3.951243718581427,4.254904270172119
z_degree_to_degree,0,test-453,3.5553480614894135,3.7462916374206543
z_degree_to_degree,0,test-454,2.70805020110221,3.1227216720581055
z_degree_to_degree,0,test-455,3.258096538021482,3.8092918395996094
z_degree_to_degree,0,test-456,5.634789603169249,5.965269088745117
z_degree_to_degree,0,test-457,0.6931471805599453,1.5892438888549805
z_degree_to_degree,0,test-458,2.772588722239781,3.159907341003418
z_degree_to_degree,0,test-459,3.401197381662156,3.7299556732177734
z_degree_to_degree,0,test-460,2.995732273553991,3.424254894256592
z_degree_to_degree,0,test-461,3.044522437723423,3.3680176734924316
z_degree_to_degree,0,test-462,2.1972245773362196,2.757800579071045
z_degree_to_degree,0,test-463,1.791759469228055,2.3197357654571533
z_degree_to_degree,0,test-464,3.1780538303479458,3.736234426498413
z_degree_to_degree,0,test-465,2.1972245773362196,2.757800579071045
z_degree_to_degree,0,test-466,3.401197381662155,3.690218687057495
z_degree_to_degree,0,test-467,6.327936783729195,6.6146769523620605
z_degree_to_degree,0,test-468,2.995732273553991,3.424254894256592
z_degree_to_degree,0,test-469,3.044522437723423,3.3680176734924316
z_degree_to_degree,0,test-470,1.0986122886681098,1.7615184783935547
z_degree_to_degree,0,test-471,3.401197381662155,3.690218687057495
z_degree_to_degree,0,test-472,2.3025850929940455,2.779383420944214
z_degree_to_degree,0,test-473,6.040254711277414,6.401364803314209
z_degree_to_degree,0,test-474,4.90527477843843,5.1255717277526855
z_degree_to_degree,0,test-475,2.1972245773362196,2.6144187450408936
z_degree_to_degree,0,test-476,2.0794415416798357,2.7602524757385254
z_degree_to_degree,0,test-477,2.8903717578961645,3.1589369773864746
z_degree_to_degree,0,test-478,3.1780538303479453,3.541365146636963
z_degree_to_degree,0,test-479,2.995732273553991,3.424254894256592
z_degree_to_degree,0,test-480,4.276666119016055,4.5154128074646
z_degree_to_degree,0,test-481,2.4849066497880004,3.06911039352417
z_degree_to_degree,0,test-482,3.295836866004329,3.7532548904418945
z_degree_to_degree,0,test-483,3.1780538303479453,3.4451804161071777
z_degree_to_degree,0,test-484,2.0794415416798357,2.7602524757385254
z_degree_to_degree,0,test-485,3.332204510175204,3.600210666656494
z_degree_to_degree,0,test-486,1.3862943611198906,2.0832982063293457
z_degree_to_degree,0,test-487,4.356708826689592,4.692647933959961
z_degree_to_degree,0,test-488,2.0794415416798357,2.7602524757385254
z_degree_to_degree,0,test-489,2.9957322735539913,3.5110583305358887
z_degree_to_degree,0,test-490,0.6931471805599453,1.5892438888549805
z_degree_to_degree,0,test-491,2.0794415416798357,2.7602524757385254
z_degree_to_degree,0,test-492,4.31748811353631,4.578149318695068
z_degree_to_degree,0,test-493,3.58351893845611,3.9102940559387207
z_degree_to_degree,0,test-494,0.0,1.230855941772461
z_degree_to_degree,0,test-495,5.272999558563747,5.525373935699463
z_degree_to_degree,0,test-496,1.791759469228055,2.3197357654571533
z_degree_to_degree,0,test-497,3.7376696182833684,4.426026344299316
z_degree_to_degree,0,test-498,2.4849066497880004,3.06911039352417
z_degree_to_degree,0,test-499,3.8712010109078907,4.040555953979492
z_degree_to_degree,0,test-500,6.040254711277414,6.401364803314209
z_degree_to_degree,0,test-501,3.332204510175204,3.9026052951812744
z_degree_to_degree,0,test-502,3.332204510175204,3.600210666656494
z_degree_to_degree,0,test-503,4.700480365792417,4.8619704246521
z_degree_to_degree,0,test-504,4.499809670330265,4.778616428375244
z_degree_to_degree,0,test-505,2.1972245773362196,2.6144187450408936
z_degree_to_degree,0,test-506,3.688879454113936,3.906766414642334
z_degree_to_degree,0,test-507,2.6390573296152584,2.9965932369232178
z_degree_to_degree,0,test-508,4.276666119016055,4.487275123596191
z_degree_to_degree,0,test-509,3.8712010109078907,4.188714027404785
z_degree_to_degree,0,test-510,4.442651256490317,4.74650764465332
z_degree_to_degree,0,test-511,5.634789603169249,5.965269088745117
z_cn_to_cn_residual,0,test-0,0.4096507501383539,0.3577262759208679
z_cn_to_cn_residual,0,test-1,-0.257133548881196,-0.14538414776325226
z_cn_to_cn_residual,0,test-2,-0.026168497301778282,0.3298605680465698
z_cn_to_cn_residual,0,test-3,-0.09682951278185134,-0.14538414776325226
z_cn_to_cn_residual,0,test-4,1.030455039917754,0.8008518815040588
z_cn_to_cn_residual,0,test-5,-0.40617432960244304,-0.14538414776325226
z_cn_to_cn_residual,0,test-6,1.072232465549153,0.9474385976791382
z_cn_to_cn_residual,0,test-7,-0.17653506637630972,-0.14538414776325226
z_cn_to_cn_residual,0,test-8,-0.09993231907971788,-0.14538414776325226
z_cn_to_cn_residual,0,test-9,-0.361807736196368,-0.14538414776325226
z_cn_to_cn_residual,0,test-10,0.834665253272179,0.6745310425758362
z_cn_to_cn_residual,0,test-11,0.6771872810461878,0.5954619646072388
z_cn_to_cn_residual,0,test-12,-0.0025667768776077267,-0.14538414776325226
z_cn_to_cn_residual,0,test-13,0.0920452145115791,0.4918896555900574
z_cn_to_cn_residual,0,test-14,0.1059855857541714,-0.14538414776325226
z_cn_to_cn_residual,0,test-15,0.6905804036823375,0.43395501375198364
z_cn_to_cn_residual,0,test-16,0.487417210290867,0.30843234062194824
z_cn_to_cn_residual,0,test-17,0.027598705190133088,-0.14538414776325226
z_cn_to_cn_residual,0,test-18,-0.0025667768776077267,-0.14538414776325226
z_cn_to_cn_residual,0,test-19,-0.09993231907971788,-0.14538414776325226
z_cn_to_cn_residual,0,test-20,-0.0006908748283487874,-0.14538414776325226
z_cn_to_cn_residual,0,test-21,0.37362887990278976,0.5138821601867676
z_cn_to_cn_residual,0,test-22,-0.26394703539593084,-0.14538414776325226
z_cn_to_cn_residual,0,test-23,-0.001592483837966117,-0.14538414776325226
z_cn_to_cn_residual,0,test-24,0.3252994169928626,0.5152221322059631
z_cn_to_cn_residual,0,test-25,-0.5320508010865779,-0.14538414776325226
z_cn_to_cn_residual,0,test-26,0.6906105992764492,0.563186526298523
z_cn_to_cn_residual,0,test-27,0.7790939880109542,0.5245562195777893
z_cn_to_cn_residual,0,test-28,0.5980680715538729,0.33975082635879517
z_cn_to_cn_residual,0,test-29,0.6893311186493629,0.6015716195106506
z_cn_to_cn_residual,0,test-30,0.6730018624542556,0.3288610577583313
z_cn_to_cn_residual,0,test-31,0.22033626837748216,0.4614267349243164
z_cn_to_cn_residual,0,test-32,-0.31403642712572494,-0.14538414776325226
z_cn_to_cn_residual,0,test-33,0.6854469961951654,0.38016360998153687
z_cn_to_cn_residual,0,test-34,-0.22552334649902314,-0.14538414776325226
z_cn_to_cn_residual,0,test-35,-0.15981025222941134,-0.14538414776325226
z_cn_to_cn_residual,0,test-36,-0.002483473901375505,-0.14538414776325226
z_cn_to_cn_residual,0,test-37,-0.002536581283496064,-0.14538414776325226
z_cn_to_cn_residual,0,test-38,0.011027840012221813,-0.14538414776325226
z_cn_to_cn_residual,0,test-39,-0.0025667768776077267,-0.14538414776325226
z_cn_to_cn_residual,0,test-40,1.0655213517576338,0.7665084004402161
z_cn_to_cn_residual,0,test-41,0.33133944436357726,0.4461199641227722
z_cn_to_cn_residual,0,test-42,0.3907357061859718,0.30124831199645996
z_cn_to_cn_residual,0,test-43,-0.07427151148220186,-0.14538414776325226
z_cn_to_cn_residual,0,test-44,1.1607710146208674,0.7799213528633118
z_cn_to_cn_residual,0,test-45,-0.0025667768776077267,-0.14538414776325226
z_cn_to_cn_residual,0,test-46,0.12442211904305411,0.30843234062194824
z_cn_to_cn_residual,0,test-47,-0.002483473901375505,-0.14538414776325226
z_cn_to_cn_residual,0,test-48,0.5980680715538729,0.2621529698371887
z_cn_to_cn_residual,0,test-49,0.3907357061859718,0.5291918516159058
z_cn_to_cn_residual,0,test-50,0.3974001350710103,0.5025544762611389
z_cn_to_cn_residual,0,test-51,0.5071241430143024,0.19995294511318207
z_cn_to_cn_residual,0,test-52,-0.5962537633065377,-0.14538414776325226
z_cn_to_cn_residual,0,test-53,-0.09507910900607243,-0.14538414776325226
z_cn_to_cn_residual,0,test-54,-0.006401163194461921,-0.14538414776325226
z_cn_to_cn_residual,0,test-55,-0.5779234037185782,-0.14538414776325226
z_cn_to_cn_residual,0,test-56,-0.09507910900607243,-0.14538414776325226
z_cn_to_cn_residual,0,test-57,0.8783422192128343,0.6801384687423706
z_cn_to_cn_residual,0,test-58,-0.4855470978437046,-0.14538414776325226
z_cn_to_cn_residual,0,test-59,0.6904677205888524,0.5350865125656128
z_cn_to_cn_residual,0,test-60,-0.2474640255978244,-0.14538414776325226
z_cn_to_cn_residual,0,test-61,-0.0022128532902202114,-0.14538414776325226
z_cn_to_cn_residual,0,test-62,-0.0014682163898236727,-0.14538414776325226
z_cn_to_cn_residual,0,test-63,-0.002483473901375505,-0.14538414776325226
z_cn_to_cn_residual,0,test-64,-0.18117393408101218,-0.14538414776325226
z_cn_to_cn_residual,0,test-65,1.0035331796620373,0.7224605679512024
z_cn_to_cn_residual,0,test-66,-0.003920084665472663,-0.14538414776325226
z_cn_to_cn_residual,0,test-67,-0.003920084665472663,-0.14538414776325226
z_cn_to_cn_residual,0,test-68,-0.5121098978044188,-0.14538414776325226
z_cn_to_cn_residual,0,test-69,0.40889556438164,0.4913666248321533
z_cn_to_cn_residual,0,test-70,0.5071241430143024,0.23642800748348236
z_cn_to_cn_residual,0,test-71,0.34193555199200737,0.5025544762611389
z_cn_to_cn_residual,0,test-72,-0.0025667768776077267,-0.14538414776325226
z_cn_to_cn_residual,0,test-73,-0.32077300936225667,-0.14538414776325226
z_cn_to_cn_residual,0,test-74,-0.09507910900607243,-0.14538414776325226
z_cn_to_cn_residual,0,test-75,0.9986799695883919,0.6638755202293396
z_cn_to_cn_residual,0,test-76,-0.001592483837966117,-0.14538414776325226
z_cn_to_cn_residual,0,test-77,0.5932148614802274,0.5133146643638611
z_cn_to_cn_residual,0,test-78,-0.0017051669314512175,-0.14538414776325226
z_cn_to_cn_residual,0,test-79,-0.0025667768776077267,-0.14538414776325226
z_cn_to_cn_residual,0,test-80,0.6893311186493629,0.785920262336731
z_cn_to_cn_residual,0,test-81,0.3267009706117635,0.2663170099258423
z_cn_to_cn_residual,0,test-82,1.066776060462735,0.9937199354171753
z_cn_to_cn_residual,0,test-83,-0.06306873591422772,-0.14538414776325226
z_cn_to_cn_residual,0,test-84,-0.3195190468888935,-0.14538414776325226
z_cn_to_cn_residual,0,test-85,-0.257133548881196,-0.14538414776325226
z_cn_to_cn_residual,0,test-86,0.3974001350710103,0.32812201976776123
z_cn_to_cn_residual,0,test-87,-0.09507910900607243,-0.14538414776325226
z_cn_to_cn_residual,0,test-88,-0.006401163194461921,-0.14538414776325226
z_cn_to_cn_residual,0,test-89,-0.295747045488935,-0.14538414776325226
z_cn_to_cn_residual,0,test-90,-0.07427151148220186,-0.14538414776325226
z_cn_to_cn_residual,0,test-91,-0.002679459971092827,-0.14538414776325226
z_cn_to_cn_residual,0,test-92,0.5963176677780939,0.5236110091209412
z_cn_to_cn_residual,0,test-93,0.47287711110466973,0.49319905042648315
z_cn_to_cn_residual,0,test-94,-0.07427151148220186,-0.14538414776325226
z_cn_to_cn_residual,0,test-95,0.5634751272888399,0.21375863254070282
z_cn_to_cn_residual,0,test-96,-0.6219808875579942,0.648768961429596
z_cn_to_cn_residual,0,test-97,-0.0948206319924906,-0.14538414776325226
z_cn_to_cn_residual,0,test-98,-0.002536581283496064,-0.14538414776325226
z_cn_to_cn_residual,0,test-99,-0.09507910900607243,-0.14538414776325226
z_cn_to_cn_residual,0,test-100,-0.3664462099481818,-0.14538414776325226
z_cn_to_cn_residual,0,test-101,0.5980680715538729,0.6162480115890503
z_cn_to_cn_residual,0,test-102,0.03377005795343527,-0.14538414776325226
z_cn_to_cn_residual,0,test-103,-0.15981025222941134,-0.14538414776325226
z_cn_to_cn_residual,0,test-104,0.629186265886127,0.4225209951400757
z_cn_to_cn_residual,0,test-105,-0.001592483837966117,-0.14538414776325226
z_cn_to_cn_residual,0,test-106,0.689862177614176,0.5927691459655762
z_cn_to_cn_residual,0,test-107,-0.0025667768776077267,-0.14538414776325226
z_cn_to_cn_residual,0,test-108,0.09689341725340761,0.7095445394515991
z_cn_to_cn_residual,0,test-109,0.37911075343422035,0.5913192629814148
z_cn_to_cn_residual,0,test-110,-0.002679459971092827,-0.14538414776325226
z_cn_to_cn_residual,0,test-111,-0.006236131996241855,-0.14538414776325226
z_cn_to_cn_residual,0,test-112,0.4686965299979534,0.37246161699295044
z_cn_to_cn_residual,0,test-113,-0.4092811700187469,-0.14538414776325226
z_cn_to_cn_residual,0,test-114,-0.0017051669314512175,-0.14538414776325226
z_cn_to_cn_residual,0,test-115,0.6906637066585698,0.41257596015930176
z_cn_to_cn_residual,0,test-116,1.0402213320986424,0.5147372484207153
z_cn_to_cn_residual,0,test-117,0.6948211420213969,0.3934321403503418
z_cn_to_cn_residual,0,test-118,-0.2842516161783053,-0.14538414776325226
z_cn_to_cn_residual,0,test-119,0.706182872391234,0.8426804542541504
z_cn_to_cn_residual,0,test-120,0.6188756690777434,0.6073948740959167
z_cn_to_cn_residual,0,test-121,0.5071241430143024,0.5030885934829712
z_cn_to_cn_residual,0,test-122,0.732166078719928,0.7009921669960022
z_cn_to_cn_residual,0,test-123,0.6905804036823375,0.42973798513412476
z_cn_to_cn_residual,0,test-124,-0.006401163194461921,-0.14538414776325226
z_cn_to_cn_residual,0,test-125,-0.06396091467381823,-0.14538414776325226
z_cn_to_cn_residual,0,test-126,1.0243407771859079,0.3562224507331848
z_cn_to_cn_residual,0,test-127,-0.0025667768776077267,-0.14538414776325226
z_cn_to_cn_residual,0,test-128,-0.17653506637630972,-0.14538414776325226
z_cn_to_cn_residual,0,test-129,0.006243055183185751,-0.14538414776325226
z_cn_to_cn_residual,0,test-130,0.9125892511224669,0.7987989783287048
z_cn_to_cn_residual,0,test-131,0.5932148614802274,0.5844926834106445
z_cn_to_cn_residual,0,test-132,-0.4092811700187469,-0.14538414776325226
z_cn_to_cn_residual,0,test-133,-0.3910899774469028,-0.14538414776325226
z_cn_to_cn_residual,0,test-134,-0.06396091467381823,-0.14538414776325226
z_cn_to_cn_residual,0,test-135,0.5333369283305339,0.24989436566829681
z_cn_to_cn_residual,0,test-136,0.6893311186493629,0.6086980700492859
z_cn_to_cn_residual,0,test-137,-0.0022128532902202114,-0.14538414776325226
z_cn_to_cn_residual,0,test-138,-0.4564122585269044,-0.14538414776325226
z_cn_to_cn_residual,0,test-139,-0.0025667768776077267,-0.14538414776325226
z_cn_to_cn_residual,0,test-140,-0.295747045488935,-0.14538414776325226
z_cn_to_cn_residual,0,test-141,0.7232900511466166,0.7061188220977783
z_cn_to_cn_residual,0,test-142,-0.09507910900607243,-0.14538414776325226
z_cn_to_cn_residual,0,test-143,-0.002679459971092827,-0.14538414776325226
z_cn_to_cn_residual,0,test-144,-0.15981025222941134,-0.14538414776325226
z_cn_to_cn_residual,0,test-145,-0.020145318105689636,-0.14538414776325226
z_cn_to_cn_residual,0,test-146,0.37362887990278976,0.41790276765823364
z_cn_to_cn_residual,0,test-147,-0.295747045488935,-0.14538414776325226
z_cn_to_cn_residual,0,test-148,0.09689341725340761,0.39440029859542847
z_cn_to_cn_residual,0,test-149,-0.2842516161783053,-0.14538414776325226
z_cn_to_cn_residual,0,test-150,-0.21219425699455913,-0.14538414776325226
z_cn_to_cn_residual,0,test-151,0.5634751272888399,0.37092894315719604
z_cn_to_cn_residual,0,test-152,-0.011174017424812204,-0.14538414776325226
z_cn_to_cn_residual,0,test-153,0.2564389628481294,0.4594902992248535
z_cn_to_cn_residual,0,test-154,0.6904677205888524,0.41420531272888184
z_cn_to_cn_residual,0,test-155,-0.002536581283496064,-0.14538414776325226
z_cn_to_cn_residual,0,test-156,1.2131515730483942,1.0965821743011475
z_cn_to_cn_residual,0,test-157,-0.11159319800623856,-0.14538414776325226
z_cn_to_cn_residual,0,test-158,-0.002483473901375505,-0.14538414776325226
z_cn_to_cn_residual,0,test-159,0.5980680715538729,0.36822354793548584
z_cn_to_cn_residual,0,test-160,-0.006236131996241855,-0.14538414776325226
z_cn_to_cn_residual,0,test-161,-0.0017051669314512175,-0.14538414776325226
z_cn_to_cn_residual,0,test-162,0.5980680715538729,0.5566524863243103
z_cn_to_cn_residual,0,test-163,-0.0025667768776077267,-0.14538414776325226
z_cn_to_cn_residual,0,test-164,0.30205720311304246,0.49082261323928833
z_cn_to_cn_residual,0,test-165,-0.001592483837966117,-0.14538414776325226
z_cn_to_cn_residual,0,test-166,-0.3678477635670827,-0.14538414776325226
z_cn_to_cn_residual,0,test-167,-0.5737341020377579,-0.14538414776325226
z_cn_to_cn_residual,0,test-168,0.3252994169928626,0.42085397243499756
z_cn_to_cn_residual,0,test-169,-0.0025667768776077267,-0.14538414776325226
z_cn_to_cn_residual,0,test-170,-0.002679459971092827,-0.14538414776325226
z_cn_to_cn_residual,0,test-171,0.5694612141469256,0.3702962398529053
z_cn_to_cn_residual,0,test-172,-0.0017051669314512175,-0.14538414776325226
z_cn_to_cn_residual,0,test-173,-0.07427151148220186,-0.14538414776325226
z_cn_to_cn_residual,0,test-174,1.1880129048121781,0.8604126572608948
z_cn_to_cn_residual,0,test-175,0.8125602590821327,0.8302293419837952
z_cn_to_cn_residual,0,test-176,-0.10231614743923174,-0.14538414776325226
z_cn_to_cn_residual,0,test-177,0.027598705190133088,-0.14538414776325226
z_cn_to_cn_residual,0,test-178,-0.31951830065715553,-0.14538414776325226
z_cn_to_cn_residual,0,test-179,-0.0017051669314512175,-0.14538414776325226
z_cn_to_cn_residual,0,test-180,-0.007700184364779972,-0.14538414776325226
z_cn_to_cn_residual,0,test-181,-0.31403642712572494,-0.14538414776325226
z_cn_to_cn_residual,0,test-182,-0.31951830065715553,-0.14538414776325226
z_cn_to_cn_residual,0,test-183,-0.002483473901375505,-0.14538414776325226
z_cn_to_cn_residual,0,test-184,0.2690154096687156,0.6597709655761719
z_cn_to_cn_residual,0,test-185,-0.295747045488935,-0.14538414776325226
z_cn_to_cn_residual,0,test-186,1.1223473257239598,0.7333475947380066
z_cn_to_cn_residual,0,test-187,-0.295747045488935,-0.14538414776325226
z_cn_to_cn_residual,0,test-188,-0.07427151148220186,-0.14538414776325226
z_cn_to_cn_residual,0,test-189,-0.06396091467381823,-0.14538414776325226
z_cn_to_cn_residual,0,test-190,0.5980680715538729,0.4225209951400757
z_cn_to_cn_residual,0,test-191,-0.002679459971092827,-0.14538414776325226
z_cn_to_cn_residual,0,test-192,0.5932148614802274,0.5138057470321655
z_cn_to_cn_residual,0,test-193,-0.18602303754564287,-0.14538414776325226
z_cn_to_cn_residual,0,test-194,-0.007700184364779972,-0.14538414776325226
z_cn_to_cn_residual,0,test-195,0.18103728275552644,0.30843234062194824
z_cn_to_cn_residual,0,test-196,-0.3419557546295762,-0.14538414776325226
z_cn_to_cn_residual,0,test-197,-0.07427151148220186,-0.14538414776325226
z_cn_to_cn_residual,0,test-198,-0.1325756172494532,-0.14538414776325226
z_cn_to_cn_residual,0,test-199,-0.001592483837966117,-0.14538414776325226
z_cn_to_cn_residual,0,test-200,-0.001592483837966117,-0.14538414776325226
z_cn_to_cn_residual,0,test-201,-0.001592483837966117,-0.14538414776325226
z_cn_to_cn_residual,0,test-202,-0.09993231907971788,-0.14538414776325226
z_cn_to_cn_residual,0,test-203,-0.07427151148220186,-0.14538414776325226
z_cn_to_cn_residual,0,test-204,0.6867460173654834,0.4466955065727234
z_cn_to_cn_residual,0,test-205,-0.06396091467381823,-0.14538414776325226
z_cn_to_cn_residual,0,test-206,-0.31403642712572494,-0.14538414776325226
z_cn_to_cn_residual,0,test-207,0.25559953693839854,0.4750347137451172
z_cn_to_cn_residual,0,test-208,-0.3512116285679379,-0.14538414776325226
z_cn_to_cn_residual,0,test-209,0.44701726623712135,0.7342662215232849
z_cn_to_cn_residual,0,test-210,0.27064323153028624,0.30843234062194824
z_cn_to_cn_residual,0,test-211,0.9986799695883919,0.6385490298271179
z_cn_to_cn_residual,0,test-212,-0.015324816569887118,-0.14538414776325226
z_cn_to_cn_residual,0,test-213,-0.002483473901375505,-0.14538414776325226
z_cn_to_cn_residual,0,test-214,0.707522311221207,0.662786066532135
z_cn_to_cn_residual,0,test-215,-0.002679459971092827,-0.14538414776325226
z_cn_to_cn_residual,0,test-216,-0.0025667768776077267,-0.14538414776325226
z_cn_to_cn_residual,0,test-217,0.6905804036823375,0.5266765356063843
z_cn_to_cn_residual,0,test-218,-0.09993231907971788,-0.14538414776325226
z_cn_to_cn_residual,0,test-219,-0.3664462099481818,-0.14538414776325226
z_cn_to_cn_residual,0,test-220,-0.007796294345678415,-0.14538414776325226
z_cn_to_cn_residual,0,test-221,-0.18602303754564287,-0.14538414776325226
z_cn_to_cn_residual,0,test-222,-0.002679459971092827,-0.14538414776325226
z_cn_to_cn_residual,0,test-223,-0.20673482910021176,-0.14538414776325226
z_cn_to_cn_residual,0,test-224,-0.002483473901375505,-0.14538414776325226
z_cn_to_cn_residual,0,test-225,0.8028652431791747,0.6706723570823669
z_cn_to_cn_residual,0,test-226,-0.002679459971092827,-0.14538414776325226
z_cn_to_cn_residual,0,test-227,0.9388020364386984,0.7902166247367859
z_cn_to_cn_residual,0,test-228,-0.0025667768776077267,-0.14538414776325226
z_cn_to_cn_residual,0,test-229,-0.06396091467381823,-0.14538414776325226
z_cn_to_cn_residual,0,test-230,0.5634751272888399,0.5044707655906677
z_cn_to_cn_residual,0,test-231,-0.34185746108770393,-0.14538414776325226
z_cn_to_cn_residual,0,test-232,0.5836835270942388,0.4108845591545105
z_cn_to_cn_residual,0,test-233,-0.0017051669314512175,-0.14538414776325226
z_cn_to_cn_residual,0,test-234,-0.3664462099481818,-0.14538414776325226
z_cn_to_cn_residual,0,test-235,0.5963176677780939,0.3288987874984741
z_cn_to_cn_residual,0,test-236,-0.09507910900607243,-0.14538414776325226
z_cn_to_cn_residual,0,test-237,-0.09993231907971788,-0.14538414776325226
z_cn_to_cn_residual,0,test-238,1.1098178970570212,0.6667449474334717
z_cn_to_cn_residual,0,test-239,0.09689341725340761,0.27853506803512573
z_cn_to_cn_residual,0,test-240,-0.0025667768776077267,-0.14538414776325226
z_cn_to_cn_residual,0,test-241,-0.003920084665472663,-0.14538414776325226
z_cn_to_cn_residual,0,test-242,1.0035331796620373,0.692638099193573
z_cn_to_cn_residual,0,test-243,0.629186265886127,0.44052499532699585
z_cn_to_cn_residual,0,test-244,-0.09993231907971788,-0.14538414776325226
z_cn_to_cn_residual,0,test-245,0.5980680715538729,0.5068134069442749
z_cn_to_cn_residual,0,test-246,-0.6011019660483662,-0.14538414776325226
z_cn_to_cn_residual,0,test-247,-0.0025667768776077267,-0.14538414776325226
z_cn_to_cn_residual,0,test-248,-0.40617432960244304,-0.14538414776325226
z_cn_to_cn_residual,0,test-249,-0.32077300936225667,-0.14538414776325226
z_cn_to_cn_residual,0,test-250,-0.0017051669314512175,-0.14538414776325226
z_cn_to_cn_residual,0,test-251,0.027598705190133088,-0.14538414776325226
z_cn_to_cn_residual,0,test-252,-0.31951830065715553,-0.14538414776325226
z_cn_to_cn_residual,0,test-253,-0.09507910900607243,-0.14538414776325226
z_cn_to_cn_residual,0,test-254,-0.006401163194461921,-0.14538414776325226
z_cn_to_cn_residual,0,test-255,-0.2608500763576425,-0.14538414776325226
z_cn_to_cn_residual,0,test-256,-0.002483473901375505,-0.14538414776325226
z_cn_to_cn_residual,0,test-257,0.16442497939224665,0.5522180795669556
z_cn_to_cn_residual,0,test-258,0.8561659193103136,0.6748162508010864
z_cn_to_cn_residual,0,test-259,-0.002709528290634796,-0.14538414776325226
z_cn_to_cn_residual,0,test-260,-0.001592483837966117,-0.14538414776325226
z_cn_to_cn_residual,0,test-261,0.42920014516401445,0.38982129096984863
z_cn_to_cn_residual,0,test-262,0.9125892511224669,0.6813120245933533
z_cn_to_cn_residual,0,test-263,-0.18602303754564287,-0.14538414776325226
z_cn_to_cn_residual,0,test-264,-0.32690411934740055,-0.14538414776325226
z_cn_to_cn_residual,0,test-265,-0.4564122585269044,-0.14538414776325226
z_cn_to_cn_residual,0,test-266,0.6905804036823375,0.6705273389816284
z_cn_to_cn_residual,0,test-267,0.6904677205888524,0.4302094578742981
z_cn_to_cn_residual,0,test-268,-0.09507910900607243,-0.14538414776325226
z_cn_to_cn_residual,0,test-269,0.5380768797364144,1.048885464668274
z_cn_to_cn_residual,0,test-270,-0.0025667768776077267,-0.14538414776325226
z_cn_to_cn_residual,0,test-271,0.9986799695883919,0.5472940802574158
z_cn_to_cn_residual,0,test-272,0.26383524768033195,0.16035030782222748
z_cn_to_cn_residual,0,test-273,0.4676238340609221,0.47789454460144043
z_cn_to_cn_residual,0,test-274,0.5333369283305339,0.42764103412628174
z_cn_to_cn_residual,0,test-275,-0.09507910900607243,-0.14538414776325226
z_cn_to_cn_residual,0,test-276,-0.0022128532902202114,-0.14538414776325226
z_cn_to_cn_residual,0,test-277,-0.295747045488935,-0.14538414776325226
z_cn_to_cn_residual,0,test-278,0.4322971042023028,0.39013671875
z_cn_to_cn_residual,0,test-279,0.5166121141836355,0.4857504367828369
z_cn_to_cn_residual,0,test-280,-0.006401163194461921,-0.14538414776325226
z_cn_to_cn_residual,0,test-281,1.0243407771859079,0.6573413610458374
z_cn_to_cn_residual,0,test-282,-0.005713782933315264,-0.14538414776325226
z_cn_to_cn_residual,0,test-283,-0.18602303754564287,-0.14538414776325226
z_cn_to_cn_residual,0,test-284,-0.0017051669314512175,-0.14538414776325226
z_cn_to_cn_residual,0,test-285,-0.09507910900607243,-0.14538414776325226
z_cn_to_cn_residual,0,test-286,1.3462860490699626,1.1920043230056763
z_cn_to_cn_residual,0,test-287,-0.09993231907971788,-0.14538414776325226
z_cn_to_cn_residual,0,test-288,0.5553068786375152,0.5121959447860718
z_cn_to_cn_residual,0,test-289,0.2249532936470302,0.5114434361457825
z_cn_to_cn_residual,0,test-290,0.5980680715538729,0.5155647993087769
z_cn_to_cn_residual,0,test-291,0.5481549764268495,0.5258255004882812
z_cn_to_cn_residual,0,test-292,-0.8168566785177598,-0.14538414776325226
z_cn_to_cn_residual,0,test-293,0.33133944436357726,0.04346637427806854
z_cn_to_cn_residual,0,test-294,0.629186265886127,0.3622283935546875
z_cn_to_cn_residual,0,test-295,0.6906105992764492,0.5885266661643982
z_cn_to_cn_residual,0,test-296,-0.0013809592565058647,-0.14538414776325226
z_cn_to_cn_residual,0,test-297,-0.0022128532902202114,-0.14538414776325226
z_cn_to_cn_residual,0,test-298,0.6906637066585698,0.5323626399040222
z_cn_to_cn_residual,0,test-299,-0.22552334649902314,-0.14538414776325226
z_cn_to_cn_residual,0,test-300,0.5071241430143024,0.5165957808494568
z_cn_to_cn_residual,0,test-301,-0.0017051669314512175,-0.14538414776325226
z_cn_to_cn_residual,0,test-302,0.6188756690777434,0.4614267349243164
z_cn_to_cn_residual,0,test-303,-0.002679459971092827,-0.14538414776325226
z_cn_to_cn_residual,0,test-304,-0.3011881021227526,-0.14538414776325226
z_cn_to_cn_residual,0,test-305,0.3974001350710103,0.509271502494812
z_cn_to_cn_residual,0,test-306,0.5966030812834874,0.6485311388969421
z_cn_to_cn_residual,0,test-307,-0.002679459971092827,-0.14538414776325226
z_cn_to_cn_residual,0,test-308,0.6904677205888524,0.5076474547386169
z_cn_to_cn_residual,0,test-309,0.511973246478933,0.36822354793548584
z_cn_to_cn_residual,0,test-310,-0.06396091467381823,-0.14538414776325226
z_cn_to_cn_residual,0,test-311,0.8880287062152161,0.7842805981636047
z_cn_to_cn_residual,0,test-312,0.000550437072462336,-0.14538414776325226
z_cn_to_cn_residual,0,test-313,0.4185007999394532,0.7586973309516907
z_cn_to_cn_residual,0,test-314,0.12442211904305411,0.5133146643638611
z_cn_to_cn_residual,0,test-315,-0.0009230486758283437,-0.14538414776325226
z_cn_to_cn_residual,0,test-316,0.5980680715538729,0.375114381313324
z_cn_to_cn_residual,0,test-317,0.6253649081462749,0.7981309294700623
z_cn_to_cn_residual,0,test-318,-0.295747045488935,-0.14538414776325226
z_cn_to_cn_residual,0,test-319,0.4185007999394532,0.4500119090080261
z_cn_to_cn_residual,0,test-320,-0.15981025222941134,-0.14538414776325226
z_cn_to_cn_residual,0,test-321,-0.09993231907971788,-0.14538414776325226
z_cn_to_cn_residual,0,test-322,0.5071241430143024,0.5216377377510071
z_cn_to_cn_residual,0,test-323,-0.0025667768776077267,-0.14538414776325226
z_cn_to_cn_residual,0,test-324,-0.07427151148220186,-0.14538414776325226
z_cn_to_cn_residual,0,test-325,0.5333369283305339,0.5517531037330627
z_cn_to_cn_residual,0,test-326,-0.002709528290634796,-0.14538414776325226
z_cn_to_cn_residual,0,test-327,-0.12967205327110548,-0.14538414776325226
z_cn_to_cn_residual,0,test-328,-0.4092811700187469,-0.14538414776325226
z_cn_to_cn_residual,0,test-329,-0.0017051669314512175,-0.14538414776325226
z_cn_to_cn_residual,0,test-330,1.0184465975528079,0.867074191570282
z_cn_to_cn_residual,0,test-331,-0.2930939733738713,-0.14538414776325226
z_cn_to_cn_residual,0,test-332,-0.007796294345678415,-0.14538414776325226
z_cn_to_cn_residual,0,test-333,-0.006236131996241855,-0.14538414776325226
z_cn_to_cn_residual,0,test-334,-0.003920084665472663,-0.14538414776325226
z_cn_to_cn_residual,0,test-335,1.108891999074218,1.1155598163604736
z_cn_to_cn_residual,0,test-336,-0.09507910900607243,-0.14538414776325226
z_cn_to_cn_residual,0,test-337,0.5932148614802274,0.3520044684410095
z_cn_to_cn_residual,0,test-338,0.6188756690777434,0.5511935949325562
z_cn_to_cn_residual,0,test-339,0.5333369283305339,0.30843234062194824
z_cn_to_cn_residual,0,test-340,0.9300387057397879,0.603440523147583
z_cn_to_cn_residual,0,test-341,0.48095292356538616,0.5084740519523621
z_cn_to_cn_residual,0,test-342,-0.07427151148220186,-0.14538414776325226
z_cn_to_cn_residual,0,test-343,-0.43015367383143543,0.36822354793548584
z_cn_to_cn_residual,0,test-344,-0.002483473901375505,-0.14538414776325226
z_cn_to_cn_residual,0,test-345,0.5963176677780939,0.45067572593688965
z_cn_to_cn_residual,0,test-346,0.6188756690777434,0.36822354793548584
z_cn_to_cn_residual,0,test-347,0.6188756690777434,0.3885005712509155
z_cn_to_cn_residual,0,test-348,0.6188756690777434,0.5067410469055176
z_cn_to_cn_residual,0,test-349,-0.26394703539593084,-0.14538414776325226
z_cn_to_cn_residual,0,test-350,-0.006236131996241855,-0.14538414776325226
z_cn_to_cn_residual,0,test-351,-0.22552334649902314,-0.14538414776325226
z_cn_to_cn_residual,0,test-352,-0.002483473901375505,-0.14538414776325226
z_cn_to_cn_residual,0,test-353,0.6730018624542556,0.475109338760376
z_cn_to_cn_residual,0,test-354,-0.17162295933884167,-0.14538414776325226
z_cn_to_cn_residual,0,test-355,-0.5908559921618184,-0.14538414776325226
z_cn_to_cn_residual,0,test-356,-0.0025667768776077267,-0.14538414776325226
z_cn_to_cn_residual,0,test-357,-0.0025667768776077267,-0.14538414776325226
z_cn_to_cn_residual,0,test-358,-0.0025667768776077267,-0.14538414776325226
z_cn_to_cn_residual,0,test-359,-0.02637982311895648,0.49082261323928833
z_cn_to_cn_residual,0,test-360,-0.1378403019224301,-0.14538414776325226
z_cn_to_cn_residual,0,test-361,0.4185007999394532,0.7037575840950012
z_cn_to_cn_residual,0,test-362,-0.31852856519640793,-0.14538414776325226
z_cn_to_cn_residual,0,test-363,0.26383524768033195,0.524013102054596
z_cn_to_cn_residual,0,test-364,-0.06396091467381823,-0.14538414776325226
z_cn_to_cn_residual,0,test-365,-0.18602303754564287,-0.14538414776325226
z_cn_to_cn_residual,0,test-366,-0.0017051669314512175,-0.14538414776325226
z_cn_to_cn_residual,0,test-367,-0.5962537633065377,-0.14538414776325226
z_cn_to_cn_residual,0,test-368,1.0444369000321867,0.7341710329055786
z_cn_to_cn_residual,0,test-369,-0.002483473901375505,-0.14538414776325226
z_cn_to_cn_residual,0,test-370,0.6867460173654834,0.413546621799469
z_cn_to_cn_residual,0,test-371,-0.0017051669314512175,-0.14538414776325226
z_cn_to_cn_residual,0,test-372,0.6188756690777434,0.3288987874984741
z_cn_to_cn_residual,0,test-373,-0.31951830065715553,-0.14538414776325226
z_cn_to_cn_residual,0,test-374,0.5333369283305339,0.5172258019447327
z_cn_to_cn_residual,0,test-375,0.5980680715538729,0.5606689453125
z_cn_to_cn_residual,0,test-376,0.0920452145115791,0.32812201976776123
z_cn_to_cn_residual,0,test-377,-0.003920084665472663,-0.14538414776325226
z_cn_to_cn_residual,0,test-378,-0.295747045488935,-0.14538414776325226
z_cn_to_cn_residual,0,test-379,-0.003920084665472663,-0.14538414776325226
z_cn_to_cn_residual,0,test-380,0.5980680715538729,0.5246909260749817
z_cn_to_cn_residual,0,test-381,0.6906105992764492,0.36822354793548584
z_cn_to_cn_residual,0,test-382,-0.0025667768776077267,-0.14538414776325226
z_cn_to_cn_residual,0,test-383,-0.0025667768776077267,-0.14538414776325226
z_cn_to_cn_residual,0,test-384,-0.018078891203757413,-0.14538414776325226
z_cn_to_cn_residual,0,test-385,-0.0025667768776077267,-0.14538414776325226
z_cn_to_cn_residual,0,test-386,-0.0025667768776077267,-0.14538414776325226
z_cn_to_cn_residual,0,test-387,0.6904677205888524,0.5647016167640686
z_cn_to_cn_residual,0,test-388,0.5071241430143024,0.48911166191101074
z_cn_to_cn_residual,0,test-389,-0.002679459971092827,-0.14538414776325226
z_cn_to_cn_residual,0,test-390,0.5932148614802274,0.5794851779937744
z_cn_to_cn_residual,0,test-391,0.5071241430143024,0.47789454460144043
z_cn_to_cn_residual,0,test-392,-0.002483473901375505,-0.14538414776325226
z_cn_to_cn_residual,0,test-393,-0.0017051669314512175,-0.14538414776325226
z_cn_to_cn_residual,0,test-394,-0.002536581283496064,-0.14538414776325226
z_cn_to_cn_residual,0,test-395,0.5634751272888399,0.4604122042655945
z_cn_to_cn_residual,0,test-396,-0.0025667768776077267,-0.14538414776325226
z_cn_to_cn_residual,0,test-397,-0.011174017424812204,-0.14538414776325226
z_cn_to_cn_residual,0,test-398,-0.003920084665472663,-0.14538414776325226
z_cn_to_cn_residual,0,test-399,-0.18602303754564287,-0.14538414776325226
z_cn_to_cn_residual,0,test-400,0.6904677205888524,0.3229749798774719
z_cn_to_cn_residual,0,test-401,0.6904677205888524,0.4508533477783203
z_cn_to_cn_residual,0,test-402,0.5963176677780939,0.5562973022460938
z_cn_to_cn_residual,0,test-403,-0.00961734087375331,-0.14538414776325226
z_cn_to_cn_residual,0,test-404,0.18103728275552644,0.42085397243499756
z_cn_to_cn_residual,0,test-405,-0.0017051669314512175,-0.14538414776325226
z_cn_to_cn_residual,0,test-406,-0.26394703539593084,-0.14538414776325226
z_cn_to_cn_residual,0,test-407,0.6906637066585698,0.2515140771865845
z_cn_to_cn_residual,0,test-408,-0.006236131996241855,-0.14538414776325226
z_cn_to_cn_residual,0,test-409,0.6750682893561879,0.3565152883529663
z_cn_to_cn_residual,0,test-410,-0.0025667768776077267,-0.14538414776325226
z_cn_to_cn_residual,0,test-411,-0.3678477635670827,-0.14538414776325226
z_cn_to_cn_residual,0,test-412,1.0035331796620373,0.5481852293014526
z_cn_to_cn_residual,0,test-413,0.3974001350710103,0.514442503452301
z_cn_to_cn_residual,0,test-414,0.14484892926646498,0.6599488854408264
z_cn_to_cn_residual,0,test-415,0.6904376522693105,0.31050658226013184
z_cn_to_cn_residual,0,test-416,0.42920014516401445,0.46385014057159424
z_cn_to_cn_residual,0,test-417,-0.002709528290634796,-0.14538414776325226
z_cn_to_cn_residual,0,test-418,-0.18602303754564287,-0.14538414776325226
z_cn_to_cn_residual,0,test-419,0.42920014516401445,0.4798503518104553
z_cn_to_cn_residual,0,test-420,-0.10534341095846705,-0.14538414776325226
z_cn_to_cn_residual,0,test-421,-0.34185746108770393,-0.14538414776325226
z_cn_to_cn_residual,0,test-422,0.5980680715538729,0.49872732162475586
z_cn_to_cn_residual,0,test-423,-0.002679459971092827,-0.14538414776325226
z_cn_to_cn_residual,0,test-424,0.6924563057315964,0.42866063117980957
z_cn_to_cn_residual,0,test-425,-0.0009230486758283437,-0.14538414776325226
z_cn_to_cn_residual,0,test-426,1.2002713235742477,0.9843282103538513
z_cn_to_cn_residual,0,test-427,-0.06396091467381823,-0.14538414776325226
z_cn_to_cn_residual,0,test-428,0.6906637066585698,0.2515140771865845
z_cn_to_cn_residual,0,test-429,-0.12967205327110548,-0.14538414776325226
z_cn_to_cn_residual,0,test-430,0.002865332104051953,-0.14538414776325226
z_cn_to_cn_residual,0,test-431,-0.002679459971092827,-0.14538414776325226
z_cn_to_cn_residual,0,test-432,-0.07427151148220186,-0.14538414776325226
z_cn_to_cn_residual,0,test-433,0.33133944436357726,0.5464353561401367
z_cn_to_cn_residual,0,test-434,0.5980680715538729,0.5561620593070984
z_cn_to_cn_residual,0,test-435,0.6892270958944726,0.5222468376159668
z_cn_to_cn_residual,0,test-436,0.027598705190133088,-0.14538414776325226
z_cn_to_cn_residual,0,test-437,0.6288411122804236,0.21868614852428436
z_cn_to_cn_residual,0,test-438,-0.1278380797400702,-0.14538414776325226
z_cn_to_cn_residual,0,test-439,-0.0025667768776077267,-0.14538414776325226
z_cn_to_cn_residual,0,test-440,0.9007472632761859,0.9087004065513611
z_cn_to_cn_residual,0,test-441,0.09689341725340761,0.20007774233818054
z_cn_to_cn_residual,0,test-442,0.9986799695883919,0.5426834225654602
z_cn_to_cn_residual,0,test-443,1.0035331796620373,0.6963506937026978
z_cn_to_cn_residual,0,test-444,-0.001592483837966117,-0.14538414776325226
z_cn_to_cn_residual,0,test-445,1.2002713235742477,0.9555486440658569
z_cn_to_cn_residual,0,test-446,0.9388020364386984,0.7274386286735535
z_cn_to_cn_residual,0,test-447,0.9125892511224669,0.7330423593521118
z_cn_to_cn_residual,0,test-448,-0.0017051669314512175,-0.14538414776325226
z_cn_to_cn_residual,0,test-449,0.6906637066585698,0.2515140771865845
z_cn_to_cn_residual,0,test-450,0.6188756690777434,0.5138821601867676
z_cn_to_cn_residual,0,test-451,-0.6219808875579942,0.7037575840950012
z_cn_to_cn_residual,0,test-452,-0.32077300936225667,-0.14538414776325226
z_cn_to_cn_residual,0,test-453,0.7307645251010271,0.3677508234977722
z_cn_to_cn_residual,0,test-454,-0.09507910900607243,-0.14538414776325226
z_cn_to_cn_residual,0,test-455,0.6930446040093127,0.47544950246810913
z_cn_to_cn_residual,0,test-456,-0.06430606827952172,-0.14538414776325226
z_cn_to_cn_residual,0,test-457,-0.0025667768776077267,-0.14538414776325226
z_cn_to_cn_residual,0,test-458,-0.15981025222941134,-0.14538414776325226
z_cn_to_cn_residual,0,test-459,0.5634751272888399,0.5520018339157104
z_cn_to_cn_residual,0,test-460,0.9125892511224669,0.64217209815979
z_cn_to_cn_residual,0,test-461,0.5932148614802274,0.36822354793548584
z_cn_to_cn_residual,0,test-462,-0.0022128532902202114,-0.14538414776325226
z_cn_to_cn_residual,0,test-463,0.6905804036823375,0.645450234413147
z_cn_to_cn_residual,0,test-464,0.6924563057315964,0.36822354793548584
z_cn_to_cn_residual,0,test-465,-0.0022128532902202114,-0.14538414776325226
z_cn_to_cn_residual,0,test-466,0.42920014516401445,0.3818356990814209
z_cn_to_cn_residual,0,test-467,0.5023585253615721,0.45356887578964233
z_cn_to_cn_residual,0,test-468,-0.18602303754564287,-0.14538414776325226
z_cn_to_cn_residual,0,test-469,-0.09993231907971788,-0.14538414776325226
z_cn_to_cn_residual,0,test-470,-0.001592483837966117,-0.14538414776325226
z_cn_to_cn_residual,0,test-471,0.42920014516401445,0.47041189670562744
z_cn_to_cn_residual,0,test-472,-0.002536581283496064,-0.14538414776325226
z_cn_to_cn_residual,0,test-473,0.3907357061859718,0.5126521587371826
z_cn_to_cn_residual,0,test-474,0.18103728275552644,0.5413622260093689
z_cn_to_cn_residual,0,test-475,0.629186265886127,0.3622283935546875
z_cn_to_cn_residual,0,test-476,-0.002679459971092827,-0.14538414776325226
z_cn_to_cn_residual,0,test-477,-0.09507910900607243,-0.14538414776325226
z_cn_to_cn_residual,0,test-478,0.5963176677780939,0.5394182801246643
z_cn_to_cn_residual,0,test-479,0.5071241430143024,0.4439550042152405
z_cn_to_cn_residual,0,test-480,0.7232900511466166,0.6379058957099915
z_cn_to_cn_residual,0,test-481,-0.003920084665472663,-0.14538414776325226
z_cn_to_cn_residual,0,test-482,0.5634751272888399,0.30843234062194824
z_cn_to_cn_residual,0,test-483,0.4676238340609221,0.4710695743560791
z_cn_to_cn_residual,0,test-484,-0.002679459971092827,-0.14538414776325226
z_cn_to_cn_residual,0,test-485,-0.295747045488935,-0.14538414776325226
z_cn_to_cn_residual,0,test-486,-0.0017051669314512175,-0.14538414776325226
z_cn_to_cn_residual,0,test-487,-0.21403955770147523,-0.14538414776325226
z_cn_to_cn_residual,0,test-488,-0.002679459971092827,-0.14538414776325226
z_cn_to_cn_residual,0,test-489,-0.002709528290634796,-0.14538414776325226
z_cn_to_cn_residual,0,test-490,-0.0025667768776077267,-0.14538414776325226
z_cn_to_cn_residual,0,test-491,-0.002679459971092827,-0.14538414776325226
z_cn_to_cn_residual,0,test-492,0.6422000301412054,0.42964404821395874
z_cn_to_cn_residual,0,test-493,0.732166078719928,0.6982067823410034
z_cn_to_cn_residual,0,test-494,-0.002483473901375505,-0.14538414776325226
z_cn_to_cn_residual,0,test-495,-0.31852856519640793,-0.14538414776325226
z_cn_to_cn_residual,0,test-496,-0.0025667768776077267,-0.14538414776325226
z_cn_to_cn_residual,0,test-497,0.6917662213034395,0.320411741733551
z_cn_to_cn_residual,0,test-498,-0.003920084665472663,-0.14538414776325226
z_cn_to_cn_residual,0,test-499,-0.530128441809577,-0.14538414776325226
z_cn_to_cn_residual,0,test-500,-0.3024114743739735,-0.14538414776325226
z_cn_to_cn_residual,0,test-501,0.6960125126639972,0.400218665599823
z_cn_to_cn_residual,0,test-502,0.3974001350710103,0.2579718828201294
z_cn_to_cn_residual,0,test-503,-0.4555583161639697,0.18674413859844208
z_cn_to_cn_residual,0,test-504,-0.4681938869129151,-0.14538414776325226
z_cn_to_cn_residual,0,test-505,0.629186265886127,0.7042669057846069
z_cn_to_cn_residual,0,test-506,-0.4092811700187469,-0.14538414776325226
z_cn_to_cn_residual,0,test-507,-0.006401163194461921,-0.14538414776325226
z_cn_to_cn_residual,0,test-508,-0.7439778312008087,-0.14538414776325226
z_cn_to_cn_residual,0,test-509,0.400053207186074,0.5121959447860718
z_cn_to_cn_residual,0,test-510,0.9297295237162035,0.8433665633201599
z_cn_to_cn_residual,0,test-511,-0.06430606827952172,-0.14538414776325226
z_cn_to_degree,1,test-0,4.6443908991413725,3.516249656677246
z_cn_to_degree,1,test-1,3.9889840465642745,3.228334903717041
z_cn_to_degree,1,test-2,4.584967478670571,3.98944091796875
z_cn_to_degree,1,test-3,3.1780538303479453,3.228334903717041
z_cn_to_degree,1,test-4,4.77912349311153,4.698870658874512
z_cn_to_degree,1,test-5,3.8066624897703196,3.228334903717041
z_cn_to_degree,1,test-6,5.966146739123692,5.0101799964904785
z_cn_to_degree,1,test-7,3.6635616461296463,3.228334903717041
z_cn_to_degree,1,test-8,3.044522437723423,3.228334903717041
z_cn_to_degree,1,test-9,3.6888794541139367,3.228334903717041
z_cn_to_degree,1,test-10,3.401197381662155,3.9372856616973877
z_cn_to_degree,1,test-11,3.9120230054281464,4.346144676208496
z_cn_to_degree,1,test-12,0.6931471805599453,3.228334903717041
z_cn_to_degree,1,test-13,4.74493212836325,3.049376964569092
z_cn_to_degree,1,test-14,4.0943445622221,3.228334903717041
z_cn_to_degree,1,test-15,1.791759469228055,3.7730820178985596
z_cn_to_degree,1,test-16,4.394449154672439,4.090936660766602
z_cn_to_degree,1,test-17,4.718498871295095,3.228334903717041
z_cn_to_degree,1,test-18,0.6931471805599453,3.228334903717041
z_cn_to_degree,1,test-19,3.044522437723423,3.228334903717041
z_cn_to_degree,1,test-20,3.1780538303479458,3.228334903717041
z_cn_to_degree,1,test-21,3.465735902799726,4.001360893249512
z_cn_to_degree,1,test-22,3.401197381662155,3.228334903717041
z_cn_to_degree,1,test-23,1.0986122886681098,3.228334903717041
z_cn_to_degree,1,test-24,3.5553480614894135,3.0642096996307373
z_cn_to_degree,1,test-25,4.189654742026425,3.228334903717041
z_cn_to_degree,1,test-26,2.3025850929940455,3.356447458267212
z_cn_to_degree,1,test-27,3.465735902799726,4.105648040771484
z_cn_to_degree,1,test-28,2.8903717578961645,4.029163837432861
z_cn_to_degree,1,test-29,3.688879454113936,4.321290493011475
z_cn_to_degree,1,test-30,4.882801922586371,3.4213156700134277
z_cn_to_degree,1,test-31,4.553876891600541,3.438652753829956
z_cn_to_degree,1,test-32,3.58351893845611,3.228334903717041
z_cn_to_degree,1,test-33,3.58351893845611,3.967085123062134
z_cn_to_degree,1,test-34,3.1780538303479453,3.228334903717041
z_cn_to_degree,1,test-35,2.772588722239781,3.228334903717041
z_cn_to_degree,1,test-36,1.3862943611198906,3.228334903717041
z_cn_to_degree,1,test-37,2.3025850929940455,3.228334903717041
z_cn_to_degree,1,test-38,3.9889840465642745,3.228334903717041
z_cn_to_degree,1,test-39,1.791759469228055,3.228334903717041
z_cn_to_degree,1,test-40,3.951243718581427,4.137699127197266
z_cn_to_degree,1,test-41,3.6888794541139367,3.689777374267578
z_cn_to_degree,1,test-42,6.040254711277414,4.951427459716797
z_cn_to_degree,1,test-43,2.4849066497880004,3.228334903717041
z_cn_to_degree,1,test-44,3.1780538303479453,4.25361442565918
z_cn_to_degree,1,test-45,0.6931471805599453,3.228334903717041
z_cn_to_degree,1,test-46,4.941642422609304,4.090936660766602
z_cn_to_degree,1,test-47,0.0,3.228334903717041
z_cn_to_degree,1,test-48,2.8903717578961645,3.9436843395233154
z_cn_to_degree,1,test-49,6.040254711277414,4.102989673614502
z_cn_to_degree,1,test-50,3.332204510175204,3.7976365089416504
z_cn_to_degree,1,test-51,2.995732273553991,3.5720834732055664
z_cn_to_degree,1,test-52,6.327936783729195,3.228334903717041
z_cn_to_degree,1,test-53,2.8903717578961645,3.228334903717041
z_cn_to_degree,1,test-54,2.6390573296152584,3.228334903717041
z_cn_to_degree,1,test-55,4.927253685157204,3.228334903717041
z_cn_to_degree,1,test-56,2.70805020110221,3.228334903717041
z_cn_to_degree,1,test-57,5.272999558563747,4.419077396392822
z_cn_to_degree,1,test-58,3.9889840465642745,3.228334903717041
z_cn_to_degree,1,test-59,2.0794415416798357,3.2097866535186768
z_cn_to_degree,1,test-60,4.7535901911063645,3.228334903717041
z_cn_to_degree,1,test-61,2.1972245773362196,3.228334903717041
z_cn_to_degree,1,test-62,2.3978952727983707,3.228334903717041
z_cn_to_degree,1,test-63,1.3862943611198906,3.228334903717041
z_cn_to_degree,1,test-64,3.58351893845611,3.228334903717041
z_cn_to_degree,1,test-65,2.8903717578961645,3.848318576812744
z_cn_to_degree,1,test-66,2.4849066497880004,3.228334903717041
z_cn_to_degree,1,test-67,2.4849066497880004,3.228334903717041
z_cn_to_degree,1,test-68,4.90527477843843,3.228334903717041
z_cn_to_degree,1,test-69,3.2188758248682006,3.6327381134033203
z_cn_to_degree,1,test-70,2.995732273553991,3.9068453311920166
z_cn_to_degree,1,test-71,4.0943445622221,3.7976365089416504
z_cn_to_degree,1,test-72,1.791759469228055,3.228334903717041
z_cn_to_degree,1,test-73,3.951243718581427,3.228334903717041
z_cn_to_degree,1,test-74,2.70805020110221,3.228334903717041
z_cn_to_degree,1,test-75,3.044522437723423,3.8859665393829346
z_cn_to_degree,1,test-76,1.0986122886681098,3.228334903717041
z_cn_to_degree,1,test-77,3.044522437723423,3.712998151779175
z_cn_to_degree,1,test-78,1.3862943611198906,3.228334903717041
z_cn_to_degree,1,test-79,1.791759469228055,3.228334903717041
z_cn_to_degree,1,test-80,3.688879454113936,4.001434326171875
z_cn_to_degree,1,test-81,3.58351893845611,3.5995776653289795
z_cn_to_degree,1,test-82,3.465735902799726,3.9254138469696045
z_cn_to_degree,1,test-83,4.025351690735149,3.228334903717041
z_cn_to_degree,1,test-84,4.718498871295094,3.228334903717041
z_cn_to_degree,1,test-85,3.9889840465642745,3.228334903717041
z_cn_to_degree,1,test-86,3.332204510175204,3.7470126152038574
z_cn_to_degree,1,test-87,2.70805020110221,3.228334903717041
z_cn_to_degree,1,test-88,2.6390573296152584,3.228334903717041
z_cn_to_degree,1,test-89,3.332204510175204,3.228334903717041
z_cn_to_degree,1,test-90,2.4849066497880004,3.228334903717041
z_cn_to_degree,1,test-91,2.0794415416798357,3.228334903717041
z_cn_to_degree,1,test-92,3.1780538303479453,3.696286678314209
z_cn_to_degree,1,test-93,5.272999558563747,3.9048328399658203
z_cn_to_degree,1,test-94,2.4849066497880004,3.228334903717041
z_cn_to_degree,1,test-95,3.401197381662156,5.282887935638428
z_cn_to_degree,1,test-96,7.50659178007084,3.94303035736084
z_cn_to_degree,1,test-97,4.465908118654584,3.228334903717041
z_cn_to_degree,1,test-98,2.3025850929940455,3.228334903717041
z_cn_to_degree,1,test-99,2.70805020110221,3.228334903717041
z_cn_to_degree,1,test-100,3.58351893845611,3.228334903717041
z_cn_to_degree,1,test-101,2.70805020110221,3.5205090045928955
z_cn_to_degree,1,test-102,4.02535169073515,3.228334903717041
z_cn_to_degree,1,test-103,2.772588722239781,3.228334903717041
z_cn_to_degree,1,test-104,2.1972245773362196,3.7503442764282227
z_cn_to_degree,1,test-105,1.0986122886681098,3.228334903717041
z_cn_to_degree,1,test-106,3.5263605246161616,3.193317174911499
z_cn_to_degree,1,test-107,0.6931471805599453,3.228334903717041
z_cn_to_degree,1,test-108,6.327936783729195,3.504739284515381
z_cn_to_degree,1,test-109,3.58351893845611,3.297498941421509
z_cn_to_degree,1,test-110,2.0794415416798357,3.228334903717041
z_cn_to_degree,1,test-111,2.8903717578961645,3.228334903717041
z_cn_to_degree,1,test-112,5.0106352940962555,3.217480182647705
z_cn_to_degree,1,test-113,3.688879454113936,3.228334903717041
z_cn_to_degree,1,test-114,1.3862943611198906,3.228334903717041
z_cn_to_degree,1,test-115,1.3862943611198906,2.9384524822235107
z_cn_to_degree,1,test-116,7.3395376954076745,6.839457035064697
z_cn_to_degree,1,test-117,4.304065093204169,3.7352688312530518
z_cn_to_degree,1,test-118,3.2188758248682006,3.228334903717041
z_cn_to_degree,1,test-119,6.733401891837358,3.6849582195281982
z_cn_to_degree,1,test-120,2.4849066497880004,3.669111967086792
z_cn_to_degree,1,test-121,2.995732273553991,3.9184718132019043
z_cn_to_degree,1,test-122,3.58351893845611,4.129364490509033
z_cn_to_degree,1,test-123,1.791759469228055,3.6696479320526123
z_cn_to_degree,1,test-124,2.6390573296152584,3.228334903717041
z_cn_to_degree,1,test-125,2.1972245773362196,3.228334903717041
z_cn_to_degree,1,test-126,2.4849066497880004,5.800122261047363
z_cn_to_degree,1,test-127,1.791759469228055,3.228334903717041
z_cn_to_degree,1,test-128,3.6635616461296463,3.228334903717041
z_cn_to_degree,1,test-129,2.5649493574615367,3.228334903717041
z_cn_to_degree,1,test-130,2.995732273553991,4.353723049163818
z_cn_to_degree,1,test-131,3.044522437723423,3.230818748474121
z_cn_to_degree,1,test-132,3.688879454113936,3.228334903717041
z_cn_to_degree,1,test-133,5.560681631015528,3.228334903717041
z_cn_to_degree,1,test-134,2.1972245773362196,3.228334903717041
z_cn_to_degree,1,test-135,2.772588722239781,3.5641510486602783
z_cn_to_degree,1,test-136,3.688879454113936,4.0855536460876465
z_cn_to_degree,1,test-137,2.1972245773362196,3.228334903717041
z_cn_to_degree,1,test-138,4.31748811353631,3.228334903717041
z_cn_to_degree,1,test-139,1.791759469228055,3.228334903717041
z_cn_to_degree,1,test-140,3.332204510175204,3.228334903717041
z_cn_to_degree,1,test-141,4.276666119016055,4.380801200866699
z_cn_to_degree,1,test-142,2.70805020110221,3.228334903717041
z_cn_to_degree,1,test-143,2.0794415416798357,3.228334903717041
z_cn_to_degree,1,test-144,2.772588722239781,3.228334903717041
z_cn_to_degree,1,test-145,4.882801922586371,3.228334903717041
z_cn_to_degree,1,test-146,3.465735902799726,4.21425199508667
z_cn_to_degree,1,test-147,3.332204510175204,3.228334903717041
z_cn_to_degree,1,test-148,6.327936783729195,4.175189018249512
z_cn_to_degree,1,test-149,3.2188758248682006,3.228334903717041
z_cn_to_degree,1,test-150,3.931825632724326,3.228334903717041
z_cn_to_degree,1,test-151,3.295836866004329,3.372361660003662
z_cn_to_degree,1,test-152,3.4011973816621555,3.228334903717041
z_cn_to_degree,1,test-153,4.0943445622221,3.6840462684631348
z_cn_to_degree,1,test-154,2.0794415416798357,3.5588316917419434
z_cn_to_degree,1,test-155,2.3025850929940455,3.228334903717041
z_cn_to_degree,1,test-156,5.4116460518550396,5.014932155609131
z_cn_to_degree,1,test-157,4.564348191467836,3.228334903717041
z_cn_to_degree,1,test-158,0.0,3.228334903717041
z_cn_to_degree,1,test-159,2.70805020110221,3.8953819274902344
z_cn_to_degree,1,test-160,2.9444389791664403,3.228334903717041
z_cn_to_degree,1,test-161,1.3862943611198906,3.228334903717041
z_cn_to_degree,1,test-162,2.8903717578961645,3.30911922454834
z_cn_to_degree,1,test-163,1.791759469228055,3.228334903717041
z_cn_to_degree,1,test-164,5.560681631015528,3.937624454498291
z_cn_to_degree,1,test-165,1.0986122886681098,3.228334903717041
z_cn_to_degree,1,test-166,3.5553480614894135,3.228334903717041
z_cn_to_degree,1,test-167,4.499809670330265,3.228334903717041
z_cn_to_degree,1,test-168,3.5553480614894135,3.998622417449951
z_cn_to_degree,1,test-169,1.791759469228055,3.228334903717041
z_cn_to_degree,1,test-170,2.0794415416798357,3.228334903717041
z_cn_to_degree,1,test-171,5.288267030694535,3.6924893856048584
z_cn_to_degree,1,test-172,1.3862943611198906,3.228334903717041
z_cn_to_degree,1,test-173,2.4849066497880004,3.228334903717041
z_cn_to_degree,1,test-174,3.9120230054281464,3.8344945907592773
z_cn_to_degree,1,test-175,4.499809670330265,4.321664810180664
z_cn_to_degree,1,test-176,4.867534450455582,3.228334903717041
z_cn_to_degree,1,test-177,4.718498871295095,3.228334903717041
z_cn_to_degree,1,test-178,3.465735902799726,3.228334903717041
z_cn_to_degree,1,test-179,1.3862943611198906,3.228334903717041
z_cn_to_degree,1,test-180,3.58351893845611,3.228334903717041
z_cn_to_degree,1,test-181,3.58351893845611,3.228334903717041
z_cn_to_degree,1,test-182,3.465735902799726,3.228334903717041
z_cn_to_degree,1,test-183,0.0,3.228334903717041
z_cn_to_degree,1,test-184,7.24422751560335,4.4539031982421875
z_cn_to_degree,1,test-185,3.332204510175204,3.228334903717041
z_cn_to_degree,1,test-186,3.401197381662155,3.8307814598083496
z_cn_to_degree,1,test-187,3.332204510175204,3.228334903717041
z_cn_to_degree,1,test-188,2.4849066497880004,3.228334903717041
z_cn_to_degree,1,test-189,2.1972245773362196,3.228334903717041
z_cn_to_degree,1,test-190,2.70805020110221,3.7503442764282227
z_cn_to_degree,1,test-191,2.0794415416798357,3.228334903717041
z_cn_to_degree,1,test-192,3.044522437723423,3.0809478759765625
z_cn_to_degree,1,test-193,2.995732273553991,3.228334903717041
z_cn_to_degree,1,test-194,3.58351893845611,3.228334903717041
z_cn_to_degree,1,test-195,4.90527477843843,4.090936660766602
z_cn_to_degree,1,test-196,4.5217885770490405,3.228334903717041
z_cn_to_degree,1,test-197,2.4849066497880004,3.228334903717041
z_cn_to_degree,1,test-198,4.709530201312334,3.228334903717041
z_cn_to_degree,1,test-199,1.0986122886681098,3.228334903717041
z_cn_to_degree,1,test-200,1.0986122886681098,3.228334903717041
z_cn_to_degree,1,test-201,1.0986122886681098,3.228334903717041
z_cn_to_degree,1,test-202,3.044522437723423,3.228334903717041
z_cn_to_degree,1,test-203,2.4849066497880004,3.228334903717041
z_cn_to_degree,1,test-204,2.6390573296152584,3.642333507537842
z_cn_to_degree,1,test-205,2.1972245773362196,3.228334903717041
z_cn_to_degree,1,test-206,3.58351893845611,3.228334903717041
z_cn_to_degree,1,test-207,4.2484952420493585,3.4930551052093506
z_cn_to_degree,1,test-208,4.0943445622221,3.228334903717041
z_cn_to_degree,1,test-209,4.836281906951478,4.158071994781494
z_cn_to_degree,1,test-210,4.976733742420574,4.090936660766602
z_cn_to_degree,1,test-211,3.044522437723423,4.130712985992432
z_cn_to_degree,1,test-212,4.499809670330265,3.228334903717041
z_cn_to_degree,1,test-213,1.3862943611198906,3.228334903717041
z_cn_to_degree,1,test-214,5.560681631015528,4.227571964263916
z_cn_to_degree,1,test-215,2.0794415416798357,3.228334903717041
z_cn_to_degree,1,test-216,0.6931471805599453,3.228334903717041
z_cn_to_degree,1,test-217,1.791759469228055,3.3231863975524902
z_cn_to_degree,1,test-218,3.044522437723423,3.228334903717041
z_cn_to_degree,1,test-219,3.58351893845611,3.228334903717041
z_cn_to_degree,1,test-220,2.70805020110221,3.228334903717041
z_cn_to_degree,1,test-221,2.995732273553991,3.228334903717041
z_cn_to_degree,1,test-222,2.0794415416798357,3.228334903717041
z_cn_to_degree,1,test-223,3.8712010109078907,3.228334903717041
z_cn_to_degree,1,test-224,0.0,3.228334903717041
z_cn_to_degree,1,test-225,3.332204510175204,3.4476096630096436
z_cn_to_degree,1,test-226,2.0794415416798357,3.228334903717041
z_cn_to_degree,1,test-227,2.772588722239781,3.654196262359619
z_cn_to_degree,1,test-228,1.791759469228055,3.228334903717041
z_cn_to_degree,1,test-229,2.1972245773362196,3.228334903717041
z_cn_to_degree,1,test-230,3.401197381662156,3.97926664352417
z_cn_to_degree,1,test-231,4.430816798843313,3.228334903717041
z_cn_to_degree,1,test-232,4.276666119016055,5.326444149017334
z_cn_to_degree,1,test-233,1.791759469228055,3.228334903717041
z_cn_to_degree,1,test-234,3.58351893845611,3.228334903717041
z_cn_to_degree,1,test-235,3.1780538303479453,4.0777812004089355
z_cn_to_degree,1,test-236,2.8903717578961645,3.228334903717041
z_cn_to_degree,1,test-237,3.044522437723423,3.228334903717041
z_cn_to_degree,1,test-238,5.780743515792329,4.375192165374756
z_cn_to_degree,1,test-239,6.327936783729195,5.237281322479248
z_cn_to_degree,1,test-240,0.6931471805599453,3.228334903717041
z_cn_to_degree,1,test-241,2.4849066497880004,3.228334903717041
z_cn_to_degree,1,test-242,2.8903717578961645,3.4477577209472656
z_cn_to_degree,1,test-243,2.1972245773362196,3.3346943855285645
z_cn_to_degree,1,test-244,3.044522437723423,3.228334903717041
z_cn_to_degree,1,test-245,2.70805020110221,3.573744535446167
z_cn_to_degree,1,test-246,4.74493212836325,3.228334903717041
z_cn_to_degree,1,test-247,1.791759469228055,3.228334903717041
z_cn_to_degree,1,test-248,3.8066624897703196,3.228334903717041
z_cn_to_degree,1,test-249,3.951243718581427,3.228334903717041
z_cn_to_degree,1,test-250,1.3862943611198906,3.228334903717041
z_cn_to_degree,1,test-251,4.718498871295095,3.228334903717041
z_cn_to_degree,1,test-252,3.465735902799726,3.228334903717041
z_cn_to_degree,1,test-253,2.70805020110221,3.228334903717041
z_cn_to_degree,1,test-254,2.6390573296152584,3.228334903717041
z_cn_to_degree,1,test-255,5.19295685089021,3.228334903717041
z_cn_to_degree,1,test-256,0.0,3.228334903717041
z_cn_to_degree,1,test-257,5.98141421125448,3.4147701263427734
z_cn_to_degree,1,test-258,3.8712010109078907,4.329716682434082
z_cn_to_degree,1,test-259,2.9957322735539913,3.228334903717041
z_cn_to_degree,1,test-260,1.0986122886681098,3.228334903717041
z_cn_to_degree,1,test-261,3.401197381662155,4.341087341308594
z_cn_to_degree,1,test-262,2.995732273553991,4.6524553298950195
z_cn_to_degree,1,test-263,2.995732273553991,3.228334903717041
z_cn_to_degree,1,test-264,4.1588830833596715,3.228334903717041
z_cn_to_degree,1,test-265,4.31748811353631,3.228334903717041
z_cn_to_degree,1,test-266,1.791759469228055,3.067835569381714
z_cn_to_degree,1,test-267,2.0794415416798357,3.5184104442596436
z_cn_to_degree,1,test-268,2.70805020110221,3.228334903717041
z_cn_to_degree,1,test-269,6.476972362889683,5.142633438110352
z_cn_to_degree,1,test-270,1.791759469228055,3.228334903717041
z_cn_to_degree,1,test-271,3.044522437723423,3.943441867828369
z_cn_to_degree,1,test-272,3.737669618283368,4.964287757873535
z_cn_to_degree,1,test-273,3.1780538303479453,3.6237974166870117
z_cn_to_degree,1,test-274,2.772588722239781,3.4747047424316406
z_cn_to_degree,1,test-275,2.70805020110221,3.228334903717041
z_cn_to_degree,1,test-276,2.0794415416798357,3.228334903717041
z_cn_to_degree,1,test-277,3.332204510175204,3.228334903717041
z_cn_to_degree,1,test-278,5.220355825078324,4.09741735458374
z_cn_to_degree,1,test-279,3.6635616461296463,3.054459571838379
z_cn_to_degree,1,test-280,2.6390573296152584,3.228334903717041
z_cn_to_degree,1,test-281,2.4849066497880004,3.444125175476074
z_cn_to_degree,1,test-282,3.9512437185814275,3.228334903717041
z_cn_to_degree,1,test-283,2.995732273553991,3.228334903717041
z_cn_to_degree,1,test-284,1.6094379124341003,3.228334903717041
z_cn_to_degree,1,test-285,2.70805020110221,3.228334903717041
z_cn_to_degree,1,test-286,6.461468176353717,5.848200798034668
z_cn_to_degree,1,test-287,3.044522437723423,3.228334903717041
z_cn_to_degree,1,test-288,3.4965075614664807,3.553157329559326
z_cn_to_degree,1,test-289,4.499809670330265,4.048480033874512
z_cn_to_degree,1,test-290,2.8903717578961645,2.9665603637695312
z_cn_to_degree,1,test-291,5.60947179518496,4.069241046905518
z_cn_to_degree,1,test-292,5.375278407684165,3.228334903717041
z_cn_to_degree,1,test-293,3.6888794541139367,4.7605390548706055
z_cn_to_degree,1,test-294,2.1972245773362196,3.410266399383545
z_cn_to_degree,1,test-295,2.3025850929940455,2.637547731399536
z_cn_to_degree,1,test-296,3.7376696182833684,3.228334903717041
z_cn_to_degree,1,test-297,2.0794415416798357,3.228334903717041
z_cn_to_degree,1,test-298,1.3862943611198906,3.109409809112549
z_cn_to_degree,1,test-299,3.1780538303479453,3.228334903717041
z_cn_to_degree,1,test-300,2.995732273553991,3.4361257553100586
z_cn_to_degree,1,test-301,1.6094379124341003,3.228334903717041
z_cn_to_degree,1,test-302,2.4849066497880004,3.438652753829956
z_cn_to_degree,1,test-303,2.0794415416798357,3.228334903717041
z_cn_to_degree,1,test-304,4.382026634673881,3.228334903717041
z_cn_to_degree,1,test-305,3.332204510175204,3.096921682357788
z_cn_to_degree,1,test-306,5.556828061699537,4.1863813400268555
z_cn_to_degree,1,test-307,2.0794415416798357,3.228334903717041
z_cn_to_degree,1,test-308,2.0794415416798357,3.0276341438293457
z_cn_to_degree,1,test-309,3.58351893845611,3.8953819274902344
z_cn_to_degree,1,test-310,2.1972245773362196,3.228334903717041
z_cn_to_degree,1,test-311,3.8918202981106265,4.523653507232666
z_cn_to_degree,1,test-312,2.4849066497880004,3.228334903717041
z_cn_to_degree,1,test-313,6.733401891837358,4.3927764892578125
z_cn_to_degree,1,test-314,4.941642422609304,3.712998151779175
z_cn_to_degree,1,test-315,1.9459101490553132,3.228334903717041
z_cn_to_degree,1,test-316,2.8903717578961645,3.425036668777466
z_cn_to_degree,1,test-317,5.4116460518550396,4.549491882324219
z_cn_to_degree,1,test-318,3.332204510175204,3.228334903717041
z_cn_to_degree,1,test-319,6.733401891837358,6.0984296798706055
z_cn_to_degree,1,test-320,2.772588722239781,3.228334903717041
z_cn_to_degree,1,test-321,3.044522437723423,3.228334903717041
z_cn_to_degree,1,test-322,2.995732273553991,3.1602773666381836
z_cn_to_degree,1,test-323,0.6931471805599453,3.228334903717041
z_cn_to_degree,1,test-324,2.4849066497880004,3.228334903717041
z_cn_to_degree,1,test-325,2.772588722239781,3.3224003314971924
z_cn_to_degree,1,test-326,3.091042453358316,3.228334903717041
z_cn_to_degree,1,test-327,3.401197381662156,3.228334903717041
z_cn_to_degree,1,test-328,3.688879454113936,3.228334903717041
z_cn_to_degree,1,test-329,1.6094379124341003,3.228334903717041
z_cn_to_degree,1,test-330,3.5553480614894135,4.185653209686279
z_cn_to_degree,1,test-331,3.8712010109078907,3.228334903717041
z_cn_to_degree,1,test-332,2.70805020110221,3.228334903717041
z_cn_to_degree,1,test-333,2.8903717578961645,3.228334903717041
z_cn_to_degree,1,test-334,2.4849066497880004,3.228334903717041
z_cn_to_degree,1,test-335,4.51085950651685,3.907674551010132
z_cn_to_degree,1,test-336,2.70805020110221,3.228334903717041
z_cn_to_degree,1,test-337,3.044522437723423,3.1372222900390625
z_cn_to_degree,1,test-338,2.4849066497880004,2.9954833984375
z_cn_to_degree,1,test-339,2.772588722239781,4.090936660766602
z_cn_to_degree,1,test-340,4.143134726391533,3.9823708534240723
z_cn_to_degree,1,test-341,3.931825632724326,3.5862631797790527
z_cn_to_degree,1,test-342,2.4849066497880004,3.228334903717041
z_cn_to_degree,1,test-343,4.787491742782047,3.8953819274902344
z_cn_to_degree,1,test-344,1.3862943611198906,3.228334903717041
z_cn_to_degree,1,test-345,3.1780538303479453,3.9418861865997314
z_cn_to_degree,1,test-346,2.4849066497880004,3.8953819274902344
z_cn_to_degree,1,test-347,2.4849066497880004,3.0943281650543213
z_cn_to_degree,1,test-348,2.4849066497880004,3.016160011291504
z_cn_to_degree,1,test-349,3.401197381662155,3.228334903717041
z_cn_to_degree,1,test-350,2.8903717578961645,3.228334903717041
z_cn_to_degree,1,test-351,3.1780538303479453,3.228334903717041
z_cn_to_degree,1,test-352,1.3862943611198906,3.228334903717041
z_cn_to_degree,1,test-353,4.882801922586371,3.476231098175049
z_cn_to_degree,1,test-354,4.23410650459726,3.228334903717041
z_cn_to_degree,1,test-355,5.6937321388027,3.228334903717041
z_cn_to_degree,1,test-356,0.6931471805599453,3.228334903717041
z_cn_to_degree,1,test-357,1.791759469228055,3.228334903717041
z_cn_to_degree,1,test-358,1.791759469228055,3.228334903717041
z_cn_to_degree,1,test-359,5.966146739123692,3.937624454498291
z_cn_to_degree,1,test-360,3.4965075614664807,3.228334903717041
z_cn_to_degree,1,test-361,6.733401891837358,3.899934768676758
z_cn_to_degree,1,test-362,5.272999558563747,3.228334903717041
z_cn_to_degree,1,test-363,3.737669618283368,3.454009771347046
z_cn_to_degree,1,test-364,2.1972245773362196,3.228334903717041
z_cn_to_degree,1,test-365,2.995732273553991,3.228334903717041
z_cn_to_degree,1,test-366,1.3862943611198906,3.228334903717041
z_cn_to_degree,1,test-367,6.327936783729195,3.228334903717041
z_cn_to_degree,1,test-368,4.430816798843313,4.417223930358887
z_cn_to_degree,1,test-369,0.0,3.228334903717041
z_cn_to_degree,1,test-370,2.6390573296152584,3.4343924522399902
z_cn_to_degree,1,test-371,1.6094379124341003,3.228334903717041
z_cn_to_degree,1,test-372,2.4849066497880004,4.0777812004089355
z_cn_to_degree,1,test-373,3.465735902799726,3.228334903717041
z_cn_to_degree,1,test-374,2.772588722239781,3.044135808944702
z_cn_to_degree,1,test-375,2.70805020110221,2.974599838256836
z_cn_to_degree,1,test-376,4.74493212836325,3.7470126152038574
z_cn_to_degree,1,test-377,2.4849066497880004,3.228334903717041
z_cn_to_degree,1,test-378,3.332204510175204,3.228334903717041
z_cn_to_degree,1,test-379,2.4849066497880004,3.228334903717041
z_cn_to_degree,1,test-380,2.8903717578961645,3.6409995555877686
z_cn_to_degree,1,test-381,2.3025850929940455,3.8953819274902344
z_cn_to_degree,1,test-382,1.791759469228055,3.228334903717041
z_cn_to_degree,1,test-383,0.6931471805599453,3.228334903717041
z_cn_to_degree,1,test-384,4.276666119016055,3.228334903717041
z_cn_to_degree,1,test-385,1.791759469228055,3.228334903717041
z_cn_to_degree,1,test-386,1.791759469228055,3.228334903717041
z_cn_to_degree,1,test-387,2.0794415416798357,3.7411489486694336
z_cn_to_degree,1,test-388,2.995732273553991,3.8986990451812744
z_cn_to_degree,1,test-389,2.0794415416798357,3.228334903717041
z_cn_to_degree,1,test-390,3.044522437723423,2.939075469970703
z_cn_to_degree,1,test-391,2.995732273553991,3.6237974166870117
z_cn_to_degree,1,test-392,0.0,3.228334903717041
z_cn_to_degree,1,test-393,1.3862943611198906,3.228334903717041
z_cn_to_degree,1,test-394,2.3025850929940455,3.228334903717041
z_cn_to_degree,1,test-395,3.295836866004329,3.3591508865356445
z_cn_to_degree,1,test-396,1.791759469228055,3.228334903717041
z_cn_to_degree,1,test-397,3.4011973816621555,3.228334903717041
z_cn_to_degree,1,test-398,2.4849066497880004,3.228334903717041
z_cn_to_degree,1,test-399,2.995732273553991,3.228334903717041
z_cn_to_degree,1,test-400,2.0794415416798357,4.994818210601807
z_cn_to_degree,1,test-401,2.0794415416798357,3.181425094604492
z_cn_to_degree,1,test-402,3.1780538303479453,3.3872039318084717
z_cn_to_degree,1,test-403,3.828641396489095,3.228334903717041
z_cn_to_degree,1,test-404,4.90527477843843,3.998622417449951
z_cn_to_degree,1,test-405,1.791759469228055,3.228334903717041
z_cn_to_degree,1,test-406,3.401197381662155,3.228334903717041
z_cn_to_degree,1,test-407,1.3862943611198906,3.481025457382202
z_cn_to_degree,1,test-408,2.8903717578961645,3.228334903717041
z_cn_to_degree,1,test-409,4.276666119016055,3.647942066192627
z_cn_to_degree,1,test-410,0.6931471805599453,3.228334903717041
z_cn_to_degree,1,test-411,3.5553480614894135,3.228334903717041
z_cn_to_degree,1,test-412,2.8903717578961645,4.249876976013184
z_cn_to_degree,1,test-413,3.332204510175204,4.038735389709473
z_cn_to_degree,1,test-414,5.342334251964811,4.186500549316406
z_cn_to_degree,1,test-415,2.890371757896165,3.9714035987854004
z_cn_to_degree,1,test-416,3.401197381662155,3.6644127368927
z_cn_to_degree,1,test-417,3.091042453358316,3.228334903717041
z_cn_to_degree,1,test-418,2.995732273553991,3.228334903717041
z_cn_to_degree,1,test-419,3.401197381662155,3.806901454925537
z_cn_to_degree,1,test-420,4.787491742782046,3.228334903717041
z_cn_to_degree,1,test-421,4.430816798843313,3.228334903717041
z_cn_to_degree,1,test-422,2.8903717578961645,3.030442953109741
z_cn_to_degree,1,test-423,2.0794415416798357,3.228334903717041
z_cn_to_degree,1,test-424,3.1780538303479458,3.793682813644409
z_cn_to_degree,1,test-425,1.9459101490553132,3.228334903717041
z_cn_to_degree,1,test-426,2.995732273553991,3.4879226684570312
z_cn_to_degree,1,test-427,2.1972245773362196,3.228334903717041
z_cn_to_degree,1,test-428,1.3862943611198906,3.481025457382202
z_cn_to_degree,1,test-429,3.401197381662156,3.228334903717041
z_cn_to_degree,1,test-430,3.332204510175204,3.228334903717041
z_cn_to_degree,1,test-431,2.0794415416798357,3.228334903717041
z_cn_to_degree,1,test-432,2.4849066497880004,3.228334903717041
z_cn_to_degree,1,test-433,3.6888794541139367,3.052579879760742
z_cn_to_degree,1,test-434,2.70805020110221,4.139123916625977
z_cn_to_degree,1,test-435,2.4849066497880004,3.2619638442993164
z_cn_to_degree,1,test-436,4.718498871295095,3.228334903717041
z_cn_to_degree,1,test-437,5.634789603169249,4.362587928771973
z_cn_to_degree,1,test-438,4.68213122712422,3.228334903717041
z_cn_to_degree,1,test-439,1.791759469228055,3.228334903717041
z_cn_to_degree,1,test-440,3.9889840465642745,4.360066890716553
z_cn_to_degree,1,test-441,6.327936783729195,4.999024868011475
z_cn_to_degree,1,test-442,3.044522437723423,3.9040167331695557
z_cn_to_degree,1,test-443,2.70805020110221,3.437283754348755
z_cn_to_degree,1,test-444,1.0986122886681098,3.228334903717041
z_cn_to_degree,1,test-445,2.995732273553991,3.5937180519104004
z_cn_to_degree,1,test-446,2.772588722239781,4.17057991027832
z_cn_to_degree,1,test-447,2.995732273553991,4.655240058898926
z_cn_to_degree,1,test-448,1.791759469228055,3.228334903717041
z_cn_to_degree,1,test-449,1.3862943611198906,3.481025457382202
z_cn_to_degree,1,test-450,2.4849066497880004,4.001360893249512
z_cn_to_degree,1,test-451,7.50659178007084,3.899934768676758
z_cn_to_degree,1,test-452,3.951243718581427,3.228334903717041
z_cn_to_degree,1,test-453,3.5553480614894135,6.006048202514648
z_cn_to_degree,1,test-454,2.70805020110221,3.228334903717041
z_cn_to_degree,1,test-455,3.258096538021482,3.288804531097412
z_cn_to_degree,1,test-456,5.634789603169249,3.228334903717041
z_cn_to_degree,1,test-457,0.6931471805599453,3.228334903717041
z_cn_to_degree,1,test-458,2.772588722239781,3.228334903717041
z_cn_to_degree,1,test-459,3.401197381662156,3.3097221851348877
z_cn_to_degree,1,test-460,2.995732273553991,3.990797519683838
z_cn_to_degree,1,test-461,3.044522437723423,3.8953819274902344
z_cn_to_degree,1,test-462,2.1972245773362196,3.228334903717041
z_cn_to_degree,1,test-463,1.791759469228055,2.8158621788024902
z_cn_to_degree,1,test-464,3.1780538303479458,3.8953819274902344
z_cn_to_degree,1,test-465,2.1972245773362196,3.228334903717041
z_cn_to_degree,1,test-466,3.401197381662155,4.069439888000488
z_cn_to_degree,1,test-467,6.327936783729195,5.638666152954102
z_cn_to_degree,1,test-468,2.995732273553991,3.228334903717041
z_cn_to_degree,1,test-469,3.044522437723423,3.228334903717041
z_cn_to_degree,1,test-470,1.0986122886681098,3.228334903717041
z_cn_to_degree,1,test-471,3.401197381662155,2.974138021469116
z_cn_to_degree,1,test-472,2.3025850929940455,3.228334903717041
z_cn_to_degree,1,test-473,6.040254711277414,2.993825912475586
z_cn_to_degree,1,test-474,4.90527477843843,3.918705940246582
z_cn_to_degree,1,test-475,2.1972245773362196,3.410266399383545
z_cn_to_degree,1,test-476,2.0794415416798357,3.228334903717041
z_cn_to_degree,1,test-477,2.8903717578961645,3.228334903717041
z_cn_to_degree,1,test-478,3.1780538303479453,3.3146815299987793
z_cn_to_degree,1,test-479,2.995732273553991,3.6037001609802246
z_cn_to_degree,1,test-480,4.276666119016055,4.144158840179443
z_cn_to_degree,1,test-481,2.4849066497880004,3.228334903717041
z_cn_to_degree,1,test-482,3.295836866004329,4.090936660766602
z_cn_to_degree,1,test-483,3.1780538303479453,3.252575635910034
z_cn_to_degree,1,test-484,2.0794415416798357,3.228334903717041
z_cn_to_degree,1,test-485,3.332204510175204,3.228334903717041
z_cn_to_degree,1,test-486,1.3862943611198906,3.228334903717041
z_cn_to_degree,1,test-487,4.356708826689592,3.228334903717041
z_cn_to_degree,1,test-488,2.0794415416798357,3.228334903717041
z_cn_to_degree,1,test-489,2.9957322735539913,3.228334903717041
z_cn_to_degree,1,test-490,0.6931471805599453,3.228334903717041
z_cn_to_degree,1,test-491,2.0794415416798357,3.228334903717041
z_cn_to_degree,1,test-492,4.31748811353631,5.409402847290039
z_cn_to_degree,1,test-493,3.58351893845611,3.923875570297241
z_cn_to_degree,1,test-494,0.0,3.228334903717041
z_cn_to_degree,1,test-495,5.272999558563747,3.228334903717041
z_cn_to_degree,1,test-496,1.791759469228055,3.228334903717041
z_cn_to_degree,1,test-497,3.7376696182833684,3.5084829330444336
z_cn_to_degree,1,test-498,2.4849066497880004,3.228334903717041
z_cn_to_degree,1,test-499,3.8712010109078907,3.228334903717041
z_cn_to_degree,1,test-500,6.040254711277414,3.228334903717041
z_cn_to_degree,1,test-501,3.332204510175204,3.768761157989502
z_cn_to_degree,1,test-502,3.332204510175204,3.623460292816162
z_cn_to_degree,1,test-503,4.700480365792417,5.473842620849609
z_cn_to_degree,1,test-504,4.499809670330265,3.228334903717041
z_cn_to_degree,1,test-505,2.1972245773362196,3.031630754470825
z_cn_to_degree,1,test-506,3.688879454113936,3.228334903717041
z_cn_to_degree,1,test-507,2.6390573296152584,3.228334903717041
z_cn_to_degree,1,test-508,4.276666119016055,3.228334903717041
z_cn_to_degree,1,test-509,3.8712010109078907,3.553157329559326
z_cn_to_degree,1,test-510,4.442651256490317,3.9727797508239746
z_cn_to_degree,1,test-511,5.634789603169249,3.228334903717041
z_residual_to_degree,1,test-0,4.6443908991413725,3.425621747970581
z_residual_to_degree,1,test-1,3.9889840465642745,3.6620657444000244
z_residual_to_degree,1,test-2,4.584967478670571,3.3340682983398438
z_residual_to_degree,1,test-3,3.1780538303479453,3.3456685543060303
z_residual_to_degree,1,test-4,4.77912349311153,3.3168387413024902
z_residual_to_degree,1,test-5,3.8066624897703196,3.7424895763397217
z_residual_to_degree,1,test-6,5.966146739123692,3.552496910095215
z_residual_to_degree,1,test-7,3.6635616461296463,2.2511606216430664
z_residual_to_degree,1,test-8,3.044522437723423,3.76564621925354
z_residual_to_degree,1,test-9,3.6888794541139367,4.677931785583496
z_residual_to_degree,1,test-10,3.401197381662155,3.574091911315918
z_residual_to_degree,1,test-11,3.9120230054281464,3.6771240234375
z_residual_to_degree,1,test-12,0.6931471805599453,2.2004287242889404
z_residual_to_degree,1,test-13,4.74493212836325,3.5561883449554443
z_residual_to_degree,1,test-14,4.0943445622221,3.8839399814605713
z_residual_to_degree,1,test-15,1.791759469228055,3.422755002975464
z_residual_to_degree,1,test-16,4.394449154672439,4.034094333648682
z_residual_to_degree,1,test-17,4.718498871295095,4.022984504699707
z_residual_to_degree,1,test-18,0.6931471805599453,1.8035051822662354
z_residual_to_degree,1,test-19,3.044522437723423,4.850640296936035
z_residual_to_degree,1,test-20,3.1780538303479458,3.606707811355591
z_residual_to_degree,1,test-21,3.465735902799726,3.504469633102417
z_residual_to_degree,1,test-22,3.401197381662155,3.66328763961792
z_residual_to_degree,1,test-23,1.0986122886681098,1.460339069366455
z_residual_to_degree,1,test-24,3.5553480614894135,2.8814218044281006
z_residual_to_degree,1,test-25,4.189654742026425,2.0545835494995117
z_residual_to_degree,1,test-26,2.3025850929940455,2.8423948287963867
z_residual_to_degree,1,test-27,3.465735902799726,3.7398791313171387
z_residual_to_degree,1,test-28,2.8903717578961645,3.76147198677063
z_residual_to_degree,1,test-29,3.688879454113936,3.5381758213043213
z_residual_to_degree,1,test-30,4.882801922586371,3.6573877334594727
z_residual_to_degree,1,test-31,4.553876891600541,3.7128777503967285
z_residual_to_degree,1,test-32,3.58351893845611,3.5860564708709717
z_residual_to_degree,1,test-33,3.58351893845611,3.569183111190796
z_residual_to_degree,1,test-34,3.1780538303479453,3.1540796756744385
z_residual_to_degree,1,test-35,2.772588722239781,2.973639726638794
z_residual_to_degree,1,test-36,1.3862943611198906,3.156385898590088
z_residual_to_degree,1,test-37,2.3025850929940455,2.7098121643066406
z_residual_to_degree,1,test-38,3.9889840465642745,3.7469229698181152
z_residual_to_degree,1,test-39,1.791759469228055,4.29695463180542
z_residual_to_degree,1,test-40,3.951243718581427,2.918034315109253
z_residual_to_degree,1,test-41,3.6888794541139367,3.3816049098968506
z_residual_to_degree,1,test-42,6.040254711277414,4.190310001373291
z_residual_to_degree,1,test-43,2.4849066497880004,3.7461538314819336
z_residual_to_degree,1,test-44,3.1780538303479453,3.433209180831909
z_residual_to_degree,1,test-45,0.6931471805599453,1.0861046314239502
z_residual_to_degree,1,test-46,4.941642422609304,3.60703706741333
z_residual_to_degree,1,test-47,0.0,2.0869598388671875
z_residual_to_degree,1,test-48,2.8903717578961645,3.77817440032959
z_residual_to_degree,1,test-49,6.040254711277414,4.246401309967041
z_residual_to_degree,1,test-50,3.332204510175204,3.4935731887817383
z_residual_to_degree,1,test-51,2.995732273553991,3.2653329372406006
z_residual_to_degree,1,test-52,6.327936783729195,4.275794982910156
z_residual_to_degree,1,test-53,2.8903717578961645,3.4874346256256104
z_residual_to_degree,1,test-54,2.6390573296152584,2.921076774597168
z_residual_to_degree,1,test-55,4.927253685157204,3.4668080806732178
z_residual_to_degree,1,test-56,2.70805020110221,3.6341145038604736
z_residual_to_degree,1,test-57,5.272999558563747,3.474820137023926
z_residual_to_degree,1,test-58,3.9889840465642745,3.4585413932800293
z_residual_to_degree,1,test-59,2.0794415416798357,3.6012320518493652
z_residual_to_degree,1,test-60,4.7535901911063645,3.578216552734375
z_residual_to_degree,1,test-61,2.1972245773362196,1.2810943126678467
z_residual_to_degree,1,test-62,2.3978952727983707,4.108462810516357
z_residual_to_degree,1,test-63,1.3862943611198906,3.919982671737671
z_residual_to_degree,1,test-64,3.58351893845611,3.659475326538086
z_residual_to_degree,1,test-65,2.8903717578961645,3.411681890487671
z_residual_to_degree,1,test-66,2.4849066497880004,3.6038899421691895
z_residual_to_degree,1,test-67,2.4849066497880004,2.8324456214904785
z_residual_to_degree,1,test-68,4.90527477843843,4.044034957885742
z_residual_to_degree,1,test-69,3.2188758248682006,3.251488447189331
z_residual_to_degree,1,test-70,2.995732273553991,3.2722644805908203
z_residual_to_degree,1,test-71,4.0943445622221,3.519247055053711
z_residual_to_degree,1,test-72,1.791759469228055,3.3294384479522705
z_residual_to_degree,1,test-73,3.951243718581427,3.4120492935180664
z_residual_to_degree,1,test-74,2.70805020110221,4.047859191894531
z_residual_to_degree,1,test-75,3.044522437723423,3.1181201934814453
z_residual_to_degree,1,test-76,1.0986122886681098,2.0314013957977295
z_residual_to_degree,1,test-77,3.044522437723423,3.2857909202575684
z_residual_to_degree,1,test-78,1.3862943611198906,2.488109588623047
z_residual_to_degree,1,test-79,1.791759469228055,3.7416486740112305
z_residual_to_degree,1,test-80,3.688879454113936,3.196042060852051
z_residual_to_degree,1,test-81,3.58351893845611,3.3304107189178467
z_residual_to_degree,1,test-82,3.465735902799726,3.6319594383239746
z_residual_to_degree,1,test-83,4.025351690735149,4.140091419219971
z_residual_to_degree,1,test-84,4.718498871295094,3.236388921737671
z_residual_to_degree,1,test-85,3.9889840465642745,3.4981045722961426
z_residual_to_degree,1,test-86,3.332204510175204,3.4819788932800293
z_residual_to_degree,1,test-87,2.70805020110221,3.9612772464752197
z_residual_to_degree,1,test-88,2.6390573296152584,2.872058391571045
z_residual_to_degree,1,test-89,3.332204510175204,3.7157821655273438
z_residual_to_degree,1,test-90,2.4849066497880004,3.8229258060455322
z_residual_to_degree,1,test-91,2.0794415416798357,3.7570254802703857
z_residual_to_degree,1,test-92,3.1780538303479453,3.333529233932495
z_residual_to_degree,1,test-93,5.272999558563747,4.28786039352417
z_residual_to_degree,1,test-94,2.4849066497880004,2.237799882888794
z_residual_to_degree,1,test-95,3.401197381662156,3.650402069091797
z_residual_to_degree,1,test-96,7.50659178007084,4.297208309173584
z_residual_to_degree,1,test-97,4.465908118654584,3.991158962249756
z_residual_to_degree,1,test-98,2.3025850929940455,3.326404333114624
z_residual_to_degree,1,test-99,2.70805020110221,3.2887213230133057
z_residual_to_degree,1,test-100,3.58351893845611,3.438389778137207
z_residual_to_degree,1,test-101,2.70805020110221,3.2215394973754883
z_residual_to_degree,1,test-102,4.02535169073515,2.6957035064697266
z_residual_to_degree,1,test-103,2.772588722239781,3.381014823913574
z_residual_to_degree,1,test-104,2.1972245773362196,3.553072929382324
z_residual_to_degree,1,test-105,1.0986122886681098,3.038820743560791
z_residual_to_degree,1,test-106,3.5263605246161616,2.965867042541504
z_residual_to_degree,1,test-107,0.6931471805599453,1.6529483795166016
z_residual_to_degree,1,test-108,6.327936783729195,3.4359540939331055
z_residual_to_degree,1,test-109,3.58351893845611,3.2121970653533936
z_residual_to_degree,1,test-110,2.0794415416798357,3.7078771591186523
z_residual_to_degree,1,test-111,2.8903717578961645,0.844627857208252
z_residual_to_degree,1,test-112,5.0106352940962555,3.651543617248535
z_residual_to_degree,1,test-113,3.688879454113936,3.4311559200286865
z_residual_to_degree,1,test-114,1.3862943611198906,1.4499263763427734
z_residual_to_degree,1,test-115,1.3862943611198906,3.2377429008483887
z_residual_to_degree,1,test-116,7.3395376954076745,4.079205513000488
z_residual_to_degree,1,test-117,4.304065093204169,3.9837512969970703
z_residual_to_degree,1,test-118,3.2188758248682006,4.426446437835693
z_residual_to_degree,1,test-119,6.733401891837358,3.369915723800659
z_residual_to_degree,1,test-120,2.4849066497880004,3.286517858505249
z_residual_to_degree,1,test-121,2.995732273553991,3.843834161758423
z_residual_to_degree,1,test-122,3.58351893845611,3.5110371112823486
z_residual_to_degree,1,test-123,1.791759469228055,3.5788934230804443
z_residual_to_degree,1,test-124,2.6390573296152584,3.8551042079925537
z_residual_to_degree,1,test-125,2.1972245773362196,3.8233931064605713
z_residual_to_degree,1,test-126,2.4849066497880004,3.559103012084961
z_residual_to_degree,1,test-127,1.791759469228055,2.466965913772583
z_residual_to_degree,1,test-128,3.6635616461296463,3.203420877456665
z_residual_to_degree,1,test-129,2.5649493574615367,3.0566117763519287
z_residual_to_degree,1,test-130,2.995732273553991,3.5034446716308594
z_residual_to_degree,1,test-131,3.044522437723423,3.2158148288726807
z_residual_to_degree,1,test-132,3.688879454113936,3.404787540435791
z_residual_to_degree,1,test-133,5.560681631015528,3.6744329929351807
z_residual_to_degree,1,test-134,2.1972245773362196,3.0196785926818848
z_residual_to_degree,1,test-135,2.772588722239781,3.288344144821167
z_residual_to_degree,1,test-136,3.688879454113936,3.1351044178009033
z_residual_to_degree,1,test-137,2.1972245773362196,2.3920774459838867
z_residual_to_degree,1,test-138,4.31748811353631,3.496673107147217
z_residual_to_degree,1,test-139,1.791759469228055,3.9732894897460938
z_residual_to_degree,1,test-140,3.332204510175204,2.9094200134277344
z_residual_to_degree,1,test-141,4.276666119016055,3.4594550132751465
z_residual_to_degree,1,test-142,2.70805020110221,4.13038969039917
z_residual_to_degree,1,test-143,2.0794415416798357,2.8924989700317383
z_residual_to_degree,1,test-144,2.772588722239781,3.996515989303589
z_residual_to_degree,1,test-145,4.882801922586371,3.931922435760498
z_residual_to_degree,1,test-146,3.465735902799726,3.451666831970215
z_residual_to_degree,1,test-147,3.332204510175204,4.193252086639404
z_residual_to_degree,1,test-148,6.327936783729195,4.633231163024902
z_residual_to_degree,1,test-149,3.2188758248682006,3.563768148422241
z_residual_to_degree,1,test-150,3.931825632724326,3.416323661804199
z_residual_to_degree,1,test-151,3.295836866004329,2.9366455078125
z_residual_to_degree,1,test-152,3.4011973816621555,3.1232259273529053
z_residual_to_degree,1,test-153,4.0943445622221,3.981271982192993
z_residual_to_degree,1,test-154,2.0794415416798357,3.4192521572113037
z_residual_to_degree,1,test-155,2.3025850929940455,3.7430436611175537
z_residual_to_degree,1,test-156,5.4116460518550396,3.5131163597106934
z_residual_to_degree,1,test-157,4.564348191467836,2.6196720600128174
z_residual_to_degree,1,test-158,0.0,1.454010009765625
z_residual_to_degree,1,test-159,2.70805020110221,3.9927313327789307
z_residual_to_degree,1,test-160,2.9444389791664403,3.3137800693511963
z_residual_to_degree,1,test-161,1.3862943611198906,3.896821975708008
z_residual_to_degree,1,test-162,2.8903717578961645,3.3652048110961914
z_residual_to_degree,1,test-163,1.791759469228055,3.6578261852264404
z_residual_to_degree,1,test-164,5.560681631015528,3.671297311782837
z_residual_to_degree,1,test-165,1.0986122886681098,1.601981282234192
z_residual_to_degree,1,test-166,3.5553480614894135,3.9573559761047363
z_residual_to_degree,1,test-167,4.499809670330265,3.656428337097168
z_residual_to_degree,1,test-168,3.5553480614894135,3.5147111415863037
z_residual_to_degree,1,test-169,1.791759469228055,4.050224304199219
z_residual_to_degree,1,test-170,2.0794415416798357,3.5700631141662598
z_residual_to_degree,1,test-171,5.288267030694535,3.878711462020874
z_residual_to_degree,1,test-172,1.3862943611198906,3.429314136505127
z_residual_to_degree,1,test-173,2.4849066497880004,3.591064691543579
z_residual_to_degree,1,test-174,3.9120230054281464,2.8945181369781494
z_residual_to_degree,1,test-175,4.499809670330265,3.5174806118011475
z_residual_to_degree,1,test-176,4.867534450455582,4.598540306091309
z_residual_to_degree,1,test-177,4.718498871295095,3.8982911109924316
z_residual_to_degree,1,test-178,3.465735902799726,3.9470150470733643
z_residual_to_degree,1,test-179,1.3862943611198906,1.942487120628357
z_residual_to_degree,1,test-180,3.58351893845611,3.2959961891174316
z_residual_to_degree,1,test-181,3.58351893845611,3.284698009490967
z_residual_to_degree,1,test-182,3.465735902799726,4.172364234924316
z_residual_to_degree,1,test-183,0.0,1.2384095191955566
z_residual_to_degree,1,test-184,7.24422751560335,4.1294426918029785
z_residual_to_degree,1,test-185,3.332204510175204,2.904346227645874
z_residual_to_degree,1,test-186,3.401197381662155,3.0008814334869385
z_residual_to_degree,1,test-187,3.332204510175204,3.962446928024292
z_residual_to_degree,1,test-188,2.4849066497880004,3.335832357406616
z_residual_to_degree,1,test-189,2.1972245773362196,3.26729416847229
z_residual_to_degree,1,test-190,2.70805020110221,3.4380478858947754
z_residual_to_degree,1,test-191,2.0794415416798357,4.026810646057129
z_residual_to_degree,1,test-192,3.044522437723423,2.8908891677856445
z_residual_to_degree,1,test-193,2.995732273553991,3.7570440769195557
z_residual_to_degree,1,test-194,3.58351893845611,3.6178207397460938
z_residual_to_degree,1,test-195,4.90527477843843,4.459188461303711
z_residual_to_degree,1,test-196,4.5217885770490405,3.4721169471740723
z_residual_to_degree,1,test-197,2.4849066497880004,3.713606595993042
z_residual_to_degree,1,test-198,4.709530201312334,3.7018442153930664
z_residual_to_degree,1,test-199,1.0986122886681098,2.9952244758605957
z_residual_to_degree,1,test-200,1.0986122886681098,3.447571039199829
z_residual_to_degree,1,test-201,1.0986122886681098,2.414679527282715
z_residual_to_degree,1,test-202,3.044522437723423,2.8718385696411133
z_residual_to_degree,1,test-203,2.4849066497880004,5.769186973571777
z_residual_to_degree,1,test-204,2.6390573296152584,3.6997056007385254
z_residual_to_degree,1,test-205,2.1972245773362196,4.083391189575195
z_residual_to_degree,1,test-206,3.58351893845611,3.9999654293060303
z_residual_to_degree,1,test-207,4.2484952420493585,3.2370283603668213
z_residual_to_degree,1,test-208,4.0943445622221,3.4524502754211426
z_residual_to_degree,1,test-209,4.836281906951478,3.4235849380493164
z_residual_to_degree,1,test-210,4.976733742420574,3.6587159633636475
z_residual_to_degree,1,test-211,3.044522437723423,3.369372606277466
z_residual_to_degree,1,test-212,4.499809670330265,3.970973014831543
z_residual_to_degree,1,test-213,1.3862943611198906,2.342900276184082
z_residual_to_degree,1,test-214,5.560681631015528,3.48819637298584
z_residual_to_degree,1,test-215,2.0794415416798357,4.15766716003418
z_residual_to_degree,1,test-216,0.6931471805599453,0.9292936325073242
z_residual_to_degree,1,test-217,1.791759469228055,3.9701383113861084
z_residual_to_degree,1,test-218,3.044522437723423,3.5134360790252686
z_residual_to_degree,1,test-219,3.58351893845611,3.128147840499878
z_residual_to_degree,1,test-220,2.70805020110221,4.063499450683594
z_residual_to_degree,1,test-221,2.995732273553991,3.228065013885498
z_residual_to_degree,1,test-222,2.0794415416798357,3.0210118293762207
z_residual_to_degree,1,test-223,3.8712010109078907,3.5476746559143066
z_residual_to_degree,1,test-224,0.0,1.1688189506530762
z_residual_to_degree,1,test-225,3.332204510175204,2.947477340698242
z_residual_to_degree,1,test-226,2.0794415416798357,3.7274281978607178
z_residual_to_degree,1,test-227,2.772588722239781,3.1044201850891113
z_residual_to_degree,1,test-228,1.791759469228055,3.1674976348876953
z_residual_to_degree,1,test-229,2.1972245773362196,3.224640130996704
z_residual_to_degree,1,test-230,3.401197381662156,3.27177095413208
z_residual_to_degree,1,test-231,4.430816798843313,3.4182510375976562
z_residual_to_degree,1,test-232,4.276666119016055,4.065687656402588
z_residual_to_degree,1,test-233,1.791759469228055,2.8794357776641846
z_residual_to_degree,1,test-234,3.58351893845611,2.9242329597473145
z_residual_to_degree,1,test-235,3.1780538303479453,3.6024787425994873
z_residual_to_degree,1,test-236,2.8903717578961645,3.9315521717071533
z_residual_to_degree,1,test-237,3.044522437723423,2.829897165298462
z_residual_to_degree,1,test-238,5.780743515792329,4.389067649841309
z_residual_to_degree,1,test-239,6.327936783729195,4.15487003326416
z_residual_to_degree,1,test-240,0.6931471805599453,0.9000363349914551
z_residual_to_degree,1,test-241,2.4849066497880004,3.0126523971557617
z_residual_to_degree,1,test-242,2.8903717578961645,3.4648518562316895
z_residual_to_degree,1,test-243,2.1972245773362196,3.566669225692749
z_residual_to_degree,1,test-244,3.044522437723423,3.810396432876587
z_residual_to_degree,1,test-245,2.70805020110221,3.2668676376342773
z_residual_to_degree,1,test-246,4.74493212836325,3.4793527126312256
z_residual_to_degree,1,test-247,1.791759469228055,4.613872528076172
z_residual_to_degree,1,test-248,3.8066624897703196,3.7385802268981934
z_residual_to_degree,1,test-249,3.951243718581427,3.5478639602661133
z_residual_to_degree,1,test-250,1.3862943611198906,2.117936134338379
z_residual_to_degree,1,test-251,4.718498871295095,4.469541072845459
z_residual_to_degree,1,test-252,3.465735902799726,3.6493630409240723
z_residual_to_degree,1,test-253,2.70805020110221,3.051544666290283
z_residual_to_degree,1,test-254,2.6390573296152584,3.603437900543213
z_residual_to_degree,1,test-255,5.19295685089021,3.4152138233184814
z_residual_to_degree,1,test-256,0.0,2.638383626937866
z_residual_to_degree,1,test-257,5.98141421125448,4.065622329711914
z_residual_to_degree,1,test-258,3.8712010109078907,3.2235047817230225
z_residual_to_degree,1,test-259,2.9957322735539913,3.955747127532959
z_residual_to_degree,1,test-260,1.0986122886681098,3.731269598007202
z_residual_to_degree,1,test-261,3.401197381662155,4.0802741050720215
z_residual_to_degree,1,test-262,2.995732273553991,3.4253451824188232
z_residual_to_degree,1,test-263,2.995732273553991,2.9325177669525146
z_residual_to_degree,1,test-264,4.1588830833596715,3.308032274246216
z_residual_to_degree,1,test-265,4.31748811353631,4.643239498138428
z_residual_to_degree,1,test-266,1.791759469228055,3.0589237213134766
z_residual_to_degree,1,test-267,2.0794415416798357,3.732050895690918
z_residual_to_degree,1,test-268,2.70805020110221,3.4922831058502197
z_residual_to_degree,1,test-269,6.476972362889683,3.3990049362182617
z_residual_to_degree,1,test-270,1.791759469228055,3.3956081867218018
z_residual_to_degree,1,test-271,3.044522437723423,3.3364415168762207
z_residual_to_degree,1,test-272,3.737669618283368,4.02640438079834
z_residual_to_degree,1,test-273,3.1780538303479453,3.2376768589019775
z_residual_to_degree,1,test-274,2.772588722239781,3.6059043407440186
z_residual_to_degree,1,test-275,2.70805020110221,3.356477975845337
z_residual_to_degree,1,test-276,2.0794415416798357,2.3817837238311768
z_residual_to_degree,1,test-277,3.332204510175204,4.753374099731445
z_residual_to_degree,1,test-278,5.220355825078324,3.4495580196380615
z_residual_to_degree,1,test-279,3.6635616461296463,3.7480645179748535
z_residual_to_degree,1,test-280,2.6390573296152584,2.4492647647857666
z_residual_to_degree,1,test-281,2.4849066497880004,3.036569833755493
z_residual_to_degree,1,test-282,3.9512437185814275,3.3439674377441406
z_residual_to_degree,1,test-283,2.995732273553991,3.641326427459717
z_residual_to_degree,1,test-284,1.6094379124341003,3.0347297191619873
z_residual_to_degree,1,test-285,2.70805020110221,2.857449531555176
z_residual_to_degree,1,test-286,6.461468176353717,3.484246253967285
z_residual_to_degree,1,test-287,3.044522437723423,2.8350186347961426
z_residual_to_degree,1,test-288,3.4965075614664807,3.662153482437134
z_residual_to_degree,1,test-289,4.499809670330265,3.317056179046631
z_residual_to_degree,1,test-290,2.8903717578961645,3.073225259780884
z_residual_to_degree,1,test-291,5.60947179518496,3.902068853378296
z_residual_to_degree,1,test-292,5.375278407684165,4.338614463806152
z_residual_to_degree,1,test-293,3.6888794541139367,3.789374351501465
z_residual_to_degree,1,test-294,2.1972245773362196,3.8224313259124756
z_residual_to_degree,1,test-295,2.3025850929940455,3.0843851566314697
z_residual_to_degree,1,test-296,3.7376696182833684,4.973094940185547
z_residual_to_degree,1,test-297,2.0794415416798357,3.2400190830230713
z_residual_to_degree,1,test-298,1.3862943611198906,3.0663139820098877
z_residual_to_degree,1,test-299,3.1780538303479453,3.906966209411621
z_residual_to_degree,1,test-300,2.995732273553991,3.6466050148010254
z_residual_to_degree,1,test-301,1.6094379124341003,3.454864025115967
z_residual_to_degree,1,test-302,2.4849066497880004,3.3823726177215576
z_residual_to_degree,1,test-303,2.0794415416798357,4.070431709289551
z_residual_to_degree,1,test-304,4.382026634673881,3.7904224395751953
z_residual_to_degree,1,test-305,3.332204510175204,2.8978371620178223
z_residual_to_degree,1,test-306,5.556828061699537,3.439342498779297
z_residual_to_degree,1,test-307,2.0794415416798357,3.3149852752685547
z_residual_to_degree,1,test-308,2.0794415416798357,2.9151930809020996
z_residual_to_degree,1,test-309,3.58351893845611,4.245755195617676
z_residual_to_degree,1,test-310,2.1972245773362196,3.939919948577881
z_residual_to_degree,1,test-311,3.8918202981106265,3.516963005065918
z_residual_to_degree,1,test-312,2.4849066497880004,2.9626288414001465
z_residual_to_degree,1,test-313,6.733401891837358,4.534562587738037
z_residual_to_degree,1,test-314,4.941642422609304,3.4862136840820312
z_residual_to_degree,1,test-315,1.9459101490553132,1.5178496837615967
z_residual_to_degree,1,test-316,2.8903717578961645,3.236448287963867
z_residual_to_degree,1,test-317,5.4116460518550396,3.271690607070923
z_residual_to_degree,1,test-318,3.332204510175204,2.8752264976501465
z_residual_to_degree,1,test-319,6.733401891837358,4.248190879821777
z_residual_to_degree,1,test-320,2.772588722239781,3.180027484893799
z_residual_to_degree,1,test-321,3.044522437723423,3.9006879329681396
z_residual_to_degree,1,test-322,2.995732273553991,2.971304416656494
z_residual_to_degree,1,test-323,0.6931471805599453,2.882801055908203
z_residual_to_degree,1,test-324,2.4849066497880004,3.917586088180542
z_residual_to_degree,1,test-325,2.772588722239781,3.426485061645508
z_residual_to_degree,1,test-326,3.091042453358316,3.551229953765869
z_residual_to_degree,1,test-327,3.401197381662156,3.1201727390289307
z_residual_to_degree,1,test-328,3.688879454113936,3.235741376876831
z_residual_to_degree,1,test-329,1.6094379124341003,3.2529726028442383
z_residual_to_degree,1,test-330,3.5553480614894135,3.3070497512817383
z_residual_to_degree,1,test-331,3.8712010109078907,3.8694212436676025
z_residual_to_degree,1,test-332,2.70805020110221,3.131124258041382
z_residual_to_degree,1,test-333,2.8903717578961645,1.6783359050750732
z_residual_to_degree,1,test-334,2.4849066497880004,3.3489911556243896
z_residual_to_degree,1,test-335,4.51085950651685,3.031046152114868
z_residual_to_degree,1,test-336,2.70805020110221,4.028266429901123
z_residual_to_degree,1,test-337,3.044522437723423,4.357750415802002
z_residual_to_degree,1,test-338,2.4849066497880004,3.7155768871307373
z_residual_to_degree,1,test-339,2.772588722239781,3.4503109455108643
z_residual_to_degree,1,test-340,4.143134726391533,3.5251636505126953
z_residual_to_degree,1,test-341,3.931825632724326,3.321645498275757
z_residual_to_degree,1,test-342,2.4849066497880004,4.788249969482422
z_residual_to_degree,1,test-343,4.787491742782047,4.1166768074035645
z_residual_to_degree,1,test-344,1.3862943611198906,3.7538371086120605
z_residual_to_degree,1,test-345,3.1780538303479453,3.7950706481933594
z_residual_to_degree,1,test-346,2.4849066497880004,3.0957186222076416
z_residual_to_degree,1,test-347,2.4849066497880004,3.4074416160583496
z_residual_to_degree,1,test-348,2.4849066497880004,2.8878583908081055
z_residual_to_degree,1,test-349,3.401197381662155,4.1576409339904785
z_residual_to_degree,1,test-350,2.8903717578961645,1.4241292476654053
z_residual_to_degree,1,test-351,3.1780538303479453,3.3173770904541016
z_residual_to_degree,1,test-352,1.3862943611198906,2.8794639110565186
z_residual_to_degree,1,test-353,4.882801922586371,7.392892360687256
z_residual_to_degree,1,test-354,4.23410650459726,3.443061113357544
z_residual_to_degree,1,test-355,5.6937321388027,3.83162260055542
z_residual_to_degree,1,test-356,0.6931471805599453,2.0647149085998535
z_residual_to_degree,1,test-357,1.791759469228055,2.0839133262634277
z_residual_to_degree,1,test-358,1.791759469228055,3.74560809135437
z_residual_to_degree,1,test-359,5.966146739123692,3.4719362258911133
z_residual_to_degree,1,test-360,3.4965075614664807,3.751060724258423
z_residual_to_degree,1,test-361,6.733401891837358,5.454277038574219
z_residual_to_degree,1,test-362,5.272999558563747,3.861845016479492
z_residual_to_degree,1,test-363,3.737669618283368,3.824021816253662
z_residual_to_degree,1,test-364,2.1972245773362196,3.9263384342193604
z_residual_to_degree,1,test-365,2.995732273553991,3.5821776390075684
z_residual_to_degree,1,test-366,1.3862943611198906,2.5262510776519775
z_residual_to_degree,1,test-367,6.327936783729195,1.3760099411010742
z_residual_to_degree,1,test-368,4.430816798843313,3.6010031700134277
z_residual_to_degree,1,test-369,0.0,1.623106837272644
z_residual_to_degree,1,test-370,2.6390573296152584,3.5332369804382324
z_residual_to_degree,1,test-371,1.6094379124341003,3.8545944690704346
z_residual_to_degree,1,test-372,2.4849066497880004,3.5919852256774902
z_residual_to_degree,1,test-373,3.465735902799726,3.9732232093811035
z_residual_to_degree,1,test-374,2.772588722239781,2.8655810356140137
z_residual_to_degree,1,test-375,2.70805020110221,2.9169232845306396
z_residual_to_degree,1,test-376,4.74493212836325,3.4727871417999268
z_residual_to_degree,1,test-377,2.4849066497880004,3.3019731044769287
z_residual_to_degree,1,test-378,3.332204510175204,3.522160053253174
z_residual_to_degree,1,test-379,2.4849066497880004,0.9251759052276611
z_residual_to_degree,1,test-380,2.8903717578961645,3.5188138484954834
z_residual_to_degree,1,test-381,2.3025850929940455,4.155109405517578
z_residual_to_degree,1,test-382,1.791759469228055,3.417121648788452
z_residual_to_degree,1,test-383,0.6931471805599453,1.773141860961914
z_residual_to_degree,1,test-384,4.276666119016055,4.318814277648926
z_residual_to_degree,1,test-385,1.791759469228055,3.7674190998077393
z_residual_to_degree,1,test-386,1.791759469228055,4.1487507820129395
z_residual_to_degree,1,test-387,2.0794415416798357,3.392526388168335
z_residual_to_degree,1,test-388,2.995732273553991,3.5417873859405518
z_residual_to_degree,1,test-389,2.0794415416798357,3.4367713928222656
z_residual_to_degree,1,test-390,3.044522437723423,2.8299591541290283
z_residual_to_degree,1,test-391,2.995732273553991,3.229102611541748
z_residual_to_degree,1,test-392,0.0,1.9130725860595703
z_residual_to_degree,1,test-393,1.3862943611198906,2.9719161987304688
z_residual_to_degree,1,test-394,2.3025850929940455,3.5622735023498535
z_residual_to_degree,1,test-395,3.295836866004329,3.3234453201293945
z_residual_to_degree,1,test-396,1.791759469228055,3.7377405166625977
z_residual_to_degree,1,test-397,3.4011973816621555,3.225416421890259
z_residual_to_degree,1,test-398,2.4849066497880004,3.7861413955688477
z_residual_to_degree,1,test-399,2.995732273553991,3.292691707611084
z_residual_to_degree,1,test-400,2.0794415416798357,3.7006940841674805
z_residual_to_degree,1,test-401,2.0794415416798357,3.2805492877960205
z_residual_to_degree,1,test-402,3.1780538303479453,3.3094520568847656
z_residual_to_degree,1,test-403,3.828641396489095,3.3790478706359863
z_residual_to_degree,1,test-404,4.90527477843843,3.811809539794922
z_residual_to_degree,1,test-405,1.791759469228055,1.9717098474502563
z_residual_to_degree,1,test-406,3.401197381662155,2.855706214904785
z_residual_to_degree,1,test-407,1.3862943611198906,3.096116304397583
z_residual_to_degree,1,test-408,2.8903717578961645,2.7322094440460205
z_residual_to_degree,1,test-409,4.276666119016055,3.7491655349731445
z_residual_to_degree,1,test-410,0.6931471805599453,3.327869176864624
z_residual_to_degree,1,test-411,3.5553480614894135,3.5743343830108643
z_residual_to_degree,1,test-412,2.8903717578961645,3.168333053588867
z_residual_to_degree,1,test-413,3.332204510175204,3.4646873474121094
z_residual_to_degree,1,test-414,5.342334251964811,3.3400535583496094
z_residual_to_degree,1,test-415,2.890371757896165,3.576627254486084
z_residual_to_degree,1,test-416,3.401197381662155,3.6351399421691895
z_residual_to_degree,1,test-417,3.091042453358316,3.7618534564971924
z_residual_to_degree,1,test-418,2.995732273553991,3.8071482181549072
z_residual_to_degree,1,test-419,3.401197381662155,3.45925235748291
z_residual_to_degree,1,test-420,4.787491742782046,4.126850128173828
z_residual_to_degree,1,test-421,4.430816798843313,3.6077404022216797
z_residual_to_degree,1,test-422,2.8903717578961645,2.9653701782226562
z_residual_to_degree,1,test-423,2.0794415416798357,3.1614885330200195
z_residual_to_degree,1,test-424,3.1780538303479458,3.5962729454040527
z_residual_to_degree,1,test-425,1.9459101490553132,2.4926609992980957
z_residual_to_degree,1,test-426,2.995732273553991,2.899176597595215
z_residual_to_degree,1,test-427,2.1972245773362196,3.8575096130371094
z_residual_to_degree,1,test-428,1.3862943611198906,3.047941207885742
z_residual_to_degree,1,test-429,3.401197381662156,4.2997050285339355
z_residual_to_degree,1,test-430,3.332204510175204,3.514308452606201
z_residual_to_degree,1,test-431,2.0794415416798357,3.2890732288360596
z_residual_to_degree,1,test-432,2.4849066497880004,2.919288396835327
z_residual_to_degree,1,test-433,3.6888794541139367,2.865825653076172
z_residual_to_degree,1,test-434,2.70805020110221,3.286463737487793
z_residual_to_degree,1,test-435,2.4849066497880004,3.035393238067627
z_residual_to_degree,1,test-436,4.718498871295095,4.060703277587891
z_residual_to_degree,1,test-437,5.634789603169249,3.93375563621521
z_residual_to_degree,1,test-438,4.68213122712422,3.645886182785034
z_residual_to_degree,1,test-439,1.791759469228055,3.2462944984436035
z_residual_to_degree,1,test-440,3.9889840465642745,3.3075504302978516
z_residual_to_degree,1,test-441,6.327936783729195,4.288345813751221
z_residual_to_degree,1,test-442,3.044522437723423,3.5713047981262207
z_residual_to_degree,1,test-443,2.70805020110221,2.935225486755371
z_residual_to_degree,1,test-444,1.0986122886681098,1.4819426536560059
z_residual_to_degree,1,test-445,2.995732273553991,3.071991205215454
z_residual_to_degree,1,test-446,2.772588722239781,3.342747688293457
z_residual_to_degree,1,test-447,2.995732273553991,3.24697208404541
z_residual_to_degree,1,test-448,1.791759469228055,1.9930460453033447
z_residual_to_degree,1,test-449,1.3862943611198906,3.075810670852661
z_residual_to_degree,1,test-450,2.4849066497880004,3.6082940101623535
z_residual_to_degree,1,test-451,7.50659178007084,4.161438465118408
z_residual_to_degree,1,test-452,3.951243718581427,3.482173204421997
z_residual_to_degree,1,test-453,3.5553480614894135,3.8804643154144287
z_residual_to_degree,1,test-454,2.70805020110221,2.6832404136657715
z_residual_to_degree,1,test-455,3.258096538021482,2.9677133560180664
z_residual_to_degree,1,test-456,5.634789603169249,4.533750534057617
z_residual_to_degree,1,test-457,0.6931471805599453,3.372250556945801
z_residual_to_degree,1,test-458,2.772588722239781,3.7505886554718018
z_residual_to_degree,1,test-459,3.401197381662156,3.3720765113830566
z_residual_to_degree,1,test-460,2.995732273553991,3.367403745651245
z_residual_to_degree,1,test-461,3.044522437723423,4.323825836181641
z_residual_to_degree,1,test-462,2.1972245773362196,1.48606538772583
z_residual_to_degree,1,test-463,1.791759469228055,2.946542978286743
z_residual_to_degree,1,test-464,3.1780538303479458,4.254064559936523
z_residual_to_degree,1,test-465,2.1972245773362196,1.5950140953063965
z_residual_to_degree,1,test-466,3.401197381662155,4.377406120300293
z_residual_to_degree,1,test-467,6.327936783729195,4.07282829284668
z_residual_to_degree,1,test-468,2.995732273553991,3.6897242069244385
z_residual_to_degree,1,test-469,3.044522437723423,2.9116358757019043
z_residual_to_degree,1,test-470,1.0986122886681098,2.526942014694214
z_residual_to_degree,1,test-471,3.401197381662155,3.1160452365875244
z_residual_to_degree,1,test-472,2.3025850929940455,2.8384439945220947
z_residual_to_degree,1,test-473,6.040254711277414,3.5394115447998047
z_residual_to_degree,1,test-474,4.90527477843843,3.4972567558288574
z_residual_to_degree,1,test-475,2.1972245773362196,4.104714393615723
z_residual_to_degree,1,test-476,2.0794415416798357,1.9786254167556763
z_residual_to_degree,1,test-477,2.8903717578961645,1.0301814079284668
z_residual_to_degree,1,test-478,3.1780538303479453,3.1678693294525146
z_residual_to_degree,1,test-479,2.995732273553991,3.005204200744629
z_residual_to_degree,1,test-480,4.276666119016055,3.337489604949951
z_residual_to_degree,1,test-481,2.4849066497880004,3.1179816722869873
z_residual_to_degree,1,test-482,3.295836866004329,3.4967076778411865
z_residual_to_degree,1,test-483,3.1780538303479453,3.0628626346588135
z_residual_to_degree,1,test-484,2.0794415416798357,4.05592679977417
z_residual_to_degree,1,test-485,3.332204510175204,2.9181506633758545
z_residual_to_degree,1,test-486,1.3862943611198906,3.2140512466430664
z_residual_to_degree,1,test-487,4.356708826689592,2.962190866470337
z_residual_to_degree,1,test-488,2.0794415416798357,2.3275928497314453
z_residual_to_degree,1,test-489,2.9957322735539913,4.1781792640686035
z_residual_to_degree,1,test-490,0.6931471805599453,4.402560710906982
z_residual_to_degree,1,test-491,2.0794415416798357,2.258671998977661
z_residual_to_degree,1,test-492,4.31748811353631,3.92146635055542
z_residual_to_degree,1,test-493,3.58351893845611,3.3842039108276367
z_residual_to_degree,1,test-494,0.0,3.193366289138794
z_residual_to_degree,1,test-495,5.272999558563747,3.87449049949646
z_residual_to_degree,1,test-496,1.791759469228055,3.651308298110962
z_residual_to_degree,1,test-497,3.7376696182833684,3.5209178924560547
z_residual_to_degree,1,test-498,2.4849066497880004,3.0907785892486572
z_residual_to_degree,1,test-499,3.8712010109078907,2.7746047973632812
z_residual_to_degree,1,test-500,6.040254711277414,1.312140703201294
z_residual_to_degree,1,test-501,3.332204510175204,3.9330086708068848
z_residual_to_degree,1,test-502,3.332204510175204,3.6802947521209717
z_residual_to_degree,1,test-503,4.700480365792417,3.583191394805908
z_residual_to_degree,1,test-504,4.499809670330265,3.3596954345703125
z_residual_to_degree,1,test-505,2.1972245773362196,3.038846015930176
z_residual_to_degree,1,test-506,3.688879454113936,3.7915546894073486
z_residual_to_degree,1,test-507,2.6390573296152584,3.8710074424743652
z_residual_to_degree,1,test-508,4.276666119016055,3.599853754043579
z_residual_to_degree,1,test-509,3.8712010109078907,3.7154197692871094
z_residual_to_degree,1,test-510,4.442651256490317,2.947343111038208
z_residual_to_degree,1,test-511,5.634789603169249,4.174604892730713
z_degree_to_cn_residual,1,test-0,0.4096507501383539,0.435638964176178
z_degree_to_cn_residual,1,test-1,-0.257133548881196,0.2859075665473938
z_degree_to_cn_residual,1,test-2,-0.026168497301778282,-0.024617627263069153
z_degree_to_cn_residual,1,test-3,-0.09682951278185134,0.10791639983654022
z_degree_to_cn_residual,1,test-4,1.030455039917754,0.09642772376537323
z_degree_to_cn_residual,1,test-5,-0.40617432960244304,0.3577631115913391
z_degree_to_cn_residual,1,test-6,1.072232465549153,-0.04334993660449982
z_degree_to_cn_residual,1,test-7,-0.17653506637630972,0.11089520156383514
z_degree_to_cn_residual,1,test-8,-0.09993231907971788,0.15283159911632538
z_degree_to_cn_residual,1,test-9,-0.361807736196368,0.22095875442028046
z_degree_to_cn_residual,1,test-10,0.834665253272179,0.14129476249217987
z_degree_to_cn_residual,1,test-11,0.6771872810461878,0.4296894669532776
z_degree_to_cn_residual,1,test-12,-0.0025667768776077267,0.04745130240917206
z_degree_to_cn_residual,1,test-13,0.0920452145115791,0.1964765042066574
z_degree_to_cn_residual,1,test-14,0.1059855857541714,0.06088666617870331
z_degree_to_cn_residual,1,test-15,0.6905804036823375,0.1089208573102951
z_degree_to_cn_residual,1,test-16,0.487417210290867,0.19465188682079315
z_degree_to_cn_residual,1,test-17,0.027598705190133088,0.10822419822216034
z_degree_to_cn_residual,1,test-18,-0.0025667768776077267,0.04745130240917206
z_degree_to_cn_residual,1,test-19,-0.09993231907971788,0.15283159911632538
z_degree_to_cn_residual,1,test-20,-0.0006908748283487874,0.05619530379772186
z_degree_to_cn_residual,1,test-21,0.37362887990278976,0.28745752573013306
z_degree_to_cn_residual,1,test-22,-0.26394703539593084,0.14129476249217987
z_degree_to_cn_residual,1,test-23,-0.001592483837966117,0.02243642508983612
z_degree_to_cn_residual,1,test-24,0.3252994169928626,0.22298698127269745
z_degree_to_cn_residual,1,test-25,-0.5320508010865779,0.49022895097732544
z_degree_to_cn_residual,1,test-26,0.6906105992764492,0.23764972388744354
z_degree_to_cn_residual,1,test-27,0.7790939880109542,0.28745752573013306
z_degree_to_cn_residual,1,test-28,0.5980680715538729,0.09741000831127167
z_degree_to_cn_residual,1,test-29,0.6893311186493629,0.1401834934949875
z_degree_to_cn_residual,1,test-30,0.6730018624542556,0.10981683433055878
z_degree_to_cn_residual,1,test-31,0.22033626837748216,0.004869386553764343
z_degree_to_cn_residual,1,test-32,-0.31403642712572494,0.32490283250808716
z_degree_to_cn_residual,1,test-33,0.6854469961951654,-0.012032225728034973
z_degree_to_cn_residual,1,test-34,-0.22552334649902314,0.29269152879714966
z_degree_to_cn_residual,1,test-35,-0.15981025222941134,0.38517647981643677
z_degree_to_cn_residual,1,test-36,-0.002483473901375505,0.33843499422073364
z_degree_to_cn_residual,1,test-37,-0.002536581283496064,0.23764972388744354
z_degree_to_cn_residual,1,test-38,0.011027840012221813,-0.04638548195362091
z_degree_to_cn_residual,1,test-39,-0.0025667768776077267,0.1089208573102951
z_degree_to_cn_residual,1,test-40,1.0655213517576338,0.13358621299266815
z_degree_to_cn_residual,1,test-41,0.33133944436357726,0.22095875442028046
z_degree_to_cn_residual,1,test-42,0.3907357061859718,0.5689433217048645
z_degree_to_cn_residual,1,test-43,-0.07427151148220186,0.17771892249584198
z_degree_to_cn_residual,1,test-44,1.1607710146208674,0.29269152879714966
z_degree_to_cn_residual,1,test-45,-0.0025667768776077267,0.04745130240917206
z_degree_to_cn_residual,1,test-46,0.12442211904305411,0.2377198189496994
z_degree_to_cn_residual,1,test-47,-0.002483473901375505,-0.002521231770515442
z_degree_to_cn_residual,1,test-48,0.5980680715538729,0.09741000831127167
z_degree_to_cn_residual,1,test-49,0.3907357061859718,0.5689433217048645
z_degree_to_cn_residual,1,test-50,0.3974001350710103,-0.07498855888843536
z_degree_to_cn_residual,1,test-51,0.5071241430143024,0.22770576179027557
z_degree_to_cn_residual,1,test-52,-0.5962537633065377,0.132677361369133
z_degree_to_cn_residual,1,test-53,-0.09507910900607243,0.09741000831127167
z_degree_to_cn_residual,1,test-54,-0.006401163194461921,0.11809496581554413
z_degree_to_cn_residual,1,test-55,-0.5779234037185782,-0.031420424580574036
z_degree_to_cn_residual,1,test-56,-0.09507910900607243,0.2633712887763977
z_degree_to_cn_residual,1,test-57,0.8783422192128343,-0.26581209897994995
z_degree_to_cn_residual,1,test-58,-0.4855470978437046,0.2634046673774719
z_degree_to_cn_residual,1,test-59,0.6904677205888524,0.10258083045482635
z_degree_to_cn_residual,1,test-60,-0.2474640255978244,0.3751245141029358
z_degree_to_cn_residual,1,test-61,-0.0022128532902202114,0.0485413521528244
z_degree_to_cn_residual,1,test-62,-0.0014682163898236727,-0.04952879250049591
z_degree_to_cn_residual,1,test-63,-0.002483473901375505,0.33843499422073364
z_degree_to_cn_residual,1,test-64,-0.18117393408101218,0.18183533847332
z_degree_to_cn_residual,1,test-65,1.0035331796620373,0.09741000831127167
z_degree_to_cn_residual,1,test-66,-0.003920084665472663,0.04305104911327362
z_degree_to_cn_residual,1,test-67,-0.003920084665472663,0.04305104911327362
z_degree_to_cn_residual,1,test-68,-0.5121098978044188,0.2592697739601135
z_degree_to_cn_residual,1,test-69,0.40889556438164,0.1259186714887619
z_degree_to_cn_residual,1,test-70,0.5071241430143024,0.22770576179027557
z_degree_to_cn_residual,1,test-71,0.34193555199200737,0.08624367415904999
z_degree_to_cn_residual,1,test-72,-0.0025667768776077267,0.1089208573102951
z_degree_to_cn_residual,1,test-73,-0.32077300936225667,0.13358621299266815
z_degree_to_cn_residual,1,test-74,-0.09507910900607243,0.2633712887763977
z_degree_to_cn_residual,1,test-75,0.9986799695883919,0.15283159911632538
z_degree_to_cn_residual,1,test-76,-0.001592483837966117,0.02243642508983612
z_degree_to_cn_residual,1,test-77,0.5932148614802274,0.15283159911632538
z_degree_to_cn_residual,1,test-78,-0.0017051669314512175,0.03470639884471893
z_degree_to_cn_residual,1,test-79,-0.0025667768776077267,0.1089208573102951
z_degree_to_cn_residual,1,test-80,0.6893311186493629,0.1401834934949875
z_degree_to_cn_residual,1,test-81,0.3267009706117635,0.06790952384471893
z_degree_to_cn_residual,1,test-82,1.066776060462735,0.28745752573013306
z_degree_to_cn_residual,1,test-83,-0.06306873591422772,-0.03398866951465607
z_degree_to_cn_residual,1,test-84,-0.3195190468888935,0.3914719223976135
z_degree_to_cn_residual,1,test-85,-0.257133548881196,0.2859075665473938
z_degree_to_cn_residual,1,test-86,0.3974001350710103,-0.07498855888843536
z_degree_to_cn_residual,1,test-87,-0.09507910900607243,0.2633712887763977
z_degree_to_cn_residual,1,test-88,-0.006401163194461921,0.11809496581554413
z_degree_to_cn_residual,1,test-89,-0.295747045488935,-0.07498855888843536
z_degree_to_cn_residual,1,test-90,-0.07427151148220186,0.17771892249584198
z_degree_to_cn_residual,1,test-91,-0.002679459971092827,0.10258083045482635
z_degree_to_cn_residual,1,test-92,0.5963176677780939,0.10791639983654022
z_degree_to_cn_residual,1,test-93,0.47287711110466973,-0.26581209897994995
z_degree_to_cn_residual,1,test-94,-0.07427151148220186,0.17771892249584198
z_degree_to_cn_residual,1,test-95,0.5634751272888399,0.2052796334028244
z_degree_to_cn_residual,1,test-96,-0.6219808875579942,-0.024537280201911926
z_degree_to_cn_residual,1,test-97,-0.0948206319924906,0.28825074434280396
z_degree_to_cn_residual,1,test-98,-0.002536581283496064,0.23764972388744354
z_degree_to_cn_residual,1,test-99,-0.09507910900607243,0.2633712887763977
z_degree_to_cn_residual,1,test-100,-0.3664462099481818,0.06790952384471893
z_degree_to_cn_residual,1,test-101,0.5980680715538729,0.2633712887763977
z_degree_to_cn_residual,1,test-102,0.03377005795343527,0.014526650309562683
z_degree_to_cn_residual,1,test-103,-0.15981025222941134,0.38517647981643677
z_degree_to_cn_residual,1,test-104,0.629186265886127,0.2869012951850891
z_degree_to_cn_residual,1,test-105,-0.001592483837966117,0.02243642508983612
z_degree_to_cn_residual,1,test-106,0.689862177614176,-0.008895590901374817
z_degree_to_cn_residual,1,test-107,-0.0025667768776077267,0.04745130240917206
z_degree_to_cn_residual,1,test-108,0.09689341725340761,0.132677361369133
z_degree_to_cn_residual,1,test-109,0.37911075343422035,0.32490283250808716
z_degree_to_cn_residual,1,test-110,-0.002679459971092827,0.10258083045482635
z_degree_to_cn_residual,1,test-111,-0.006236131996241855,0.07550935447216034
z_degree_to_cn_residual,1,test-112,0.4686965299979534,0.2259252518415451
z_degree_to_cn_residual,1,test-113,-0.4092811700187469,0.1401834934949875
z_degree_to_cn_residual,1,test-114,-0.0017051669314512175,0.03470639884471893
z_degree_to_cn_residual,1,test-115,0.6906637066585698,0.33843499422073364
z_degree_to_cn_residual,1,test-116,1.0402213320986424,-0.0032908469438552856
z_degree_to_cn_residual,1,test-117,0.6948211420213969,0.13384942710399628
z_degree_to_cn_residual,1,test-118,-0.2842516161783053,0.1259186714887619
z_degree_to_cn_residual,1,test-119,0.706182872391234,0.16630201041698456
z_degree_to_cn_residual,1,test-120,0.6188756690777434,0.17771892249584198
z_degree_to_cn_residual,1,test-121,0.5071241430143024,0.22770576179027557
z_degree_to_cn_residual,1,test-122,0.732166078719928,0.06790952384471893
z_degree_to_cn_residual,1,test-123,0.6905804036823375,0.1089208573102951
z_degree_to_cn_residual,1,test-124,-0.006401163194461921,0.11809496581554413
z_degree_to_cn_residual,1,test-125,-0.06396091467381823,0.2869012951850891
z_degree_to_cn_residual,1,test-126,1.0243407771859079,0.17771892249584198
z_degree_to_cn_residual,1,test-127,-0.0025667768776077267,0.1089208573102951
z_degree_to_cn_residual,1,test-128,-0.17653506637630972,0.11089520156383514
z_degree_to_cn_residual,1,test-129,0.006243055183185751,0.024810120463371277
z_degree_to_cn_residual,1,test-130,0.9125892511224669,0.22770576179027557
z_degree_to_cn_residual,1,test-131,0.5932148614802274,0.15283159911632538
z_degree_to_cn_residual,1,test-132,-0.4092811700187469,0.1401834934949875
z_degree_to_cn_residual,1,test-133,-0.3910899774469028,-0.029277995228767395
z_degree_to_cn_residual,1,test-134,-0.06396091467381823,0.2869012951850891
z_degree_to_cn_residual,1,test-135,0.5333369283305339,0.38517647981643677
z_degree_to_cn_residual,1,test-136,0.6893311186493629,0.1401834934949875
z_degree_to_cn_residual,1,test-137,-0.0022128532902202114,0.0485413521528244
z_degree_to_cn_residual,1,test-138,-0.4564122585269044,0.10673432052135468
z_degree_to_cn_residual,1,test-139,-0.0025667768776077267,0.1089208573102951
z_degree_to_cn_residual,1,test-140,-0.295747045488935,-0.07498855888843536
z_degree_to_cn_residual,1,test-141,0.7232900511466166,0.1413683146238327
z_degree_to_cn_residual,1,test-142,-0.09507910900607243,0.2633712887763977
z_degree_to_cn_residual,1,test-143,-0.002679459971092827,0.10258083045482635
z_degree_to_cn_residual,1,test-144,-0.15981025222941134,0.38517647981643677
z_degree_to_cn_residual,1,test-145,-0.020145318105689636,0.10981683433055878
z_degree_to_cn_residual,1,test-146,0.37362887990278976,0.28745752573013306
z_degree_to_cn_residual,1,test-147,-0.295747045488935,-0.07498855888843536
z_degree_to_cn_residual,1,test-148,0.09689341725340761,0.132677361369133
z_degree_to_cn_residual,1,test-149,-0.2842516161783053,0.1259186714887619
z_degree_to_cn_residual,1,test-150,-0.21219425699455913,0.2593684792518616
z_degree_to_cn_residual,1,test-151,0.5634751272888399,-0.08468170464038849
z_degree_to_cn_residual,1,test-152,-0.011174017424812204,-0.003945067524909973
z_degree_to_cn_residual,1,test-153,0.2564389628481294,0.0973546952009201
z_degree_to_cn_residual,1,test-154,0.6904677205888524,0.10258083045482635
z_degree_to_cn_residual,1,test-155,-0.002536581283496064,0.23764972388744354
z_degree_to_cn_residual,1,test-156,1.2131515730483942,0.03516201674938202
z_degree_to_cn_residual,1,test-157,-0.11159319800623856,0.2388012856245041
z_degree_to_cn_residual,1,test-158,-0.002483473901375505,-0.002521231770515442
z_degree_to_cn_residual,1,test-159,0.5980680715538729,0.2633712887763977
z_degree_to_cn_residual,1,test-160,-0.006236131996241855,0.07790116965770721
z_degree_to_cn_residual,1,test-161,-0.0017051669314512175,0.03470639884471893
z_degree_to_cn_residual,1,test-162,0.5980680715538729,0.09741000831127167
z_degree_to_cn_residual,1,test-163,-0.0025667768776077267,0.1089208573102951
z_degree_to_cn_residual,1,test-164,0.30205720311304246,-0.029277995228767395
z_degree_to_cn_residual,1,test-165,-0.001592483837966117,0.02243642508983612
z_degree_to_cn_residual,1,test-166,-0.3678477635670827,0.22298698127269745
z_degree_to_cn_residual,1,test-167,-0.5737341020377579,0.11136321723461151
z_degree_to_cn_residual,1,test-168,0.3252994169928626,0.22298698127269745
z_degree_to_cn_residual,1,test-169,-0.0025667768776077267,0.1089208573102951
z_degree_to_cn_residual,1,test-170,-0.002679459971092827,0.10258083045482635
z_degree_to_cn_residual,1,test-171,0.5694612141469256,-0.2903057932853699
z_degree_to_cn_residual,1,test-172,-0.0017051669314512175,0.03470639884471893
z_degree_to_cn_residual,1,test-173,-0.07427151148220186,0.17771892249584198
z_degree_to_cn_residual,1,test-174,1.1880129048121781,0.4296894669532776
z_degree_to_cn_residual,1,test-175,0.8125602590821327,0.11136321723461151
z_degree_to_cn_residual,1,test-176,-0.10231614743923174,0.11015443503856659
z_degree_to_cn_residual,1,test-177,0.027598705190133088,0.10822419822216034
z_degree_to_cn_residual,1,test-178,-0.31951830065715553,0.28745752573013306
z_degree_to_cn_residual,1,test-179,-0.0017051669314512175,0.03470639884471893
z_degree_to_cn_residual,1,test-180,-0.007700184364779972,-0.012032225728034973
z_degree_to_cn_residual,1,test-181,-0.31403642712572494,0.32490283250808716
z_degree_to_cn_residual,1,test-182,-0.31951830065715553,0.28745752573013306
z_degree_to_cn_residual,1,test-183,-0.002483473901375505,-0.002521231770515442
z_degree_to_cn_residual,1,test-184,0.2690154096687156,0.011437222361564636
z_degree_to_cn_residual,1,test-185,-0.295747045488935,-0.07498855888843536
z_degree_to_cn_residual,1,test-186,1.1223473257239598,0.14129476249217987
z_degree_to_cn_residual,1,test-187,-0.295747045488935,-0.07498855888843536
z_degree_to_cn_residual,1,test-188,-0.07427151148220186,0.17771892249584198
z_degree_to_cn_residual,1,test-189,-0.06396091467381823,0.2869012951850891
z_degree_to_cn_residual,1,test-190,0.5980680715538729,0.2633712887763977
z_degree_to_cn_residual,1,test-191,-0.002679459971092827,0.10258083045482635
z_degree_to_cn_residual,1,test-192,0.5932148614802274,0.15283159911632538
z_degree_to_cn_residual,1,test-193,-0.18602303754564287,0.22770576179027557
z_degree_to_cn_residual,1,test-194,-0.007700184364779972,-0.012032225728034973
z_degree_to_cn_residual,1,test-195,0.18103728275552644,0.2592697739601135
z_degree_to_cn_residual,1,test-196,-0.3419557546295762,0.48127251863479614
z_degree_to_cn_residual,1,test-197,-0.07427151148220186,0.17771892249584198
z_degree_to_cn_residual,1,test-198,-0.1325756172494532,0.13822393119335175
z_degree_to_cn_residual,1,test-199,-0.001592483837966117,0.02243642508983612
z_degree_to_cn_residual,1,test-200,-0.001592483837966117,0.02243642508983612
z_degree_to_cn_residual,1,test-201,-0.001592483837966117,0.02243642508983612
z_degree_to_cn_residual,1,test-202,-0.09993231907971788,0.15283159911632538
z_degree_to_cn_residual,1,test-203,-0.07427151148220186,0.17771892249584198
z_degree_to_cn_residual,1,test-204,0.6867460173654834,0.11809496581554413
z_degree_to_cn_residual,1,test-205,-0.06396091467381823,0.2869012951850891
z_degree_to_cn_residual,1,test-206,-0.31403642712572494,0.32490283250808716
z_degree_to_cn_residual,1,test-207,0.25559953693839854,0.1289680451154709
z_degree_to_cn_residual,1,test-208,-0.3512116285679379,0.08624367415904999
z_degree_to_cn_residual,1,test-209,0.44701726623712135,0.007691547274589539
z_degree_to_cn_residual,1,test-210,0.27064323153028624,0.21456818282604218
z_degree_to_cn_residual,1,test-211,0.9986799695883919,0.15283159911632538
z_degree_to_cn_residual,1,test-212,-0.015324816569887118,0.27309781312942505
z_degree_to_cn_residual,1,test-213,-0.002483473901375505,0.33843499422073364
z_degree_to_cn_residual,1,test-214,0.707522311221207,-0.029277995228767395
z_degree_to_cn_residual,1,test-215,-0.002679459971092827,0.10258083045482635
z_degree_to_cn_residual,1,test-216,-0.0025667768776077267,0.04745130240917206
z_degree_to_cn_residual,1,test-217,0.6905804036823375,0.1089208573102951
z_degree_to_cn_residual,1,test-218,-0.09993231907971788,0.15283159911632538
z_degree_to_cn_residual,1,test-219,-0.3664462099481818,0.06790952384471893
z_degree_to_cn_residual,1,test-220,-0.007796294345678415,0.07022790610790253
z_degree_to_cn_residual,1,test-221,-0.18602303754564287,0.22770576179027557
z_degree_to_cn_residual,1,test-222,-0.002679459971092827,0.10258083045482635
z_degree_to_cn_residual,1,test-223,-0.20673482910021176,0.21032015979290009
z_degree_to_cn_residual,1,test-224,-0.002483473901375505,-0.002521231770515442
z_degree_to_cn_residual,1,test-225,0.8028652431791747,-0.07498855888843536
z_degree_to_cn_residual,1,test-226,-0.002679459971092827,0.10258083045482635
z_degree_to_cn_residual,1,test-227,0.9388020364386984,0.38517647981643677
z_degree_to_cn_residual,1,test-228,-0.0025667768776077267,0.1089208573102951
z_degree_to_cn_residual,1,test-229,-0.06396091467381823,0.2869012951850891
z_degree_to_cn_residual,1,test-230,0.5634751272888399,0.2052796334028244
z_degree_to_cn_residual,1,test-231,-0.34185746108770393,0.40057045221328735
z_degree_to_cn_residual,1,test-232,0.5836835270942388,0.23651723563671112
z_degree_to_cn_residual,1,test-233,-0.0017051669314512175,-0.039289191365242004
z_degree_to_cn_residual,1,test-234,-0.3664462099481818,0.06790952384471893
z_degree_to_cn_residual,1,test-235,0.5963176677780939,0.10791639983654022
z_degree_to_cn_residual,1,test-236,-0.09507910900607243,0.09741000831127167
z_degree_to_cn_residual,1,test-237,-0.09993231907971788,0.15283159911632538
z_degree_to_cn_residual,1,test-238,1.1098178970570212,0.05979470908641815
z_degree_to_cn_residual,1,test-239,0.09689341725340761,0.132677361369133
z_degree_to_cn_residual,1,test-240,-0.0025667768776077267,0.04745130240917206
z_degree_to_cn_residual,1,test-241,-0.003920084665472663,0.04305104911327362
z_degree_to_cn_residual,1,test-242,1.0035331796620373,0.09741000831127167
z_degree_to_cn_residual,1,test-243,0.629186265886127,0.2869012951850891
z_degree_to_cn_residual,1,test-244,-0.09993231907971788,0.15283159911632538
z_degree_to_cn_residual,1,test-245,0.5980680715538729,0.2633712887763977
z_degree_to_cn_residual,1,test-246,-0.6011019660483662,0.1964765042066574
z_degree_to_cn_residual,1,test-247,-0.0025667768776077267,0.1089208573102951
z_degree_to_cn_residual,1,test-248,-0.40617432960244304,0.3577631115913391
z_degree_to_cn_residual,1,test-249,-0.32077300936225667,0.13358621299266815
z_degree_to_cn_residual,1,test-250,-0.0017051669314512175,0.03470639884471893
z_degree_to_cn_residual,1,test-251,0.027598705190133088,0.10822419822216034
z_degree_to_cn_residual,1,test-252,-0.31951830065715553,0.28745752573013306
z_degree_to_cn_residual,1,test-253,-0.09507910900607243,0.2633712887763977
z_degree_to_cn_residual,1,test-254,-0.006401163194461921,0.11809496581554413
z_degree_to_cn_residual,1,test-255,-0.2608500763576425,0.23012451827526093
z_degree_to_cn_residual,1,test-256,-0.002483473901375505,-0.002521231770515442
z_degree_to_cn_residual,1,test-257,0.16442497939224665,-0.05368061363697052
z_degree_to_cn_residual,1,test-258,0.8561659193103136,0.3142896294593811
z_degree_to_cn_residual,1,test-259,-0.002709528290634796,0.07120995223522186
z_degree_to_cn_residual,1,test-260,-0.001592483837966117,0.02243642508983612
z_degree_to_cn_residual,1,test-261,0.42920014516401445,0.14129476249217987
z_degree_to_cn_residual,1,test-262,0.9125892511224669,0.22770576179027557
z_degree_to_cn_residual,1,test-263,-0.18602303754564287,0.22770576179027557
z_degree_to_cn_residual,1,test-264,-0.32690411934740055,0.08850698173046112
z_degree_to_cn_residual,1,test-265,-0.4564122585269044,0.10673432052135468
z_degree_to_cn_residual,1,test-266,0.6905804036823375,0.1089208573102951
z_degree_to_cn_residual,1,test-267,0.6904677205888524,0.10258083045482635
z_degree_to_cn_residual,1,test-268,-0.09507910900607243,0.2633712887763977
z_degree_to_cn_residual,1,test-269,0.5380768797364144,-0.1794242411851883
z_degree_to_cn_residual,1,test-270,-0.0025667768776077267,0.1089208573102951
z_degree_to_cn_residual,1,test-271,0.9986799695883919,0.15283159911632538
z_degree_to_cn_residual,1,test-272,0.26383524768033195,0.1069977730512619
z_degree_to_cn_residual,1,test-273,0.4676238340609221,0.29269152879714966
z_degree_to_cn_residual,1,test-274,0.5333369283305339,0.38517647981643677
z_degree_to_cn_residual,1,test-275,-0.09507910900607243,0.2633712887763977
z_degree_to_cn_residual,1,test-276,-0.0022128532902202114,0.029990479350090027
z_degree_to_cn_residual,1,test-277,-0.295747045488935,-0.07498855888843536
z_degree_to_cn_residual,1,test-278,0.4322971042023028,0.22346000373363495
z_degree_to_cn_residual,1,test-279,0.5166121141836355,0.11089520156383514
z_degree_to_cn_residual,1,test-280,-0.006401163194461921,0.11809496581554413
z_degree_to_cn_residual,1,test-281,1.0243407771859079,0.17771892249584198
z_degree_to_cn_residual,1,test-282,-0.005713782933315264,-0.03832979500293732
z_degree_to_cn_residual,1,test-283,-0.18602303754564287,0.22770576179027557
z_degree_to_cn_residual,1,test-284,-0.0017051669314512175,-0.06616564095020294
z_degree_to_cn_residual,1,test-285,-0.09507910900607243,0.2633712887763977
z_degree_to_cn_residual,1,test-286,1.3462860490699626,-0.13369913399219513
z_degree_to_cn_residual,1,test-287,-0.09993231907971788,0.15283159911632538
z_degree_to_cn_residual,1,test-288,0.5553068786375152,0.21272461116313934
z_degree_to_cn_residual,1,test-289,0.2249532936470302,0.021154209971427917
z_degree_to_cn_residual,1,test-290,0.5980680715538729,0.09741000831127167
z_degree_to_cn_residual,1,test-291,0.5481549764268495,-0.09099335968494415
z_degree_to_cn_residual,1,test-292,-0.8168566785177598,-0.08286507427692413
z_degree_to_cn_residual,1,test-293,0.33133944436357726,0.22095875442028046
z_degree_to_cn_residual,1,test-294,0.629186265886127,0.2869012951850891
z_degree_to_cn_residual,1,test-295,0.6906105992764492,0.23764972388744354
z_degree_to_cn_residual,1,test-296,-0.0013809592565058647,-0.061480239033699036
z_degree_to_cn_residual,1,test-297,-0.0022128532902202114,0.029990479350090027
z_degree_to_cn_residual,1,test-298,0.6906637066585698,0.33843499422073364
z_degree_to_cn_residual,1,test-299,-0.22552334649902314,0.29269152879714966
z_degree_to_cn_residual,1,test-300,0.5071241430143024,0.22770576179027557
z_degree_to_cn_residual,1,test-301,-0.0017051669314512175,-0.06616564095020294
z_degree_to_cn_residual,1,test-302,0.6188756690777434,0.17771892249584198
z_degree_to_cn_residual,1,test-303,-0.002679459971092827,0.10258083045482635
z_degree_to_cn_residual,1,test-304,-0.3011881021227526,0.3403492569923401
z_degree_to_cn_residual,1,test-305,0.3974001350710103,-0.07498855888843536
z_degree_to_cn_residual,1,test-306,0.5966030812834874,-0.139811709523201
z_degree_to_cn_residual,1,test-307,-0.002679459971092827,0.10258083045482635
z_degree_to_cn_residual,1,test-308,0.6904677205888524,0.10258083045482635
z_degree_to_cn_residual,1,test-309,0.511973246478933,0.18183533847332
z_degree_to_cn_residual,1,test-310,-0.06396091467381823,0.2869012951850891
z_degree_to_cn_residual,1,test-311,0.8880287062152161,0.02059440314769745
z_degree_to_cn_residual,1,test-312,0.000550437072462336,-0.013355925679206848
z_degree_to_cn_residual,1,test-313,0.4185007999394532,0.16630201041698456
z_degree_to_cn_residual,1,test-314,0.12442211904305411,0.2377198189496994
z_degree_to_cn_residual,1,test-315,-0.0009230486758283437,-0.007193282246589661
z_degree_to_cn_residual,1,test-316,0.5980680715538729,0.09741000831127167
z_degree_to_cn_residual,1,test-317,0.6253649081462749,0.03516201674938202
z_degree_to_cn_residual,1,test-318,-0.295747045488935,-0.07498855888843536
z_degree_to_cn_residual,1,test-319,0.4185007999394532,0.16630201041698456
z_degree_to_cn_residual,1,test-320,-0.15981025222941134,0.38517647981643677
z_degree_to_cn_residual,1,test-321,-0.09993231907971788,0.15283159911632538
z_degree_to_cn_residual,1,test-322,0.5071241430143024,0.22770576179027557
z_degree_to_cn_residual,1,test-323,-0.0025667768776077267,0.04745130240917206
z_degree_to_cn_residual,1,test-324,-0.07427151148220186,0.17771892249584198
z_degree_to_cn_residual,1,test-325,0.5333369283305339,0.38517647981643677
z_degree_to_cn_residual,1,test-326,-0.002709528290634796,-0.01606316864490509
z_degree_to_cn_residual,1,test-327,-0.12967205327110548,0.2052796334028244
z_degree_to_cn_residual,1,test-328,-0.4092811700187469,0.1401834934949875
z_degree_to_cn_residual,1,test-329,-0.0017051669314512175,-0.06616564095020294
z_degree_to_cn_residual,1,test-330,1.0184465975528079,0.22298698127269745
z_degree_to_cn_residual,1,test-331,-0.2930939733738713,0.15394000709056854
z_degree_to_cn_residual,1,test-332,-0.007796294345678415,0.07022790610790253
z_degree_to_cn_residual,1,test-333,-0.006236131996241855,0.07550935447216034
z_degree_to_cn_residual,1,test-334,-0.003920084665472663,0.04305104911327362
z_degree_to_cn_residual,1,test-335,1.108891999074218,0.13407902419567108
z_degree_to_cn_residual,1,test-336,-0.09507910900607243,0.2633712887763977
z_degree_to_cn_residual,1,test-337,0.5932148614802274,0.15283159911632538
z_degree_to_cn_residual,1,test-338,0.6188756690777434,0.17771892249584198
z_degree_to_cn_residual,1,test-339,0.5333369283305339,0.38517647981643677
z_degree_to_cn_residual,1,test-340,0.9300387057397879,0.2769179940223694
z_degree_to_cn_residual,1,test-341,0.48095292356538616,0.2593684792518616
z_degree_to_cn_residual,1,test-342,-0.07427151148220186,0.17771892249584198
z_degree_to_cn_residual,1,test-343,-0.43015367383143543,0.34605127573013306
z_degree_to_cn_residual,1,test-344,-0.002483473901375505,0.33843499422073364
z_degree_to_cn_residual,1,test-345,0.5963176677780939,0.10791639983654022
z_degree_to_cn_residual,1,test-346,0.6188756690777434,0.17771892249584198
z_degree_to_cn_residual,1,test-347,0.6188756690777434,0.17771892249584198
z_degree_to_cn_residual,1,test-348,0.6188756690777434,0.17771892249584198
z_degree_to_cn_residual,1,test-349,-0.26394703539593084,0.14129476249217987
z_degree_to_cn_residual,1,test-350,-0.006236131996241855,0.07550935447216034
z_degree_to_cn_residual,1,test-351,-0.22552334649902314,0.29269152879714966
z_degree_to_cn_residual,1,test-352,-0.002483473901375505,0.33843499422073364
z_degree_to_cn_residual,1,test-353,0.6730018624542556,0.10981683433055878
z_degree_to_cn_residual,1,test-354,-0.17162295933884167,0.22697047889232635
z_degree_to_cn_residual,1,test-355,-0.5908559921618184,0.06310372054576874
z_degree_to_cn_residual,1,test-356,-0.0025667768776077267,0.04745130240917206
z_degree_to_cn_residual,1,test-357,-0.0025667768776077267,0.1089208573102951
z_degree_to_cn_residual,1,test-358,-0.0025667768776077267,0.1089208573102951
z_degree_to_cn_residual,1,test-359,-0.02637982311895648,-0.04334993660449982
z_degree_to_cn_residual,1,test-360,-0.1378403019224301,0.21272461116313934
z_degree_to_cn_residual,1,test-361,0.4185007999394532,0.16630201041698456
z_degree_to_cn_residual,1,test-362,-0.31852856519640793,0.20601873099803925
z_degree_to_cn_residual,1,test-363,0.26383524768033195,0.1069977730512619
z_degree_to_cn_residual,1,test-364,-0.06396091467381823,0.2869012951850891
z_degree_to_cn_residual,1,test-365,-0.18602303754564287,0.22770576179027557
z_degree_to_cn_residual,1,test-366,-0.0017051669314512175,0.03470639884471893
z_degree_to_cn_residual,1,test-367,-0.5962537633065377,0.132677361369133
z_degree_to_cn_residual,1,test-368,1.0444369000321867,0.40057045221328735
z_degree_to_cn_residual,1,test-369,-0.002483473901375505,-0.002521231770515442
z_degree_to_cn_residual,1,test-370,0.6867460173654834,0.11809496581554413
z_degree_to_cn_residual,1,test-371,-0.0017051669314512175,-0.06616564095020294
z_degree_to_cn_residual,1,test-372,0.6188756690777434,0.17771892249584198
z_degree_to_cn_residual,1,test-373,-0.31951830065715553,0.28745752573013306
z_degree_to_cn_residual,1,test-374,0.5333369283305339,0.38517647981643677
z_degree_to_cn_residual,1,test-375,0.5980680715538729,0.2633712887763977
z_degree_to_cn_residual,1,test-376,0.0920452145115791,0.1964765042066574
z_degree_to_cn_residual,1,test-377,-0.003920084665472663,0.04305104911327362
z_degree_to_cn_residual,1,test-378,-0.295747045488935,-0.07498855888843536
z_degree_to_cn_residual,1,test-379,-0.003920084665472663,0.04305104911327362
z_degree_to_cn_residual,1,test-380,0.5980680715538729,0.09741000831127167
z_degree_to_cn_residual,1,test-381,0.6906105992764492,0.23764972388744354
z_degree_to_cn_residual,1,test-382,-0.0025667768776077267,0.1089208573102951
z_degree_to_cn_residual,1,test-383,-0.0025667768776077267,0.04745130240917206
z_degree_to_cn_residual,1,test-384,-0.018078891203757413,0.172899529337883
z_degree_to_cn_residual,1,test-385,-0.0025667768776077267,0.1089208573102951
z_degree_to_cn_residual,1,test-386,-0.0025667768776077267,0.1089208573102951
z_degree_to_cn_residual,1,test-387,0.6904677205888524,0.10258083045482635
z_degree_to_cn_residual,1,test-388,0.5071241430143024,0.22770576179027557
z_degree_to_cn_residual,1,test-389,-0.002679459971092827,0.10258083045482635
z_degree_to_cn_residual,1,test-390,0.5932148614802274,0.15283159911632538
z_degree_to_cn_residual,1,test-391,0.5071241430143024,0.22770576179027557
z_degree_to_cn_residual,1,test-392,-0.002483473901375505,-0.002521231770515442
z_degree_to_cn_residual,1,test-393,-0.0017051669314512175,0.03470639884471893
z_degree_to_cn_residual,1,test-394,-0.002536581283496064,0.23764972388744354
z_degree_to_cn_residual,1,test-395,0.5634751272888399,-0.08468170464038849
z_degree_to_cn_residual,1,test-396,-0.0025667768776077267,0.1089208573102951
z_degree_to_cn_residual,1,test-397,-0.011174017424812204,-0.003945067524909973
z_degree_to_cn_residual,1,test-398,-0.003920084665472663,0.04305104911327362
z_degree_to_cn_residual,1,test-399,-0.18602303754564287,0.22770576179027557
z_degree_to_cn_residual,1,test-400,0.6904677205888524,0.10258083045482635
z_degree_to_cn_residual,1,test-401,0.6904677205888524,0.10258083045482635
z_degree_to_cn_residual,1,test-402,0.5963176677780939,0.10791639983654022
z_degree_to_cn_residual,1,test-403,-0.00961734087375331,-0.17523355782032013
z_degree_to_cn_residual,1,test-404,0.18103728275552644,0.2592697739601135
z_degree_to_cn_residual,1,test-405,-0.0017051669314512175,-0.039289191365242004
z_degree_to_cn_residual,1,test-406,-0.26394703539593084,0.14129476249217987
z_degree_to_cn_residual,1,test-407,0.6906637066585698,0.33843499422073364
z_degree_to_cn_residual,1,test-408,-0.006236131996241855,0.07550935447216034
z_degree_to_cn_residual,1,test-409,0.6750682893561879,0.172899529337883
z_degree_to_cn_residual,1,test-410,-0.0025667768776077267,0.04745130240917206
z_degree_to_cn_residual,1,test-411,-0.3678477635670827,0.22298698127269745
z_degree_to_cn_residual,1,test-412,1.0035331796620373,0.09741000831127167
z_degree_to_cn_residual,1,test-413,0.3974001350710103,-0.07498855888843536
z_degree_to_cn_residual,1,test-414,0.14484892926646498,-0.10209818184375763
z_degree_to_cn_residual,1,test-415,0.6904376522693105,0.10249786078929901
z_degree_to_cn_residual,1,test-416,0.42920014516401445,0.14129476249217987
z_degree_to_cn_residual,1,test-417,-0.002709528290634796,-0.01606316864490509
z_degree_to_cn_residual,1,test-418,-0.18602303754564287,0.22770576179027557
z_degree_to_cn_residual,1,test-419,0.42920014516401445,0.14129476249217987
z_degree_to_cn_residual,1,test-420,-0.10534341095846705,0.35636836290359497
z_degree_to_cn_residual,1,test-421,-0.34185746108770393,0.40057045221328735
z_degree_to_cn_residual,1,test-422,0.5980680715538729,0.09741000831127167
z_degree_to_cn_residual,1,test-423,-0.002679459971092827,0.10258083045482635
z_degree_to_cn_residual,1,test-424,0.6924563057315964,0.05619530379772186
z_degree_to_cn_residual,1,test-425,-0.0009230486758283437,-0.007193282246589661
z_degree_to_cn_residual,1,test-426,1.2002713235742477,0.22770576179027557
z_degree_to_cn_residual,1,test-427,-0.06396091467381823,0.2869012951850891
z_degree_to_cn_residual,1,test-428,0.6906637066585698,0.33843499422073364
z_degree_to_cn_residual,1,test-429,-0.12967205327110548,0.2052796334028244
z_degree_to_cn_residual,1,test-430,0.002865332104051953,0.05070523917675018
z_degree_to_cn_residual,1,test-431,-0.002679459971092827,0.10258083045482635
z_degree_to_cn_residual,1,test-432,-0.07427151148220186,0.17771892249584198
z_degree_to_cn_residual,1,test-433,0.33133944436357726,0.22095875442028046
z_degree_to_cn_residual,1,test-434,0.5980680715538729,0.2633712887763977
z_degree_to_cn_residual,1,test-435,0.6892270958944726,0.04305104911327362
z_degree_to_cn_residual,1,test-436,0.027598705190133088,0.10822419822216034
z_degree_to_cn_residual,1,test-437,0.6288411122804236,-0.06011171638965607
z_degree_to_cn_residual,1,test-438,-0.1278380797400702,0.16094045341014862
z_degree_to_cn_residual,1,test-439,-0.0025667768776077267,0.1089208573102951
z_degree_to_cn_residual,1,test-440,0.9007472632761859,0.2634046673774719
z_degree_to_cn_residual,1,test-441,0.09689341725340761,0.132677361369133
z_degree_to_cn_residual,1,test-442,0.9986799695883919,0.15283159911632538
z_degree_to_cn_residual,1,test-443,1.0035331796620373,0.2633712887763977
z_degree_to_cn_residual,1,test-444,-0.001592483837966117,0.02243642508983612
z_degree_to_cn_residual,1,test-445,1.2002713235742477,0.22770576179027557
z_degree_to_cn_residual,1,test-446,0.9388020364386984,0.38517647981643677
z_degree_to_cn_residual,1,test-447,0.9125892511224669,0.22770576179027557
z_degree_to_cn_residual,1,test-448,-0.0017051669314512175,-0.039289191365242004
z_degree_to_cn_residual,1,test-449,0.6906637066585698,0.33843499422073364
z_degree_to_cn_residual,1,test-450,0.6188756690777434,0.17771892249584198
z_degree_to_cn_residual,1,test-451,-0.6219808875579942,-0.024537280201911926
z_degree_to_cn_residual,1,test-452,-0.32077300936225667,0.13358621299266815
z_degree_to_cn_residual,1,test-453,0.7307645251010271,0.22298698127269745
z_degree_to_cn_residual,1,test-454,-0.09507910900607243,0.2633712887763977
z_degree_to_cn_residual,1,test-455,0.6930446040093127,0.07646207511425018
z_degree_to_cn_residual,1,test-456,-0.06430606827952172,-0.06011171638965607
z_degree_to_cn_residual,1,test-457,-0.0025667768776077267,0.04745130240917206
z_degree_to_cn_residual,1,test-458,-0.15981025222941134,0.38517647981643677
z_degree_to_cn_residual,1,test-459,0.5634751272888399,0.2052796334028244
z_degree_to_cn_residual,1,test-460,0.9125892511224669,0.22770576179027557
z_degree_to_cn_residual,1,test-461,0.5932148614802274,0.15283159911632538
z_degree_to_cn_residual,1,test-462,-0.0022128532902202114,0.0485413521528244
z_degree_to_cn_residual,1,test-463,0.6905804036823375,0.1089208573102951
z_degree_to_cn_residual,1,test-464,0.6924563057315964,0.05619530379772186
z_degree_to_cn_residual,1,test-465,-0.0022128532902202114,0.0485413521528244
z_degree_to_cn_residual,1,test-466,0.42920014516401445,0.14129476249217987
z_degree_to_cn_residual,1,test-467,0.5023585253615721,0.132677361369133
z_degree_to_cn_residual,1,test-468,-0.18602303754564287,0.22770576179027557
z_degree_to_cn_residual,1,test-469,-0.09993231907971788,0.15283159911632538
z_degree_to_cn_residual,1,test-470,-0.001592483837966117,0.02243642508983612
z_degree_to_cn_residual,1,test-471,0.42920014516401445,0.14129476249217987
z_degree_to_cn_residual,1,test-472,-0.002536581283496064,0.23764972388744354
z_degree_to_cn_residual,1,test-473,0.3907357061859718,0.5689433217048645
z_degree_to_cn_residual,1,test-474,0.18103728275552644,0.2592697739601135
z_degree_to_cn_residual,1,test-475,0.629186265886127,0.2869012951850891
z_degree_to_cn_residual,1,test-476,-0.002679459971092827,0.10258083045482635
z_degree_to_cn_residual,1,test-477,-0.09507910900607243,0.09741000831127167
z_degree_to_cn_residual,1,test-478,0.5963176677780939,0.10791639983654022
z_degree_to_cn_residual,1,test-479,0.5071241430143024,0.22770576179027557
z_degree_to_cn_residual,1,test-480,0.7232900511466166,0.1413683146238327
z_degree_to_cn_residual,1,test-481,-0.003920084665472663,0.04305104911327362
z_degree_to_cn_residual,1,test-482,0.5634751272888399,-0.08468170464038849
z_degree_to_cn_residual,1,test-483,0.4676238340609221,0.29269152879714966
z_degree_to_cn_residual,1,test-484,-0.002679459971092827,0.10258083045482635
z_degree_to_cn_residual,1,test-485,-0.295747045488935,-0.07498855888843536
z_degree_to_cn_residual,1,test-486,-0.0017051669314512175,0.03470639884471893
z_degree_to_cn_residual,1,test-487,-0.21403955770147523,0.18432025611400604
z_degree_to_cn_residual,1,test-488,-0.002679459971092827,0.10258083045482635
z_degree_to_cn_residual,1,test-489,-0.002709528290634796,0.07120995223522186
z_degree_to_cn_residual,1,test-490,-0.0025667768776077267,0.04745130240917206
z_degree_to_cn_residual,1,test-491,-0.002679459971092827,0.10258083045482635
z_degree_to_cn_residual,1,test-492,0.6422000301412054,0.10673432052135468
z_degree_to_cn_residual,1,test-493,0.732166078719928,0.06790952384471893
z_degree_to_cn_residual,1,test-494,-0.002483473901375505,-0.002521231770515442
z_degree_to_cn_residual,1,test-495,-0.31852856519640793,0.20601873099803925
z_degree_to_cn_residual,1,test-496,-0.0025667768776077267,0.1089208573102951
z_degree_to_cn_residual,1,test-497,0.6917662213034395,-0.061480239033699036
z_degree_to_cn_residual,1,test-498,-0.003920084665472663,0.04305104911327362
z_degree_to_cn_residual,1,test-499,-0.530128441809577,0.3142896294593811
z_degree_to_cn_residual,1,test-500,-0.3024114743739735,0.5689433217048645
z_degree_to_cn_residual,1,test-501,0.6960125126639972,0.05070523917675018
z_degree_to_cn_residual,1,test-502,0.3974001350710103,-0.07498855888843536
z_degree_to_cn_residual,1,test-503,-0.4555583161639697,0.31626254320144653
z_degree_to_cn_residual,1,test-504,-0.4681938869129151,0.021154209971427917
z_degree_to_cn_residual,1,test-505,0.629186265886127,0.2869012951850891
z_degree_to_cn_residual,1,test-506,-0.4092811700187469,0.1401834934949875
z_degree_to_cn_residual,1,test-507,-0.006401163194461921,0.11809496581554413
z_degree_to_cn_residual,1,test-508,-0.7439778312008087,0.24032072722911835
z_degree_to_cn_residual,1,test-509,0.400053207186074,0.15394000709056854
z_degree_to_cn_residual,1,test-510,0.9297295237162035,0.03087155520915985
z_degree_to_cn_residual,1,test-511,-0.06430606827952172,-0.06011171638965607
z_degree_to_degree,1,test-0,4.6443908991413725,4.767637252807617
z_degree_to_degree,1,test-1,3.9889840465642745,4.260457992553711
z_degree_to_degree,1,test-2,4.584967478670571,4.859255313873291
z_degree_to_degree,1,test-3,3.1780538303479453,3.541365146636963
z_degree_to_degree,1,test-4,4.77912349311153,4.905285358428955
z_degree_to_degree,1,test-5,3.8066624897703196,3.9856910705566406
z_degree_to_degree,1,test-6,5.966146739123692,6.21134614944458
z_degree_to_degree,1,test-7,3.6635616461296463,4.044098854064941
z_degree_to_degree,1,test-8,3.044522437723423,3.3680176734924316
z_degree_to_degree,1,test-9,3.6888794541139367,3.9315781593322754
z_degree_to_degree,1,test-10,3.401197381662155,3.690218687057495
z_degree_to_degree,1,test-11,3.9120230054281464,4.088908672332764
z_degree_to_degree,1,test-12,0.6931471805599453,1.5892438888549805
z_degree_to_degree,1,test-13,4.74493212836325,4.9525041580200195
z_degree_to_degree,1,test-14,4.0943445622221,4.645562171936035
z_degree_to_degree,1,test-15,1.791759469228055,2.3197357654571533
z_degree_to_degree,1,test-16,4.394449154672439,4.727632522583008
z_degree_to_degree,1,test-17,4.718498871295095,5.013523578643799
z_degree_to_degree,1,test-18,0.6931471805599453,1.5892438888549805
z_degree_to_degree,1,test-19,3.044522437723423,3.3680176734924316
z_degree_to_degree,1,test-20,3.1780538303479458,3.736234426498413
z_degree_to_degree,1,test-21,3.465735902799726,3.583101749420166
z_degree_to_degree,1,test-22,3.401197381662155,3.690218687057495
z_degree_to_degree,1,test-23,1.0986122886681098,1.7615184783935547
z_degree_to_degree,1,test-24,3.5553480614894135,3.7462916374206543
z_degree_to_degree,1,test-25,4.189654742026425,4.388605117797852
z_degree_to_degree,1,test-26,2.3025850929940455,2.779383420944214
z_degree_to_degree,1,test-27,3.465735902799726,3.583101749420166
z_degree_to_degree,1,test-28,2.8903717578961645,3.1589369773864746
z_degree_to_degree,1,test-29,3.688879454113936,3.906766414642334
z_degree_to_degree,1,test-30,4.882801922586371,5.203512191772461
z_degree_to_degree,1,test-31,4.553876891600541,4.817117214202881
z_degree_to_degree,1,test-32,3.58351893845611,3.7751636505126953
z_degree_to_degree,1,test-33,3.58351893845611,4.214616775512695
z_degree_to_degree,1,test-34,3.1780538303479453,3.4451804161071777
z_degree_to_degree,1,test-35,2.772588722239781,3.159907341003418
z_degree_to_degree,1,test-36,1.3862943611198906,2.0195274353027344
z_degree_to_degree,1,test-37,2.3025850929940455,2.779383420944214
z_degree_to_degree,1,test-38,3.9889840465642745,4.580804824829102
z_degree_to_degree,1,test-39,1.791759469228055,2.3197357654571533
z_degree_to_degree,1,test-40,3.951243718581427,4.254904270172119
z_degree_to_degree,1,test-41,3.6888794541139367,3.9315781593322754
z_degree_to_degree,1,test-42,6.040254711277414,6.401364803314209
z_degree_to_degree,1,test-43,2.4849066497880004,2.9176390171051025
z_degree_to_degree,1,test-44,3.1780538303479453,3.4451804161071777
z_degree_to_degree,1,test-45,0.6931471805599453,1.5892438888549805
z_degree_to_degree,1,test-46,4.941642422609304,5.174748420715332
z_degree_to_degree,1,test-47,0.0,1.230855941772461
z_degree_to_degree,1,test-48,2.8903717578961645,3.1589369773864746
z_degree_to_degree,1,test-49,6.040254711277414,6.401364803314209
z_degree_to_degree,1,test-50,3.332204510175204,3.600210666656494
z_degree_to_degree,1,test-51,2.995732273553991,3.424254894256592
z_degree_to_degree,1,test-52,6.327936783729195,6.6146769523620605
z_degree_to_degree,1,test-53,2.8903717578961645,3.1589369773864746
z_degree_to_degree,1,test-54,2.6390573296152584,2.9965932369232178
z_degree_to_degree,1,test-55,4.927253685157204,5.140707492828369
z_degree_to_degree,1,test-56,2.70805020110221,3.1227216720581055
z_degree_to_degree,1,test-57,5.272999558563747,5.57053279876709
z_degree_to_degree,1,test-58,3.9889840465642745,4.17647647857666
z_degree_to_degree,1,test-59,2.0794415416798357,2.7602524757385254
z_degree_to_degree,1,test-60,4.7535901911063645,4.930910110473633
z_degree_to_degree,1,test-61,2.1972245773362196,2.757800579071045
z_degree_to_degree,1,test-62,2.3978952727983707,3.007814407348633
z_degree_to_degree,1,test-63,1.3862943611198906,2.0195274353027344
z_degree_to_degree,1,test-64,3.58351893845611,3.981092929840088
z_degree_to_degree,1,test-65,2.8903717578961645,3.1589369773864746
z_degree_to_degree,1,test-66,2.4849066497880004,3.06911039352417
z_degree_to_degree,1,test-67,2.4849066497880004,3.06911039352417
z_degree_to_degree,1,test-68,4.90527477843843,5.1255717277526855
z_degree_to_degree,1,test-69,3.2188758248682006,3.6214332580566406
z_degree_to_degree,1,test-70,2.995732273553991,3.424254894256592
z_degree_to_degree,1,test-71,4.0943445622221,4.395212650299072
z_degree_to_degree,1,test-72,1.791759469228055,2.3197357654571533
z_degree_to_degree,1,test-73,3.951243718581427,4.254904270172119
z_degree_to_degree,1,test-74,2.70805020110221,3.1227216720581055
z_degree_to_degree,1,test-75,3.044522437723423,3.3680176734924316
z_degree_to_degree,1,test-76,1.0986122886681098,1.7615184783935547
z_degree_to_degree,1,test-77,3.044522437723423,3.3680176734924316
z_degree_to_degree,1,test-78,1.3862943611198906,2.0832982063293457
z_degree_to_degree,1,test-79,1.791759469228055,2.3197357654571533
z_degree_to_degree,1,test-80,3.688879454113936,3.906766414642334
z_degree_to_degree,1,test-81,3.58351893845611,3.9102940559387207
z_degree_to_degree,1,test-82,3.465735902799726,3.583101749420166
z_degree_to_degree,1,test-83,4.025351690735149,4.602197647094727
z_degree_to_degree,1,test-84,4.718498871295094,4.880533218383789
z_degree_to_degree,1,test-85,3.9889840465642745,4.260457992553711
z_degree_to_degree,1,test-86,3.332204510175204,3.600210666656494
z_degree_to_degree,1,test-87,2.70805020110221,3.1227216720581055
z_degree_to_degree,1,test-88,2.6390573296152584,2.9965932369232178
z_degree_to_degree,1,test-89,3.332204510175204,3.600210666656494
z_degree_to_degree,1,test-90,2.4849066497880004,2.9176390171051025
z_degree_to_degree,1,test-91,2.0794415416798357,2.7602524757385254
z_degree_to_degree,1,test-92,3.1780538303479453,3.541365146636963
z_degree_to_degree,1,test-93,5.272999558563747,5.57053279876709
z_degree_to_degree,1,test-94,2.4849066497880004,2.9176390171051025
z_degree_to_degree,1,test-95,3.401197381662156,3.7299556732177734
z_degree_to_degree,1,test-96,7.50659178007084,7.491076469421387
z_degree_to_degree,1,test-97,4.465908118654584,4.756965637207031
z_degree_to_degree,1,test-98,2.3025850929940455,2.779383420944214
z_degree_to_degree,1,test-99,2.70805020110221,3.1227216720581055
z_degree_to_degree,1,test-100,3.58351893845611,3.9102940559387207
z_degree_to_degree,1,test-101,2.70805020110221,3.1227216720581055
z_degree_to_degree,1,test-102,4.02535169073515,4.747155666351318
z_degree_to_degree,1,test-103,2.772588722239781,3.159907341003418
z_degree_to_degree,1,test-104,2.1972245773362196,2.6144187450408936
z_degree_to_degree,1,test-105,1.0986122886681098,1.7615184783935547
z_degree_to_degree,1,test-106,3.5263605246161616,4.164986610412598
z_degree_to_degree,1,test-107,0.6931471805599453,1.5892438888549805
z_degree_to_degree,1,test-108,6.327936783729195,6.6146769523620605
z_degree_to_degree,1,test-109,3.58351893845611,3.7751636505126953
z_degree_to_degree,1,test-110,2.0794415416798357,2.7602524757385254
z_degree_to_degree,1,test-111,2.8903717578961645,3.7897706031799316
z_degree_to_degree,1,test-112,5.0106352940962555,5.253489971160889
z_degree_to_degree,1,test-113,3.688879454113936,3.906766414642334
z_degree_to_degree,1,test-114,1.3862943611198906,2.0832982063293457
z_degree_to_degree,1,test-115,1.3862943611198906,2.0195274353027344
z_degree_to_degree,1,test-116,7.3395376954076745,7.461818218231201
z_degree_to_degree,1,test-117,4.304065093204169,4.624637603759766
z_degree_to_degree,1,test-118,3.2188758248682006,3.6214332580566406
z_degree_to_degree,1,test-119,6.733401891837358,7.048086166381836
z_degree_to_degree,1,test-120,2.4849066497880004,2.9176390171051025
z_degree_to_degree,1,test-121,2.995732273553991,3.424254894256592
z_degree_to_degree,1,test-122,3.58351893845611,3.9102940559387207
z_degree_to_degree,1,test-123,1.791759469228055,2.3197357654571533
z_degree_to_degree,1,test-124,2.6390573296152584,2.9965932369232178
z_degree_to_degree,1,test-125,2.1972245773362196,2.6144187450408936
z_degree_to_degree,1,test-126,2.4849066497880004,2.9176390171051025
z_degree_to_degree,1,test-127,1.791759469228055,2.3197357654571533
z_degree_to_degree,1,test-128,3.6635616461296463,4.044098854064941
z_degree_to_degree,1,test-129,2.5649493574615367,3.291752815246582
z_degree_to_degree,1,test-130,2.995732273553991,3.424254894256592
z_degree_to_degree,1,test-131,3.044522437723423,3.3680176734924316
z_degree_to_degree,1,test-132,3.688879454113936,3.906766414642334
z_degree_to_degree,1,test-133,5.560681631015528,5.678720474243164
z_degree_to_degree,1,test-134,2.1972245773362196,2.6144187450408936
z_degree_to_degree,1,test-135,2.772588722239781,3.159907341003418
z_degree_to_degree,1,test-136,3.688879454113936,3.906766414642334
z_degree_to_degree,1,test-137,2.1972245773362196,2.757800579071045
z_degree_to_degree,1,test-138,4.31748811353631,4.578149318695068
z_degree_to_degree,1,test-139,1.791759469228055,2.3197357654571533
z_degree_to_degree,1,test-140,3.332204510175204,3.600210666656494
z_degree_to_degree,1,test-141,4.276666119016055,4.5154128074646
z_degree_to_degree,1,test-142,2.70805020110221,3.1227216720581055
z_degree_to_degree,1,test-143,2.0794415416798357,2.7602524757385254
z_degree_to_degree,1,test-144,2.772588722239781,3.159907341003418
z_degree_to_degree,1,test-145,4.882801922586371,5.203512191772461
z_degree_to_degree,1,test-146,3.465735902799726,3.583101749420166
z_degree_to_degree,1,test-147,3.332204510175204,3.600210666656494
z_degree_to_degree,1,test-148,6.327936783729195,6.6146769523620605
z_degree_to_degree,1,test-149,3.2188758248682006,3.6214332580566406
z_degree_to_degree,1,test-150,3.931825632724326,4.2098164558410645
z_degree_to_degree,1,test-151,3.295836866004329,3.7532548904418945
z_degree_to_degree,1,test-152,3.4011973816621555,4.003089904785156
z_degree_to_degree,1,test-153,4.0943445622221,4.331186294555664
z_degree_to_degree,1,test-154,2.0794415416798357,2.7602524757385254
z_degree_to_degree,1,test-155,2.3025850929940455,2.779383420944214
z_degree_to_degree,1,test-156,5.4116460518550396,5.654758930206299
z_degree_to_degree,1,test-157,4.564348191467836,4.793405532836914
z_degree_to_degree,1,test-158,0.0,1.230855941772461
z_degree_to_degree,1,test-159,2.70805020110221,3.1227216720581055
z_degree_to_degree,1,test-160,2.9444389791664403,3.8480520248413086
z_degree_to_degree,1,test-161,1.3862943611198906,2.0832982063293457
z_degree_to_degree,1,test-162,2.8903717578961645,3.1589369773864746
z_degree_to_degree,1,test-163,1.791759469228055,2.3197357654571533
z_degree_to_degree,1,test-164,5.560681631015528,5.678720474243164
z_degree_to_degree,1,test-165,1.0986122886681098,1.7615184783935547
z_degree_to_degree,1,test-166,3.5553480614894135,3.7462916374206543
z_degree_to_degree,1,test-167,4.499809670330265,4.680716514587402
z_degree_to_degree,1,test-168,3.5553480614894135,3.7462916374206543
z_degree_to_degree,1,test-169,1.791759469228055,2.3197357654571533
z_degree_to_degree,1,test-170,2.0794415416798357,2.7602524757385254
z_degree_to_degree,1,test-171,5.288267030694535,5.586237907409668
z_degree_to_degree,1,test-172,1.3862943611198906,2.0832982063293457
z_degree_to_degree,1,test-173,2.4849066497880004,2.9176390171051025
z_degree_to_degree,1,test-174,3.9120230054281464,4.088908672332764
z_degree_to_degree,1,test-175,4.499809670330265,4.680716514587402
z_degree_to_degree,1,test-176,4.867534450455582,5.186528205871582
z_degree_to_degree,1,test-177,4.718498871295095,5.013523578643799
z_degree_to_degree,1,test-178,3.465735902799726,3.583101749420166
z_degree_to_degree,1,test-179,1.3862943611198906,2.0832982063293457
z_degree_to_degree,1,test-180,3.58351893845611,4.214616775512695
z_degree_to_degree,1,test-181,3.58351893845611,3.7751636505126953
z_degree_to_degree,1,test-182,3.465735902799726,3.583101749420166
z_degree_to_degree,1,test-183,0.0,1.230855941772461
z_degree_to_degree,1,test-184,7.24422751560335,7.450796604156494
z_degree_to_degree,1,test-185,3.332204510175204,3.600210666656494
z_degree_to_degree,1,test-186,3.401197381662155,3.690218687057495
z_degree_to_degree,1,test-187,3.332204510175204,3.600210666656494
z_degree_to_degree,1,test-188,2.4849066497880004,2.9176390171051025
z_degree_to_degree,1,test-189,2.1972245773362196,2.6144187450408936
z_degree_to_degree,1,test-190,2.70805020110221,3.1227216720581055
z_degree_to_degree,1,test-191,2.0794415416798357,2.7602524757385254
z_degree_to_degree,1,test-192,3.044522437723423,3.3680176734924316
z_degree_to_degree,1,test-193,2.995732273553991,3.424254894256592
z_degree_to_degree,1,test-194,3.58351893845611,4.214616775512695
z_degree_to_degree,1,test-195,4.90527477843843,5.1255717277526855
z_degree_to_degree,1,test-196,4.5217885770490405,4.610170364379883
z_degree_to_degree,1,test-197,2.4849066497880004,2.9176390171051025
z_degree_to_degree,1,test-198,4.709530201312334,4.85673713684082
z_degree_to_degree,1,test-199,1.0986122886681098,1.7615184783935547
z_degree_to_degree,1,test-200,1.0986122886681098,1.7615184783935547
z_degree_to_degree,1,test-201,1.0986122886681098,1.7615184783935547
z_degree_to_degree,1,test-202,3.044522437723423,3.3680176734924316
z_degree_to_degree,1,test-203,2.4849066497880004,2.9176390171051025
z_degree_to_degree,1,test-204,2.6390573296152584,2.9965932369232178
z_degree_to_degree,1,test-205,2.1972245773362196,2.6144187450408936
z_degree_to_degree,1,test-206,3.58351893845611,3.7751636505126953
z_degree_to_degree,1,test-207,4.2484952420493585,4.487610340118408
z_degree_to_degree,1,test-208,4.0943445622221,4.395212650299072
z_degree_to_degree,1,test-209,4.836281906951478,5.082130432128906
z_degree_to_degree,1,test-210,4.976733742420574,5.2229413986206055
z_degree_to_degree,1,test-211,3.044522437723423,3.3680176734924316
z_degree_to_degree,1,test-212,4.499809670330265,4.768575191497803
z_degree_to_degree,1,test-213,1.3862943611198906,2.0195274353027344
z_degree_to_degree,1,test-214,5.560681631015528,5.678720474243164
z_degree_to_degree,1,test-215,2.0794415416798357,2.7602524757385254
z_degree_to_degree,1,test-216,0.6931471805599453,1.5892438888549805
z_degree_to_degree,1,test-217,1.791759469228055,2.3197357654571533
z_degree_to_degree,1,test-218,3.044522437723423,3.3680176734924316
z_degree_to_degree,1,test-219,3.58351893845611,3.9102940559387207
z_degree_to_degree,1,test-220,2.70805020110221,3.52162504196167
z_degree_to_degree,1,test-221,2.995732273553991,3.424254894256592
z_degree_to_degree,1,test-222,2.0794415416798357,2.7602524757385254
z_degree_to_degree,1,test-223,3.8712010109078907,4.165671348571777
z_degree_to_degree,1,test-224,0.0,1.230855941772461
z_degree_to_degree,1,test-225,3.332204510175204,3.600210666656494
z_degree_to_degree,1,test-226,2.0794415416798357,2.7602524757385254
z_degree_to_degree,1,test-227,2.772588722239781,3.159907341003418
z_degree_to_degree,1,test-228,1.791759469228055,2.3197357654571533
z_degree_to_degree,1,test-229,2.1972245773362196,2.6144187450408936
z_degree_to_degree,1,test-230,3.401197381662156,3.7299556732177734
z_degree_to_degree,1,test-231,4.430816798843313,4.5590314865112305
z_degree_to_degree,1,test-232,4.276666119016055,4.495752334594727
z_degree_to_degree,1,test-233,1.791759469228055,2.429089069366455
z_degree_to_degree,1,test-234,3.58351893845611,3.9102940559387207
z_degree_to_degree,1,test-235,3.1780538303479453,3.541365146636963
z_degree_to_degree,1,test-236,2.8903717578961645,3.1589369773864746
z_degree_to_degree,1,test-237,3.044522437723423,3.3680176734924316
z_degree_to_degree,1,test-238,5.780743515792329,5.598355770111084
z_degree_to_degree,1,test-239,6.327936783729195,6.6146769523620605
z_degree_to_degree,1,test-240,0.6931471805599453,1.5892438888549805
z_degree_to_degree,1,test-241,2.4849066497880004,3.06911039352417
z_degree_to_degree,1,test-242,2.8903717578961645,3.1589369773864746
z_degree_to_degree,1,test-243,2.1972245773362196,2.6144187450408936
z_degree_to_degree,1,test-244,3.044522437723423,3.3680176734924316
z_degree_to_degree,1,test-245,2.70805020110221,3.1227216720581055
z_degree_to_degree,1,test-246,4.74493212836325,4.9525041580200195
z_degree_to_degree,1,test-247,1.791759469228055,2.3197357654571533
z_degree_to_degree,1,test-248,3.8066624897703196,3.9856910705566406
z_degree_to_degree,1,test-249,3.951243718581427,4.254904270172119
z_degree_to_degree,1,test-250,1.3862943611198906,2.0832982063293457
z_degree_to_degree,1,test-251,4.718498871295095,5.013523578643799
z_degree_to_degree,1,test-252,3.465735902799726,3.583101749420166
z_degree_to_degree,1,test-253,2.70805020110221,3.1227216720581055
z_degree_to_degree,1,test-254,2.6390573296152584,2.9965932369232178
z_degree_to_degree,1,test-255,5.19295685089021,5.436943054199219
z_degree_to_degree,1,test-256,0.0,1.230855941772461
z_degree_to_degree,1,test-257,5.98141421125448,6.226689338684082
z_degree_to_degree,1,test-258,3.8712010109078907,4.040555953979492
z_degree_to_degree,1,test-259,2.9957322735539913,3.5110583305358887
z_degree_to_degree,1,test-260,1.0986122886681098,1.7615184783935547
z_degree_to_degree,1,test-261,3.401197381662155,3.690218687057495
z_degree_to_degree,1,test-262,2.995732273553991,3.424254894256592
z_degree_to_degree,1,test-263,2.995732273553991,3.424254894256592
z_degree_to_degree,1,test-264,4.1588830833596715,4.447238445281982
z_degree_to_degree,1,test-265,4.31748811353631,4.578149318695068
z_degree_to_degree,1,test-266,1.791759469228055,2.3197357654571533
z_degree_to_degree,1,test-267,2.0794415416798357,2.7602524757385254
z_degree_to_degree,1,test-268,2.70805020110221,3.1227216720581055
z_degree_to_degree,1,test-269,6.476972362889683,6.6005024909973145
z_degree_to_degree,1,test-270,1.791759469228055,2.3197357654571533
z_degree_to_degree,1,test-271,3.044522437723423,3.3680176734924316
z_degree_to_degree,1,test-272,3.737669618283368,3.966536045074463
z_degree_to_degree,1,test-273,3.1780538303479453,3.4451804161071777
z_degree_to_degree,1,test-274,2.772588722239781,3.159907341003418
z_degree_to_degree,1,test-275,2.70805020110221,3.1227216720581055
z_degree_to_degree,1,test-276,2.0794415416798357,2.7016329765319824
z_degree_to_degree,1,test-277,3.332204510175204,3.600210666656494
z_degree_to_degree,1,test-278,5.220355825078324,5.466771125793457
z_degree_to_degree,1,test-279,3.6635616461296463,4.044098854064941
z_degree_to_degree,1,test-280,2.6390573296152584,2.9965932369232178
z_degree_to_degree,1,test-281,2.4849066497880004,2.9176390171051025
z_degree_to_degree,1,test-282,3.9512437185814275,4.549327850341797
z_degree_to_degree,1,test-283,2.995732273553991,3.424254894256592
z_degree_to_degree,1,test-284,1.6094379124341003,2.0800132751464844
z_degree_to_degree,1,test-285,2.70805020110221,3.1227216720581055
z_degree_to_degree,1,test-286,6.461468176353717,6.350282669067383
z_degree_to_degree,1,test-287,3.044522437723423,3.3680176734924316
z_degree_to_degree,1,test-288,3.4965075614664807,3.8503592014312744
z_degree_to_degree,1,test-289,4.499809670330265,4.778616428375244
z_degree_to_degree,1,test-290,2.8903717578961645,3.1589369773864746
z_degree_to_degree,1,test-291,5.60947179518496,5.941149711608887
z_degree_to_degree,1,test-292,5.375278407684165,5.50924825668335
z_degree_to_degree,1,test-293,3.6888794541139367,3.9315781593322754
z_degree_to_degree,1,test-294,2.1972245773362196,2.6144187450408936
z_degree_to_degree,1,test-295,2.3025850929940455,2.779383420944214
z_degree_to_degree,1,test-296,3.7376696182833684,4.426026344299316
z_degree_to_degree,1,test-297,2.0794415416798357,2.7016329765319824
z_degree_to_degree,1,test-298,1.3862943611198906,2.0195274353027344
z_degree_to_degree,1,test-299,3.1780538303479453,3.4451804161071777
z_degree_to_degree,1,test-300,2.995732273553991,3.424254894256592
z_degree_to_degree,1,test-301,1.6094379124341003,2.0800132751464844
z_degree_to_degree,1,test-302,2.4849066497880004,2.9176390171051025
z_degree_to_degree,1,test-303,2.0794415416798357,2.7602524757385254
z_degree_to_degree,1,test-304,4.382026634673881,4.539168834686279
z_degree_to_degree,1,test-305,3.332204510175204,3.600210666656494
z_degree_to_degree,1,test-306,5.556828061699537,5.891380786895752
z_degree_to_degree,1,test-307,2.0794415416798357,2.7602524757385254
z_degree_to_degree,1,test-308,2.0794415416798357,2.7602524757385254
z_degree_to_degree,1,test-309,3.58351893845611,3.981092929840088
z_degree_to_degree,1,test-310,2.1972245773362196,2.6144187450408936
z_degree_to_degree,1,test-311,3.8918202981106265,4.15763521194458
z_degree_to_degree,1,test-312,2.4849066497880004,3.162104606628418
z_degree_to_degree,1,test-313,6.733401891837358,7.048086166381836
z_degree_to_degree,1,test-314,4.941642422609304,5.174748420715332
z_degree_to_degree,1,test-315,1.9459101490553132,2.639791965484619
z_degree_to_degree,1,test-316,2.8903717578961645,3.1589369773864746
z_degree_to_degree,1,test-317,5.4116460518550396,5.654758930206299
z_degree_to_degree,1,test-318,3.332204510175204,3.600210666656494
z_degree_to_degree,1,test-319,6.733401891837358,7.048086166381836
z_degree_to_degree,1,test-320,2.772588722239781,3.159907341003418
z_degree_to_degree,1,test-321,3.044522437723423,3.3680176734924316
z_degree_to_degree,1,test-322,2.995732273553991,3.424254894256592
z_degree_to_degree,1,test-323,0.6931471805599453,1.5892438888549805
z_degree_to_degree,1,test-324,2.4849066497880004,2.9176390171051025
z_degree_to_degree,1,test-325,2.772588722239781,3.159907341003418
z_degree_to_degree,1,test-326,3.091042453358316,3.6741161346435547
z_degree_to_degree,1,test-327,3.401197381662156,3.7299556732177734
z_degree_to_degree,1,test-328,3.688879454113936,3.906766414642334
z_degree_to_degree,1,test-329,1.6094379124341003,2.0800132751464844
z_degree_to_degree,1,test-330,3.5553480614894135,3.7462916374206543
z_degree_to_degree,1,test-331,3.8712010109078907,4.188714027404785
z_degree_to_degree,1,test-332,2.70805020110221,3.52162504196167
z_degree_to_degree,1,test-333,2.8903717578961645,3.7897706031799316
z_degree_to_degree,1,test-334,2.4849066497880004,3.06911039352417
z_degree_to_degree,1,test-335,4.51085950651685,4.818039894104004
z_degree_to_degree,1,test-336,2.70805020110221,3.1227216720581055
z_degree_to_degree,1,test-337,3.044522437723423,3.3680176734924316
z_degree_to_degree,1,test-338,2.4849066497880004,2.9176390171051025
z_degree_to_degree,1,test-339,2.772588722239781,3.159907341003418
z_degree_to_degree,1,test-340,4.143134726391533,4.43167781829834
z_degree_to_degree,1,test-341,3.931825632724326,4.2098164558410645
z_degree_to_degree,1,test-342,2.4849066497880004,2.9176390171051025
z_degree_to_degree,1,test-343,4.787491742782047,4.970707893371582
z_degree_to_degree,1,test-344,1.3862943611198906,2.0195274353027344
z_degree_to_degree,1,test-345,3.1780538303479453,3.541365146636963
z_degree_to_degree,1,test-346,2.4849066497880004,2.9176390171051025
z_degree_to_degree,1,test-347,2.4849066497880004,2.9176390171051025
z_degree_to_degree,1,test-348,2.4849066497880004,2.9176390171051025
z_degree_to_degree,1,test-349,3.401197381662155,3.690218687057495
z_degree_to_degree,1,test-350,2.8903717578961645,3.7897706031799316
z_degree_to_degree,1,test-351,3.1780538303479453,3.4451804161071777
z_degree_to_degree,1,test-352,1.3862943611198906,2.0195274353027344
z_degree_to_degree,1,test-353,4.882801922586371,5.203512191772461
z_degree_to_degree,1,test-354,4.23410650459726,4.550324440002441
z_degree_to_degree,1,test-355,5.6937321388027,5.559642791748047
z_degree_to_degree,1,test-356,0.6931471805599453,1.5892438888549805
z_degree_to_degree,1,test-357,1.791759469228055,2.3197357654571533
z_degree_to_degree,1,test-358,1.791759469228055,2.3197357654571533
z_degree_to_degree,1,test-359,5.966146739123692,6.21134614944458
z_degree_to_degree,1,test-360,3.4965075614664807,3.8503592014312744
z_degree_to_degree,1,test-361,6.733401891837358,7.048086166381836
z_degree_to_degree,1,test-362,5.272999558563747,5.525373935699463
z_degree_to_degree,1,test-363,3.737669618283368,3.966536045074463
z_degree_to_degree,1,test-364,2.1972245773362196,2.6144187450408936
z_degree_to_degree,1,test-365,2.995732273553991,3.424254894256592
z_degree_to_degree,1,test-366,1.3862943611198906,2.0832982063293457
z_degree_to_degree,1,test-367,6.327936783729195,6.6146769523620605
z_degree_to_degree,1,test-368,4.430816798843313,4.5590314865112305
z_degree_to_degree,1,test-369,0.0,1.230855941772461
z_degree_to_degree,1,test-370,2.6390573296152584,2.9965932369232178
z_degree_to_degree,1,test-371,1.6094379124341003,2.0800132751464844
z_degree_to_degree,1,test-372,2.4849066497880004,2.9176390171051025
z_degree_to_degree,1,test-373,3.465735902799726,3.583101749420166
z_degree_to_degree,1,test-374,2.772588722239781,3.159907341003418
z_degree_to_degree,1,test-375,2.70805020110221,3.1227216720581055
z_degree_to_degree,1,test-376,4.74493212836325,4.9525041580200195
z_degree_to_degree,1,test-377,2.4849066497880004,3.06911039352417
z_degree_to_degree,1,test-378,3.332204510175204,3.600210666656494
z_degree_to_degree,1,test-379,2.4849066497880004,3.06911039352417
z_degree_to_degree,1,test-380,2.8903717578961645,3.1589369773864746
z_degree_to_degree,1,test-381,2.3025850929940455,2.779383420944214
z_degree_to_degree,1,test-382,1.791759469228055,2.3197357654571533
z_degree_to_degree,1,test-383,0.6931471805599453,1.5892438888549805
z_degree_to_degree,1,test-384,4.276666119016055,4.656116962432861
z_degree_to_degree,1,test-385,1.791759469228055,2.3197357654571533
z_degree_to_degree,1,test-386,1.791759469228055,2.3197357654571533
z_degree_to_degree,1,test-387,2.0794415416798357,2.7602524757385254
z_degree_to_degree,1,test-388,2.995732273553991,3.424254894256592
z_degree_to_degree,1,test-389,2.0794415416798357,2.7602524757385254
z_degree_to_degree,1,test-390,3.044522437723423,3.3680176734924316
z_degree_to_degree,1,test-391,2.995732273553991,3.424254894256592
z_degree_to_degree,1,test-392,0.0,1.230855941772461
z_degree_to_degree,1,test-393,1.3862943611198906,2.0832982063293457
z_degree_to_degree,1,test-394,2.3025850929940455,2.779383420944214
z_degree_to_degree,1,test-395,3.295836866004329,3.7532548904418945
z_degree_to_degree,1,test-396,1.791759469228055,2.3197357654571533
z_degree_to_degree,1,test-397,3.4011973816621555,4.003089904785156
z_degree_to_degree,1,test-398,2.4849066497880004,3.06911039352417
z_degree_to_degree,1,test-399,2.995732273553991,3.424254894256592
z_degree_to_degree,1,test-400,2.0794415416798357,2.7602524757385254
z_degree_to_degree,1,test-401,2.0794415416798357,2.7602524757385254
z_degree_to_degree,1,test-402,3.1780538303479453,3.541365146636963
z_degree_to_degree,1,test-403,3.828641396489095,4.598741054534912
z_degree_to_degree,1,test-404,4.90527477843843,5.1255717277526855
z_degree_to_degree,1,test-405,1.791759469228055,2.429089069366455
z_degree_to_degree,1,test-406,3.401197381662155,3.690218687057495
z_degree_to_degree,1,test-407,1.3862943611198906,2.0195274353027344
z_degree_to_degree,1,test-408,2.8903717578961645,3.7897706031799316
z_degree_to_degree,1,test-409,4.276666119016055,4.656116962432861
z_degree_to_degree,1,test-410,0.6931471805599453,1.5892438888549805
z_degree_to_degree,1,test-411,3.5553480614894135,3.7462916374206543
z_degree_to_degree,1,test-412,2.8903717578961645,3.1589369773864746
z_degree_to_degree,1,test-413,3.332204510175204,3.600210666656494
z_degree_to_degree,1,test-414,5.342334251964811,5.590126991271973
z_degree_to_degree,1,test-415,2.890371757896165,3.371250867843628
z_degree_to_degree,1,test-416,3.401197381662155,3.690218687057495
z_degree_to_degree,1,test-417,3.091042453358316,3.6741161346435547
z_degree_to_degree,1,test-418,2.995732273553991,3.424254894256592
z_degree_to_degree,1,test-419,3.401197381662155,3.690218687057495
z_degree_to_degree,1,test-420,4.787491742782046,4.980339050292969
z_degree_to_degree,1,test-421,4.430816798843313,4.5590314865112305
z_degree_to_degree,1,test-422,2.8903717578961645,3.1589369773864746
z_degree_to_degree,1,test-423,2.0794415416798357,2.7602524757385254
z_degree_to_degree,1,test-424,3.1780538303479458,3.736234426498413
z_degree_to_degree,1,test-425,1.9459101490553132,2.639791965484619
z_degree_to_degree,1,test-426,2.995732273553991,3.424254894256592
z_degree_to_degree,1,test-427,2.1972245773362196,2.6144187450408936
z_degree_to_degree,1,test-428,1.3862943611198906,2.0195274353027344
z_degree_to_degree,1,test-429,3.401197381662156,3.7299556732177734
z_degree_to_degree,1,test-430,3.332204510175204,3.9026052951812744
z_degree_to_degree,1,test-431,2.0794415416798357,2.7602524757385254
z_degree_to_degree,1,test-432,2.4849066497880004,2.9176390171051025
z_degree_to_degree,1,test-433,3.6888794541139367,3.9315781593322754
z_degree_to_degree,1,test-434,2.70805020110221,3.1227216720581055
z_degree_to_degree,1,test-435,2.4849066497880004,3.06911039352417
z_degree_to_degree,1,test-436,4.718498871295095,5.013523578643799
z_degree_to_degree,1,test-437,5.634789603169249,5.965269088745117
z_degree_to_degree,1,test-438,4.68213122712422,4.846280097961426
z_degree_to_degree,1,test-439,1.791759469228055,2.3197357654571533
z_degree_to_degree,1,test-440,3.9889840465642745,4.17647647857666
z_degree_to_degree,1,test-441,6.327936783729195,6.6146769523620605
z_degree_to_degree,1,test-442,3.044522437723423,3.3680176734924316
z_degree_to_degree,1,test-443,2.70805020110221,3.1227216720581055
z_degree_to_degree,1,test-444,1.0986122886681098,1.7615184783935547
z_degree_to_degree,1,test-445,2.995732273553991,3.424254894256592
z_degree_to_degree,1,test-446,2.772588722239781,3.159907341003418
z_degree_to_degree,1,test-447,2.995732273553991,3.424254894256592
z_degree_to_degree,1,test-448,1.791759469228055,2.429089069366455
z_degree_to_degree,1,test-449,1.3862943611198906,2.0195274353027344
z_degree_to_degree,1,test-450,2.4849066497880004,2.9176390171051025
z_degree_to_degree,1,test-451,7.50659178007084,7.491076469421387
z_degree_to_degree,1,test-452,3.951243718581427,4.254904270172119
z_degree_to_degree,1,test-453,3.5553480614894135,3.7462916374206543
z_degree_to_degree,1,test-454,2.70805020110221,3.1227216720581055
z_degree_to_degree,1,test-455,3.258096538021482,3.8092918395996094
z_degree_to_degree,1,test-456,5.634789603169249,5.965269088745117
z_degree_to_degree,1,test-457,0.6931471805599453,1.5892438888549805
z_degree_to_degree,1,test-458,2.772588722239781,3.159907341003418
z_degree_to_degree,1,test-459,3.401197381662156,3.7299556732177734
z_degree_to_degree,1,test-460,2.995732273553991,3.424254894256592
z_degree_to_degree,1,test-461,3.044522437723423,3.3680176734924316
z_degree_to_degree,1,test-462,2.1972245773362196,2.757800579071045
z_degree_to_degree,1,test-463,1.791759469228055,2.3197357654571533
z_degree_to_degree,1,test-464,3.1780538303479458,3.736234426498413
z_degree_to_degree,1,test-465,2.1972245773362196,2.757800579071045
z_degree_to_degree,1,test-466,3.401197381662155,3.690218687057495
z_degree_to_degree,1,test-467,6.327936783729195,6.6146769523620605
z_degree_to_degree,1,test-468,2.995732273553991,3.424254894256592
z_degree_to_degree,1,test-469,3.044522437723423,3.3680176734924316
z_degree_to_degree,1,test-470,1.0986122886681098,1.7615184783935547
z_degree_to_degree,1,test-471,3.401197381662155,3.690218687057495
z_degree_to_degree,1,test-472,2.3025850929940455,2.779383420944214
z_degree_to_degree,1,test-473,6.040254711277414,6.401364803314209
z_degree_to_degree,1,test-474,4.90527477843843,5.1255717277526855
z_degree_to_degree,1,test-475,2.1972245773362196,2.6144187450408936
z_degree_to_degree,1,test-476,2.0794415416798357,2.7602524757385254
z_degree_to_degree,1,test-477,2.8903717578961645,3.1589369773864746
z_degree_to_degree,1,test-478,3.1780538303479453,3.541365146636963
z_degree_to_degree,1,test-479,2.995732273553991,3.424254894256592
z_degree_to_degree,1,test-480,4.276666119016055,4.5154128074646
z_degree_to_degree,1,test-481,2.4849066497880004,3.06911039352417
z_degree_to_degree,1,test-482,3.295836866004329,3.7532548904418945
z_degree_to_degree,1,test-483,3.1780538303479453,3.4451804161071777
z_degree_to_degree,1,test-484,2.0794415416798357,2.7602524757385254
z_degree_to_degree,1,test-485,3.332204510175204,3.600210666656494
z_degree_to_degree,1,test-486,1.3862943611198906,2.0832982063293457
z_degree_to_degree,1,test-487,4.356708826689592,4.692647933959961
z_degree_to_degree,1,test-488,2.0794415416798357,2.7602524757385254
z_degree_to_degree,1,test-489,2.9957322735539913,3.5110583305358887
z_degree_to_degree,1,test-490,0.6931471805599453,1.5892438888549805
z_degree_to_degree,1,test-491,2.0794415416798357,2.7602524757385254
z_degree_to_degree,1,test-492,4.31748811353631,4.578149318695068
z_degree_to_degree,1,test-493,3.58351893845611,3.9102940559387207
z_degree_to_degree,1,test-494,0.0,1.230855941772461
z_degree_to_degree,1,test-495,5.272999558563747,5.525373935699463
z_degree_to_degree,1,test-496,1.791759469228055,2.3197357654571533
z_degree_to_degree,1,test-497,3.7376696182833684,4.426026344299316
z_degree_to_degree,1,test-498,2.4849066497880004,3.06911039352417
z_degree_to_degree,1,test-499,3.8712010109078907,4.040555953979492
z_degree_to_degree,1,test-500,6.040254711277414,6.401364803314209
z_degree_to_degree,1,test-501,3.332204510175204,3.9026052951812744
z_degree_to_degree,1,test-502,3.332204510175204,3.600210666656494
z_degree_to_degree,1,test-503,4.700480365792417,4.8619704246521
z_degree_to_degree,1,test-504,4.499809670330265,4.778616428375244
z_degree_to_degree,1,test-505,2.1972245773362196,2.6144187450408936
z_degree_to_degree,1,test-506,3.688879454113936,3.906766414642334
z_degree_to_degree,1,test-507,2.6390573296152584,2.9965932369232178
z_degree_to_degree,1,test-508,4.276666119016055,4.487275123596191
z_degree_to_degree,1,test-509,3.8712010109078907,4.188714027404785
z_degree_to_degree,1,test-510,4.442651256490317,4.74650764465332
z_degree_to_degree,1,test-511,5.634789603169249,5.965269088745117
z_cn_to_cn_residual,1,test-0,0.4096507501383539,0.3577262759208679
z_cn_to_cn_residual,1,test-1,-0.257133548881196,-0.14538414776325226
z_cn_to_cn_residual,1,test-2,-0.026168497301778282,0.3298605680465698
z_cn_to_cn_residual,1,test-3,-0.09682951278185134,-0.14538414776325226
z_cn_to_cn_residual,1,test-4,1.030455039917754,0.8008518815040588
z_cn_to_cn_residual,1,test-5,-0.40617432960244304,-0.14538414776325226
z_cn_to_cn_residual,1,test-6,1.072232465549153,0.9474385976791382
z_cn_to_cn_residual,1,test-7,-0.17653506637630972,-0.14538414776325226
z_cn_to_cn_residual,1,test-8,-0.09993231907971788,-0.14538414776325226
z_cn_to_cn_residual,1,test-9,-0.361807736196368,-0.14538414776325226
z_cn_to_cn_residual,1,test-10,0.834665253272179,0.6745310425758362
z_cn_to_cn_residual,1,test-11,0.6771872810461878,0.5954619646072388
z_cn_to_cn_residual,1,test-12,-0.0025667768776077267,-0.14538414776325226
z_cn_to_cn_residual,1,test-13,0.0920452145115791,0.4918896555900574
z_cn_to_cn_residual,1,test-14,0.1059855857541714,-0.14538414776325226
z_cn_to_cn_residual,1,test-15,0.6905804036823375,0.43395501375198364
z_cn_to_cn_residual,1,test-16,0.487417210290867,0.30843234062194824
z_cn_to_cn_residual,1,test-17,0.027598705190133088,-0.14538414776325226
z_cn_to_cn_residual,1,test-18,-0.0025667768776077267,-0.14538414776325226
z_cn_to_cn_residual,1,test-19,-0.09993231907971788,-0.14538414776325226
z_cn_to_cn_residual,1,test-20,-0.0006908748283487874,-0.14538414776325226
z_cn_to_cn_residual,1,test-21,0.37362887990278976,0.5138821601867676
z_cn_to_cn_residual,1,test-22,-0.26394703539593084,-0.14538414776325226
z_cn_to_cn_residual,1,test-23,-0.001592483837966117,-0.14538414776325226
z_cn_to_cn_residual,1,test-24,0.3252994169928626,0.5152221322059631
z_cn_to_cn_residual,1,test-25,-0.5320508010865779,-0.14538414776325226
z_cn_to_cn_residual,1,test-26,0.6906105992764492,0.563186526298523
z_cn_to_cn_residual,1,test-27,0.7790939880109542,0.5245562195777893
z_cn_to_cn_residual,1,test-28,0.5980680715538729,0.33975082635879517
z_cn_to_cn_residual,1,test-29,0.6893311186493629,0.6015716195106506
z_cn_to_cn_residual,1,test-30,0.6730018624542556,0.3288610577583313
z_cn_to_cn_residual,1,test-31,0.22033626837748216,0.4614267349243164
z_cn_to_cn_residual,1,test-32,-0.31403642712572494,-0.14538414776325226
z_cn_to_cn_residual,1,test-33,0.6854469961951654,0.38016360998153687
z_cn_to_cn_residual,1,test-34,-0.22552334649902314,-0.14538414776325226
z_cn_to_cn_residual,1,test-35,-0.15981025222941134,-0.14538414776325226
z_cn_to_cn_residual,1,test-36,-0.002483473901375505,-0.14538414776325226
z_cn_to_cn_residual,1,test-37,-0.002536581283496064,-0.14538414776325226
z_cn_to_cn_residual,1,test-38,0.011027840012221813,-0.14538414776325226
z_cn_to_cn_residual,1,test-39,-0.0025667768776077267,-0.14538414776325226
z_cn_to_cn_residual,1,test-40,1.0655213517576338,0.7665084004402161
z_cn_to_cn_residual,1,test-41,0.33133944436357726,0.4461199641227722
z_cn_to_cn_residual,1,test-42,0.3907357061859718,0.30124831199645996
z_cn_to_cn_residual,1,test-43,-0.07427151148220186,-0.14538414776325226
z_cn_to_cn_residual,1,test-44,1.1607710146208674,0.7799213528633118
z_cn_to_cn_residual,1,test-45,-0.0025667768776077267,-0.14538414776325226
z_cn_to_cn_residual,1,test-46,0.12442211904305411,0.30843234062194824
z_cn_to_cn_residual,1,test-47,-0.002483473901375505,-0.14538414776325226
z_cn_to_cn_residual,1,test-48,0.5980680715538729,0.2621529698371887
z_cn_to_cn_residual,1,test-49,0.3907357061859718,0.5291918516159058
z_cn_to_cn_residual,1,test-50,0.3974001350710103,0.5025544762611389
z_cn_to_cn_residual,1,test-51,0.5071241430143024,0.19995294511318207
z_cn_to_cn_residual,1,test-52,-0.5962537633065377,-0.14538414776325226
z_cn_to_cn_residual,1,test-53,-0.09507910900607243,-0.14538414776325226
z_cn_to_cn_residual,1,test-54,-0.006401163194461921,-0.14538414776325226
z_cn_to_cn_residual,1,test-55,-0.5779234037185782,-0.14538414776325226
z_cn_to_cn_residual,1,test-56,-0.09507910900607243,-0.14538414776325226
z_cn_to_cn_residual,1,test-57,0.8783422192128343,0.6801384687423706
z_cn_to_cn_residual,1,test-58,-0.4855470978437046,-0.14538414776325226
z_cn_to_cn_residual,1,test-59,0.6904677205888524,0.5350865125656128
z_cn_to_cn_residual,1,test-60,-0.2474640255978244,-0.14538414776325226
z_cn_to_cn_residual,1,test-61,-0.0022128532902202114,-0.14538414776325226
z_cn_to_cn_residual,1,test-62,-0.0014682163898236727,-0.14538414776325226
z_cn_to_cn_residual,1,test-63,-0.002483473901375505,-0.14538414776325226
z_cn_to_cn_residual,1,test-64,-0.18117393408101218,-0.14538414776325226
z_cn_to_cn_residual,1,test-65,1.0035331796620373,0.7224605679512024
z_cn_to_cn_residual,1,test-66,-0.003920084665472663,-0.14538414776325226
z_cn_to_cn_residual,1,test-67,-0.003920084665472663,-0.14538414776325226
z_cn_to_cn_residual,1,test-68,-0.5121098978044188,-0.14538414776325226
z_cn_to_cn_residual,1,test-69,0.40889556438164,0.4913666248321533
z_cn_to_cn_residual,1,test-70,0.5071241430143024,0.23642800748348236
z_cn_to_cn_residual,1,test-71,0.34193555199200737,0.5025544762611389
z_cn_to_cn_residual,1,test-72,-0.0025667768776077267,-0.14538414776325226
z_cn_to_cn_residual,1,test-73,-0.32077300936225667,-0.14538414776325226
z_cn_to_cn_residual,1,test-74,-0.09507910900607243,-0.14538414776325226
z_cn_to_cn_residual,1,test-75,0.9986799695883919,0.6638755202293396
z_cn_to_cn_residual,1,test-76,-0.001592483837966117,-0.14538414776325226
z_cn_to_cn_residual,1,test-77,0.5932148614802274,0.5133146643638611
z_cn_to_cn_residual,1,test-78,-0.0017051669314512175,-0.14538414776325226
z_cn_to_cn_residual,1,test-79,-0.0025667768776077267,-0.14538414776325226
z_cn_to_cn_residual,1,test-80,0.6893311186493629,0.785920262336731
z_cn_to_cn_residual,1,test-81,0.3267009706117635,0.2663170099258423
z_cn_to_cn_residual,1,test-82,1.066776060462735,0.9937199354171753
z_cn_to_cn_residual,1,test-83,-0.06306873591422772,-0.14538414776325226
z_cn_to_cn_residual,1,test-84,-0.3195190468888935,-0.14538414776325226
z_cn_to_cn_residual,1,test-85,-0.257133548881196,-0.14538414776325226
z_cn_to_cn_residual,1,test-86,0.3974001350710103,0.32812201976776123
z_cn_to_cn_residual,1,test-87,-0.09507910900607243,-0.14538414776325226
z_cn_to_cn_residual,1,test-88,-0.006401163194461921,-0.14538414776325226
z_cn_to_cn_residual,1,test-89,-0.295747045488935,-0.14538414776325226
z_cn_to_cn_residual,1,test-90,-0.07427151148220186,-0.14538414776325226
z_cn_to_cn_residual,1,test-91,-0.002679459971092827,-0.14538414776325226
z_cn_to_cn_residual,1,test-92,0.5963176677780939,0.5236110091209412
z_cn_to_cn_residual,1,test-93,0.47287711110466973,0.49319905042648315
z_cn_to_cn_residual,1,test-94,-0.07427151148220186,-0.14538414776325226
z_cn_to_cn_residual,1,test-95,0.5634751272888399,0.21375863254070282
z_cn_to_cn_residual,1,test-96,-0.6219808875579942,0.648768961429596
z_cn_to_cn_residual,1,test-97,-0.0948206319924906,-0.14538414776325226
z_cn_to_cn_residual,1,test-98,-0.002536581283496064,-0.14538414776325226
z_cn_to_cn_residual,1,test-99,-0.09507910900607243,-0.14538414776325226
z_cn_to_cn_residual,1,test-100,-0.3664462099481818,-0.14538414776325226
z_cn_to_cn_residual,1,test-101,0.5980680715538729,0.6162480115890503
z_cn_to_cn_residual,1,test-102,0.03377005795343527,-0.14538414776325226
z_cn_to_cn_residual,1,test-103,-0.15981025222941134,-0.14538414776325226
z_cn_to_cn_residual,1,test-104,0.629186265886127,0.4225209951400757
z_cn_to_cn_residual,1,test-105,-0.001592483837966117,-0.14538414776325226
z_cn_to_cn_residual,1,test-106,0.689862177614176,0.5927691459655762
z_cn_to_cn_residual,1,test-107,-0.0025667768776077267,-0.14538414776325226
z_cn_to_cn_residual,1,test-108,0.09689341725340761,0.7095445394515991
z_cn_to_cn_residual,1,test-109,0.37911075343422035,0.5913192629814148
z_cn_to_cn_residual,1,test-110,-0.002679459971092827,-0.14538414776325226
z_cn_to_cn_residual,1,test-111,-0.006236131996241855,-0.14538414776325226
z_cn_to_cn_residual,1,test-112,0.4686965299979534,0.37246161699295044
z_cn_to_cn_residual,1,test-113,-0.4092811700187469,-0.14538414776325226
z_cn_to_cn_residual,1,test-114,-0.0017051669314512175,-0.14538414776325226
z_cn_to_cn_residual,1,test-115,0.6906637066585698,0.41257596015930176
z_cn_to_cn_residual,1,test-116,1.0402213320986424,0.5147372484207153
z_cn_to_cn_residual,1,test-117,0.6948211420213969,0.3934321403503418
z_cn_to_cn_residual,1,test-118,-0.2842516161783053,-0.14538414776325226
z_cn_to_cn_residual,1,test-119,0.706182872391234,0.8426804542541504
z_cn_to_cn_residual,1,test-120,0.6188756690777434,0.6073948740959167
z_cn_to_cn_residual,1,test-121,0.5071241430143024,0.5030885934829712
z_cn_to_cn_residual,1,test-122,0.732166078719928,0.7009921669960022
z_cn_to_cn_residual,1,test-123,0.6905804036823375,0.42973798513412476
z_cn_to_cn_residual,1,test-124,-0.006401163194461921,-0.14538414776325226
z_cn_to_cn_residual,1,test-125,-0.06396091467381823,-0.14538414776325226
z_cn_to_cn_residual,1,test-126,1.0243407771859079,0.3562224507331848
z_cn_to_cn_residual,1,test-127,-0.0025667768776077267,-0.14538414776325226
z_cn_to_cn_residual,1,test-128,-0.17653506637630972,-0.14538414776325226
z_cn_to_cn_residual,1,test-129,0.006243055183185751,-0.14538414776325226
z_cn_to_cn_residual,1,test-130,0.9125892511224669,0.7987989783287048
z_cn_to_cn_residual,1,test-131,0.5932148614802274,0.5844926834106445
z_cn_to_cn_residual,1,test-132,-0.4092811700187469,-0.14538414776325226
z_cn_to_cn_residual,1,test-133,-0.3910899774469028,-0.14538414776325226
z_cn_to_cn_residual,1,test-134,-0.06396091467381823,-0.14538414776325226
z_cn_to_cn_residual,1,test-135,0.5333369283305339,0.24989436566829681
z_cn_to_cn_residual,1,test-136,0.6893311186493629,0.6086980700492859
z_cn_to_cn_residual,1,test-137,-0.0022128532902202114,-0.14538414776325226
z_cn_to_cn_residual,1,test-138,-0.4564122585269044,-0.14538414776325226
z_cn_to_cn_residual,1,test-139,-0.0025667768776077267,-0.14538414776325226
z_cn_to_cn_residual,1,test-140,-0.295747045488935,-0.14538414776325226
z_cn_to_cn_residual,1,test-141,0.7232900511466166,0.7061188220977783
z_cn_to_cn_residual,1,test-142,-0.09507910900607243,-0.14538414776325226
z_cn_to_cn_residual,1,test-143,-0.002679459971092827,-0.14538414776325226
z_cn_to_cn_residual,1,test-144,-0.15981025222941134,-0.14538414776325226
z_cn_to_cn_residual,1,test-145,-0.020145318105689636,-0.14538414776325226
z_cn_to_cn_residual,1,test-146,0.37362887990278976,0.41790276765823364
z_cn_to_cn_residual,1,test-147,-0.295747045488935,-0.14538414776325226
z_cn_to_cn_residual,1,test-148,0.09689341725340761,0.39440029859542847
z_cn_to_cn_residual,1,test-149,-0.2842516161783053,-0.14538414776325226
z_cn_to_cn_residual,1,test-150,-0.21219425699455913,-0.14538414776325226
z_cn_to_cn_residual,1,test-151,0.5634751272888399,0.37092894315719604
z_cn_to_cn_residual,1,test-152,-0.011174017424812204,-0.14538414776325226
z_cn_to_cn_residual,1,test-153,0.2564389628481294,0.4594902992248535
z_cn_to_cn_residual,1,test-154,0.6904677205888524,0.41420531272888184
z_cn_to_cn_residual,1,test-155,-0.002536581283496064,-0.14538414776325226
z_cn_to_cn_residual,1,test-156,1.2131515730483942,1.0965821743011475
z_cn_to_cn_residual,1,test-157,-0.11159319800623856,-0.14538414776325226
z_cn_to_cn_residual,1,test-158,-0.002483473901375505,-0.14538414776325226
z_cn_to_cn_residual,1,test-159,0.5980680715538729,0.36822354793548584
z_cn_to_cn_residual,1,test-160,-0.006236131996241855,-0.14538414776325226
z_cn_to_cn_residual,1,test-161,-0.0017051669314512175,-0.14538414776325226
z_cn_to_cn_residual,1,test-162,0.5980680715538729,0.5566524863243103
z_cn_to_cn_residual,1,test-163,-0.0025667768776077267,-0.14538414776325226
z_cn_to_cn_residual,1,test-164,0.30205720311304246,0.49082261323928833
z_cn_to_cn_residual,1,test-165,-0.001592483837966117,-0.14538414776325226
z_cn_to_cn_residual,1,test-166,-0.3678477635670827,-0.14538414776325226
z_cn_to_cn_residual,1,test-167,-0.5737341020377579,-0.14538414776325226
z_cn_to_cn_residual,1,test-168,0.3252994169928626,0.42085397243499756
z_cn_to_cn_residual,1,test-169,-0.0025667768776077267,-0.14538414776325226
z_cn_to_cn_residual,1,test-170,-0.002679459971092827,-0.14538414776325226
z_cn_to_cn_residual,1,test-171,0.5694612141469256,0.3702962398529053
z_cn_to_cn_residual,1,test-172,-0.0017051669314512175,-0.14538414776325226
z_cn_to_cn_residual,1,test-173,-0.07427151148220186,-0.14538414776325226
z_cn_to_cn_residual,1,test-174,1.1880129048121781,0.8604126572608948
z_cn_to_cn_residual,1,test-175,0.8125602590821327,0.8302293419837952
z_cn_to_cn_residual,1,test-176,-0.10231614743923174,-0.14538414776325226
z_cn_to_cn_residual,1,test-177,0.027598705190133088,-0.14538414776325226
z_cn_to_cn_residual,1,test-178,-0.31951830065715553,-0.14538414776325226
z_cn_to_cn_residual,1,test-179,-0.0017051669314512175,-0.14538414776325226
z_cn_to_cn_residual,1,test-180,-0.007700184364779972,-0.14538414776325226
z_cn_to_cn_residual,1,test-181,-0.31403642712572494,-0.14538414776325226
z_cn_to_cn_residual,1,test-182,-0.31951830065715553,-0.14538414776325226
z_cn_to_cn_residual,1,test-183,-0.002483473901375505,-0.14538414776325226
z_cn_to_cn_residual,1,test-184,0.2690154096687156,0.6597709655761719
z_cn_to_cn_residual,1,test-185,-0.295747045488935,-0.14538414776325226
z_cn_to_cn_residual,1,test-186,1.1223473257239598,0.7333475947380066
z_cn_to_cn_residual,1,test-187,-0.295747045488935,-0.14538414776325226
z_cn_to_cn_residual,1,test-188,-0.07427151148220186,-0.14538414776325226
z_cn_to_cn_residual,1,test-189,-0.06396091467381823,-0.14538414776325226
z_cn_to_cn_residual,1,test-190,0.5980680715538729,0.4225209951400757
z_cn_to_cn_residual,1,test-191,-0.002679459971092827,-0.14538414776325226
z_cn_to_cn_residual,1,test-192,0.5932148614802274,0.5138057470321655
z_cn_to_cn_residual,1,test-193,-0.18602303754564287,-0.14538414776325226
z_cn_to_cn_residual,1,test-194,-0.007700184364779972,-0.14538414776325226
z_cn_to_cn_residual,1,test-195,0.18103728275552644,0.30843234062194824
z_cn_to_cn_residual,1,test-196,-0.3419557546295762,-0.14538414776325226
z_cn_to_cn_residual,1,test-197,-0.07427151148220186,-0.14538414776325226
z_cn_to_cn_residual,1,test-198,-0.1325756172494532,-0.14538414776325226
z_cn_to_cn_residual,1,test-199,-0.001592483837966117,-0.14538414776325226
z_cn_to_cn_residual,1,test-200,-0.001592483837966117,-0.14538414776325226
z_cn_to_cn_residual,1,test-201,-0.001592483837966117,-0.14538414776325226
z_cn_to_cn_residual,1,test-202,-0.09993231907971788,-0.14538414776325226
z_cn_to_cn_residual,1,test-203,-0.07427151148220186,-0.14538414776325226
z_cn_to_cn_residual,1,test-204,0.6867460173654834,0.4466955065727234
z_cn_to_cn_residual,1,test-205,-0.06396091467381823,-0.14538414776325226
z_cn_to_cn_residual,1,test-206,-0.31403642712572494,-0.14538414776325226
z_cn_to_cn_residual,1,test-207,0.25559953693839854,0.4750347137451172
z_cn_to_cn_residual,1,test-208,-0.3512116285679379,-0.14538414776325226
z_cn_to_cn_residual,1,test-209,0.44701726623712135,0.7342662215232849
z_cn_to_cn_residual,1,test-210,0.27064323153028624,0.30843234062194824
z_cn_to_cn_residual,1,test-211,0.9986799695883919,0.6385490298271179
z_cn_to_cn_residual,1,test-212,-0.015324816569887118,-0.14538414776325226
z_cn_to_cn_residual,1,test-213,-0.002483473901375505,-0.14538414776325226
z_cn_to_cn_residual,1,test-214,0.707522311221207,0.662786066532135
z_cn_to_cn_residual,1,test-215,-0.002679459971092827,-0.14538414776325226
z_cn_to_cn_residual,1,test-216,-0.0025667768776077267,-0.14538414776325226
z_cn_to_cn_residual,1,test-217,0.6905804036823375,0.5266765356063843
z_cn_to_cn_residual,1,test-218,-0.09993231907971788,-0.14538414776325226
z_cn_to_cn_residual,1,test-219,-0.3664462099481818,-0.14538414776325226
z_cn_to_cn_residual,1,test-220,-0.007796294345678415,-0.14538414776325226
z_cn_to_cn_residual,1,test-221,-0.18602303754564287,-0.14538414776325226
z_cn_to_cn_residual,1,test-222,-0.002679459971092827,-0.14538414776325226
z_cn_to_cn_residual,1,test-223,-0.20673482910021176,-0.14538414776325226
z_cn_to_cn_residual,1,test-224,-0.002483473901375505,-0.14538414776325226
z_cn_to_cn_residual,1,test-225,0.8028652431791747,0.6706723570823669
z_cn_to_cn_residual,1,test-226,-0.002679459971092827,-0.14538414776325226
z_cn_to_cn_residual,1,test-227,0.9388020364386984,0.7902166247367859
z_cn_to_cn_residual,1,test-228,-0.0025667768776077267,-0.14538414776325226
z_cn_to_cn_residual,1,test-229,-0.06396091467381823,-0.14538414776325226
z_cn_to_cn_residual,1,test-230,0.5634751272888399,0.5044707655906677
z_cn_to_cn_residual,1,test-231,-0.34185746108770393,-0.14538414776325226
z_cn_to_cn_residual,1,test-232,0.5836835270942388,0.4108845591545105
z_cn_to_cn_residual,1,test-233,-0.0017051669314512175,-0.14538414776325226
z_cn_to_cn_residual,1,test-234,-0.3664462099481818,-0.14538414776325226
z_cn_to_cn_residual,1,test-235,0.5963176677780939,0.3288987874984741
z_cn_to_cn_residual,1,test-236,-0.09507910900607243,-0.14538414776325226
z_cn_to_cn_residual,1,test-237,-0.09993231907971788,-0.14538414776325226
z_cn_to_cn_residual,1,test-238,1.1098178970570212,0.6667449474334717
z_cn_to_cn_residual,1,test-239,0.09689341725340761,0.27853506803512573
z_cn_to_cn_residual,1,test-240,-0.0025667768776077267,-0.14538414776325226
z_cn_to_cn_residual,1,test-241,-0.003920084665472663,-0.14538414776325226
z_cn_to_cn_residual,1,test-242,1.0035331796620373,0.692638099193573
z_cn_to_cn_residual,1,test-243,0.629186265886127,0.44052499532699585
z_cn_to_cn_residual,1,test-244,-0.09993231907971788,-0.14538414776325226
z_cn_to_cn_residual,1,test-245,0.5980680715538729,0.5068134069442749
z_cn_to_cn_residual,1,test-246,-0.6011019660483662,-0.14538414776325226
z_cn_to_cn_residual,1,test-247,-0.0025667768776077267,-0.14538414776325226
z_cn_to_cn_residual,1,test-248,-0.40617432960244304,-0.14538414776325226
z_cn_to_cn_residual,1,test-249,-0.32077300936225667,-0.14538414776325226
z_cn_to_cn_residual,1,test-250,-0.0017051669314512175,-0.14538414776325226
z_cn_to_cn_residual,1,test-251,0.027598705190133088,-0.14538414776325226
z_cn_to_cn_residual,1,test-252,-0.31951830065715553,-0.14538414776325226
z_cn_to_cn_residual,1,test-253,-0.09507910900607243,-0.14538414776325226
z_cn_to_cn_residual,1,test-254,-0.006401163194461921,-0.14538414776325226
z_cn_to_cn_residual,1,test-255,-0.2608500763576425,-0.14538414776325226
z_cn_to_cn_residual,1,test-256,-0.002483473901375505,-0.14538414776325226
z_cn_to_cn_residual,1,test-257,0.16442497939224665,0.5522180795669556
z_cn_to_cn_residual,1,test-258,0.8561659193103136,0.6748162508010864
z_cn_to_cn_residual,1,test-259,-0.002709528290634796,-0.14538414776325226
z_cn_to_cn_residual,1,test-260,-0.001592483837966117,-0.14538414776325226
z_cn_to_cn_residual,1,test-261,0.42920014516401445,0.38982129096984863
z_cn_to_cn_residual,1,test-262,0.9125892511224669,0.6813120245933533
z_cn_to_cn_residual,1,test-263,-0.18602303754564287,-0.14538414776325226
z_cn_to_cn_residual,1,test-264,-0.32690411934740055,-0.14538414776325226
z_cn_to_cn_residual,1,test-265,-0.4564122585269044,-0.14538414776325226
z_cn_to_cn_residual,1,test-266,0.6905804036823375,0.6705273389816284
z_cn_to_cn_residual,1,test-267,0.6904677205888524,0.4302094578742981
z_cn_to_cn_residual,1,test-268,-0.09507910900607243,-0.14538414776325226
z_cn_to_cn_residual,1,test-269,0.5380768797364144,1.048885464668274
z_cn_to_cn_residual,1,test-270,-0.0025667768776077267,-0.14538414776325226
z_cn_to_cn_residual,1,test-271,0.9986799695883919,0.5472940802574158
z_cn_to_cn_residual,1,test-272,0.26383524768033195,0.16035030782222748
z_cn_to_cn_residual,1,test-273,0.4676238340609221,0.47789454460144043
z_cn_to_cn_residual,1,test-274,0.5333369283305339,0.42764103412628174
z_cn_to_cn_residual,1,test-275,-0.09507910900607243,-0.14538414776325226
z_cn_to_cn_residual,1,test-276,-0.0022128532902202114,-0.14538414776325226
z_cn_to_cn_residual,1,test-277,-0.295747045488935,-0.14538414776325226
z_cn_to_cn_residual,1,test-278,0.4322971042023028,0.39013671875
z_cn_to_cn_residual,1,test-279,0.5166121141836355,0.4857504367828369
z_cn_to_cn_residual,1,test-280,-0.006401163194461921,-0.14538414776325226
z_cn_to_cn_residual,1,test-281,1.0243407771859079,0.6573413610458374
z_cn_to_cn_residual,1,test-282,-0.005713782933315264,-0.14538414776325226
z_cn_to_cn_residual,1,test-283,-0.18602303754564287,-0.14538414776325226
z_cn_to_cn_residual,1,test-284,-0.0017051669314512175,-0.14538414776325226
z_cn_to_cn_residual,1,test-285,-0.09507910900607243,-0.14538414776325226
z_cn_to_cn_residual,1,test-286,1.3462860490699626,1.1920043230056763
z_cn_to_cn_residual,1,test-287,-0.09993231907971788,-0.14538414776325226
z_cn_to_cn_residual,1,test-288,0.5553068786375152,0.5121959447860718
z_cn_to_cn_residual,1,test-289,0.2249532936470302,0.5114434361457825
z_cn_to_cn_residual,1,test-290,0.5980680715538729,0.5155647993087769
z_cn_to_cn_residual,1,test-291,0.5481549764268495,0.5258255004882812
z_cn_to_cn_residual,1,test-292,-0.8168566785177598,-0.14538414776325226
z_cn_to_cn_residual,1,test-293,0.33133944436357726,0.04346637427806854
z_cn_to_cn_residual,1,test-294,0.629186265886127,0.3622283935546875
z_cn_to_cn_residual,1,test-295,0.6906105992764492,0.5885266661643982
z_cn_to_cn_residual,1,test-296,-0.0013809592565058647,-0.14538414776325226
z_cn_to_cn_residual,1,test-297,-0.0022128532902202114,-0.14538414776325226
z_cn_to_cn_residual,1,test-298,0.6906637066585698,0.5323626399040222
z_cn_to_cn_residual,1,test-299,-0.22552334649902314,-0.14538414776325226
z_cn_to_cn_residual,1,test-300,0.5071241430143024,0.5165957808494568
z_cn_to_cn_residual,1,test-301,-0.0017051669314512175,-0.14538414776325226
z_cn_to_cn_residual,1,test-302,0.6188756690777434,0.4614267349243164
z_cn_to_cn_residual,1,test-303,-0.002679459971092827,-0.14538414776325226
z_cn_to_cn_residual,1,test-304,-0.3011881021227526,-0.14538414776325226
z_cn_to_cn_residual,1,test-305,0.3974001350710103,0.509271502494812
z_cn_to_cn_residual,1,test-306,0.5966030812834874,0.6485311388969421
z_cn_to_cn_residual,1,test-307,-0.002679459971092827,-0.14538414776325226
z_cn_to_cn_residual,1,test-308,0.6904677205888524,0.5076474547386169
z_cn_to_cn_residual,1,test-309,0.511973246478933,0.36822354793548584
z_cn_to_cn_residual,1,test-310,-0.06396091467381823,-0.14538414776325226
z_cn_to_cn_residual,1,test-311,0.8880287062152161,0.7842805981636047
z_cn_to_cn_residual,1,test-312,0.000550437072462336,-0.14538414776325226
z_cn_to_cn_residual,1,test-313,0.4185007999394532,0.7586973309516907
z_cn_to_cn_residual,1,test-314,0.12442211904305411,0.5133146643638611
z_cn_to_cn_residual,1,test-315,-0.0009230486758283437,-0.14538414776325226
z_cn_to_cn_residual,1,test-316,0.5980680715538729,0.375114381313324
z_cn_to_cn_residual,1,test-317,0.6253649081462749,0.7981309294700623
z_cn_to_cn_residual,1,test-318,-0.295747045488935,-0.14538414776325226
z_cn_to_cn_residual,1,test-319,0.4185007999394532,0.4500119090080261
z_cn_to_cn_residual,1,test-320,-0.15981025222941134,-0.14538414776325226
z_cn_to_cn_residual,1,test-321,-0.09993231907971788,-0.14538414776325226
z_cn_to_cn_residual,1,test-322,0.5071241430143024,0.5216377377510071
z_cn_to_cn_residual,1,test-323,-0.0025667768776077267,-0.14538414776325226
z_cn_to_cn_residual,1,test-324,-0.07427151148220186,-0.14538414776325226
z_cn_to_cn_residual,1,test-325,0.5333369283305339,0.5517531037330627
z_cn_to_cn_residual,1,test-326,-0.002709528290634796,-0.14538414776325226
z_cn_to_cn_residual,1,test-327,-0.12967205327110548,-0.14538414776325226
z_cn_to_cn_residual,1,test-328,-0.4092811700187469,-0.14538414776325226
z_cn_to_cn_residual,1,test-329,-0.0017051669314512175,-0.14538414776325226
z_cn_to_cn_residual,1,test-330,1.0184465975528079,0.867074191570282
z_cn_to_cn_residual,1,test-331,-0.2930939733738713,-0.14538414776325226
z_cn_to_cn_residual,1,test-332,-0.007796294345678415,-0.14538414776325226
z_cn_to_cn_residual,1,test-333,-0.006236131996241855,-0.14538414776325226
z_cn_to_cn_residual,1,test-334,-0.003920084665472663,-0.14538414776325226
z_cn_to_cn_residual,1,test-335,1.108891999074218,1.1155598163604736
z_cn_to_cn_residual,1,test-336,-0.09507910900607243,-0.14538414776325226
z_cn_to_cn_residual,1,test-337,0.5932148614802274,0.3520044684410095
z_cn_to_cn_residual,1,test-338,0.6188756690777434,0.5511935949325562
z_cn_to_cn_residual,1,test-339,0.5333369283305339,0.30843234062194824
z_cn_to_cn_residual,1,test-340,0.9300387057397879,0.603440523147583
z_cn_to_cn_residual,1,test-341,0.48095292356538616,0.5084740519523621
z_cn_to_cn_residual,1,test-342,-0.07427151148220186,-0.14538414776325226
z_cn_to_cn_residual,1,test-343,-0.43015367383143543,0.36822354793548584
z_cn_to_cn_residual,1,test-344,-0.002483473901375505,-0.14538414776325226
z_cn_to_cn_residual,1,test-345,0.5963176677780939,0.45067572593688965
z_cn_to_cn_residual,1,test-346,0.6188756690777434,0.36822354793548584
z_cn_to_cn_residual,1,test-347,0.6188756690777434,0.3885005712509155
z_cn_to_cn_residual,1,test-348,0.6188756690777434,0.5067410469055176
z_cn_to_cn_residual,1,test-349,-0.26394703539593084,-0.14538414776325226
z_cn_to_cn_residual,1,test-350,-0.006236131996241855,-0.14538414776325226
z_cn_to_cn_residual,1,test-351,-0.22552334649902314,-0.14538414776325226
z_cn_to_cn_residual,1,test-352,-0.002483473901375505,-0.14538414776325226
z_cn_to_cn_residual,1,test-353,0.6730018624542556,0.475109338760376
z_cn_to_cn_residual,1,test-354,-0.17162295933884167,-0.14538414776325226
z_cn_to_cn_residual,1,test-355,-0.5908559921618184,-0.14538414776325226
z_cn_to_cn_residual,1,test-356,-0.0025667768776077267,-0.14538414776325226
z_cn_to_cn_residual,1,test-357,-0.0025667768776077267,-0.14538414776325226
z_cn_to_cn_residual,1,test-358,-0.0025667768776077267,-0.14538414776325226
z_cn_to_cn_residual,1,test-359,-0.02637982311895648,0.49082261323928833
z_cn_to_cn_residual,1,test-360,-0.1378403019224301,-0.14538414776325226
z_cn_to_cn_residual,1,test-361,0.4185007999394532,0.7037575840950012
z_cn_to_cn_residual,1,test-362,-0.31852856519640793,-0.14538414776325226
z_cn_to_cn_residual,1,test-363,0.26383524768033195,0.524013102054596
z_cn_to_cn_residual,1,test-364,-0.06396091467381823,-0.14538414776325226
z_cn_to_cn_residual,1,test-365,-0.18602303754564287,-0.14538414776325226
z_cn_to_cn_residual,1,test-366,-0.0017051669314512175,-0.14538414776325226
z_cn_to_cn_residual,1,test-367,-0.5962537633065377,-0.14538414776325226
z_cn_to_cn_residual,1,test-368,1.0444369000321867,0.7341710329055786
z_cn_to_cn_residual,1,test-369,-0.002483473901375505,-0.14538414776325226
z_cn_to_cn_residual,1,test-370,0.6867460173654834,0.413546621799469
z_cn_to_cn_residual,1,test-371,-0.0017051669314512175,-0.14538414776325226
z_cn_to_cn_residual,1,test-372,0.6188756690777434,0.3288987874984741
z_cn_to_cn_residual,1,test-373,-0.31951830065715553,-0.14538414776325226
z_cn_to_cn_residual,1,test-374,0.5333369283305339,0.5172258019447327
z_cn_to_cn_residual,1,test-375,0.5980680715538729,0.5606689453125
z_cn_to_cn_residual,1,test-376,0.0920452145115791,0.32812201976776123
z_cn_to_cn_residual,1,test-377,-0.003920084665472663,-0.14538414776325226
z_cn_to_cn_residual,1,test-378,-0.295747045488935,-0.14538414776325226
z_cn_to_cn_residual,1,test-379,-0.003920084665472663,-0.14538414776325226
z_cn_to_cn_residual,1,test-380,0.5980680715538729,0.5246909260749817
z_cn_to_cn_residual,1,test-381,0.6906105992764492,0.36822354793548584
z_cn_to_cn_residual,1,test-382,-0.0025667768776077267,-0.14538414776325226
z_cn_to_cn_residual,1,test-383,-0.0025667768776077267,-0.14538414776325226
z_cn_to_cn_residual,1,test-384,-0.018078891203757413,-0.14538414776325226
z_cn_to_cn_residual,1,test-385,-0.0025667768776077267,-0.14538414776325226
z_cn_to_cn_residual,1,test-386,-0.0025667768776077267,-0.14538414776325226
z_cn_to_cn_residual,1,test-387,0.6904677205888524,0.5647016167640686
z_cn_to_cn_residual,1,test-388,0.5071241430143024,0.48911166191101074
z_cn_to_cn_residual,1,test-389,-0.002679459971092827,-0.14538414776325226
z_cn_to_cn_residual,1,test-390,0.5932148614802274,0.5794851779937744
z_cn_to_cn_residual,1,test-391,0.5071241430143024,0.47789454460144043
z_cn_to_cn_residual,1,test-392,-0.002483473901375505,-0.14538414776325226
z_cn_to_cn_residual,1,test-393,-0.0017051669314512175,-0.14538414776325226
z_cn_to_cn_residual,1,test-394,-0.002536581283496064,-0.14538414776325226
z_cn_to_cn_residual,1,test-395,0.5634751272888399,0.4604122042655945
z_cn_to_cn_residual,1,test-396,-0.0025667768776077267,-0.14538414776325226
z_cn_to_cn_residual,1,test-397,-0.011174017424812204,-0.14538414776325226
z_cn_to_cn_residual,1,test-398,-0.003920084665472663,-0.14538414776325226
z_cn_to_cn_residual,1,test-399,-0.18602303754564287,-0.14538414776325226
z_cn_to_cn_residual,1,test-400,0.6904677205888524,0.3229749798774719
z_cn_to_cn_residual,1,test-401,0.6904677205888524,0.4508533477783203
z_cn_to_cn_residual,1,test-402,0.5963176677780939,0.5562973022460938
z_cn_to_cn_residual,1,test-403,-0.00961734087375331,-0.14538414776325226
z_cn_to_cn_residual,1,test-404,0.18103728275552644,0.42085397243499756
z_cn_to_cn_residual,1,test-405,-0.0017051669314512175,-0.14538414776325226
z_cn_to_cn_residual,1,test-406,-0.26394703539593084,-0.14538414776325226
z_cn_to_cn_residual,1,test-407,0.6906637066585698,0.2515140771865845
z_cn_to_cn_residual,1,test-408,-0.006236131996241855,-0.14538414776325226
z_cn_to_cn_residual,1,test-409,0.6750682893561879,0.3565152883529663
z_cn_to_cn_residual,1,test-410,-0.0025667768776077267,-0.14538414776325226
z_cn_to_cn_residual,1,test-411,-0.3678477635670827,-0.14538414776325226
z_cn_to_cn_residual,1,test-412,1.0035331796620373,0.5481852293014526
z_cn_to_cn_residual,1,test-413,0.3974001350710103,0.514442503452301
z_cn_to_cn_residual,1,test-414,0.14484892926646498,0.6599488854408264
z_cn_to_cn_residual,1,test-415,0.6904376522693105,0.31050658226013184
z_cn_to_cn_residual,1,test-416,0.42920014516401445,0.46385014057159424
z_cn_to_cn_residual,1,test-417,-0.002709528290634796,-0.14538414776325226
z_cn_to_cn_residual,1,test-418,-0.18602303754564287,-0.14538414776325226
z_cn_to_cn_residual,1,test-419,0.42920014516401445,0.4798503518104553
z_cn_to_cn_residual,1,test-420,-0.10534341095846705,-0.14538414776325226
z_cn_to_cn_residual,1,test-421,-0.34185746108770393,-0.14538414776325226
z_cn_to_cn_residual,1,test-422,0.5980680715538729,0.49872732162475586
z_cn_to_cn_residual,1,test-423,-0.002679459971092827,-0.14538414776325226
z_cn_to_cn_residual,1,test-424,0.6924563057315964,0.42866063117980957
z_cn_to_cn_residual,1,test-425,-0.0009230486758283437,-0.14538414776325226
z_cn_to_cn_residual,1,test-426,1.2002713235742477,0.9843282103538513
z_cn_to_cn_residual,1,test-427,-0.06396091467381823,-0.14538414776325226
z_cn_to_cn_residual,1,test-428,0.6906637066585698,0.2515140771865845
z_cn_to_cn_residual,1,test-429,-0.12967205327110548,-0.14538414776325226
z_cn_to_cn_residual,1,test-430,0.002865332104051953,-0.14538414776325226
z_cn_to_cn_residual,1,test-431,-0.002679459971092827,-0.14538414776325226
z_cn_to_cn_residual,1,test-432,-0.07427151148220186,-0.14538414776325226
z_cn_to_cn_residual,1,test-433,0.33133944436357726,0.5464353561401367
z_cn_to_cn_residual,1,test-434,0.5980680715538729,0.5561620593070984
z_cn_to_cn_residual,1,test-435,0.6892270958944726,0.5222468376159668
z_cn_to_cn_residual,1,test-436,0.027598705190133088,-0.14538414776325226
z_cn_to_cn_residual,1,test-437,0.6288411122804236,0.21868614852428436
z_cn_to_cn_residual,1,test-438,-0.1278380797400702,-0.14538414776325226
z_cn_to_cn_residual,1,test-439,-0.0025667768776077267,-0.14538414776325226
z_cn_to_cn_residual,1,test-440,0.9007472632761859,0.9087004065513611
z_cn_to_cn_residual,1,test-441,0.09689341725340761,0.20007774233818054
z_cn_to_cn_residual,1,test-442,0.9986799695883919,0.5426834225654602
z_cn_to_cn_residual,1,test-443,1.0035331796620373,0.6963506937026978
z_cn_to_cn_residual,1,test-444,-0.001592483837966117,-0.14538414776325226
z_cn_to_cn_residual,1,test-445,1.2002713235742477,0.9555486440658569
z_cn_to_cn_residual,1,test-446,0.9388020364386984,0.7274386286735535
z_cn_to_cn_residual,1,test-447,0.9125892511224669,0.7330423593521118
z_cn_to_cn_residual,1,test-448,-0.0017051669314512175,-0.14538414776325226
z_cn_to_cn_residual,1,test-449,0.6906637066585698,0.2515140771865845
z_cn_to_cn_residual,1,test-450,0.6188756690777434,0.5138821601867676
z_cn_to_cn_residual,1,test-451,-0.6219808875579942,0.7037575840950012
z_cn_to_cn_residual,1,test-452,-0.32077300936225667,-0.14538414776325226
z_cn_to_cn_residual,1,test-453,0.7307645251010271,0.3677508234977722
z_cn_to_cn_residual,1,test-454,-0.09507910900607243,-0.14538414776325226
z_cn_to_cn_residual,1,test-455,0.6930446040093127,0.47544950246810913
z_cn_to_cn_residual,1,test-456,-0.06430606827952172,-0.14538414776325226
z_cn_to_cn_residual,1,test-457,-0.0025667768776077267,-0.14538414776325226
z_cn_to_cn_residual,1,test-458,-0.15981025222941134,-0.14538414776325226
z_cn_to_cn_residual,1,test-459,0.5634751272888399,0.5520018339157104
z_cn_to_cn_residual,1,test-460,0.9125892511224669,0.64217209815979
z_cn_to_cn_residual,1,test-461,0.5932148614802274,0.36822354793548584
z_cn_to_cn_residual,1,test-462,-0.0022128532902202114,-0.14538414776325226
z_cn_to_cn_residual,1,test-463,0.6905804036823375,0.645450234413147
z_cn_to_cn_residual,1,test-464,0.6924563057315964,0.36822354793548584
z_cn_to_cn_residual,1,test-465,-0.0022128532902202114,-0.14538414776325226
z_cn_to_cn_residual,1,test-466,0.42920014516401445,0.3818356990814209
z_cn_to_cn_residual,1,test-467,0.5023585253615721,0.45356887578964233
z_cn_to_cn_residual,1,test-468,-0.18602303754564287,-0.14538414776325226
z_cn_to_cn_residual,1,test-469,-0.09993231907971788,-0.14538414776325226
z_cn_to_cn_residual,1,test-470,-0.001592483837966117,-0.14538414776325226
z_cn_to_cn_residual,1,test-471,0.42920014516401445,0.47041189670562744
z_cn_to_cn_residual,1,test-472,-0.002536581283496064,-0.14538414776325226
z_cn_to_cn_residual,1,test-473,0.3907357061859718,0.5126521587371826
z_cn_to_cn_residual,1,test-474,0.18103728275552644,0.5413622260093689
z_cn_to_cn_residual,1,test-475,0.629186265886127,0.3622283935546875
z_cn_to_cn_residual,1,test-476,-0.002679459971092827,-0.14538414776325226
z_cn_to_cn_residual,1,test-477,-0.09507910900607243,-0.14538414776325226
z_cn_to_cn_residual,1,test-478,0.5963176677780939,0.5394182801246643
z_cn_to_cn_residual,1,test-479,0.5071241430143024,0.4439550042152405
z_cn_to_cn_residual,1,test-480,0.7232900511466166,0.6379058957099915
z_cn_to_cn_residual,1,test-481,-0.003920084665472663,-0.14538414776325226
z_cn_to_cn_residual,1,test-482,0.5634751272888399,0.30843234062194824
z_cn_to_cn_residual,1,test-483,0.4676238340609221,0.4710695743560791
z_cn_to_cn_residual,1,test-484,-0.002679459971092827,-0.14538414776325226
z_cn_to_cn_residual,1,test-485,-0.295747045488935,-0.14538414776325226
z_cn_to_cn_residual,1,test-486,-0.0017051669314512175,-0.14538414776325226
z_cn_to_cn_residual,1,test-487,-0.21403955770147523,-0.14538414776325226
z_cn_to_cn_residual,1,test-488,-0.002679459971092827,-0.14538414776325226
z_cn_to_cn_residual,1,test-489,-0.002709528290634796,-0.14538414776325226
z_cn_to_cn_residual,1,test-490,-0.0025667768776077267,-0.14538414776325226
z_cn_to_cn_residual,1,test-491,-0.002679459971092827,-0.14538414776325226
z_cn_to_cn_residual,1,test-492,0.6422000301412054,0.42964404821395874
z_cn_to_cn_residual,1,test-493,0.732166078719928,0.6982067823410034
z_cn_to_cn_residual,1,test-494,-0.002483473901375505,-0.14538414776325226
z_cn_to_cn_residual,1,test-495,-0.31852856519640793,-0.14538414776325226
z_cn_to_cn_residual,1,test-496,-0.0025667768776077267,-0.14538414776325226
z_cn_to_cn_residual,1,test-497,0.6917662213034395,0.320411741733551
z_cn_to_cn_residual,1,test-498,-0.003920084665472663,-0.14538414776325226
z_cn_to_cn_residual,1,test-499,-0.530128441809577,-0.14538414776325226
z_cn_to_cn_residual,1,test-500,-0.3024114743739735,-0.14538414776325226
z_cn_to_cn_residual,1,test-501,0.6960125126639972,0.400218665599823
z_cn_to_cn_residual,1,test-502,0.3974001350710103,0.2579718828201294
z_cn_to_cn_residual,1,test-503,-0.4555583161639697,0.18674413859844208
z_cn_to_cn_residual,1,test-504,-0.4681938869129151,-0.14538414776325226
z_cn_to_cn_residual,1,test-505,0.629186265886127,0.7042669057846069
z_cn_to_cn_residual,1,test-506,-0.4092811700187469,-0.14538414776325226
z_cn_to_cn_residual,1,test-507,-0.006401163194461921,-0.14538414776325226
z_cn_to_cn_residual,1,test-508,-0.7439778312008087,-0.14538414776325226
z_cn_to_cn_residual,1,test-509,0.400053207186074,0.5121959447860718
z_cn_to_cn_residual,1,test-510,0.9297295237162035,0.8433665633201599
z_cn_to_cn_residual,1,test-511,-0.06430606827952172,-0.14538414776325226
z_cn_to_degree,2,test-0,4.6443908991413725,3.516249656677246
z_cn_to_degree,2,test-1,3.9889840465642745,3.228334903717041
z_cn_to_degree,2,test-2,4.584967478670571,3.98944091796875
z_cn_to_degree,2,test-3,3.1780538303479453,3.228334903717041
z_cn_to_degree,2,test-4,4.77912349311153,4.698870658874512
z_cn_to_degree,2,test-5,3.8066624897703196,3.228334903717041
z_cn_to_degree,2,test-6,5.966146739123692,5.0101799964904785
z_cn_to_degree,2,test-7,3.6635616461296463,3.228334903717041
z_cn_to_degree,2,test-8,3.044522437723423,3.228334903717041
z_cn_to_degree,2,test-9,3.6888794541139367,3.228334903717041
z_cn_to_degree,2,test-10,3.401197381662155,3.9372856616973877
z_cn_to_degree,2,test-11,3.9120230054281464,4.346144676208496
z_cn_to_degree,2,test-12,0.6931471805599453,3.228334903717041
z_cn_to_degree,2,test-13,4.74493212836325,3.049376964569092
z_cn_to_degree,2,test-14,4.0943445622221,3.228334903717041
z_cn_to_degree,2,test-15,1.791759469228055,3.7730820178985596
z_cn_to_degree,2,test-16,4.394449154672439,4.090936660766602
z_cn_to_degree,2,test-17,4.718498871295095,3.228334903717041
z_cn_to_degree,2,test-18,0.6931471805599453,3.228334903717041
z_cn_to_degree,2,test-19,3.044522437723423,3.228334903717041
z_cn_to_degree,2,test-20,3.1780538303479458,3.228334903717041
z_cn_to_degree,2,test-21,3.465735902799726,4.001360893249512
z_cn_to_degree,2,test-22,3.401197381662155,3.228334903717041
z_cn_to_degree,2,test-23,1.0986122886681098,3.228334903717041
z_cn_to_degree,2,test-24,3.5553480614894135,3.0642096996307373
z_cn_to_degree,2,test-25,4.189654742026425,3.228334903717041
z_cn_to_degree,2,test-26,2.3025850929940455,3.356447458267212
z_cn_to_degree,2,test-27,3.465735902799726,4.105648040771484
z_cn_to_degree,2,test-28,2.8903717578961645,4.029163837432861
z_cn_to_degree,2,test-29,3.688879454113936,4.321290493011475
z_cn_to_degree,2,test-30,4.882801922586371,3.4213156700134277
z_cn_to_degree,2,test-31,4.553876891600541,3.438652753829956
z_cn_to_degree,2,test-32,3.58351893845611,3.228334903717041
z_cn_to_degree,2,test-33,3.58351893845611,3.967085123062134
z_cn_to_degree,2,test-34,3.1780538303479453,3.228334903717041
z_cn_to_degree,2,test-35,2.772588722239781,3.228334903717041
z_cn_to_degree,2,test-36,1.3862943611198906,3.228334903717041
z_cn_to_degree,2,test-37,2.3025850929940455,3.228334903717041
z_cn_to_degree,2,test-38,3.9889840465642745,3.228334903717041
z_cn_to_degree,2,test-39,1.791759469228055,3.228334903717041
z_cn_to_degree,2,test-40,3.951243718581427,4.137699127197266
z_cn_to_degree,2,test-41,3.6888794541139367,3.689777374267578
z_cn_to_degree,2,test-42,6.040254711277414,4.951427459716797
z_cn_to_degree,2,test-43,2.4849066497880004,3.228334903717041
z_cn_to_degree,2,test-44,3.1780538303479453,4.25361442565918
z_cn_to_degree,2,test-45,0.6931471805599453,3.228334903717041
z_cn_to_degree,2,test-46,4.941642422609304,4.090936660766602
z_cn_to_degree,2,test-47,0.0,3.228334903717041
z_cn_to_degree,2,test-48,2.8903717578961645,3.9436843395233154
z_cn_to_degree,2,test-49,6.040254711277414,4.102989673614502
z_cn_to_degree,2,test-50,3.332204510175204,3.7976365089416504
z_cn_to_degree,2,test-51,2.995732273553991,3.5720834732055664
z_cn_to_degree,2,test-52,6.327936783729195,3.228334903717041
z_cn_to_degree,2,test-53,2.8903717578961645,3.228334903717041
z_cn_to_degree,2,test-54,2.6390573296152584,3.228334903717041
z_cn_to_degree,2,test-55,4.927253685157204,3.228334903717041
z_cn_to_degree,2,test-56,2.70805020110221,3.228334903717041
z_cn_to_degree,2,test-57,5.272999558563747,4.419077396392822
z_cn_to_degree,2,test-58,3.9889840465642745,3.228334903717041
z_cn_to_degree,2,test-59,2.0794415416798357,3.2097866535186768
z_cn_to_degree,2,test-60,4.7535901911063645,3.228334903717041
z_cn_to_degree,2,test-61,2.1972245773362196,3.228334903717041
z_cn_to_degree,2,test-62,2.3978952727983707,3.228334903717041
z_cn_to_degree,2,test-63,1.3862943611198906,3.228334903717041
z_cn_to_degree,2,test-64,3.58351893845611,3.228334903717041
z_cn_to_degree,2,test-65,2.8903717578961645,3.848318576812744
z_cn_to_degree,2,test-66,2.4849066497880004,3.228334903717041
z_cn_to_degree,2,test-67,2.4849066497880004,3.228334903717041
z_cn_to_degree,2,test-68,4.90527477843843,3.228334903717041
z_cn_to_degree,2,test-69,3.2188758248682006,3.6327381134033203
z_cn_to_degree,2,test-70,2.995732273553991,3.9068453311920166
z_cn_to_degree,2,test-71,4.0943445622221,3.7976365089416504
z_cn_to_degree,2,test-72,1.791759469228055,3.228334903717041
z_cn_to_degree,2,test-73,3.951243718581427,3.228334903717041
z_cn_to_degree,2,test-74,2.70805020110221,3.228334903717041
z_cn_to_degree,2,test-75,3.044522437723423,3.8859665393829346
z_cn_to_degree,2,test-76,1.0986122886681098,3.228334903717041
z_cn_to_degree,2,test-77,3.044522437723423,3.712998151779175
z_cn_to_degree,2,test-78,1.3862943611198906,3.228334903717041
z_cn_to_degree,2,test-79,1.791759469228055,3.228334903717041
z_cn_to_degree,2,test-80,3.688879454113936,4.001434326171875
z_cn_to_degree,2,test-81,3.58351893845611,3.5995776653289795
z_cn_to_degree,2,test-82,3.465735902799726,3.9254138469696045
z_cn_to_degree,2,test-83,4.025351690735149,3.228334903717041
z_cn_to_degree,2,test-84,4.718498871295094,3.228334903717041
z_cn_to_degree,2,test-85,3.9889840465642745,3.228334903717041
z_cn_to_degree,2,test-86,3.332204510175204,3.7470126152038574
z_cn_to_degree,2,test-87,2.70805020110221,3.228334903717041
z_cn_to_degree,2,test-88,2.6390573296152584,3.228334903717041
z_cn_to_degree,2,test-89,3.332204510175204,3.228334903717041
z_cn_to_degree,2,test-90,2.4849066497880004,3.228334903717041
z_cn_to_degree,2,test-91,2.0794415416798357,3.228334903717041
z_cn_to_degree,2,test-92,3.1780538303479453,3.696286678314209
z_cn_to_degree,2,test-93,5.272999558563747,3.9048328399658203
z_cn_to_degree,2,test-94,2.4849066497880004,3.228334903717041
z_cn_to_degree,2,test-95,3.401197381662156,5.282887935638428
z_cn_to_degree,2,test-96,7.50659178007084,3.94303035736084
z_cn_to_degree,2,test-97,4.465908118654584,3.228334903717041
z_cn_to_degree,2,test-98,2.3025850929940455,3.228334903717041
z_cn_to_degree,2,test-99,2.70805020110221,3.228334903717041
z_cn_to_degree,2,test-100,3.58351893845611,3.228334903717041
z_cn_to_degree,2,test-101,2.70805020110221,3.5205090045928955
z_cn_to_degree,2,test-102,4.02535169073515,3.228334903717041
z_cn_to_degree,2,test-103,2.772588722239781,3.228334903717041
z_cn_to_degree,2,test-104,2.1972245773362196,3.7503442764282227
z_cn_to_degree,2,test-105,1.0986122886681098,3.228334903717041
z_cn_to_degree,2,test-106,3.5263605246161616,3.193317174911499
z_cn_to_degree,2,test-107,0.6931471805599453,3.228334903717041
z_cn_to_degree,2,test-108,6.327936783729195,3.504739284515381
z_cn_to_degree,2,test-109,3.58351893845611,3.297498941421509
z_cn_to_degree,2,test-110,2.0794415416798357,3.228334903717041
z_cn_to_degree,2,test-111,2.8903717578961645,3.228334903717041
z_cn_to_degree,2,test-112,5.0106352940962555,3.217480182647705
z_cn_to_degree,2,test-113,3.688879454113936,3.228334903717041
z_cn_to_degree,2,test-114,1.3862943611198906,3.228334903717041
z_cn_to_degree,2,test-115,1.3862943611198906,2.9384524822235107
z_cn_to_degree,2,test-116,7.3395376954076745,6.839457035064697
z_cn_to_degree,2,test-117,4.304065093204169,3.7352688312530518
z_cn_to_degree,2,test-118,3.2188758248682006,3.228334903717041
z_cn_to_degree,2,test-119,6.733401891837358,3.6849582195281982
z_cn_to_degree,2,test-120,2.4849066497880004,3.669111967086792
z_cn_to_degree,2,test-121,2.995732273553991,3.9184718132019043
z_cn_to_degree,2,test-122,3.58351893845611,4.129364490509033
z_cn_to_degree,2,test-123,1.791759469228055,3.6696479320526123
z_cn_to_degree,2,test-124,2.6390573296152584,3.228334903717041
z_cn_to_degree,2,test-125,2.1972245773362196,3.228334903717041
z_cn_to_degree,2,test-126,2.4849066497880004,5.800122261047363
z_cn_to_degree,2,test-127,1.791759469228055,3.228334903717041
z_cn_to_degree,2,test-128,3.6635616461296463,3.228334903717041
z_cn_to_degree,2,test-129,2.5649493574615367,3.228334903717041
z_cn_to_degree,2,test-130,2.995732273553991,4.353723049163818
z_cn_to_degree,2,test-131,3.044522437723423,3.230818748474121
z_cn_to_degree,2,test-132,3.688879454113936,3.228334903717041
z_cn_to_degree,2,test-133,5.560681631015528,3.228334903717041
z_cn_to_degree,2,test-134,2.1972245773362196,3.228334903717041
z_cn_to_degree,2,test-135,2.772588722239781,3.5641510486602783
z_cn_to_degree,2,test-136,3.688879454113936,4.0855536460876465
z_cn_to_degree,2,test-137,2.1972245773362196,3.228334903717041
z_cn_to_degree,2,test-138,4.31748811353631,3.228334903717041
z_cn_to_degree,2,test-139,1.791759469228055,3.228334903717041
z_cn_to_degree,2,test-140,3.332204510175204,3.228334903717041
z_cn_to_degree,2,test-141,4.276666119016055,4.380801200866699
z_cn_to_degree,2,test-142,2.70805020110221,3.228334903717041
z_cn_to_degree,2,test-143,2.0794415416798357,3.228334903717041
z_cn_to_degree,2,test-144,2.772588722239781,3.228334903717041
z_cn_to_degree,2,test-145,4.882801922586371,3.228334903717041
z_cn_to_degree,2,test-146,3.465735902799726,4.21425199508667
z_cn_to_degree,2,test-147,3.332204510175204,3.228334903717041
z_cn_to_degree,2,test-148,6.327936783729195,4.175189018249512
z_cn_to_degree,2,test-149,3.2188758248682006,3.228334903717041
z_cn_to_degree,2,test-150,3.931825632724326,3.228334903717041
z_cn_to_degree,2,test-151,3.295836866004329,3.372361660003662
z_cn_to_degree,2,test-152,3.4011973816621555,3.228334903717041
z_cn_to_degree,2,test-153,4.0943445622221,3.6840462684631348
z_cn_to_degree,2,test-154,2.0794415416798357,3.5588316917419434
z_cn_to_degree,2,test-155,2.3025850929940455,3.228334903717041
z_cn_to_degree,2,test-156,5.4116460518550396,5.014932155609131
z_cn_to_degree,2,test-157,4.564348191467836,3.228334903717041
z_cn_to_degree,2,test-158,0.0,3.228334903717041
z_cn_to_degree,2,test-159,2.70805020110221,3.8953819274902344
z_cn_to_degree,2,test-160,2.9444389791664403,3.228334903717041
z_cn_to_degree,2,test-161,1.3862943611198906,3.228334903717041
z_cn_to_degree,2,test-162,2.8903717578961645,3.30911922454834
z_cn_to_degree,2,test-163,1.791759469228055,3.228334903717041
z_cn_to_degree,2,test-164,5.560681631015528,3.937624454498291
z_cn_to_degree,2,test-165,1.0986122886681098,3.228334903717041
z_cn_to_degree,2,test-166,3.5553480614894135,3.228334903717041
z_cn_to_degree,2,test-167,4.499809670330265,3.228334903717041
z_cn_to_degree,2,test-168,3.5553480614894135,3.998622417449951
z_cn_to_degree,2,test-169,1.791759469228055,3.228334903717041
z_cn_to_degree,2,test-170,2.0794415416798357,3.228334903717041
z_cn_to_degree,2,test-171,5.288267030694535,3.6924893856048584
z_cn_to_degree,2,test-172,1.3862943611198906,3.228334903717041
z_cn_to_degree,2,test-173,2.4849066497880004,3.228334903717041
z_cn_to_degree,2,test-174,3.9120230054281464,3.8344945907592773
z_cn_to_degree,2,test-175,4.499809670330265,4.321664810180664
z_cn_to_degree,2,test-176,4.867534450455582,3.228334903717041
z_cn_to_degree,2,test-177,4.718498871295095,3.228334903717041
z_cn_to_degree,2,test-178,3.465735902799726,3.228334903717041
z_cn_to_degree,2,test-179,1.3862943611198906,3.228334903717041
z_cn_to_degree,2,test-180,3.58351893845611,3.228334903717041
z_cn_to_degree,2,test-181,3.58351893845611,3.228334903717041
z_cn_to_degree,2,test-182,3.465735902799726,3.228334903717041
z_cn_to_degree,2,test-183,0.0,3.228334903717041
z_cn_to_degree,2,test-184,7.24422751560335,4.4539031982421875
z_cn_to_degree,2,test-185,3.332204510175204,3.228334903717041
z_cn_to_degree,2,test-186,3.401197381662155,3.8307814598083496
z_cn_to_degree,2,test-187,3.332204510175204,3.228334903717041
z_cn_to_degree,2,test-188,2.4849066497880004,3.228334903717041
z_cn_to_degree,2,test-189,2.1972245773362196,3.228334903717041
z_cn_to_degree,2,test-190,2.70805020110221,3.7503442764282227
z_cn_to_degree,2,test-191,2.0794415416798357,3.228334903717041
z_cn_to_degree,2,test-192,3.044522437723423,3.0809478759765625
z_cn_to_degree,2,test-193,2.995732273553991,3.228334903717041
z_cn_to_degree,2,test-194,3.58351893845611,3.228334903717041
z_cn_to_degree,2,test-195,4.90527477843843,4.090936660766602
z_cn_to_degree,2,test-196,4.5217885770490405,3.228334903717041
z_cn_to_degree,2,test-197,2.4849066497880004,3.228334903717041
z_cn_to_degree,2,test-198,4.709530201312334,3.228334903717041
z_cn_to_degree,2,test-199,1.0986122886681098,3.228334903717041
z_cn_to_degree,2,test-200,1.0986122886681098,3.228334903717041
z_cn_to_degree,2,test-201,1.0986122886681098,3.228334903717041
z_cn_to_degree,2,test-202,3.044522437723423,3.228334903717041
z_cn_to_degree,2,test-203,2.4849066497880004,3.228334903717041
z_cn_to_degree,2,test-204,2.6390573296152584,3.642333507537842
z_cn_to_degree,2,test-205,2.1972245773362196,3.228334903717041
z_cn_to_degree,2,test-206,3.58351893845611,3.228334903717041
z_cn_to_degree,2,test-207,4.2484952420493585,3.4930551052093506
z_cn_to_degree,2,test-208,4.0943445622221,3.228334903717041
z_cn_to_degree,2,test-209,4.836281906951478,4.158071994781494
z_cn_to_degree,2,test-210,4.976733742420574,4.090936660766602
z_cn_to_degree,2,test-211,3.044522437723423,4.130712985992432
z_cn_to_degree,2,test-212,4.499809670330265,3.228334903717041
z_cn_to_degree,2,test-213,1.3862943611198906,3.228334903717041
z_cn_to_degree,2,test-214,5.560681631015528,4.227571964263916
z_cn_to_degree,2,test-215,2.0794415416798357,3.228334903717041
z_cn_to_degree,2,test-216,0.6931471805599453,3.228334903717041
z_cn_to_degree,2,test-217,1.791759469228055,3.3231863975524902
z_cn_to_degree,2,test-218,3.044522437723423,3.228334903717041
z_cn_to_degree,2,test-219,3.58351893845611,3.228334903717041
z_cn_to_degree,2,test-220,2.70805020110221,3.228334903717041
z_cn_to_degree,2,test-221,2.995732273553991,3.228334903717041
z_cn_to_degree,2,test-222,2.0794415416798357,3.228334903717041
z_cn_to_degree,2,test-223,3.8712010109078907,3.228334903717041
z_cn_to_degree,2,test-224,0.0,3.228334903717041
z_cn_to_degree,2,test-225,3.332204510175204,3.4476096630096436
z_cn_to_degree,2,test-226,2.0794415416798357,3.228334903717041
z_cn_to_degree,2,test-227,2.772588722239781,3.654196262359619
z_cn_to_degree,2,test-228,1.791759469228055,3.228334903717041
z_cn_to_degree,2,test-229,2.1972245773362196,3.228334903717041
z_cn_to_degree,2,test-230,3.401197381662156,3.97926664352417
z_cn_to_degree,2,test-231,4.430816798843313,3.228334903717041
z_cn_to_degree,2,test-232,4.276666119016055,5.326444149017334
z_cn_to_degree,2,test-233,1.791759469228055,3.228334903717041
z_cn_to_degree,2,test-234,3.58351893845611,3.228334903717041
z_cn_to_degree,2,test-235,3.1780538303479453,4.0777812004089355
z_cn_to_degree,2,test-236,2.8903717578961645,3.228334903717041
z_cn_to_degree,2,test-237,3.044522437723423,3.228334903717041
z_cn_to_degree,2,test-238,5.780743515792329,4.375192165374756
z_cn_to_degree,2,test-239,6.327936783729195,5.237281322479248
z_cn_to_degree,2,test-240,0.6931471805599453,3.228334903717041
z_cn_to_degree,2,test-241,2.4849066497880004,3.228334903717041
z_cn_to_degree,2,test-242,2.8903717578961645,3.4477577209472656
z_cn_to_degree,2,test-243,2.1972245773362196,3.3346943855285645
z_cn_to_degree,2,test-244,3.044522437723423,3.228334903717041
z_cn_to_degree,2,test-245,2.70805020110221,3.573744535446167
z_cn_to_degree,2,test-246,4.74493212836325,3.228334903717041
z_cn_to_degree,2,test-247,1.791759469228055,3.228334903717041
z_cn_to_degree,2,test-248,3.8066624897703196,3.228334903717041
z_cn_to_degree,2,test-249,3.951243718581427,3.228334903717041
z_cn_to_degree,2,test-250,1.3862943611198906,3.228334903717041
z_cn_to_degree,2,test-251,4.718498871295095,3.228334903717041
z_cn_to_degree,2,test-252,3.465735902799726,3.228334903717041
z_cn_to_degree,2,test-253,2.70805020110221,3.228334903717041
z_cn_to_degree,2,test-254,2.6390573296152584,3.228334903717041
z_cn_to_degree,2,test-255,5.19295685089021,3.228334903717041
z_cn_to_degree,2,test-256,0.0,3.228334903717041
z_cn_to_degree,2,test-257,5.98141421125448,3.4147701263427734
z_cn_to_degree,2,test-258,3.8712010109078907,4.329716682434082
z_cn_to_degree,2,test-259,2.9957322735539913,3.228334903717041
z_cn_to_degree,2,test-260,1.0986122886681098,3.228334903717041
z_cn_to_degree,2,test-261,3.401197381662155,4.341087341308594
z_cn_to_degree,2,test-262,2.995732273553991,4.6524553298950195
z_cn_to_degree,2,test-263,2.995732273553991,3.228334903717041
z_cn_to_degree,2,test-264,4.1588830833596715,3.228334903717041
z_cn_to_degree,2,test-265,4.31748811353631,3.228334903717041
z_cn_to_degree,2,test-266,1.791759469228055,3.067835569381714
z_cn_to_degree,2,test-267,2.0794415416798357,3.5184104442596436
z_cn_to_degree,2,test-268,2.70805020110221,3.228334903717041
z_cn_to_degree,2,test-269,6.476972362889683,5.142633438110352
z_cn_to_degree,2,test-270,1.791759469228055,3.228334903717041
z_cn_to_degree,2,test-271,3.044522437723423,3.943441867828369
z_cn_to_degree,2,test-272,3.737669618283368,4.964287757873535
z_cn_to_degree,2,test-273,3.1780538303479453,3.6237974166870117
z_cn_to_degree,2,test-274,2.772588722239781,3.4747047424316406
z_cn_to_degree,2,test-275,2.70805020110221,3.228334903717041
z_cn_to_degree,2,test-276,2.0794415416798357,3.228334903717041
z_cn_to_degree,2,test-277,3.332204510175204,3.228334903717041
z_cn_to_degree,2,test-278,5.220355825078324,4.09741735458374
z_cn_to_degree,2,test-279,3.6635616461296463,3.054459571838379
z_cn_to_degree,2,test-280,2.6390573296152584,3.228334903717041
z_cn_to_degree,2,test-281,2.4849066497880004,3.444125175476074
z_cn_to_degree,2,test-282,3.9512437185814275,3.228334903717041
z_cn_to_degree,2,test-283,2.995732273553991,3.228334903717041
z_cn_to_degree,2,test-284,1.6094379124341003,3.228334903717041
z_cn_to_degree,2,test-285,2.70805020110221,3.228334903717041
z_cn_to_degree,2,test-286,6.461468176353717,5.848200798034668
z_cn_to_degree,2,test-287,3.044522437723423,3.228334903717041
z_cn_to_degree,2,test-288,3.4965075614664807,3.553157329559326
z_cn_to_degree,2,test-289,4.499809670330265,4.048480033874512
z_cn_to_degree,2,test-290,2.8903717578961645,2.9665603637695312
z_cn_to_degree,2,test-291,5.60947179518496,4.069241046905518
z_cn_to_degree,2,test-292,5.375278407684165,3.228334903717041
z_cn_to_degree,2,test-293,3.6888794541139367,4.7605390548706055
z_cn_to_degree,2,test-294,2.1972245773362196,3.410266399383545
z_cn_to_degree,2,test-295,2.3025850929940455,2.637547731399536
z_cn_to_degree,2,test-296,3.7376696182833684,3.228334903717041
z_cn_to_degree,2,test-297,2.0794415416798357,3.228334903717041
z_cn_to_degree,2,test-298,1.3862943611198906,3.109409809112549
z_cn_to_degree,2,test-299,3.1780538303479453,3.228334903717041
z_cn_to_degree,2,test-300,2.995732273553991,3.4361257553100586
z_cn_to_degree,2,test-301,1.6094379124341003,3.228334903717041
z_cn_to_degree,2,test-302,2.4849066497880004,3.438652753829956
z_cn_to_degree,2,test-303,2.0794415416798357,3.228334903717041
z_cn_to_degree,2,test-304,4.382026634673881,3.228334903717041
z_cn_to_degree,2,test-305,3.332204510175204,3.096921682357788
z_cn_to_degree,2,test-306,5.556828061699537,4.1863813400268555
z_cn_to_degree,2,test-307,2.0794415416798357,3.228334903717041
z_cn_to_degree,2,test-308,2.0794415416798357,3.0276341438293457
z_cn_to_degree,2,test-309,3.58351893845611,3.8953819274902344
z_cn_to_degree,2,test-310,2.1972245773362196,3.228334903717041
z_cn_to_degree,2,test-311,3.8918202981106265,4.523653507232666
z_cn_to_degree,2,test-312,2.4849066497880004,3.228334903717041
z_cn_to_degree,2,test-313,6.733401891837358,4.3927764892578125
z_cn_to_degree,2,test-314,4.941642422609304,3.712998151779175
z_cn_to_degree,2,test-315,1.9459101490553132,3.228334903717041
z_cn_to_degree,2,test-316,2.8903717578961645,3.425036668777466
z_cn_to_degree,2,test-317,5.4116460518550396,4.549491882324219
z_cn_to_degree,2,test-318,3.332204510175204,3.228334903717041
z_cn_to_degree,2,test-319,6.733401891837358,6.0984296798706055
z_cn_to_degree,2,test-320,2.772588722239781,3.228334903717041
z_cn_to_degree,2,test-321,3.044522437723423,3.228334903717041
z_cn_to_degree,2,test-322,2.995732273553991,3.1602773666381836
z_cn_to_degree,2,test-323,0.6931471805599453,3.228334903717041
z_cn_to_degree,2,test-324,2.4849066497880004,3.228334903717041
z_cn_to_degree,2,test-325,2.772588722239781,3.3224003314971924
z_cn_to_degree,2,test-326,3.091042453358316,3.228334903717041
z_cn_to_degree,2,test-327,3.401197381662156,3.228334903717041
z_cn_to_degree,2,test-328,3.688879454113936,3.228334903717041
z_cn_to_degree,2,test-329,1.6094379124341003,3.228334903717041
z_cn_to_degree,2,test-330,3.5553480614894135,4.185653209686279
z_cn_to_degree,2,test-331,3.8712010109078907,3.228334903717041
z_cn_to_degree,2,test-332,2.70805020110221,3.228334903717041
z_cn_to_degree,2,test-333,2.8903717578961645,3.228334903717041
z_cn_to_degree,2,test-334,2.4849066497880004,3.228334903717041
z_cn_to_degree,2,test-335,4.51085950651685,3.907674551010132
z_cn_to_degree,2,test-336,2.70805020110221,3.228334903717041
z_cn_to_degree,2,test-337,3.044522437723423,3.1372222900390625
z_cn_to_degree,2,test-338,2.4849066497880004,2.9954833984375
z_cn_to_degree,2,test-339,2.772588722239781,4.090936660766602
z_cn_to_degree,2,test-340,4.143134726391533,3.9823708534240723
z_cn_to_degree,2,test-341,3.931825632724326,3.5862631797790527
z_cn_to_degree,2,test-342,2.4849066497880004,3.228334903717041
z_cn_to_degree,2,test-343,4.787491742782047,3.8953819274902344
z_cn_to_degree,2,test-344,1.3862943611198906,3.228334903717041
z_cn_to_degree,2,test-345,3.1780538303479453,3.9418861865997314
z_cn_to_degree,2,test-346,2.4849066497880004,3.8953819274902344
z_cn_to_degree,2,test-347,2.4849066497880004,3.0943281650543213
z_cn_to_degree,2,test-348,2.4849066497880004,3.016160011291504
z_cn_to_degree,2,test-349,3.401197381662155,3.228334903717041
z_cn_to_degree,2,test-350,2.8903717578961645,3.228334903717041
z_cn_to_degree,2,test-351,3.1780538303479453,3.228334903717041
z_cn_to_degree,2,test-352,1.3862943611198906,3.228334903717041
z_cn_to_degree,2,test-353,4.882801922586371,3.476231098175049
z_cn_to_degree,2,test-354,4.23410650459726,3.228334903717041
z_cn_to_degree,2,test-355,5.6937321388027,3.228334903717041
z_cn_to_degree,2,test-356,0.6931471805599453,3.228334903717041
z_cn_to_degree,2,test-357,1.791759469228055,3.228334903717041
z_cn_to_degree,2,test-358,1.791759469228055,3.228334903717041
z_cn_to_degree,2,test-359,5.966146739123692,3.937624454498291
z_cn_to_degree,2,test-360,3.4965075614664807,3.228334903717041
z_cn_to_degree,2,test-361,6.733401891837358,3.899934768676758
z_cn_to_degree,2,test-362,5.272999558563747,3.228334903717041
z_cn_to_degree,2,test-363,3.737669618283368,3.454009771347046
z_cn_to_degree,2,test-364,2.1972245773362196,3.228334903717041
z_cn_to_degree,2,test-365,2.995732273553991,3.228334903717041
z_cn_to_degree,2,test-366,1.3862943611198906,3.228334903717041
z_cn_to_degree,2,test-367,6.327936783729195,3.228334903717041
z_cn_to_degree,2,test-368,4.430816798843313,4.417223930358887
z_cn_to_degree,2,test-369,0.0,3.228334903717041
z_cn_to_degree,2,test-370,2.6390573296152584,3.4343924522399902
z_cn_to_degree,2,test-371,1.6094379124341003,3.228334903717041
z_cn_to_degree,2,test-372,2.4849066497880004,4.0777812004089355
z_cn_to_degree,2,test-373,3.465735902799726,3.228334903717041
z_cn_to_degree,2,test-374,2.772588722239781,3.044135808944702
z_cn_to_degree,2,test-375,2.70805020110221,2.974599838256836
z_cn_to_degree,2,test-376,4.74493212836325,3.7470126152038574
z_cn_to_degree,2,test-377,2.4849066497880004,3.228334903717041
z_cn_to_degree,2,test-378,3.332204510175204,3.228334903717041
z_cn_to_degree,2,test-379,2.4849066497880004,3.228334903717041
z_cn_to_degree,2,test-380,2.8903717578961645,3.6409995555877686
z_cn_to_degree,2,test-381,2.3025850929940455,3.8953819274902344
z_cn_to_degree,2,test-382,1.791759469228055,3.228334903717041
z_cn_to_degree,2,test-383,0.6931471805599453,3.228334903717041
z_cn_to_degree,2,test-384,4.276666119016055,3.228334903717041
z_cn_to_degree,2,test-385,1.791759469228055,3.228334903717041
z_cn_to_degree,2,test-386,1.791759469228055,3.228334903717041
z_cn_to_degree,2,test-387,2.0794415416798357,3.7411489486694336
z_cn_to_degree,2,test-388,2.995732273553991,3.8986990451812744
z_cn_to_degree,2,test-389,2.0794415416798357,3.228334903717041
z_cn_to_degree,2,test-390,3.044522437723423,2.939075469970703
z_cn_to_degree,2,test-391,2.995732273553991,3.6237974166870117
z_cn_to_degree,2,test-392,0.0,3.228334903717041
z_cn_to_degree,2,test-393,1.3862943611198906,3.228334903717041
z_cn_to_degree,2,test-394,2.3025850929940455,3.228334903717041
z_cn_to_degree,2,test-395,3.295836866004329,3.3591508865356445
z_cn_to_degree,2,test-396,1.791759469228055,3.228334903717041
z_cn_to_degree,2,test-397,3.4011973816621555,3.228334903717041
z_cn_to_degree,2,test-398,2.4849066497880004,3.228334903717041
z_cn_to_degree,2,test-399,2.995732273553991,3.228334903717041
z_cn_to_degree,2,test-400,2.0794415416798357,4.994818210601807
z_cn_to_degree,2,test-401,2.0794415416798357,3.181425094604492
z_cn_to_degree,2,test-402,3.1780538303479453,3.3872039318084717
z_cn_to_degree,2,test-403,3.828641396489095,3.228334903717041
z_cn_to_degree,2,test-404,4.90527477843843,3.998622417449951
z_cn_to_degree,2,test-405,1.791759469228055,3.228334903717041
z_cn_to_degree,2,test-406,3.401197381662155,3.228334903717041
z_cn_to_degree,2,test-407,1.3862943611198906,3.481025457382202
z_cn_to_degree,2,test-408,2.8903717578961645,3.228334903717041
z_cn_to_degree,2,test-409,4.276666119016055,3.647942066192627
z_cn_to_degree,2,test-410,0.6931471805599453,3.228334903717041
z_cn_to_degree,2,test-411,3.5553480614894135,3.228334903717041
z_cn_to_degree,2,test-412,2.8903717578961645,4.249876976013184
z_cn_to_degree,2,test-413,3.332204510175204,4.038735389709473
z_cn_to_degree,2,test-414,5.342334251964811,4.186500549316406
z_cn_to_degree,2,test-415,2.890371757896165,3.9714035987854004
z_cn_to_degree,2,test-416,3.401197381662155,3.6644127368927
z_cn_to_degree,2,test-417,3.091042453358316,3.228334903717041
z_cn_to_degree,2,test-418,2.995732273553991,3.228334903717041
z_cn_to_degree,2,test-419,3.401197381662155,3.806901454925537
z_cn_to_degree,2,test-420,4.787491742782046,3.228334903717041
z_cn_to_degree,2,test-421,4.430816798843313,3.228334903717041
z_cn_to_degree,2,test-422,2.8903717578961645,3.030442953109741
z_cn_to_degree,2,test-423,2.0794415416798357,3.228334903717041
z_cn_to_degree,2,test-424,3.1780538303479458,3.793682813644409
z_cn_to_degree,2,test-425,1.9459101490553132,3.228334903717041
z_cn_to_degree,2,test-426,2.995732273553991,3.4879226684570312
z_cn_to_degree,2,test-427,2.1972245773362196,3.228334903717041
z_cn_to_degree,2,test-428,1.3862943611198906,3.481025457382202
z_cn_to_degree,2,test-429,3.401197381662156,3.228334903717041
z_cn_to_degree,2,test-430,3.332204510175204,3.228334903717041
z_cn_to_degree,2,test-431,2.0794415416798357,3.228334903717041
z_cn_to_degree,2,test-432,2.4849066497880004,3.228334903717041
z_cn_to_degree,2,test-433,3.6888794541139367,3.052579879760742
z_cn_to_degree,2,test-434,2.70805020110221,4.139123916625977
z_cn_to_degree,2,test-435,2.4849066497880004,3.2619638442993164
z_cn_to_degree,2,test-436,4.718498871295095,3.228334903717041
z_cn_to_degree,2,test-437,5.634789603169249,4.362587928771973
z_cn_to_degree,2,test-438,4.68213122712422,3.228334903717041
z_cn_to_degree,2,test-439,1.791759469228055,3.228334903717041
z_cn_to_degree,2,test-440,3.9889840465642745,4.360066890716553
z_cn_to_degree,2,test-441,6.327936783729195,4.999024868011475
z_cn_to_degree,2,test-442,3.044522437723423,3.9040167331695557
z_cn_to_degree,2,test-443,2.70805020110221,3.437283754348755
z_cn_to_degree,2,test-444,1.0986122886681098,3.228334903717041
z_cn_to_degree,2,test-445,2.995732273553991,3.5937180519104004
z_cn_to_degree,2,test-446,2.772588722239781,4.17057991027832
z_cn_to_degree,2,test-447,2.995732273553991,4.655240058898926
z_cn_to_degree,2,test-448,1.791759469228055,3.228334903717041
z_cn_to_degree,2,test-449,1.3862943611198906,3.481025457382202
z_cn_to_degree,2,test-450,2.4849066497880004,4.001360893249512
z_cn_to_degree,2,test-451,7.50659178007084,3.899934768676758
z_cn_to_degree,2,test-452,3.951243718581427,3.228334903717041
z_cn_to_degree,2,test-453,3.5553480614894135,6.006048202514648
z_cn_to_degree,2,test-454,2.70805020110221,3.228334903717041
z_cn_to_degree,2,test-455,3.258096538021482,3.288804531097412
z_cn_to_degree,2,test-456,5.634789603169249,3.228334903717041
z_cn_to_degree,2,test-457,0.6931471805599453,3.228334903717041
z_cn_to_degree,2,test-458,2.772588722239781,3.228334903717041
z_cn_to_degree,2,test-459,3.401197381662156,3.3097221851348877
z_cn_to_degree,2,test-460,2.995732273553991,3.990797519683838
z_cn_to_degree,2,test-461,3.044522437723423,3.8953819274902344
z_cn_to_degree,2,test-462,2.1972245773362196,3.228334903717041
z_cn_to_degree,2,test-463,1.791759469228055,2.8158621788024902
z_cn_to_degree,2,test-464,3.1780538303479458,3.8953819274902344
z_cn_to_degree,2,test-465,2.1972245773362196,3.228334903717041
z_cn_to_degree,2,test-466,3.401197381662155,4.069439888000488
z_cn_to_degree,2,test-467,6.327936783729195,5.638666152954102
z_cn_to_degree,2,test-468,2.995732273553991,3.228334903717041
z_cn_to_degree,2,test-469,3.044522437723423,3.228334903717041
z_cn_to_degree,2,test-470,1.0986122886681098,3.228334903717041
z_cn_to_degree,2,test-471,3.401197381662155,2.974138021469116
z_cn_to_degree,2,test-472,2.3025850929940455,3.228334903717041
z_cn_to_degree,2,test-473,6.040254711277414,2.993825912475586
z_cn_to_degree,2,test-474,4.90527477843843,3.918705940246582
z_cn_to_degree,2,test-475,2.1972245773362196,3.410266399383545
z_cn_to_degree,2,test-476,2.0794415416798357,3.228334903717041
z_cn_to_degree,2,test-477,2.8903717578961645,3.228334903717041
z_cn_to_degree,2,test-478,3.1780538303479453,3.3146815299987793
z_cn_to_degree,2,test-479,2.995732273553991,3.6037001609802246
z_cn_to_degree,2,test-480,4.276666119016055,4.144158840179443
z_cn_to_degree,2,test-481,2.4849066497880004,3.228334903717041
z_cn_to_degree,2,test-482,3.295836866004329,4.090936660766602
z_cn_to_degree,2,test-483,3.1780538303479453,3.252575635910034
z_cn_to_degree,2,test-484,2.0794415416798357,3.228334903717041
z_cn_to_degree,2,test-485,3.332204510175204,3.228334903717041
z_cn_to_degree,2,test-486,1.3862943611198906,3.228334903717041
z_cn_to_degree,2,test-487,4.356708826689592,3.228334903717041
z_cn_to_degree,2,test-488,2.0794415416798357,3.228334903717041
z_cn_to_degree,2,test-489,2.9957322735539913,3.228334903717041
z_cn_to_degree,2,test-490,0.6931471805599453,3.228334903717041
z_cn_to_degree,2,test-491,2.0794415416798357,3.228334903717041
z_cn_to_degree,2,test-492,4.31748811353631,5.409402847290039
z_cn_to_degree,2,test-493,3.58351893845611,3.923875570297241
z_cn_to_degree,2,test-494,0.0,3.228334903717041
z_cn_to_degree,2,test-495,5.272999558563747,3.228334903717041
z_cn_to_degree,2,test-496,1.791759469228055,3.228334903717041
z_cn_to_degree,2,test-497,3.7376696182833684,3.5084829330444336
z_cn_to_degree,2,test-498,2.4849066497880004,3.228334903717041
z_cn_to_degree,2,test-499,3.8712010109078907,3.228334903717041
z_cn_to_degree,2,test-500,6.040254711277414,3.228334903717041
z_cn_to_degree,2,test-501,3.332204510175204,3.768761157989502
z_cn_to_degree,2,test-502,3.332204510175204,3.623460292816162
z_cn_to_degree,2,test-503,4.700480365792417,5.473842620849609
z_cn_to_degree,2,test-504,4.499809670330265,3.228334903717041
z_cn_to_degree,2,test-505,2.1972245773362196,3.031630754470825
z_cn_to_degree,2,test-506,3.688879454113936,3.228334903717041
z_cn_to_degree,2,test-507,2.6390573296152584,3.228334903717041
z_cn_to_degree,2,test-508,4.276666119016055,3.228334903717041
z_cn_to_degree,2,test-509,3.8712010109078907,3.553157329559326
z_cn_to_degree,2,test-510,4.442651256490317,3.9727797508239746
z_cn_to_degree,2,test-511,5.634789603169249,3.228334903717041
z_residual_to_degree,2,test-0,4.6443908991413725,3.425621747970581
z_residual_to_degree,2,test-1,3.9889840465642745,3.6620657444000244
z_residual_to_degree,2,test-2,4.584967478670571,3.3340682983398438
z_residual_to_degree,2,test-3,3.1780538303479453,3.3456685543060303
z_residual_to_degree,2,test-4,4.77912349311153,3.3168387413024902
z_residual_to_degree,2,test-5,3.8066624897703196,3.7424895763397217
z_residual_to_degree,2,test-6,5.966146739123692,3.552496910095215
z_residual_to_degree,2,test-7,3.6635616461296463,2.2511606216430664
z_residual_to_degree,2,test-8,3.044522437723423,3.76564621925354
z_residual_to_degree,2,test-9,3.6888794541139367,4.677931785583496
z_residual_to_degree,2,test-10,3.401197381662155,3.574091911315918
z_residual_to_degree,2,test-11,3.9120230054281464,3.6771240234375
z_residual_to_degree,2,test-12,0.6931471805599453,2.2004287242889404
z_residual_to_degree,2,test-13,4.74493212836325,3.5561883449554443
z_residual_to_degree,2,test-14,4.0943445622221,3.8839399814605713
z_residual_to_degree,2,test-15,1.791759469228055,3.422755002975464
z_residual_to_degree,2,test-16,4.394449154672439,4.034094333648682
z_residual_to_degree,2,test-17,4.718498871295095,4.022984504699707
z_residual_to_degree,2,test-18,0.6931471805599453,1.8035051822662354
z_residual_to_degree,2,test-19,3.044522437723423,4.850640296936035
z_residual_to_degree,2,test-20,3.1780538303479458,3.606707811355591
z_residual_to_degree,2,test-21,3.465735902799726,3.504469633102417
z_residual_to_degree,2,test-22,3.401197381662155,3.66328763961792
z_residual_to_degree,2,test-23,1.0986122886681098,1.460339069366455
z_residual_to_degree,2,test-24,3.5553480614894135,2.8814218044281006
z_residual_to_degree,2,test-25,4.189654742026425,2.0545835494995117
z_residual_to_degree,2,test-26,2.3025850929940455,2.8423948287963867
z_residual_to_degree,2,test-27,3.465735902799726,3.7398791313171387
z_residual_to_degree,2,test-28,2.8903717578961645,3.76147198677063
z_residual_to_degree,2,test-29,3.688879454113936,3.5381758213043213
z_residual_to_degree,2,test-30,4.882801922586371,3.6573877334594727
z_residual_to_degree,2,test-31,4.553876891600541,3.7128777503967285
z_residual_to_degree,2,test-32,3.58351893845611,3.5860564708709717
z_residual_to_degree,2,test-33,3.58351893845611,3.569183111190796
z_residual_to_degree,2,test-34,3.1780538303479453,3.1540796756744385
z_residual_to_degree,2,test-35,2.772588722239781,2.973639726638794
z_residual_to_degree,2,test-36,1.3862943611198906,3.156385898590088
z_residual_to_degree,2,test-37,2.3025850929940455,2.7098121643066406
z_residual_to_degree,2,test-38,3.9889840465642745,3.7469229698181152
z_residual_to_degree,2,test-39,1.791759469228055,4.29695463180542
z_residual_to_degree,2,test-40,3.951243718581427,2.918034315109253
z_residual_to_degree,2,test-41,3.6888794541139367,3.3816049098968506
z_residual_to_degree,2,test-42,6.040254711277414,4.190310001373291
z_residual_to_degree,2,test-43,2.4849066497880004,3.7461538314819336
z_residual_to_degree,2,test-44,3.1780538303479453,3.433209180831909
z_residual_to_degree,2,test-45,0.6931471805599453,1.0861046314239502
z_residual_to_degree,2,test-46,4.941642422609304,3.60703706741333
z_residual_to_degree,2,test-47,0.0,2.0869598388671875
z_residual_to_degree,2,test-48,2.8903717578961645,3.77817440032959
z_residual_to_degree,2,test-49,6.040254711277414,4.246401309967041
z_residual_to_degree,2,test-50,3.332204510175204,3.4935731887817383
z_residual_to_degree,2,test-51,2.995732273553991,3.2653329372406006
z_residual_to_degree,2,test-52,6.327936783729195,4.275794982910156
z_residual_to_degree,2,test-53,2.8903717578961645,3.4874346256256104
z_residual_to_degree,2,test-54,2.6390573296152584,2.921076774597168
z_residual_to_degree,2,test-55,4.927253685157204,3.4668080806732178
z_residual_to_degree,2,test-56,2.70805020110221,3.6341145038604736
z_residual_to_degree,2,test-57,5.272999558563747,3.474820137023926
z_residual_to_degree,2,test-58,3.9889840465642745,3.4585413932800293
z_residual_to_degree,2,test-59,2.0794415416798357,3.6012320518493652
z_residual_to_degree,2,test-60,4.7535901911063645,3.578216552734375
z_residual_to_degree,2,test-61,2.1972245773362196,1.2810943126678467
z_residual_to_degree,2,test-62,2.3978952727983707,4.108462810516357
z_residual_to_degree,2,test-63,1.3862943611198906,3.919982671737671
z_residual_to_degree,2,test-64,3.58351893845611,3.659475326538086
z_residual_to_degree,2,test-65,2.8903717578961645,3.411681890487671
z_residual_to_degree,2,test-66,2.4849066497880004,3.6038899421691895
z_residual_to_degree,2,test-67,2.4849066497880004,2.8324456214904785
z_residual_to_degree,2,test-68,4.90527477843843,4.044034957885742
z_residual_to_degree,2,test-69,3.2188758248682006,3.251488447189331
z_residual_to_degree,2,test-70,2.995732273553991,3.2722644805908203
z_residual_to_degree,2,test-71,4.0943445622221,3.519247055053711
z_residual_to_degree,2,test-72,1.791759469228055,3.3294384479522705
z_residual_to_degree,2,test-73,3.951243718581427,3.4120492935180664
z_residual_to_degree,2,test-74,2.70805020110221,4.047859191894531
z_residual_to_degree,2,test-75,3.044522437723423,3.1181201934814453
z_residual_to_degree,2,test-76,1.0986122886681098,2.0314013957977295
z_residual_to_degree,2,test-77,3.044522437723423,3.2857909202575684
z_residual_to_degree,2,test-78,1.3862943611198906,2.488109588623047
z_residual_to_degree,2,test-79,1.791759469228055,3.7416486740112305
z_residual_to_degree,2,test-80,3.688879454113936,3.196042060852051
z_residual_to_degree,2,test-81,3.58351893845611,3.3304107189178467
z_residual_to_degree,2,test-82,3.465735902799726,3.6319594383239746
z_residual_to_degree,2,test-83,4.025351690735149,4.140091419219971
z_residual_to_degree,2,test-84,4.718498871295094,3.236388921737671
z_residual_to_degree,2,test-85,3.9889840465642745,3.4981045722961426
z_residual_to_degree,2,test-86,3.332204510175204,3.4819788932800293
z_residual_to_degree,2,test-87,2.70805020110221,3.9612772464752197
z_residual_to_degree,2,test-88,2.6390573296152584,2.872058391571045
z_residual_to_degree,2,test-89,3.332204510175204,3.7157821655273438
z_residual_to_degree,2,test-90,2.4849066497880004,3.8229258060455322
z_residual_to_degree,2,test-91,2.0794415416798357,3.7570254802703857
z_residual_to_degree,2,test-92,3.1780538303479453,3.333529233932495
z_residual_to_degree,2,test-93,5.272999558563747,4.28786039352417
z_residual_to_degree,2,test-94,2.4849066497880004,2.237799882888794
z_residual_to_degree,2,test-95,3.401197381662156,3.650402069091797
z_residual_to_degree,2,test-96,7.50659178007084,4.297208309173584
z_residual_to_degree,2,test-97,4.465908118654584,3.991158962249756
z_residual_to_degree,2,test-98,2.3025850929940455,3.326404333114624
z_residual_to_degree,2,test-99,2.70805020110221,3.2887213230133057
z_residual_to_degree,2,test-100,3.58351893845611,3.438389778137207
z_residual_to_degree,2,test-101,2.70805020110221,3.2215394973754883
z_residual_to_degree,2,test-102,4.02535169073515,2.6957035064697266
z_residual_to_degree,2,test-103,2.772588722239781,3.381014823913574
z_residual_to_degree,2,test-104,2.1972245773362196,3.553072929382324
z_residual_to_degree,2,test-105,1.0986122886681098,3.038820743560791
z_residual_to_degree,2,test-106,3.5263605246161616,2.965867042541504
z_residual_to_degree,2,test-107,0.6931471805599453,1.6529483795166016
z_residual_to_degree,2,test-108,6.327936783729195,3.4359540939331055
z_residual_to_degree,2,test-109,3.58351893845611,3.2121970653533936
z_residual_to_degree,2,test-110,2.0794415416798357,3.7078771591186523
z_residual_to_degree,2,test-111,2.8903717578961645,0.844627857208252
z_residual_to_degree,2,test-112,5.0106352940962555,3.651543617248535
z_residual_to_degree,2,test-113,3.688879454113936,3.4311559200286865
z_residual_to_degree,2,test-114,1.3862943611198906,1.4499263763427734
z_residual_to_degree,2,test-115,1.3862943611198906,3.2377429008483887
z_residual_to_degree,2,test-116,7.3395376954076745,4.079205513000488
z_residual_to_degree,2,test-117,4.304065093204169,3.9837512969970703
z_residual_to_degree,2,test-118,3.2188758248682006,4.426446437835693
z_residual_to_degree,2,test-119,6.733401891837358,3.369915723800659
z_residual_to_degree,2,test-120,2.4849066497880004,3.286517858505249
z_residual_to_degree,2,test-121,2.995732273553991,3.843834161758423
z_residual_to_degree,2,test-122,3.58351893845611,3.5110371112823486
z_residual_to_degree,2,test-123,1.791759469228055,3.5788934230804443
z_residual_to_degree,2,test-124,2.6390573296152584,3.8551042079925537
z_residual_to_degree,2,test-125,2.1972245773362196,3.8233931064605713
z_residual_to_degree,2,test-126,2.4849066497880004,3.559103012084961
z_residual_to_degree,2,test-127,1.791759469228055,2.466965913772583
z_residual_to_degree,2,test-128,3.6635616461296463,3.203420877456665
z_residual_to_degree,2,test-129,2.5649493574615367,3.0566117763519287
z_residual_to_degree,2,test-130,2.995732273553991,3.5034446716308594
z_residual_to_degree,2,test-131,3.044522437723423,3.2158148288726807
z_residual_to_degree,2,test-132,3.688879454113936,3.404787540435791
z_residual_to_degree,2,test-133,5.560681631015528,3.6744329929351807
z_residual_to_degree,2,test-134,2.1972245773362196,3.0196785926818848
z_residual_to_degree,2,test-135,2.772588722239781,3.288344144821167
z_residual_to_degree,2,test-136,3.688879454113936,3.1351044178009033
z_residual_to_degree,2,test-137,2.1972245773362196,2.3920774459838867
z_residual_to_degree,2,test-138,4.31748811353631,3.496673107147217
z_residual_to_degree,2,test-139,1.791759469228055,3.9732894897460938
z_residual_to_degree,2,test-140,3.332204510175204,2.9094200134277344
z_residual_to_degree,2,test-141,4.276666119016055,3.4594550132751465
z_residual_to_degree,2,test-142,2.70805020110221,4.13038969039917
z_residual_to_degree,2,test-143,2.0794415416798357,2.8924989700317383
z_residual_to_degree,2,test-144,2.772588722239781,3.996515989303589
z_residual_to_degree,2,test-145,4.882801922586371,3.931922435760498
z_residual_to_degree,2,test-146,3.465735902799726,3.451666831970215
z_residual_to_degree,2,test-147,3.332204510175204,4.193252086639404
z_residual_to_degree,2,test-148,6.327936783729195,4.633231163024902
z_residual_to_degree,2,test-149,3.2188758248682006,3.563768148422241
z_residual_to_degree,2,test-150,3.931825632724326,3.416323661804199
z_residual_to_degree,2,test-151,3.295836866004329,2.9366455078125
z_residual_to_degree,2,test-152,3.4011973816621555,3.1232259273529053
z_residual_to_degree,2,test-153,4.0943445622221,3.981271982192993
z_residual_to_degree,2,test-154,2.0794415416798357,3.4192521572113037
z_residual_to_degree,2,test-155,2.3025850929940455,3.7430436611175537
z_residual_to_degree,2,test-156,5.4116460518550396,3.5131163597106934
z_residual_to_degree,2,test-157,4.564348191467836,2.6196720600128174
z_residual_to_degree,2,test-158,0.0,1.454010009765625
z_residual_to_degree,2,test-159,2.70805020110221,3.9927313327789307
z_residual_to_degree,2,test-160,2.9444389791664403,3.3137800693511963
z_residual_to_degree,2,test-161,1.3862943611198906,3.896821975708008
z_residual_to_degree,2,test-162,2.8903717578961645,3.3652048110961914
z_residual_to_degree,2,test-163,1.791759469228055,3.6578261852264404
z_residual_to_degree,2,test-164,5.560681631015528,3.671297311782837
z_residual_to_degree,2,test-165,1.0986122886681098,1.601981282234192
z_residual_to_degree,2,test-166,3.5553480614894135,3.9573559761047363
z_residual_to_degree,2,test-167,4.499809670330265,3.656428337097168
z_residual_to_degree,2,test-168,3.5553480614894135,3.5147111415863037
z_residual_to_degree,2,test-169,1.791759469228055,4.050224304199219
z_residual_to_degree,2,test-170,2.0794415416798357,3.5700631141662598
z_residual_to_degree,2,test-171,5.288267030694535,3.878711462020874
z_residual_to_degree,2,test-172,1.3862943611198906,3.429314136505127
z_residual_to_degree,2,test-173,2.4849066497880004,3.591064691543579
z_residual_to_degree,2,test-174,3.9120230054281464,2.8945181369781494
z_residual_to_degree,2,test-175,4.499809670330265,3.5174806118011475
z_residual_to_degree,2,test-176,4.867534450455582,4.598540306091309
z_residual_to_degree,2,test-177,4.718498871295095,3.8982911109924316
z_residual_to_degree,2,test-178,3.465735902799726,3.9470150470733643
z_residual_to_degree,2,test-179,1.3862943611198906,1.942487120628357
z_residual_to_degree,2,test-180,3.58351893845611,3.2959961891174316
z_residual_to_degree,2,test-181,3.58351893845611,3.284698009490967
z_residual_to_degree,2,test-182,3.465735902799726,4.172364234924316
z_residual_to_degree,2,test-183,0.0,1.2384095191955566
z_residual_to_degree,2,test-184,7.24422751560335,4.1294426918029785
z_residual_to_degree,2,test-185,3.332204510175204,2.904346227645874
z_residual_to_degree,2,test-186,3.401197381662155,3.0008814334869385
z_residual_to_degree,2,test-187,3.332204510175204,3.962446928024292
z_residual_to_degree,2,test-188,2.4849066497880004,3.335832357406616
z_residual_to_degree,2,test-189,2.1972245773362196,3.26729416847229
z_residual_to_degree,2,test-190,2.70805020110221,3.4380478858947754
z_residual_to_degree,2,test-191,2.0794415416798357,4.026810646057129
z_residual_to_degree,2,test-192,3.044522437723423,2.8908891677856445
z_residual_to_degree,2,test-193,2.995732273553991,3.7570440769195557
z_residual_to_degree,2,test-194,3.58351893845611,3.6178207397460938
z_residual_to_degree,2,test-195,4.90527477843843,4.459188461303711
z_residual_to_degree,2,test-196,4.5217885770490405,3.4721169471740723
z_residual_to_degree,2,test-197,2.4849066497880004,3.713606595993042
z_residual_to_degree,2,test-198,4.709530201312334,3.7018442153930664
z_residual_to_degree,2,test-199,1.0986122886681098,2.9952244758605957
z_residual_to_degree,2,test-200,1.0986122886681098,3.447571039199829
z_residual_to_degree,2,test-201,1.0986122886681098,2.414679527282715
z_residual_to_degree,2,test-202,3.044522437723423,2.8718385696411133
z_residual_to_degree,2,test-203,2.4849066497880004,5.769186973571777
z_residual_to_degree,2,test-204,2.6390573296152584,3.6997056007385254
z_residual_to_degree,2,test-205,2.1972245773362196,4.083391189575195
z_residual_to_degree,2,test-206,3.58351893845611,3.9999654293060303
z_residual_to_degree,2,test-207,4.2484952420493585,3.2370283603668213
z_residual_to_degree,2,test-208,4.0943445622221,3.4524502754211426
z_residual_to_degree,2,test-209,4.836281906951478,3.4235849380493164
z_residual_to_degree,2,test-210,4.976733742420574,3.6587159633636475
z_residual_to_degree,2,test-211,3.044522437723423,3.369372606277466
z_residual_to_degree,2,test-212,4.499809670330265,3.970973014831543
z_residual_to_degree,2,test-213,1.3862943611198906,2.342900276184082
z_residual_to_degree,2,test-214,5.560681631015528,3.48819637298584
z_residual_to_degree,2,test-215,2.0794415416798357,4.15766716003418
z_residual_to_degree,2,test-216,0.6931471805599453,0.9292936325073242
z_residual_to_degree,2,test-217,1.791759469228055,3.9701383113861084
z_residual_to_degree,2,test-218,3.044522437723423,3.5134360790252686
z_residual_to_degree,2,test-219,3.58351893845611,3.128147840499878
z_residual_to_degree,2,test-220,2.70805020110221,4.063499450683594
z_residual_to_degree,2,test-221,2.995732273553991,3.228065013885498
z_residual_to_degree,2,test-222,2.0794415416798357,3.0210118293762207
z_residual_to_degree,2,test-223,3.8712010109078907,3.5476746559143066
z_residual_to_degree,2,test-224,0.0,1.1688189506530762
z_residual_to_degree,2,test-225,3.332204510175204,2.947477340698242
z_residual_to_degree,2,test-226,2.0794415416798357,3.7274281978607178
z_residual_to_degree,2,test-227,2.772588722239781,3.1044201850891113
z_residual_to_degree,2,test-228,1.791759469228055,3.1674976348876953
z_residual_to_degree,2,test-229,2.1972245773362196,3.224640130996704
z_residual_to_degree,2,test-230,3.401197381662156,3.27177095413208
z_residual_to_degree,2,test-231,4.430816798843313,3.4182510375976562
z_residual_to_degree,2,test-232,4.276666119016055,4.065687656402588
z_residual_to_degree,2,test-233,1.791759469228055,2.8794357776641846
z_residual_to_degree,2,test-234,3.58351893845611,2.9242329597473145
z_residual_to_degree,2,test-235,3.1780538303479453,3.6024787425994873
z_residual_to_degree,2,test-236,2.8903717578961645,3.9315521717071533
z_residual_to_degree,2,test-237,3.044522437723423,2.829897165298462
z_residual_to_degree,2,test-238,5.780743515792329,4.389067649841309
z_residual_to_degree,2,test-239,6.327936783729195,4.15487003326416
z_residual_to_degree,2,test-240,0.6931471805599453,0.9000363349914551
z_residual_to_degree,2,test-241,2.4849066497880004,3.0126523971557617
z_residual_to_degree,2,test-242,2.8903717578961645,3.4648518562316895
z_residual_to_degree,2,test-243,2.1972245773362196,3.566669225692749
z_residual_to_degree,2,test-244,3.044522437723423,3.810396432876587
z_residual_to_degree,2,test-245,2.70805020110221,3.2668676376342773
z_residual_to_degree,2,test-246,4.74493212836325,3.4793527126312256
z_residual_to_degree,2,test-247,1.791759469228055,4.613872528076172
z_residual_to_degree,2,test-248,3.8066624897703196,3.7385802268981934
z_residual_to_degree,2,test-249,3.951243718581427,3.5478639602661133
z_residual_to_degree,2,test-250,1.3862943611198906,2.117936134338379
z_residual_to_degree,2,test-251,4.718498871295095,4.469541072845459
z_residual_to_degree,2,test-252,3.465735902799726,3.6493630409240723
z_residual_to_degree,2,test-253,2.70805020110221,3.051544666290283
z_residual_to_degree,2,test-254,2.6390573296152584,3.603437900543213
z_residual_to_degree,2,test-255,5.19295685089021,3.4152138233184814
z_residual_to_degree,2,test-256,0.0,2.638383626937866
z_residual_to_degree,2,test-257,5.98141421125448,4.065622329711914
z_residual_to_degree,2,test-258,3.8712010109078907,3.2235047817230225
z_residual_to_degree,2,test-259,2.9957322735539913,3.955747127532959
z_residual_to_degree,2,test-260,1.0986122886681098,3.731269598007202
z_residual_to_degree,2,test-261,3.401197381662155,4.0802741050720215
z_residual_to_degree,2,test-262,2.995732273553991,3.4253451824188232
z_residual_to_degree,2,test-263,2.995732273553991,2.9325177669525146
z_residual_to_degree,2,test-264,4.1588830833596715,3.308032274246216
z_residual_to_degree,2,test-265,4.31748811353631,4.643239498138428
z_residual_to_degree,2,test-266,1.791759469228055,3.0589237213134766
z_residual_to_degree,2,test-267,2.0794415416798357,3.732050895690918
z_residual_to_degree,2,test-268,2.70805020110221,3.4922831058502197
z_residual_to_degree,2,test-269,6.476972362889683,3.3990049362182617
z_residual_to_degree,2,test-270,1.791759469228055,3.3956081867218018
z_residual_to_degree,2,test-271,3.044522437723423,3.3364415168762207
z_residual_to_degree,2,test-272,3.737669618283368,4.02640438079834
z_residual_to_degree,2,test-273,3.1780538303479453,3.2376768589019775
z_residual_to_degree,2,test-274,2.772588722239781,3.6059043407440186
z_residual_to_degree,2,test-275,2.70805020110221,3.356477975845337
z_residual_to_degree,2,test-276,2.0794415416798357,2.3817837238311768
z_residual_to_degree,2,test-277,3.332204510175204,4.753374099731445
z_residual_to_degree,2,test-278,5.220355825078324,3.4495580196380615
z_residual_to_degree,2,test-279,3.6635616461296463,3.7480645179748535
z_residual_to_degree,2,test-280,2.6390573296152584,2.4492647647857666
z_residual_to_degree,2,test-281,2.4849066497880004,3.036569833755493
z_residual_to_degree,2,test-282,3.9512437185814275,3.3439674377441406
z_residual_to_degree,2,test-283,2.995732273553991,3.641326427459717
z_residual_to_degree,2,test-284,1.6094379124341003,3.0347297191619873
z_residual_to_degree,2,test-285,2.70805020110221,2.857449531555176
z_residual_to_degree,2,test-286,6.461468176353717,3.484246253967285
z_residual_to_degree,2,test-287,3.044522437723423,2.8350186347961426
z_residual_to_degree,2,test-288,3.4965075614664807,3.662153482437134
z_residual_to_degree,2,test-289,4.499809670330265,3.317056179046631
z_residual_to_degree,2,test-290,2.8903717578961645,3.073225259780884
z_residual_to_degree,2,test-291,5.60947179518496,3.902068853378296
z_residual_to_degree,2,test-292,5.375278407684165,4.338614463806152
z_residual_to_degree,2,test-293,3.6888794541139367,3.789374351501465
z_residual_to_degree,2,test-294,2.1972245773362196,3.8224313259124756
z_residual_to_degree,2,test-295,2.3025850929940455,3.0843851566314697
z_residual_to_degree,2,test-296,3.7376696182833684,4.973094940185547
z_residual_to_degree,2,test-297,2.0794415416798357,3.2400190830230713
z_residual_to_degree,2,test-298,1.3862943611198906,3.0663139820098877
z_residual_to_degree,2,test-299,3.1780538303479453,3.906966209411621
z_residual_to_degree,2,test-300,2.995732273553991,3.6466050148010254
z_residual_to_degree,2,test-301,1.6094379124341003,3.454864025115967
z_residual_to_degree,2,test-302,2.4849066497880004,3.3823726177215576
z_residual_to_degree,2,test-303,2.0794415416798357,4.070431709289551
z_residual_to_degree,2,test-304,4.382026634673881,3.7904224395751953
z_residual_to_degree,2,test-305,3.332204510175204,2.8978371620178223
z_residual_to_degree,2,test-306,5.556828061699537,3.439342498779297
z_residual_to_degree,2,test-307,2.0794415416798357,3.3149852752685547
z_residual_to_degree,2,test-308,2.0794415416798357,2.9151930809020996
z_residual_to_degree,2,test-309,3.58351893845611,4.245755195617676
z_residual_to_degree,2,test-310,2.1972245773362196,3.939919948577881
z_residual_to_degree,2,test-311,3.8918202981106265,3.516963005065918
z_residual_to_degree,2,test-312,2.4849066497880004,2.9626288414001465
z_residual_to_degree,2,test-313,6.733401891837358,4.534562587738037
z_residual_to_degree,2,test-314,4.941642422609304,3.4862136840820312
z_residual_to_degree,2,test-315,1.9459101490553132,1.5178496837615967
z_residual_to_degree,2,test-316,2.8903717578961645,3.236448287963867
z_residual_to_degree,2,test-317,5.4116460518550396,3.271690607070923
z_residual_to_degree,2,test-318,3.332204510175204,2.8752264976501465
z_residual_to_degree,2,test-319,6.733401891837358,4.248190879821777
z_residual_to_degree,2,test-320,2.772588722239781,3.180027484893799
z_residual_to_degree,2,test-321,3.044522437723423,3.9006879329681396
z_residual_to_degree,2,test-322,2.995732273553991,2.971304416656494
z_residual_to_degree,2,test-323,0.6931471805599453,2.882801055908203
z_residual_to_degree,2,test-324,2.4849066497880004,3.917586088180542
z_residual_to_degree,2,test-325,2.772588722239781,3.426485061645508
z_residual_to_degree,2,test-326,3.091042453358316,3.551229953765869
z_residual_to_degree,2,test-327,3.401197381662156,3.1201727390289307
z_residual_to_degree,2,test-328,3.688879454113936,3.235741376876831
z_residual_to_degree,2,test-329,1.6094379124341003,3.2529726028442383
z_residual_to_degree,2,test-330,3.5553480614894135,3.3070497512817383
z_residual_to_degree,2,test-331,3.8712010109078907,3.8694212436676025
z_residual_to_degree,2,test-332,2.70805020110221,3.131124258041382
z_residual_to_degree,2,test-333,2.8903717578961645,1.6783359050750732
z_residual_to_degree,2,test-334,2.4849066497880004,3.3489911556243896
z_residual_to_degree,2,test-335,4.51085950651685,3.031046152114868
z_residual_to_degree,2,test-336,2.70805020110221,4.028266429901123
z_residual_to_degree,2,test-337,3.044522437723423,4.357750415802002
z_residual_to_degree,2,test-338,2.4849066497880004,3.7155768871307373
z_residual_to_degree,2,test-339,2.772588722239781,3.4503109455108643
z_residual_to_degree,2,test-340,4.143134726391533,3.5251636505126953
z_residual_to_degree,2,test-341,3.931825632724326,3.321645498275757
z_residual_to_degree,2,test-342,2.4849066497880004,4.788249969482422
z_residual_to_degree,2,test-343,4.787491742782047,4.1166768074035645
z_residual_to_degree,2,test-344,1.3862943611198906,3.7538371086120605
z_residual_to_degree,2,test-345,3.1780538303479453,3.7950706481933594
z_residual_to_degree,2,test-346,2.4849066497880004,3.0957186222076416
z_residual_to_degree,2,test-347,2.4849066497880004,3.4074416160583496
z_residual_to_degree,2,test-348,2.4849066497880004,2.8878583908081055
z_residual_to_degree,2,test-349,3.401197381662155,4.1576409339904785
z_residual_to_degree,2,test-350,2.8903717578961645,1.4241292476654053
z_residual_to_degree,2,test-351,3.1780538303479453,3.3173770904541016
z_residual_to_degree,2,test-352,1.3862943611198906,2.8794639110565186
z_residual_to_degree,2,test-353,4.882801922586371,7.392892360687256
z_residual_to_degree,2,test-354,4.23410650459726,3.443061113357544
z_residual_to_degree,2,test-355,5.6937321388027,3.83162260055542
z_residual_to_degree,2,test-356,0.6931471805599453,2.0647149085998535
z_residual_to_degree,2,test-357,1.791759469228055,2.0839133262634277
z_residual_to_degree,2,test-358,1.791759469228055,3.74560809135437
z_residual_to_degree,2,test-359,5.966146739123692,3.4719362258911133
z_residual_to_degree,2,test-360,3.4965075614664807,3.751060724258423
z_residual_to_degree,2,test-361,6.733401891837358,5.454277038574219
z_residual_to_degree,2,test-362,5.272999558563747,3.861845016479492
z_residual_to_degree,2,test-363,3.737669618283368,3.824021816253662
z_residual_to_degree,2,test-364,2.1972245773362196,3.9263384342193604
z_residual_to_degree,2,test-365,2.995732273553991,3.5821776390075684
z_residual_to_degree,2,test-366,1.3862943611198906,2.5262510776519775
z_residual_to_degree,2,test-367,6.327936783729195,1.3760099411010742
z_residual_to_degree,2,test-368,4.430816798843313,3.6010031700134277
z_residual_to_degree,2,test-369,0.0,1.623106837272644
z_residual_to_degree,2,test-370,2.6390573296152584,3.5332369804382324
z_residual_to_degree,2,test-371,1.6094379124341003,3.8545944690704346
z_residual_to_degree,2,test-372,2.4849066497880004,3.5919852256774902
z_residual_to_degree,2,test-373,3.465735902799726,3.9732232093811035
z_residual_to_degree,2,test-374,2.772588722239781,2.8655810356140137
z_residual_to_degree,2,test-375,2.70805020110221,2.9169232845306396
z_residual_to_degree,2,test-376,4.74493212836325,3.4727871417999268
z_residual_to_degree,2,test-377,2.4849066497880004,3.3019731044769287
z_residual_to_degree,2,test-378,3.332204510175204,3.522160053253174
z_residual_to_degree,2,test-379,2.4849066497880004,0.9251759052276611
z_residual_to_degree,2,test-380,2.8903717578961645,3.5188138484954834
z_residual_to_degree,2,test-381,2.3025850929940455,4.155109405517578
z_residual_to_degree,2,test-382,1.791759469228055,3.417121648788452
z_residual_to_degree,2,test-383,0.6931471805599453,1.773141860961914
z_residual_to_degree,2,test-384,4.276666119016055,4.318814277648926
z_residual_to_degree,2,test-385,1.791759469228055,3.7674190998077393
z_residual_to_degree,2,test-386,1.791759469228055,4.1487507820129395
z_residual_to_degree,2,test-387,2.0794415416798357,3.392526388168335
z_residual_to_degree,2,test-388,2.995732273553991,3.5417873859405518
z_residual_to_degree,2,test-389,2.0794415416798357,3.4367713928222656
z_residual_to_degree,2,test-390,3.044522437723423,2.8299591541290283
z_residual_to_degree,2,test-391,2.995732273553991,3.229102611541748
z_residual_to_degree,2,test-392,0.0,1.9130725860595703
z_residual_to_degree,2,test-393,1.3862943611198906,2.9719161987304688
z_residual_to_degree,2,test-394,2.3025850929940455,3.5622735023498535
z_residual_to_degree,2,test-395,3.295836866004329,3.3234453201293945
z_residual_to_degree,2,test-396,1.791759469228055,3.7377405166625977
z_residual_to_degree,2,test-397,3.4011973816621555,3.225416421890259
z_residual_to_degree,2,test-398,2.4849066497880004,3.7861413955688477
z_residual_to_degree,2,test-399,2.995732273553991,3.292691707611084
z_residual_to_degree,2,test-400,2.0794415416798357,3.7006940841674805
z_residual_to_degree,2,test-401,2.0794415416798357,3.2805492877960205
z_residual_to_degree,2,test-402,3.1780538303479453,3.3094520568847656
z_residual_to_degree,2,test-403,3.828641396489095,3.3790478706359863
z_residual_to_degree,2,test-404,4.90527477843843,3.811809539794922
z_residual_to_degree,2,test-405,1.791759469228055,1.9717098474502563
z_residual_to_degree,2,test-406,3.401197381662155,2.855706214904785
z_residual_to_degree,2,test-407,1.3862943611198906,3.096116304397583
z_residual_to_degree,2,test-408,2.8903717578961645,2.7322094440460205
z_residual_to_degree,2,test-409,4.276666119016055,3.7491655349731445
z_residual_to_degree,2,test-410,0.6931471805599453,3.327869176864624
z_residual_to_degree,2,test-411,3.5553480614894135,3.5743343830108643
z_residual_to_degree,2,test-412,2.8903717578961645,3.168333053588867
z_residual_to_degree,2,test-413,3.332204510175204,3.4646873474121094
z_residual_to_degree,2,test-414,5.342334251964811,3.3400535583496094
z_residual_to_degree,2,test-415,2.890371757896165,3.576627254486084
z_residual_to_degree,2,test-416,3.401197381662155,3.6351399421691895
z_residual_to_degree,2,test-417,3.091042453358316,3.7618534564971924
z_residual_to_degree,2,test-418,2.995732273553991,3.8071482181549072
z_residual_to_degree,2,test-419,3.401197381662155,3.45925235748291
z_residual_to_degree,2,test-420,4.787491742782046,4.126850128173828
z_residual_to_degree,2,test-421,4.430816798843313,3.6077404022216797
z_residual_to_degree,2,test-422,2.8903717578961645,2.9653701782226562
z_residual_to_degree,2,test-423,2.0794415416798357,3.1614885330200195
z_residual_to_degree,2,test-424,3.1780538303479458,3.5962729454040527
z_residual_to_degree,2,test-425,1.9459101490553132,2.4926609992980957
z_residual_to_degree,2,test-426,2.995732273553991,2.899176597595215
z_residual_to_degree,2,test-427,2.1972245773362196,3.8575096130371094
z_residual_to_degree,2,test-428,1.3862943611198906,3.047941207885742
z_residual_to_degree,2,test-429,3.401197381662156,4.2997050285339355
z_residual_to_degree,2,test-430,3.332204510175204,3.514308452606201
z_residual_to_degree,2,test-431,2.0794415416798357,3.2890732288360596
z_residual_to_degree,2,test-432,2.4849066497880004,2.919288396835327
z_residual_to_degree,2,test-433,3.6888794541139367,2.865825653076172
z_residual_to_degree,2,test-434,2.70805020110221,3.286463737487793
z_residual_to_degree,2,test-435,2.4849066497880004,3.035393238067627
z_residual_to_degree,2,test-436,4.718498871295095,4.060703277587891
z_residual_to_degree,2,test-437,5.634789603169249,3.93375563621521
z_residual_to_degree,2,test-438,4.68213122712422,3.645886182785034
z_residual_to_degree,2,test-439,1.791759469228055,3.2462944984436035
z_residual_to_degree,2,test-440,3.9889840465642745,3.3075504302978516
z_residual_to_degree,2,test-441,6.327936783729195,4.288345813751221
z_residual_to_degree,2,test-442,3.044522437723423,3.5713047981262207
z_residual_to_degree,2,test-443,2.70805020110221,2.935225486755371
z_residual_to_degree,2,test-444,1.0986122886681098,1.4819426536560059
z_residual_to_degree,2,test-445,2.995732273553991,3.071991205215454
z_residual_to_degree,2,test-446,2.772588722239781,3.342747688293457
z_residual_to_degree,2,test-447,2.995732273553991,3.24697208404541
z_residual_to_degree,2,test-448,1.791759469228055,1.9930460453033447
z_residual_to_degree,2,test-449,1.3862943611198906,3.075810670852661
z_residual_to_degree,2,test-450,2.4849066497880004,3.6082940101623535
z_residual_to_degree,2,test-451,7.50659178007084,4.161438465118408
z_residual_to_degree,2,test-452,3.951243718581427,3.482173204421997
z_residual_to_degree,2,test-453,3.5553480614894135,3.8804643154144287
z_residual_to_degree,2,test-454,2.70805020110221,2.6832404136657715
z_residual_to_degree,2,test-455,3.258096538021482,2.9677133560180664
z_residual_to_degree,2,test-456,5.634789603169249,4.533750534057617
z_residual_to_degree,2,test-457,0.6931471805599453,3.372250556945801
z_residual_to_degree,2,test-458,2.772588722239781,3.7505886554718018
z_residual_to_degree,2,test-459,3.401197381662156,3.3720765113830566
z_residual_to_degree,2,test-460,2.995732273553991,3.367403745651245
z_residual_to_degree,2,test-461,3.044522437723423,4.323825836181641
z_residual_to_degree,2,test-462,2.1972245773362196,1.48606538772583
z_residual_to_degree,2,test-463,1.791759469228055,2.946542978286743
z_residual_to_degree,2,test-464,3.1780538303479458,4.254064559936523
z_residual_to_degree,2,test-465,2.1972245773362196,1.5950140953063965
z_residual_to_degree,2,test-466,3.401197381662155,4.377406120300293
z_residual_to_degree,2,test-467,6.327936783729195,4.07282829284668
z_residual_to_degree,2,test-468,2.995732273553991,3.6897242069244385
z_residual_to_degree,2,test-469,3.044522437723423,2.9116358757019043
z_residual_to_degree,2,test-470,1.0986122886681098,2.526942014694214
z_residual_to_degree,2,test-471,3.401197381662155,3.1160452365875244
z_residual_to_degree,2,test-472,2.3025850929940455,2.8384439945220947
z_residual_to_degree,2,test-473,6.040254711277414,3.5394115447998047
z_residual_to_degree,2,test-474,4.90527477843843,3.4972567558288574
z_residual_to_degree,2,test-475,2.1972245773362196,4.104714393615723
z_residual_to_degree,2,test-476,2.0794415416798357,1.9786254167556763
z_residual_to_degree,2,test-477,2.8903717578961645,1.0301814079284668
z_residual_to_degree,2,test-478,3.1780538303479453,3.1678693294525146
z_residual_to_degree,2,test-479,2.995732273553991,3.005204200744629
z_residual_to_degree,2,test-480,4.276666119016055,3.337489604949951
z_residual_to_degree,2,test-481,2.4849066497880004,3.1179816722869873
z_residual_to_degree,2,test-482,3.295836866004329,3.4967076778411865
z_residual_to_degree,2,test-483,3.1780538303479453,3.0628626346588135
z_residual_to_degree,2,test-484,2.0794415416798357,4.05592679977417
z_residual_to_degree,2,test-485,3.332204510175204,2.9181506633758545
z_residual_to_degree,2,test-486,1.3862943611198906,3.2140512466430664
z_residual_to_degree,2,test-487,4.356708826689592,2.962190866470337
z_residual_to_degree,2,test-488,2.0794415416798357,2.3275928497314453
z_residual_to_degree,2,test-489,2.9957322735539913,4.1781792640686035
z_residual_to_degree,2,test-490,0.6931471805599453,4.402560710906982
z_residual_to_degree,2,test-491,2.0794415416798357,2.258671998977661
z_residual_to_degree,2,test-492,4.31748811353631,3.92146635055542
z_residual_to_degree,2,test-493,3.58351893845611,3.3842039108276367
z_residual_to_degree,2,test-494,0.0,3.193366289138794
z_residual_to_degree,2,test-495,5.272999558563747,3.87449049949646
z_residual_to_degree,2,test-496,1.791759469228055,3.651308298110962
z_residual_to_degree,2,test-497,3.7376696182833684,3.5209178924560547
z_residual_to_degree,2,test-498,2.4849066497880004,3.0907785892486572
z_residual_to_degree,2,test-499,3.8712010109078907,2.7746047973632812
z_residual_to_degree,2,test-500,6.040254711277414,1.312140703201294
z_residual_to_degree,2,test-501,3.332204510175204,3.9330086708068848
z_residual_to_degree,2,test-502,3.332204510175204,3.6802947521209717
z_residual_to_degree,2,test-503,4.700480365792417,3.583191394805908
z_residual_to_degree,2,test-504,4.499809670330265,3.3596954345703125
z_residual_to_degree,2,test-505,2.1972245773362196,3.038846015930176
z_residual_to_degree,2,test-506,3.688879454113936,3.7915546894073486
z_residual_to_degree,2,test-507,2.6390573296152584,3.8710074424743652
z_residual_to_degree,2,test-508,4.276666119016055,3.599853754043579
z_residual_to_degree,2,test-509,3.8712010109078907,3.7154197692871094
z_residual_to_degree,2,test-510,4.442651256490317,2.947343111038208
z_residual_to_degree,2,test-511,5.634789603169249,4.174604892730713
z_degree_to_cn_residual,2,test-0,0.4096507501383539,0.435638964176178
z_degree_to_cn_residual,2,test-1,-0.257133548881196,0.2859075665473938
z_degree_to_cn_residual,2,test-2,-0.026168497301778282,-0.024617627263069153
z_degree_to_cn_residual,2,test-3,-0.09682951278185134,0.10791639983654022
z_degree_to_cn_residual,2,test-4,1.030455039917754,0.09642772376537323
z_degree_to_cn_residual,2,test-5,-0.40617432960244304,0.3577631115913391
z_degree_to_cn_residual,2,test-6,1.072232465549153,-0.04334993660449982
z_degree_to_cn_residual,2,test-7,-0.17653506637630972,0.11089520156383514
z_degree_to_cn_residual,2,test-8,-0.09993231907971788,0.15283159911632538
z_degree_to_cn_residual,2,test-9,-0.361807736196368,0.22095875442028046
z_degree_to_cn_residual,2,test-10,0.834665253272179,0.14129476249217987
z_degree_to_cn_residual,2,test-11,0.6771872810461878,0.4296894669532776
z_degree_to_cn_residual,2,test-12,-0.0025667768776077267,0.04745130240917206
z_degree_to_cn_residual,2,test-13,0.0920452145115791,0.1964765042066574
z_degree_to_cn_residual,2,test-14,0.1059855857541714,0.06088666617870331
z_degree_to_cn_residual,2,test-15,0.6905804036823375,0.1089208573102951
z_degree_to_cn_residual,2,test-16,0.487417210290867,0.19465188682079315
z_degree_to_cn_residual,2,test-17,0.027598705190133088,0.10822419822216034
z_degree_to_cn_residual,2,test-18,-0.0025667768776077267,0.04745130240917206
z_degree_to_cn_residual,2,test-19,-0.09993231907971788,0.15283159911632538
z_degree_to_cn_residual,2,test-20,-0.0006908748283487874,0.05619530379772186
z_degree_to_cn_residual,2,test-21,0.37362887990278976,0.28745752573013306
z_degree_to_cn_residual,2,test-22,-0.26394703539593084,0.14129476249217987
z_degree_to_cn_residual,2,test-23,-0.001592483837966117,0.02243642508983612
z_degree_to_cn_residual,2,test-24,0.3252994169928626,0.22298698127269745
z_degree_to_cn_residual,2,test-25,-0.5320508010865779,0.49022895097732544
z_degree_to_cn_residual,2,test-26,0.6906105992764492,0.23764972388744354
z_degree_to_cn_residual,2,test-27,0.7790939880109542,0.28745752573013306
z_degree_to_cn_residual,2,test-28,0.5980680715538729,0.09741000831127167
z_degree_to_cn_residual,2,test-29,0.6893311186493629,0.1401834934949875
z_degree_to_cn_residual,2,test-30,0.6730018624542556,0.10981683433055878
z_degree_to_cn_residual,2,test-31,0.22033626837748216,0.004869386553764343
z_degree_to_cn_residual,2,test-32,-0.31403642712572494,0.32490283250808716
z_degree_to_cn_residual,2,test-33,0.6854469961951654,-0.012032225728034973
z_degree_to_cn_residual,2,test-34,-0.22552334649902314,0.29269152879714966
z_degree_to_cn_residual,2,test-35,-0.15981025222941134,0.38517647981643677
z_degree_to_cn_residual,2,test-36,-0.002483473901375505,0.33843499422073364
z_degree_to_cn_residual,2,test-37,-0.002536581283496064,0.23764972388744354
z_degree_to_cn_residual,2,test-38,0.011027840012221813,-0.04638548195362091
z_degree_to_cn_residual,2,test-39,-0.0025667768776077267,0.1089208573102951
z_degree_to_cn_residual,2,test-40,1.0655213517576338,0.13358621299266815
z_degree_to_cn_residual,2,test-41,0.33133944436357726,0.22095875442028046
z_degree_to_cn_residual,2,test-42,0.3907357061859718,0.5689433217048645
z_degree_to_cn_residual,2,test-43,-0.07427151148220186,0.17771892249584198
z_degree_to_cn_residual,2,test-44,1.1607710146208674,0.29269152879714966
z_degree_to_cn_residual,2,test-45,-0.0025667768776077267,0.04745130240917206
z_degree_to_cn_residual,2,test-46,0.12442211904305411,0.2377198189496994
z_degree_to_cn_residual,2,test-47,-0.002483473901375505,-0.002521231770515442
z_degree_to_cn_residual,2,test-48,0.5980680715538729,0.09741000831127167
z_degree_to_cn_residual,2,test-49,0.3907357061859718,0.5689433217048645
z_degree_to_cn_residual,2,test-50,0.3974001350710103,-0.07498855888843536
z_degree_to_cn_residual,2,test-51,0.5071241430143024,0.22770576179027557
z_degree_to_cn_residual,2,test-52,-0.5962537633065377,0.132677361369133
z_degree_to_cn_residual,2,test-53,-0.09507910900607243,0.09741000831127167
z_degree_to_cn_residual,2,test-54,-0.006401163194461921,0.11809496581554413
z_degree_to_cn_residual,2,test-55,-0.5779234037185782,-0.031420424580574036
z_degree_to_cn_residual,2,test-56,-0.09507910900607243,0.2633712887763977
z_degree_to_cn_residual,2,test-57,0.8783422192128343,-0.26581209897994995
z_degree_to_cn_residual,2,test-58,-0.4855470978437046,0.2634046673774719
z_degree_to_cn_residual,2,test-59,0.6904677205888524,0.10258083045482635
z_degree_to_cn_residual,2,test-60,-0.2474640255978244,0.3751245141029358
z_degree_to_cn_residual,2,test-61,-0.0022128532902202114,0.0485413521528244
z_degree_to_cn_residual,2,test-62,-0.0014682163898236727,-0.04952879250049591
z_degree_to_cn_residual,2,test-63,-0.002483473901375505,0.33843499422073364
z_degree_to_cn_residual,2,test-64,-0.18117393408101218,0.18183533847332
z_degree_to_cn_residual,2,test-65,1.0035331796620373,0.09741000831127167
z_degree_to_cn_residual,2,test-66,-0.003920084665472663,0.04305104911327362
z_degree_to_cn_residual,2,test-67,-0.003920084665472663,0.04305104911327362
z_degree_to_cn_residual,2,test-68,-0.5121098978044188,0.2592697739601135
z_degree_to_cn_residual,2,test-69,0.40889556438164,0.1259186714887619
z_degree_to_cn_residual,2,test-70,0.5071241430143024,0.22770576179027557
z_degree_to_cn_residual,2,test-71,0.34193555199200737,0.08624367415904999
z_degree_to_cn_residual,2,test-72,-0.0025667768776077267,0.1089208573102951
z_degree_to_cn_residual,2,test-73,-0.32077300936225667,0.13358621299266815
z_degree_to_cn_residual,2,test-74,-0.09507910900607243,0.2633712887763977
z_degree_to_cn_residual,2,test-75,0.9986799695883919,0.15283159911632538
z_degree_to_cn_residual,2,test-76,-0.001592483837966117,0.02243642508983612
z_degree_to_cn_residual,2,test-77,0.5932148614802274,0.15283159911632538
z_degree_to_cn_residual,2,test-78,-0.0017051669314512175,0.03470639884471893
z_degree_to_cn_residual,2,test-79,-0.0025667768776077267,0.1089208573102951
z_degree_to_cn_residual,2,test-80,0.6893311186493629,0.1401834934949875
z_degree_to_cn_residual,2,test-81,0.3267009706117635,0.06790952384471893
z_degree_to_cn_residual,2,test-82,1.066776060462735,0.28745752573013306
z_degree_to_cn_residual,2,test-83,-0.06306873591422772,-0.03398866951465607
z_degree_to_cn_residual,2,test-84,-0.3195190468888935,0.3914719223976135
z_degree_to_cn_residual,2,test-85,-0.257133548881196,0.2859075665473938
z_degree_to_cn_residual,2,test-86,0.3974001350710103,-0.07498855888843536
z_degree_to_cn_residual,2,test-87,-0.09507910900607243,0.2633712887763977
z_degree_to_cn_residual,2,test-88,-0.006401163194461921,0.11809496581554413
z_degree_to_cn_residual,2,test-89,-0.295747045488935,-0.07498855888843536
z_degree_to_cn_residual,2,test-90,-0.07427151148220186,0.17771892249584198
z_degree_to_cn_residual,2,test-91,-0.002679459971092827,0.10258083045482635
z_degree_to_cn_residual,2,test-92,0.5963176677780939,0.10791639983654022
z_degree_to_cn_residual,2,test-93,0.47287711110466973,-0.26581209897994995
z_degree_to_cn_residual,2,test-94,-0.07427151148220186,0.17771892249584198
z_degree_to_cn_residual,2,test-95,0.5634751272888399,0.2052796334028244
z_degree_to_cn_residual,2,test-96,-0.6219808875579942,-0.024537280201911926
z_degree_to_cn_residual,2,test-97,-0.0948206319924906,0.28825074434280396
z_degree_to_cn_residual,2,test-98,-0.002536581283496064,0.23764972388744354
z_degree_to_cn_residual,2,test-99,-0.09507910900607243,0.2633712887763977
z_degree_to_cn_residual,2,test-100,-0.3664462099481818,0.06790952384471893
z_degree_to_cn_residual,2,test-101,0.5980680715538729,0.2633712887763977
z_degree_to_cn_residual,2,test-102,0.03377005795343527,0.014526650309562683
z_degree_to_cn_residual,2,test-103,-0.15981025222941134,0.38517647981643677
z_degree_to_cn_residual,2,test-104,0.629186265886127,0.2869012951850891
z_degree_to_cn_residual,2,test-105,-0.001592483837966117,0.02243642508983612
z_degree_to_cn_residual,2,test-106,0.689862177614176,-0.008895590901374817
z_degree_to_cn_residual,2,test-107,-0.0025667768776077267,0.04745130240917206
z_degree_to_cn_residual,2,test-108,0.09689341725340761,0.132677361369133
z_degree_to_cn_residual,2,test-109,0.37911075343422035,0.32490283250808716
z_degree_to_cn_residual,2,test-110,-0.002679459971092827,0.10258083045482635
z_degree_to_cn_residual,2,test-111,-0.006236131996241855,0.07550935447216034
z_degree_to_cn_residual,2,test-112,0.4686965299979534,0.2259252518415451
z_degree_to_cn_residual,2,test-113,-0.4092811700187469,0.1401834934949875
z_degree_to_cn_residual,2,test-114,-0.0017051669314512175,0.03470639884471893
z_degree_to_cn_residual,2,test-115,0.6906637066585698,0.33843499422073364
z_degree_to_cn_residual,2,test-116,1.0402213320986424,-0.0032908469438552856
z_degree_to_cn_residual,2,test-117,0.6948211420213969,0.13384942710399628
z_degree_to_cn_residual,2,test-118,-0.2842516161783053,0.1259186714887619
z_degree_to_cn_residual,2,test-119,0.706182872391234,0.16630201041698456
z_degree_to_cn_residual,2,test-120,0.6188756690777434,0.17771892249584198
z_degree_to_cn_residual,2,test-121,0.5071241430143024,0.22770576179027557
z_degree_to_cn_residual,2,test-122,0.732166078719928,0.06790952384471893
z_degree_to_cn_residual,2,test-123,0.6905804036823375,0.1089208573102951
z_degree_to_cn_residual,2,test-124,-0.006401163194461921,0.11809496581554413
z_degree_to_cn_residual,2,test-125,-0.06396091467381823,0.2869012951850891
z_degree_to_cn_residual,2,test-126,1.0243407771859079,0.17771892249584198
z_degree_to_cn_residual,2,test-127,-0.0025667768776077267,0.1089208573102951
z_degree_to_cn_residual,2,test-128,-0.17653506637630972,0.11089520156383514
z_degree_to_cn_residual,2,test-129,0.006243055183185751,0.024810120463371277
z_degree_to_cn_residual,2,test-130,0.9125892511224669,0.22770576179027557
z_degree_to_cn_residual,2,test-131,0.5932148614802274,0.15283159911632538
z_degree_to_cn_residual,2,test-132,-0.4092811700187469,0.1401834934949875
z_degree_to_cn_residual,2,test-133,-0.3910899774469028,-0.029277995228767395
z_degree_to_cn_residual,2,test-134,-0.06396091467381823,0.2869012951850891
z_degree_to_cn_residual,2,test-135,0.5333369283305339,0.38517647981643677
z_degree_to_cn_residual,2,test-136,0.6893311186493629,0.1401834934949875
z_degree_to_cn_residual,2,test-137,-0.0022128532902202114,0.0485413521528244
z_degree_to_cn_residual,2,test-138,-0.4564122585269044,0.10673432052135468
z_degree_to_cn_residual,2,test-139,-0.0025667768776077267,0.1089208573102951
z_degree_to_cn_residual,2,test-140,-0.295747045488935,-0.07498855888843536
z_degree_to_cn_residual,2,test-141,0.7232900511466166,0.1413683146238327
z_degree_to_cn_residual,2,test-142,-0.09507910900607243,0.2633712887763977
z_degree_to_cn_residual,2,test-143,-0.002679459971092827,0.10258083045482635
z_degree_to_cn_residual,2,test-144,-0.15981025222941134,0.38517647981643677
z_degree_to_cn_residual,2,test-145,-0.020145318105689636,0.10981683433055878
z_degree_to_cn_residual,2,test-146,0.37362887990278976,0.28745752573013306
z_degree_to_cn_residual,2,test-147,-0.295747045488935,-0.07498855888843536
z_degree_to_cn_residual,2,test-148,0.09689341725340761,0.132677361369133
z_degree_to_cn_residual,2,test-149,-0.2842516161783053,0.1259186714887619
z_degree_to_cn_residual,2,test-150,-0.21219425699455913,0.2593684792518616
z_degree_to_cn_residual,2,test-151,0.5634751272888399,-0.08468170464038849
z_degree_to_cn_residual,2,test-152,-0.011174017424812204,-0.003945067524909973
z_degree_to_cn_residual,2,test-153,0.2564389628481294,0.0973546952009201
z_degree_to_cn_residual,2,test-154,0.6904677205888524,0.10258083045482635
z_degree_to_cn_residual,2,test-155,-0.002536581283496064,0.23764972388744354
z_degree_to_cn_residual,2,test-156,1.2131515730483942,0.03516201674938202
z_degree_to_cn_residual,2,test-157,-0.11159319800623856,0.2388012856245041
z_degree_to_cn_residual,2,test-158,-0.002483473901375505,-0.002521231770515442
z_degree_to_cn_residual,2,test-159,0.5980680715538729,0.2633712887763977
z_degree_to_cn_residual,2,test-160,-0.006236131996241855,0.07790116965770721
z_degree_to_cn_residual,2,test-161,-0.0017051669314512175,0.03470639884471893
z_degree_to_cn_residual,2,test-162,0.5980680715538729,0.09741000831127167
z_degree_to_cn_residual,2,test-163,-0.0025667768776077267,0.1089208573102951
z_degree_to_cn_residual,2,test-164,0.30205720311304246,-0.029277995228767395
z_degree_to_cn_residual,2,test-165,-0.001592483837966117,0.02243642508983612
z_degree_to_cn_residual,2,test-166,-0.3678477635670827,0.22298698127269745
z_degree_to_cn_residual,2,test-167,-0.5737341020377579,0.11136321723461151
z_degree_to_cn_residual,2,test-168,0.3252994169928626,0.22298698127269745
z_degree_to_cn_residual,2,test-169,-0.0025667768776077267,0.1089208573102951
z_degree_to_cn_residual,2,test-170,-0.002679459971092827,0.10258083045482635
z_degree_to_cn_residual,2,test-171,0.5694612141469256,-0.2903057932853699
z_degree_to_cn_residual,2,test-172,-0.0017051669314512175,0.03470639884471893
z_degree_to_cn_residual,2,test-173,-0.07427151148220186,0.17771892249584198
z_degree_to_cn_residual,2,test-174,1.1880129048121781,0.4296894669532776
z_degree_to_cn_residual,2,test-175,0.8125602590821327,0.11136321723461151
z_degree_to_cn_residual,2,test-176,-0.10231614743923174,0.11015443503856659
z_degree_to_cn_residual,2,test-177,0.027598705190133088,0.10822419822216034
z_degree_to_cn_residual,2,test-178,-0.31951830065715553,0.28745752573013306
z_degree_to_cn_residual,2,test-179,-0.0017051669314512175,0.03470639884471893
z_degree_to_cn_residual,2,test-180,-0.007700184364779972,-0.012032225728034973
z_degree_to_cn_residual,2,test-181,-0.31403642712572494,0.32490283250808716
z_degree_to_cn_residual,2,test-182,-0.31951830065715553,0.28745752573013306
z_degree_to_cn_residual,2,test-183,-0.002483473901375505,-0.002521231770515442
z_degree_to_cn_residual,2,test-184,0.2690154096687156,0.011437222361564636
z_degree_to_cn_residual,2,test-185,-0.295747045488935,-0.07498855888843536
z_degree_to_cn_residual,2,test-186,1.1223473257239598,0.14129476249217987
z_degree_to_cn_residual,2,test-187,-0.295747045488935,-0.07498855888843536
z_degree_to_cn_residual,2,test-188,-0.07427151148220186,0.17771892249584198
z_degree_to_cn_residual,2,test-189,-0.06396091467381823,0.2869012951850891
z_degree_to_cn_residual,2,test-190,0.5980680715538729,0.2633712887763977
z_degree_to_cn_residual,2,test-191,-0.002679459971092827,0.10258083045482635
z_degree_to_cn_residual,2,test-192,0.5932148614802274,0.15283159911632538
z_degree_to_cn_residual,2,test-193,-0.18602303754564287,0.22770576179027557
z_degree_to_cn_residual,2,test-194,-0.007700184364779972,-0.012032225728034973
z_degree_to_cn_residual,2,test-195,0.18103728275552644,0.2592697739601135
z_degree_to_cn_residual,2,test-196,-0.3419557546295762,0.48127251863479614
z_degree_to_cn_residual,2,test-197,-0.07427151148220186,0.17771892249584198
z_degree_to_cn_residual,2,test-198,-0.1325756172494532,0.13822393119335175
z_degree_to_cn_residual,2,test-199,-0.001592483837966117,0.02243642508983612
z_degree_to_cn_residual,2,test-200,-0.001592483837966117,0.02243642508983612
z_degree_to_cn_residual,2,test-201,-0.001592483837966117,0.02243642508983612
z_degree_to_cn_residual,2,test-202,-0.09993231907971788,0.15283159911632538
z_degree_to_cn_residual,2,test-203,-0.07427151148220186,0.17771892249584198
z_degree_to_cn_residual,2,test-204,0.6867460173654834,0.11809496581554413
z_degree_to_cn_residual,2,test-205,-0.06396091467381823,0.2869012951850891
z_degree_to_cn_residual,2,test-206,-0.31403642712572494,0.32490283250808716
z_degree_to_cn_residual,2,test-207,0.25559953693839854,0.1289680451154709
z_degree_to_cn_residual,2,test-208,-0.3512116285679379,0.08624367415904999
z_degree_to_cn_residual,2,test-209,0.44701726623712135,0.007691547274589539
z_degree_to_cn_residual,2,test-210,0.27064323153028624,0.21456818282604218
z_degree_to_cn_residual,2,test-211,0.9986799695883919,0.15283159911632538
z_degree_to_cn_residual,2,test-212,-0.015324816569887118,0.27309781312942505
z_degree_to_cn_residual,2,test-213,-0.002483473901375505,0.33843499422073364
z_degree_to_cn_residual,2,test-214,0.707522311221207,-0.029277995228767395
z_degree_to_cn_residual,2,test-215,-0.002679459971092827,0.10258083045482635
z_degree_to_cn_residual,2,test-216,-0.0025667768776077267,0.04745130240917206
z_degree_to_cn_residual,2,test-217,0.6905804036823375,0.1089208573102951
z_degree_to_cn_residual,2,test-218,-0.09993231907971788,0.15283159911632538
z_degree_to_cn_residual,2,test-219,-0.3664462099481818,0.06790952384471893
z_degree_to_cn_residual,2,test-220,-0.007796294345678415,0.07022790610790253
z_degree_to_cn_residual,2,test-221,-0.18602303754564287,0.22770576179027557
z_degree_to_cn_residual,2,test-222,-0.002679459971092827,0.10258083045482635
z_degree_to_cn_residual,2,test-223,-0.20673482910021176,0.21032015979290009
z_degree_to_cn_residual,2,test-224,-0.002483473901375505,-0.002521231770515442
z_degree_to_cn_residual,2,test-225,0.8028652431791747,-0.07498855888843536
z_degree_to_cn_residual,2,test-226,-0.002679459971092827,0.10258083045482635
z_degree_to_cn_residual,2,test-227,0.9388020364386984,0.38517647981643677
z_degree_to_cn_residual,2,test-228,-0.0025667768776077267,0.1089208573102951
z_degree_to_cn_residual,2,test-229,-0.06396091467381823,0.2869012951850891
z_degree_to_cn_residual,2,test-230,0.5634751272888399,0.2052796334028244
z_degree_to_cn_residual,2,test-231,-0.34185746108770393,0.40057045221328735
z_degree_to_cn_residual,2,test-232,0.5836835270942388,0.23651723563671112
z_degree_to_cn_residual,2,test-233,-0.0017051669314512175,-0.039289191365242004
z_degree_to_cn_residual,2,test-234,-0.3664462099481818,0.06790952384471893
z_degree_to_cn_residual,2,test-235,0.5963176677780939,0.10791639983654022
z_degree_to_cn_residual,2,test-236,-0.09507910900607243,0.09741000831127167
z_degree_to_cn_residual,2,test-237,-0.09993231907971788,0.15283159911632538
z_degree_to_cn_residual,2,test-238,1.1098178970570212,0.05979470908641815
z_degree_to_cn_residual,2,test-239,0.09689341725340761,0.132677361369133
z_degree_to_cn_residual,2,test-240,-0.0025667768776077267,0.04745130240917206
z_degree_to_cn_residual,2,test-241,-0.003920084665472663,0.04305104911327362
z_degree_to_cn_residual,2,test-242,1.0035331796620373,0.09741000831127167
z_degree_to_cn_residual,2,test-243,0.629186265886127,0.2869012951850891
z_degree_to_cn_residual,2,test-244,-0.09993231907971788,0.15283159911632538
z_degree_to_cn_residual,2,test-245,0.5980680715538729,0.2633712887763977
z_degree_to_cn_residual,2,test-246,-0.6011019660483662,0.1964765042066574
z_degree_to_cn_residual,2,test-247,-0.0025667768776077267,0.1089208573102951
z_degree_to_cn_residual,2,test-248,-0.40617432960244304,0.3577631115913391
z_degree_to_cn_residual,2,test-249,-0.32077300936225667,0.13358621299266815
z_degree_to_cn_residual,2,test-250,-0.0017051669314512175,0.03470639884471893
z_degree_to_cn_residual,2,test-251,0.027598705190133088,0.10822419822216034
z_degree_to_cn_residual,2,test-252,-0.31951830065715553,0.28745752573013306
z_degree_to_cn_residual,2,test-253,-0.09507910900607243,0.2633712887763977
z_degree_to_cn_residual,2,test-254,-0.006401163194461921,0.11809496581554413
z_degree_to_cn_residual,2,test-255,-0.2608500763576425,0.23012451827526093
z_degree_to_cn_residual,2,test-256,-0.002483473901375505,-0.002521231770515442
z_degree_to_cn_residual,2,test-257,0.16442497939224665,-0.05368061363697052
z_degree_to_cn_residual,2,test-258,0.8561659193103136,0.3142896294593811
z_degree_to_cn_residual,2,test-259,-0.002709528290634796,0.07120995223522186
z_degree_to_cn_residual,2,test-260,-0.001592483837966117,0.02243642508983612
z_degree_to_cn_residual,2,test-261,0.42920014516401445,0.14129476249217987
z_degree_to_cn_residual,2,test-262,0.9125892511224669,0.22770576179027557
z_degree_to_cn_residual,2,test-263,-0.18602303754564287,0.22770576179027557
z_degree_to_cn_residual,2,test-264,-0.32690411934740055,0.08850698173046112
z_degree_to_cn_residual,2,test-265,-0.4564122585269044,0.10673432052135468
z_degree_to_cn_residual,2,test-266,0.6905804036823375,0.1089208573102951
z_degree_to_cn_residual,2,test-267,0.6904677205888524,0.10258083045482635
z_degree_to_cn_residual,2,test-268,-0.09507910900607243,0.2633712887763977
z_degree_to_cn_residual,2,test-269,0.5380768797364144,-0.1794242411851883
z_degree_to_cn_residual,2,test-270,-0.0025667768776077267,0.1089208573102951
z_degree_to_cn_residual,2,test-271,0.9986799695883919,0.15283159911632538
z_degree_to_cn_residual,2,test-272,0.26383524768033195,0.1069977730512619
z_degree_to_cn_residual,2,test-273,0.4676238340609221,0.29269152879714966
z_degree_to_cn_residual,2,test-274,0.5333369283305339,0.38517647981643677
z_degree_to_cn_residual,2,test-275,-0.09507910900607243,0.2633712887763977
z_degree_to_cn_residual,2,test-276,-0.0022128532902202114,0.029990479350090027
z_degree_to_cn_residual,2,test-277,-0.295747045488935,-0.07498855888843536
z_degree_to_cn_residual,2,test-278,0.4322971042023028,0.22346000373363495
z_degree_to_cn_residual,2,test-279,0.5166121141836355,0.11089520156383514
z_degree_to_cn_residual,2,test-280,-0.006401163194461921,0.11809496581554413
z_degree_to_cn_residual,2,test-281,1.0243407771859079,0.17771892249584198
z_degree_to_cn_residual,2,test-282,-0.005713782933315264,-0.03832979500293732
z_degree_to_cn_residual,2,test-283,-0.18602303754564287,0.22770576179027557
z_degree_to_cn_residual,2,test-284,-0.0017051669314512175,-0.06616564095020294
z_degree_to_cn_residual,2,test-285,-0.09507910900607243,0.2633712887763977
z_degree_to_cn_residual,2,test-286,1.3462860490699626,-0.13369913399219513
z_degree_to_cn_residual,2,test-287,-0.09993231907971788,0.15283159911632538
z_degree_to_cn_residual,2,test-288,0.5553068786375152,0.21272461116313934
z_degree_to_cn_residual,2,test-289,0.2249532936470302,0.021154209971427917
z_degree_to_cn_residual,2,test-290,0.5980680715538729,0.09741000831127167
z_degree_to_cn_residual,2,test-291,0.5481549764268495,-0.09099335968494415
z_degree_to_cn_residual,2,test-292,-0.8168566785177598,-0.08286507427692413
z_degree_to_cn_residual,2,test-293,0.33133944436357726,0.22095875442028046
z_degree_to_cn_residual,2,test-294,0.629186265886127,0.2869012951850891
z_degree_to_cn_residual,2,test-295,0.6906105992764492,0.23764972388744354
z_degree_to_cn_residual,2,test-296,-0.0013809592565058647,-0.061480239033699036
z_degree_to_cn_residual,2,test-297,-0.0022128532902202114,0.029990479350090027
z_degree_to_cn_residual,2,test-298,0.6906637066585698,0.33843499422073364
z_degree_to_cn_residual,2,test-299,-0.22552334649902314,0.29269152879714966
z_degree_to_cn_residual,2,test-300,0.5071241430143024,0.22770576179027557
z_degree_to_cn_residual,2,test-301,-0.0017051669314512175,-0.06616564095020294
z_degree_to_cn_residual,2,test-302,0.6188756690777434,0.17771892249584198
z_degree_to_cn_residual,2,test-303,-0.002679459971092827,0.10258083045482635
z_degree_to_cn_residual,2,test-304,-0.3011881021227526,0.3403492569923401
z_degree_to_cn_residual,2,test-305,0.3974001350710103,-0.07498855888843536
z_degree_to_cn_residual,2,test-306,0.5966030812834874,-0.139811709523201
z_degree_to_cn_residual,2,test-307,-0.002679459971092827,0.10258083045482635
z_degree_to_cn_residual,2,test-308,0.6904677205888524,0.10258083045482635
z_degree_to_cn_residual,2,test-309,0.511973246478933,0.18183533847332
z_degree_to_cn_residual,2,test-310,-0.06396091467381823,0.2869012951850891
z_degree_to_cn_residual,2,test-311,0.8880287062152161,0.02059440314769745
z_degree_to_cn_residual,2,test-312,0.000550437072462336,-0.013355925679206848
z_degree_to_cn_residual,2,test-313,0.4185007999394532,0.16630201041698456
z_degree_to_cn_residual,2,test-314,0.12442211904305411,0.2377198189496994
z_degree_to_cn_residual,2,test-315,-0.0009230486758283437,-0.007193282246589661
z_degree_to_cn_residual,2,test-316,0.5980680715538729,0.09741000831127167
z_degree_to_cn_residual,2,test-317,0.6253649081462749,0.03516201674938202
z_degree_to_cn_residual,2,test-318,-0.295747045488935,-0.07498855888843536
z_degree_to_cn_residual,2,test-319,0.4185007999394532,0.16630201041698456
z_degree_to_cn_residual,2,test-320,-0.15981025222941134,0.38517647981643677
z_degree_to_cn_residual,2,test-321,-0.09993231907971788,0.15283159911632538
z_degree_to_cn_residual,2,test-322,0.5071241430143024,0.22770576179027557
z_degree_to_cn_residual,2,test-323,-0.0025667768776077267,0.04745130240917206
z_degree_to_cn_residual,2,test-324,-0.07427151148220186,0.17771892249584198
z_degree_to_cn_residual,2,test-325,0.5333369283305339,0.38517647981643677
z_degree_to_cn_residual,2,test-326,-0.002709528290634796,-0.01606316864490509
z_degree_to_cn_residual,2,test-327,-0.12967205327110548,0.2052796334028244
z_degree_to_cn_residual,2,test-328,-0.4092811700187469,0.1401834934949875
z_degree_to_cn_residual,2,test-329,-0.0017051669314512175,-0.06616564095020294
z_degree_to_cn_residual,2,test-330,1.0184465975528079,0.22298698127269745
z_degree_to_cn_residual,2,test-331,-0.2930939733738713,0.15394000709056854
z_degree_to_cn_residual,2,test-332,-0.007796294345678415,0.07022790610790253
z_degree_to_cn_residual,2,test-333,-0.006236131996241855,0.07550935447216034
z_degree_to_cn_residual,2,test-334,-0.003920084665472663,0.04305104911327362
z_degree_to_cn_residual,2,test-335,1.108891999074218,0.13407902419567108
z_degree_to_cn_residual,2,test-336,-0.09507910900607243,0.2633712887763977
z_degree_to_cn_residual,2,test-337,0.5932148614802274,0.15283159911632538
z_degree_to_cn_residual,2,test-338,0.6188756690777434,0.17771892249584198
z_degree_to_cn_residual,2,test-339,0.5333369283305339,0.38517647981643677
z_degree_to_cn_residual,2,test-340,0.9300387057397879,0.2769179940223694
z_degree_to_cn_residual,2,test-341,0.48095292356538616,0.2593684792518616
z_degree_to_cn_residual,2,test-342,-0.07427151148220186,0.17771892249584198
z_degree_to_cn_residual,2,test-343,-0.43015367383143543,0.34605127573013306
z_degree_to_cn_residual,2,test-344,-0.002483473901375505,0.33843499422073364
z_degree_to_cn_residual,2,test-345,0.5963176677780939,0.10791639983654022
z_degree_to_cn_residual,2,test-346,0.6188756690777434,0.17771892249584198
z_degree_to_cn_residual,2,test-347,0.6188756690777434,0.17771892249584198
z_degree_to_cn_residual,2,test-348,0.6188756690777434,0.17771892249584198
z_degree_to_cn_residual,2,test-349,-0.26394703539593084,0.14129476249217987
z_degree_to_cn_residual,2,test-350,-0.006236131996241855,0.07550935447216034
z_degree_to_cn_residual,2,test-351,-0.22552334649902314,0.29269152879714966
z_degree_to_cn_residual,2,test-352,-0.002483473901375505,0.33843499422073364
z_degree_to_cn_residual,2,test-353,0.6730018624542556,0.10981683433055878
z_degree_to_cn_residual,2,test-354,-0.17162295933884167,0.22697047889232635
z_degree_to_cn_residual,2,test-355,-0.5908559921618184,0.06310372054576874
z_degree_to_cn_residual,2,test-356,-0.0025667768776077267,0.04745130240917206
z_degree_to_cn_residual,2,test-357,-0.0025667768776077267,0.1089208573102951
z_degree_to_cn_residual,2,test-358,-0.0025667768776077267,0.1089208573102951
z_degree_to_cn_residual,2,test-359,-0.02637982311895648,-0.04334993660449982
z_degree_to_cn_residual,2,test-360,-0.1378403019224301,0.21272461116313934
z_degree_to_cn_residual,2,test-361,0.4185007999394532,0.16630201041698456
z_degree_to_cn_residual,2,test-362,-0.31852856519640793,0.20601873099803925
z_degree_to_cn_residual,2,test-363,0.26383524768033195,0.1069977730512619
z_degree_to_cn_residual,2,test-364,-0.06396091467381823,0.2869012951850891
z_degree_to_cn_residual,2,test-365,-0.18602303754564287,0.22770576179027557
z_degree_to_cn_residual,2,test-366,-0.0017051669314512175,0.03470639884471893
z_degree_to_cn_residual,2,test-367,-0.5962537633065377,0.132677361369133
z_degree_to_cn_residual,2,test-368,1.0444369000321867,0.40057045221328735
z_degree_to_cn_residual,2,test-369,-0.002483473901375505,-0.002521231770515442
z_degree_to_cn_residual,2,test-370,0.6867460173654834,0.11809496581554413
z_degree_to_cn_residual,2,test-371,-0.0017051669314512175,-0.06616564095020294
z_degree_to_cn_residual,2,test-372,0.6188756690777434,0.17771892249584198
z_degree_to_cn_residual,2,test-373,-0.31951830065715553,0.28745752573013306
z_degree_to_cn_residual,2,test-374,0.5333369283305339,0.38517647981643677
z_degree_to_cn_residual,2,test-375,0.5980680715538729,0.2633712887763977
z_degree_to_cn_residual,2,test-376,0.0920452145115791,0.1964765042066574
z_degree_to_cn_residual,2,test-377,-0.003920084665472663,0.04305104911327362
z_degree_to_cn_residual,2,test-378,-0.295747045488935,-0.07498855888843536
z_degree_to_cn_residual,2,test-379,-0.003920084665472663,0.04305104911327362
z_degree_to_cn_residual,2,test-380,0.5980680715538729,0.09741000831127167
z_degree_to_cn_residual,2,test-381,0.6906105992764492,0.23764972388744354
z_degree_to_cn_residual,2,test-382,-0.0025667768776077267,0.1089208573102951
z_degree_to_cn_residual,2,test-383,-0.0025667768776077267,0.04745130240917206
z_degree_to_cn_residual,2,test-384,-0.018078891203757413,0.172899529337883
z_degree_to_cn_residual,2,test-385,-0.0025667768776077267,0.1089208573102951
z_degree_to_cn_residual,2,test-386,-0.0025667768776077267,0.1089208573102951
z_degree_to_cn_residual,2,test-387,0.6904677205888524,0.10258083045482635
z_degree_to_cn_residual,2,test-388,0.5071241430143024,0.22770576179027557
z_degree_to_cn_residual,2,test-389,-0.002679459971092827,0.10258083045482635
z_degree_to_cn_residual,2,test-390,0.5932148614802274,0.15283159911632538
z_degree_to_cn_residual,2,test-391,0.5071241430143024,0.22770576179027557
z_degree_to_cn_residual,2,test-392,-0.002483473901375505,-0.002521231770515442
z_degree_to_cn_residual,2,test-393,-0.0017051669314512175,0.03470639884471893
z_degree_to_cn_residual,2,test-394,-0.002536581283496064,0.23764972388744354
z_degree_to_cn_residual,2,test-395,0.5634751272888399,-0.08468170464038849
z_degree_to_cn_residual,2,test-396,-0.0025667768776077267,0.1089208573102951
z_degree_to_cn_residual,2,test-397,-0.011174017424812204,-0.003945067524909973
z_degree_to_cn_residual,2,test-398,-0.003920084665472663,0.04305104911327362
z_degree_to_cn_residual,2,test-399,-0.18602303754564287,0.22770576179027557
z_degree_to_cn_residual,2,test-400,0.6904677205888524,0.10258083045482635
z_degree_to_cn_residual,2,test-401,0.6904677205888524,0.10258083045482635
z_degree_to_cn_residual,2,test-402,0.5963176677780939,0.10791639983654022
z_degree_to_cn_residual,2,test-403,-0.00961734087375331,-0.17523355782032013
z_degree_to_cn_residual,2,test-404,0.18103728275552644,0.2592697739601135
z_degree_to_cn_residual,2,test-405,-0.0017051669314512175,-0.039289191365242004
z_degree_to_cn_residual,2,test-406,-0.26394703539593084,0.14129476249217987
z_degree_to_cn_residual,2,test-407,0.6906637066585698,0.33843499422073364
z_degree_to_cn_residual,2,test-408,-0.006236131996241855,0.07550935447216034
z_degree_to_cn_residual,2,test-409,0.6750682893561879,0.172899529337883
z_degree_to_cn_residual,2,test-410,-0.0025667768776077267,0.04745130240917206
z_degree_to_cn_residual,2,test-411,-0.3678477635670827,0.22298698127269745
z_degree_to_cn_residual,2,test-412,1.0035331796620373,0.09741000831127167
z_degree_to_cn_residual,2,test-413,0.3974001350710103,-0.07498855888843536
z_degree_to_cn_residual,2,test-414,0.14484892926646498,-0.10209818184375763
z_degree_to_cn_residual,2,test-415,0.6904376522693105,0.10249786078929901
z_degree_to_cn_residual,2,test-416,0.42920014516401445,0.14129476249217987
z_degree_to_cn_residual,2,test-417,-0.002709528290634796,-0.01606316864490509
z_degree_to_cn_residual,2,test-418,-0.18602303754564287,0.22770576179027557
z_degree_to_cn_residual,2,test-419,0.42920014516401445,0.14129476249217987
z_degree_to_cn_residual,2,test-420,-0.10534341095846705,0.35636836290359497
z_degree_to_cn_residual,2,test-421,-0.34185746108770393,0.40057045221328735
z_degree_to_cn_residual,2,test-422,0.5980680715538729,0.09741000831127167
z_degree_to_cn_residual,2,test-423,-0.002679459971092827,0.10258083045482635
z_degree_to_cn_residual,2,test-424,0.6924563057315964,0.05619530379772186
z_degree_to_cn_residual,2,test-425,-0.0009230486758283437,-0.007193282246589661
z_degree_to_cn_residual,2,test-426,1.2002713235742477,0.22770576179027557
z_degree_to_cn_residual,2,test-427,-0.06396091467381823,0.2869012951850891
z_degree_to_cn_residual,2,test-428,0.6906637066585698,0.33843499422073364
z_degree_to_cn_residual,2,test-429,-0.12967205327110548,0.2052796334028244
z_degree_to_cn_residual,2,test-430,0.002865332104051953,0.05070523917675018
z_degree_to_cn_residual,2,test-431,-0.002679459971092827,0.10258083045482635
z_degree_to_cn_residual,2,test-432,-0.07427151148220186,0.17771892249584198
z_degree_to_cn_residual,2,test-433,0.33133944436357726,0.22095875442028046
z_degree_to_cn_residual,2,test-434,0.5980680715538729,0.2633712887763977
z_degree_to_cn_residual,2,test-435,0.6892270958944726,0.04305104911327362
z_degree_to_cn_residual,2,test-436,0.027598705190133088,0.10822419822216034
z_degree_to_cn_residual,2,test-437,0.6288411122804236,-0.06011171638965607
z_degree_to_cn_residual,2,test-438,-0.1278380797400702,0.16094045341014862
z_degree_to_cn_residual,2,test-439,-0.0025667768776077267,0.1089208573102951
z_degree_to_cn_residual,2,test-440,0.9007472632761859,0.2634046673774719
z_degree_to_cn_residual,2,test-441,0.09689341725340761,0.132677361369133
z_degree_to_cn_residual,2,test-442,0.9986799695883919,0.15283159911632538
z_degree_to_cn_residual,2,test-443,1.0035331796620373,0.2633712887763977
z_degree_to_cn_residual,2,test-444,-0.001592483837966117,0.02243642508983612
z_degree_to_cn_residual,2,test-445,1.2002713235742477,0.22770576179027557
z_degree_to_cn_residual,2,test-446,0.9388020364386984,0.38517647981643677
z_degree_to_cn_residual,2,test-447,0.9125892511224669,0.22770576179027557
z_degree_to_cn_residual,2,test-448,-0.0017051669314512175,-0.039289191365242004
z_degree_to_cn_residual,2,test-449,0.6906637066585698,0.33843499422073364
z_degree_to_cn_residual,2,test-450,0.6188756690777434,0.17771892249584198
z_degree_to_cn_residual,2,test-451,-0.6219808875579942,-0.024537280201911926
z_degree_to_cn_residual,2,test-452,-0.32077300936225667,0.13358621299266815
z_degree_to_cn_residual,2,test-453,0.7307645251010271,0.22298698127269745
z_degree_to_cn_residual,2,test-454,-0.09507910900607243,0.2633712887763977
z_degree_to_cn_residual,2,test-455,0.6930446040093127,0.07646207511425018
z_degree_to_cn_residual,2,test-456,-0.06430606827952172,-0.06011171638965607
z_degree_to_cn_residual,2,test-457,-0.0025667768776077267,0.04745130240917206
z_degree_to_cn_residual,2,test-458,-0.15981025222941134,0.38517647981643677
z_degree_to_cn_residual,2,test-459,0.5634751272888399,0.2052796334028244
z_degree_to_cn_residual,2,test-460,0.9125892511224669,0.22770576179027557
z_degree_to_cn_residual,2,test-461,0.5932148614802274,0.15283159911632538
z_degree_to_cn_residual,2,test-462,-0.0022128532902202114,0.0485413521528244
z_degree_to_cn_residual,2,test-463,0.6905804036823375,0.1089208573102951
z_degree_to_cn_residual,2,test-464,0.6924563057315964,0.05619530379772186
z_degree_to_cn_residual,2,test-465,-0.0022128532902202114,0.0485413521528244
z_degree_to_cn_residual,2,test-466,0.42920014516401445,0.14129476249217987
z_degree_to_cn_residual,2,test-467,0.5023585253615721,0.132677361369133
z_degree_to_cn_residual,2,test-468,-0.18602303754564287,0.22770576179027557
z_degree_to_cn_residual,2,test-469,-0.09993231907971788,0.15283159911632538
z_degree_to_cn_residual,2,test-470,-0.001592483837966117,0.02243642508983612
z_degree_to_cn_residual,2,test-471,0.42920014516401445,0.14129476249217987
z_degree_to_cn_residual,2,test-472,-0.002536581283496064,0.23764972388744354
z_degree_to_cn_residual,2,test-473,0.3907357061859718,0.5689433217048645
z_degree_to_cn_residual,2,test-474,0.18103728275552644,0.2592697739601135
z_degree_to_cn_residual,2,test-475,0.629186265886127,0.2869012951850891
z_degree_to_cn_residual,2,test-476,-0.002679459971092827,0.10258083045482635
z_degree_to_cn_residual,2,test-477,-0.09507910900607243,0.09741000831127167
z_degree_to_cn_residual,2,test-478,0.5963176677780939,0.10791639983654022
z_degree_to_cn_residual,2,test-479,0.5071241430143024,0.22770576179027557
z_degree_to_cn_residual,2,test-480,0.7232900511466166,0.1413683146238327
z_degree_to_cn_residual,2,test-481,-0.003920084665472663,0.04305104911327362
z_degree_to_cn_residual,2,test-482,0.5634751272888399,-0.08468170464038849
z_degree_to_cn_residual,2,test-483,0.4676238340609221,0.29269152879714966
z_degree_to_cn_residual,2,test-484,-0.002679459971092827,0.10258083045482635
z_degree_to_cn_residual,2,test-485,-0.295747045488935,-0.07498855888843536
z_degree_to_cn_residual,2,test-486,-0.0017051669314512175,0.03470639884471893
z_degree_to_cn_residual,2,test-487,-0.21403955770147523,0.18432025611400604
z_degree_to_cn_residual,2,test-488,-0.002679459971092827,0.10258083045482635
z_degree_to_cn_residual,2,test-489,-0.002709528290634796,0.07120995223522186
z_degree_to_cn_residual,2,test-490,-0.0025667768776077267,0.04745130240917206
z_degree_to_cn_residual,2,test-491,-0.002679459971092827,0.10258083045482635
z_degree_to_cn_residual,2,test-492,0.6422000301412054,0.10673432052135468
z_degree_to_cn_residual,2,test-493,0.732166078719928,0.06790952384471893
z_degree_to_cn_residual,2,test-494,-0.002483473901375505,-0.002521231770515442
z_degree_to_cn_residual,2,test-495,-0.31852856519640793,0.20601873099803925
z_degree_to_cn_residual,2,test-496,-0.0025667768776077267,0.1089208573102951
z_degree_to_cn_residual,2,test-497,0.6917662213034395,-0.061480239033699036
z_degree_to_cn_residual,2,test-498,-0.003920084665472663,0.04305104911327362
z_degree_to_cn_residual,2,test-499,-0.530128441809577,0.3142896294593811
z_degree_to_cn_residual,2,test-500,-0.3024114743739735,0.5689433217048645
z_degree_to_cn_residual,2,test-501,0.6960125126639972,0.05070523917675018
z_degree_to_cn_residual,2,test-502,0.3974001350710103,-0.07498855888843536
z_degree_to_cn_residual,2,test-503,-0.4555583161639697,0.31626254320144653
z_degree_to_cn_residual,2,test-504,-0.4681938869129151,0.021154209971427917
z_degree_to_cn_residual,2,test-505,0.629186265886127,0.2869012951850891
z_degree_to_cn_residual,2,test-506,-0.4092811700187469,0.1401834934949875
z_degree_to_cn_residual,2,test-507,-0.006401163194461921,0.11809496581554413
z_degree_to_cn_residual,2,test-508,-0.7439778312008087,0.24032072722911835
z_degree_to_cn_residual,2,test-509,0.400053207186074,0.15394000709056854
z_degree_to_cn_residual,2,test-510,0.9297295237162035,0.03087155520915985
z_degree_to_cn_residual,2,test-511,-0.06430606827952172,-0.06011171638965607
z_degree_to_degree,2,test-0,4.6443908991413725,4.767637252807617
z_degree_to_degree,2,test-1,3.9889840465642745,4.260457992553711
z_degree_to_degree,2,test-2,4.584967478670571,4.859255313873291
z_degree_to_degree,2,test-3,3.1780538303479453,3.541365146636963
z_degree_to_degree,2,test-4,4.77912349311153,4.905285358428955
z_degree_to_degree,2,test-5,3.8066624897703196,3.9856910705566406
z_degree_to_degree,2,test-6,5.966146739123692,6.21134614944458
z_degree_to_degree,2,test-7,3.6635616461296463,4.044098854064941
z_degree_to_degree,2,test-8,3.044522437723423,3.3680176734924316
z_degree_to_degree,2,test-9,3.6888794541139367,3.9315781593322754
z_degree_to_degree,2,test-10,3.401197381662155,3.690218687057495
z_degree_to_degree,2,test-11,3.9120230054281464,4.088908672332764
z_degree_to_degree,2,test-12,0.6931471805599453,1.5892438888549805
z_degree_to_degree,2,test-13,4.74493212836325,4.9525041580200195
z_degree_to_degree,2,test-14,4.0943445622221,4.645562171936035
z_degree_to_degree,2,test-15,1.791759469228055,2.3197357654571533
z_degree_to_degree,2,test-16,4.394449154672439,4.727632522583008
z_degree_to_degree,2,test-17,4.718498871295095,5.013523578643799
z_degree_to_degree,2,test-18,0.6931471805599453,1.5892438888549805
z_degree_to_degree,2,test-19,3.044522437723423,3.3680176734924316
z_degree_to_degree,2,test-20,3.1780538303479458,3.736234426498413
z_degree_to_degree,2,test-21,3.465735902799726,3.583101749420166
z_degree_to_degree,2,test-22,3.401197381662155,3.690218687057495
z_degree_to_degree,2,test-23,1.0986122886681098,1.7615184783935547
z_degree_to_degree,2,test-24,3.5553480614894135,3.7462916374206543
z_degree_to_degree,2,test-25,4.189654742026425,4.388605117797852
z_degree_to_degree,2,test-26,2.3025850929940455,2.779383420944214
z_degree_to_degree,2,test-27,3.465735902799726,3.583101749420166
z_degree_to_degree,2,test-28,2.8903717578961645,3.1589369773864746
z_degree_to_degree,2,test-29,3.688879454113936,3.906766414642334
z_degree_to_degree,2,test-30,4.882801922586371,5.203512191772461
z_degree_to_degree,2,test-31,4.553876891600541,4.817117214202881
z_degree_to_degree,2,test-32,3.58351893845611,3.7751636505126953
z_degree_to_degree,2,test-33,3.58351893845611,4.214616775512695
z_degree_to_degree,2,test-34,3.1780538303479453,3.4451804161071777
z_degree_to_degree,2,test-35,2.772588722239781,3.159907341003418
z_degree_to_degree,2,test-36,1.3862943611198906,2.0195274353027344
z_degree_to_degree,2,test-37,2.3025850929940455,2.779383420944214
z_degree_to_degree,2,test-38,3.9889840465642745,4.580804824829102
z_degree_to_degree,2,test-39,1.791759469228055,2.3197357654571533
z_degree_to_degree,2,test-40,3.951243718581427,4.254904270172119
z_degree_to_degree,2,test-41,3.6888794541139367,3.9315781593322754
z_degree_to_degree,2,test-42,6.040254711277414,6.401364803314209
z_degree_to_degree,2,test-43,2.4849066497880004,2.9176390171051025
z_degree_to_degree,2,test-44,3.1780538303479453,3.4451804161071777
z_degree_to_degree,2,test-45,0.6931471805599453,1.5892438888549805
z_degree_to_degree,2,test-46,4.941642422609304,5.174748420715332
z_degree_to_degree,2,test-47,0.0,1.230855941772461
z_degree_to_degree,2,test-48,2.8903717578961645,3.1589369773864746
z_degree_to_degree,2,test-49,6.040254711277414,6.401364803314209
z_degree_to_degree,2,test-50,3.332204510175204,3.600210666656494
z_degree_to_degree,2,test-51,2.995732273553991,3.424254894256592
z_degree_to_degree,2,test-52,6.327936783729195,6.6146769523620605
z_degree_to_degree,2,test-53,2.8903717578961645,3.1589369773864746
z_degree_to_degree,2,test-54,2.6390573296152584,2.9965932369232178
z_degree_to_degree,2,test-55,4.927253685157204,5.140707492828369
z_degree_to_degree,2,test-56,2.70805020110221,3.1227216720581055
z_degree_to_degree,2,test-57,5.272999558563747,5.57053279876709
z_degree_to_degree,2,test-58,3.9889840465642745,4.17647647857666
z_degree_to_degree,2,test-59,2.0794415416798357,2.7602524757385254
z_degree_to_degree,2,test-60,4.7535901911063645,4.930910110473633
z_degree_to_degree,2,test-61,2.1972245773362196,2.757800579071045
z_degree_to_degree,2,test-62,2.3978952727983707,3.007814407348633
z_degree_to_degree,2,test-63,1.3862943611198906,2.0195274353027344
z_degree_to_degree,2,test-64,3.58351893845611,3.981092929840088
z_degree_to_degree,2,test-65,2.8903717578961645,3.1589369773864746
z_degree_to_degree,2,test-66,2.4849066497880004,3.06911039352417
z_degree_to_degree,2,test-67,2.4849066497880004,3.06911039352417
z_degree_to_degree,2,test-68,4.90527477843843,5.1255717277526855
z_degree_to_degree,2,test-69,3.2188758248682006,3.6214332580566406
z_degree_to_degree,2,test-70,2.995732273553991,3.424254894256592
z_degree_to_degree,2,test-71,4.0943445622221,4.395212650299072
z_degree_to_degree,2,test-72,1.791759469228055,2.3197357654571533
z_degree_to_degree,2,test-73,3.951243718581427,4.254904270172119
z_degree_to_degree,2,test-74,2.70805020110221,3.1227216720581055
z_degree_to_degree,2,test-75,3.044522437723423,3.3680176734924316
z_degree_to_degree,2,test-76,1.0986122886681098,1.7615184783935547
z_degree_to_degree,2,test-77,3.044522437723423,3.3680176734924316
z_degree_to_degree,2,test-78,1.3862943611198906,2.0832982063293457
z_degree_to_degree,2,test-79,1.791759469228055,2.3197357654571533
z_degree_to_degree,2,test-80,3.688879454113936,3.906766414642334
z_degree_to_degree,2,test-81,3.58351893845611,3.9102940559387207
z_degree_to_degree,2,test-82,3.465735902799726,3.583101749420166
z_degree_to_degree,2,test-83,4.025351690735149,4.602197647094727
z_degree_to_degree,2,test-84,4.718498871295094,4.880533218383789
z_degree_to_degree,2,test-85,3.9889840465642745,4.260457992553711
z_degree_to_degree,2,test-86,3.332204510175204,3.600210666656494
z_degree_to_degree,2,test-87,2.70805020110221,3.1227216720581055
z_degree_to_degree,2,test-88,2.6390573296152584,2.9965932369232178
z_degree_to_degree,2,test-89,3.332204510175204,3.600210666656494
z_degree_to_degree,2,test-90,2.4849066497880004,2.9176390171051025
z_degree_to_degree,2,test-91,2.0794415416798357,2.7602524757385254
z_degree_to_degree,2,test-92,3.1780538303479453,3.541365146636963
z_degree_to_degree,2,test-93,5.272999558563747,5.57053279876709
z_degree_to_degree,2,test-94,2.4849066497880004,2.9176390171051025
z_degree_to_degree,2,test-95,3.401197381662156,3.7299556732177734
z_degree_to_degree,2,test-96,7.50659178007084,7.491076469421387
z_degree_to_degree,2,test-97,4.465908118654584,4.756965637207031
z_degree_to_degree,2,test-98,2.3025850929940455,2.779383420944214
z_degree_to_degree,2,test-99,2.70805020110221,3.1227216720581055
z_degree_to_degree,2,test-100,3.58351893845611,3.9102940559387207
z_degree_to_degree,2,test-101,2.70805020110221,3.1227216720581055
z_degree_to_degree,2,test-102,4.02535169073515,4.747155666351318
z_degree_to_degree,2,test-103,2.772588722239781,3.159907341003418
z_degree_to_degree,2,test-104,2.1972245773362196,2.6144187450408936
z_degree_to_degree,2,test-105,1.0986122886681098,1.7615184783935547
z_degree_to_degree,2,test-106,3.5263605246161616,4.164986610412598
z_degree_to_degree,2,test-107,0.6931471805599453,1.5892438888549805
z_degree_to_degree,2,test-108,6.327936783729195,6.6146769523620605
z_degree_to_degree,2,test-109,3.58351893845611,3.7751636505126953
z_degree_to_degree,2,test-110,2.0794415416798357,2.7602524757385254
z_degree_to_degree,2,test-111,2.8903717578961645,3.7897706031799316
z_degree_to_degree,2,test-112,5.0106352940962555,5.253489971160889
z_degree_to_degree,2,test-113,3.688879454113936,3.906766414642334
z_degree_to_degree,2,test-114,1.3862943611198906,2.0832982063293457
z_degree_to_degree,2,test-115,1.3862943611198906,2.0195274353027344
z_degree_to_degree,2,test-116,7.3395376954076745,7.461818218231201
z_degree_to_degree,2,test-117,4.304065093204169,4.624637603759766
z_degree_to_degree,2,test-118,3.2188758248682006,3.6214332580566406
z_degree_to_degree,2,test-119,6.733401891837358,7.048086166381836
z_degree_to_degree,2,test-120,2.4849066497880004,2.9176390171051025
z_degree_to_degree,2,test-121,2.995732273553991,3.424254894256592
z_degree_to_degree,2,test-122,3.58351893845611,3.9102940559387207
z_degree_to_degree,2,test-123,1.791759469228055,2.3197357654571533
z_degree_to_degree,2,test-124,2.6390573296152584,2.9965932369232178
z_degree_to_degree,2,test-125,2.1972245773362196,2.6144187450408936
z_degree_to_degree,2,test-126,2.4849066497880004,2.9176390171051025
z_degree_to_degree,2,test-127,1.791759469228055,2.3197357654571533
z_degree_to_degree,2,test-128,3.6635616461296463,4.044098854064941
z_degree_to_degree,2,test-129,2.5649493574615367,3.291752815246582
z_degree_to_degree,2,test-130,2.995732273553991,3.424254894256592
z_degree_to_degree,2,test-131,3.044522437723423,3.3680176734924316
z_degree_to_degree,2,test-132,3.688879454113936,3.906766414642334
z_degree_to_degree,2,test-133,5.560681631015528,5.678720474243164
z_degree_to_degree,2,test-134,2.1972245773362196,2.6144187450408936
z_degree_to_degree,2,test-135,2.772588722239781,3.159907341003418
z_degree_to_degree,2,test-136,3.688879454113936,3.906766414642334
z_degree_to_degree,2,test-137,2.1972245773362196,2.757800579071045
z_degree_to_degree,2,test-138,4.31748811353631,4.578149318695068
z_degree_to_degree,2,test-139,1.791759469228055,2.3197357654571533
z_degree_to_degree,2,test-140,3.332204510175204,3.600210666656494
z_degree_to_degree,2,test-141,4.276666119016055,4.5154128074646
z_degree_to_degree,2,test-142,2.70805020110221,3.1227216720581055
z_degree_to_degree,2,test-143,2.0794415416798357,2.7602524757385254
z_degree_to_degree,2,test-144,2.772588722239781,3.159907341003418
z_degree_to_degree,2,test-145,4.882801922586371,5.203512191772461
z_degree_to_degree,2,test-146,3.465735902799726,3.583101749420166
z_degree_to_degree,2,test-147,3.332204510175204,3.600210666656494
z_degree_to_degree,2,test-148,6.327936783729195,6.6146769523620605
z_degree_to_degree,2,test-149,3.2188758248682006,3.6214332580566406
z_degree_to_degree,2,test-150,3.931825632724326,4.2098164558410645
z_degree_to_degree,2,test-151,3.295836866004329,3.7532548904418945
z_degree_to_degree,2,test-152,3.4011973816621555,4.003089904785156
z_degree_to_degree,2,test-153,4.0943445622221,4.331186294555664
z_degree_to_degree,2,test-154,2.0794415416798357,2.7602524757385254
z_degree_to_degree,2,test-155,2.3025850929940455,2.779383420944214
z_degree_to_degree,2,test-156,5.4116460518550396,5.654758930206299
z_degree_to_degree,2,test-157,4.564348191467836,4.793405532836914
z_degree_to_degree,2,test-158,0.0,1.230855941772461
z_degree_to_degree,2,test-159,2.70805020110221,3.1227216720581055
z_degree_to_degree,2,test-160,2.9444389791664403,3.8480520248413086
z_degree_to_degree,2,test-161,1.3862943611198906,2.0832982063293457
z_degree_to_degree,2,test-162,2.8903717578961645,3.1589369773864746
z_degree_to_degree,2,test-163,1.791759469228055,2.3197357654571533
z_degree_to_degree,2,test-164,5.560681631015528,5.678720474243164
z_degree_to_degree,2,test-165,1.0986122886681098,1.7615184783935547
z_degree_to_degree,2,test-166,3.5553480614894135,3.7462916374206543
z_degree_to_degree,2,test-167,4.499809670330265,4.680716514587402
z_degree_to_degree,2,test-168,3.5553480614894135,3.7462916374206543
z_degree_to_degree,2,test-169,1.791759469228055,2.3197357654571533
z_degree_to_degree,2,test-170,2.0794415416798357,2.7602524757385254
z_degree_to_degree,2,test-171,5.288267030694535,5.586237907409668
z_degree_to_degree,2,test-172,1.3862943611198906,2.0832982063293457
z_degree_to_degree,2,test-173,2.4849066497880004,2.9176390171051025
z_degree_to_degree,2,test-174,3.9120230054281464,4.088908672332764
z_degree_to_degree,2,test-175,4.499809670330265,4.680716514587402
z_degree_to_degree,2,test-176,4.867534450455582,5.186528205871582
z_degree_to_degree,2,test-177,4.718498871295095,5.013523578643799
z_degree_to_degree,2,test-178,3.465735902799726,3.583101749420166
z_degree_to_degree,2,test-179,1.3862943611198906,2.0832982063293457
z_degree_to_degree,2,test-180,3.58351893845611,4.214616775512695
z_degree_to_degree,2,test-181,3.58351893845611,3.7751636505126953
z_degree_to_degree,2,test-182,3.465735902799726,3.583101749420166
z_degree_to_degree,2,test-183,0.0,1.230855941772461
z_degree_to_degree,2,test-184,7.24422751560335,7.450796604156494
z_degree_to_degree,2,test-185,3.332204510175204,3.600210666656494
z_degree_to_degree,2,test-186,3.401197381662155,3.690218687057495
z_degree_to_degree,2,test-187,3.332204510175204,3.600210666656494
z_degree_to_degree,2,test-188,2.4849066497880004,2.9176390171051025
z_degree_to_degree,2,test-189,2.1972245773362196,2.6144187450408936
z_degree_to_degree,2,test-190,2.70805020110221,3.1227216720581055
z_degree_to_degree,2,test-191,2.0794415416798357,2.7602524757385254
z_degree_to_degree,2,test-192,3.044522437723423,3.3680176734924316
z_degree_to_degree,2,test-193,2.995732273553991,3.424254894256592
z_degree_to_degree,2,test-194,3.58351893845611,4.214616775512695
z_degree_to_degree,2,test-195,4.90527477843843,5.1255717277526855
z_degree_to_degree,2,test-196,4.5217885770490405,4.610170364379883
z_degree_to_degree,2,test-197,2.4849066497880004,2.9176390171051025
z_degree_to_degree,2,test-198,4.709530201312334,4.85673713684082
z_degree_to_degree,2,test-199,1.0986122886681098,1.7615184783935547
z_degree_to_degree,2,test-200,1.0986122886681098,1.7615184783935547
z_degree_to_degree,2,test-201,1.0986122886681098,1.7615184783935547
z_degree_to_degree,2,test-202,3.044522437723423,3.3680176734924316
z_degree_to_degree,2,test-203,2.4849066497880004,2.9176390171051025
z_degree_to_degree,2,test-204,2.6390573296152584,2.9965932369232178
z_degree_to_degree,2,test-205,2.1972245773362196,2.6144187450408936
z_degree_to_degree,2,test-206,3.58351893845611,3.7751636505126953
z_degree_to_degree,2,test-207,4.2484952420493585,4.487610340118408
z_degree_to_degree,2,test-208,4.0943445622221,4.395212650299072
z_degree_to_degree,2,test-209,4.836281906951478,5.082130432128906
z_degree_to_degree,2,test-210,4.976733742420574,5.2229413986206055
z_degree_to_degree,2,test-211,3.044522437723423,3.3680176734924316
z_degree_to_degree,2,test-212,4.499809670330265,4.768575191497803
z_degree_to_degree,2,test-213,1.3862943611198906,2.0195274353027344
z_degree_to_degree,2,test-214,5.560681631015528,5.678720474243164
z_degree_to_degree,2,test-215,2.0794415416798357,2.7602524757385254
z_degree_to_degree,2,test-216,0.6931471805599453,1.5892438888549805
z_degree_to_degree,2,test-217,1.791759469228055,2.3197357654571533
z_degree_to_degree,2,test-218,3.044522437723423,3.3680176734924316
z_degree_to_degree,2,test-219,3.58351893845611,3.9102940559387207
z_degree_to_degree,2,test-220,2.70805020110221,3.52162504196167
z_degree_to_degree,2,test-221,2.995732273553991,3.424254894256592
z_degree_to_degree,2,test-222,2.0794415416798357,2.7602524757385254
z_degree_to_degree,2,test-223,3.8712010109078907,4.165671348571777
z_degree_to_degree,2,test-224,0.0,1.230855941772461
z_degree_to_degree,2,test-225,3.332204510175204,3.600210666656494
z_degree_to_degree,2,test-226,2.0794415416798357,2.7602524757385254
z_degree_to_degree,2,test-227,2.772588722239781,3.159907341003418
z_degree_to_degree,2,test-228,1.791759469228055,2.3197357654571533
z_degree_to_degree,2,test-229,2.1972245773362196,2.6144187450408936
z_degree_to_degree,2,test-230,3.401197381662156,3.7299556732177734
z_degree_to_degree,2,test-231,4.430816798843313,4.5590314865112305
z_degree_to_degree,2,test-232,4.276666119016055,4.495752334594727
z_degree_to_degree,2,test-233,1.791759469228055,2.429089069366455
z_degree_to_degree,2,test-234,3.58351893845611,3.9102940559387207
z_degree_to_degree,2,test-235,3.1780538303479453,3.541365146636963
z_degree_to_degree,2,test-236,2.8903717578961645,3.1589369773864746
z_degree_to_degree,2,test-237,3.044522437723423,3.3680176734924316
z_degree_to_degree,2,test-238,5.780743515792329,5.598355770111084
z_degree_to_degree,2,test-239,6.327936783729195,6.6146769523620605
z_degree_to_degree,2,test-240,0.6931471805599453,1.5892438888549805
z_degree_to_degree,2,test-241,2.4849066497880004,3.06911039352417
z_degree_to_degree,2,test-242,2.8903717578961645,3.1589369773864746
z_degree_to_degree,2,test-243,2.1972245773362196,2.6144187450408936
z_degree_to_degree,2,test-244,3.044522437723423,3.3680176734924316
z_degree_to_degree,2,test-245,2.70805020110221,3.1227216720581055
z_degree_to_degree,2,test-246,4.74493212836325,4.9525041580200195
z_degree_to_degree,2,test-247,1.791759469228055,2.3197357654571533
z_degree_to_degree,2,test-248,3.8066624897703196,3.9856910705566406
z_degree_to_degree,2,test-249,3.951243718581427,4.254904270172119
z_degree_to_degree,2,test-250,1.3862943611198906,2.0832982063293457
z_degree_to_degree,2,test-251,4.718498871295095,5.013523578643799
z_degree_to_degree,2,test-252,3.465735902799726,3.583101749420166
z_degree_to_degree,2,test-253,2.70805020110221,3.1227216720581055
z_degree_to_degree,2,test-254,2.6390573296152584,2.9965932369232178
z_degree_to_degree,2,test-255,5.19295685089021,5.436943054199219
z_degree_to_degree,2,test-256,0.0,1.230855941772461
z_degree_to_degree,2,test-257,5.98141421125448,6.226689338684082
z_degree_to_degree,2,test-258,3.8712010109078907,4.040555953979492
z_degree_to_degree,2,test-259,2.9957322735539913,3.5110583305358887
z_degree_to_degree,2,test-260,1.0986122886681098,1.7615184783935547
z_degree_to_degree,2,test-261,3.401197381662155,3.690218687057495
z_degree_to_degree,2,test-262,2.995732273553991,3.424254894256592
z_degree_to_degree,2,test-263,2.995732273553991,3.424254894256592
z_degree_to_degree,2,test-264,4.1588830833596715,4.447238445281982
z_degree_to_degree,2,test-265,4.31748811353631,4.578149318695068
z_degree_to_degree,2,test-266,1.791759469228055,2.3197357654571533
z_degree_to_degree,2,test-267,2.0794415416798357,2.7602524757385254
z_degree_to_degree,2,test-268,2.70805020110221,3.1227216720581055
z_degree_to_degree,2,test-269,6.476972362889683,6.6005024909973145
z_degree_to_degree,2,test-270,1.791759469228055,2.3197357654571533
z_degree_to_degree,2,test-271,3.044522437723423,3.3680176734924316
z_degree_to_degree,2,test-272,3.737669618283368,3.966536045074463
z_degree_to_degree,2,test-273,3.1780538303479453,3.4451804161071777
z_degree_to_degree,2,test-274,2.772588722239781,3.159907341003418
z_degree_to_degree,2,test-275,2.70805020110221,3.1227216720581055
z_degree_to_degree,2,test-276,2.0794415416798357,2.7016329765319824
z_degree_to_degree,2,test-277,3.332204510175204,3.600210666656494
z_degree_to_degree,2,test-278,5.220355825078324,5.466771125793457
z_degree_to_degree,2,test-279,3.6635616461296463,4.044098854064941
z_degree_to_degree,2,test-280,2.6390573296152584,2.9965932369232178
z_degree_to_degree,2,test-281,2.4849066497880004,2.9176390171051025
z_degree_to_degree,2,test-282,3.9512437185814275,4.549327850341797
z_degree_to_degree,2,test-283,2.995732273553991,3.424254894256592
z_degree_to_degree,2,test-284,1.6094379124341003,2.0800132751464844
z_degree_to_degree,2,test-285,2.70805020110221,3.1227216720581055
z_degree_to_degree,2,test-286,6.461468176353717,6.350282669067383
z_degree_to_degree,2,test-287,3.044522437723423,3.3680176734924316
z_degree_to_degree,2,test-288,3.4965075614664807,3.8503592014312744
z_degree_to_degree,2,test-289,4.499809670330265,4.778616428375244
z_degree_to_degree,2,test-290,2.8903717578961645,3.1589369773864746
z_degree_to_degree,2,test-291,5.60947179518496,5.941149711608887
z_degree_to_degree,2,test-292,5.375278407684165,5.50924825668335
z_degree_to_degree,2,test-293,3.6888794541139367,3.9315781593322754
z_degree_to_degree,2,test-294,2.1972245773362196,2.6144187450408936
z_degree_to_degree,2,test-295,2.3025850929940455,2.779383420944214
z_degree_to_degree,2,test-296,3.7376696182833684,4.426026344299316
z_degree_to_degree,2,test-297,2.0794415416798357,2.7016329765319824
z_degree_to_degree,2,test-298,1.3862943611198906,2.0195274353027344
z_degree_to_degree,2,test-299,3.1780538303479453,3.4451804161071777
z_degree_to_degree,2,test-300,2.995732273553991,3.424254894256592
z_degree_to_degree,2,test-301,1.6094379124341003,2.0800132751464844
z_degree_to_degree,2,test-302,2.4849066497880004,2.9176390171051025
z_degree_to_degree,2,test-303,2.0794415416798357,2.7602524757385254
z_degree_to_degree,2,test-304,4.382026634673881,4.539168834686279
z_degree_to_degree,2,test-305,3.332204510175204,3.600210666656494
z_degree_to_degree,2,test-306,5.556828061699537,5.891380786895752
z_degree_to_degree,2,test-307,2.0794415416798357,2.7602524757385254
z_degree_to_degree,2,test-308,2.0794415416798357,2.7602524757385254
z_degree_to_degree,2,test-309,3.58351893845611,3.981092929840088
z_degree_to_degree,2,test-310,2.1972245773362196,2.6144187450408936
z_degree_to_degree,2,test-311,3.8918202981106265,4.15763521194458
z_degree_to_degree,2,test-312,2.4849066497880004,3.162104606628418
z_degree_to_degree,2,test-313,6.733401891837358,7.048086166381836
z_degree_to_degree,2,test-314,4.941642422609304,5.174748420715332
z_degree_to_degree,2,test-315,1.9459101490553132,2.639791965484619
z_degree_to_degree,2,test-316,2.8903717578961645,3.1589369773864746
z_degree_to_degree,2,test-317,5.4116460518550396,5.654758930206299
z_degree_to_degree,2,test-318,3.332204510175204,3.600210666656494
z_degree_to_degree,2,test-319,6.733401891837358,7.048086166381836
z_degree_to_degree,2,test-320,2.772588722239781,3.159907341003418
z_degree_to_degree,2,test-321,3.044522437723423,3.3680176734924316
z_degree_to_degree,2,test-322,2.995732273553991,3.424254894256592
z_degree_to_degree,2,test-323,0.6931471805599453,1.5892438888549805
z_degree_to_degree,2,test-324,2.4849066497880004,2.9176390171051025
z_degree_to_degree,2,test-325,2.772588722239781,3.159907341003418
z_degree_to_degree,2,test-326,3.091042453358316,3.6741161346435547
z_degree_to_degree,2,test-327,3.401197381662156,3.7299556732177734
z_degree_to_degree,2,test-328,3.688879454113936,3.906766414642334
z_degree_to_degree,2,test-329,1.6094379124341003,2.0800132751464844
z_degree_to_degree,2,test-330,3.5553480614894135,3.7462916374206543
z_degree_to_degree,2,test-331,3.8712010109078907,4.188714027404785
z_degree_to_degree,2,test-332,2.70805020110221,3.52162504196167
z_degree_to_degree,2,test-333,2.8903717578961645,3.7897706031799316
z_degree_to_degree,2,test-334,2.4849066497880004,3.06911039352417
z_degree_to_degree,2,test-335,4.51085950651685,4.818039894104004
z_degree_to_degree,2,test-336,2.70805020110221,3.1227216720581055
z_degree_to_degree,2,test-337,3.044522437723423,3.3680176734924316
z_degree_to_degree,2,test-338,2.4849066497880004,2.9176390171051025
z_degree_to_degree,2,test-339,2.772588722239781,3.159907341003418
z_degree_to_degree,2,test-340,4.143134726391533,4.43167781829834
z_degree_to_degree,2,test-341,3.931825632724326,4.2098164558410645
z_degree_to_degree,2,test-342,2.4849066497880004,2.9176390171051025
z_degree_to_degree,2,test-343,4.787491742782047,4.970707893371582
z_degree_to_degree,2,test-344,1.3862943611198906,2.0195274353027344
z_degree_to_degree,2,test-345,3.1780538303479453,3.541365146636963
z_degree_to_degree,2,test-346,2.4849066497880004,2.9176390171051025
z_degree_to_degree,2,test-347,2.4849066497880004,2.9176390171051025
z_degree_to_degree,2,test-348,2.4849066497880004,2.9176390171051025
z_degree_to_degree,2,test-349,3.401197381662155,3.690218687057495
z_degree_to_degree,2,test-350,2.8903717578961645,3.7897706031799316
z_degree_to_degree,2,test-351,3.1780538303479453,3.4451804161071777
z_degree_to_degree,2,test-352,1.3862943611198906,2.0195274353027344
z_degree_to_degree,2,test-353,4.882801922586371,5.203512191772461
z_degree_to_degree,2,test-354,4.23410650459726,4.550324440002441
z_degree_to_degree,2,test-355,5.6937321388027,5.559642791748047
z_degree_to_degree,2,test-356,0.6931471805599453,1.5892438888549805
z_degree_to_degree,2,test-357,1.791759469228055,2.3197357654571533
z_degree_to_degree,2,test-358,1.791759469228055,2.3197357654571533
z_degree_to_degree,2,test-359,5.966146739123692,6.21134614944458
z_degree_to_degree,2,test-360,3.4965075614664807,3.8503592014312744
z_degree_to_degree,2,test-361,6.733401891837358,7.048086166381836
z_degree_to_degree,2,test-362,5.272999558563747,5.525373935699463
z_degree_to_degree,2,test-363,3.737669618283368,3.966536045074463
z_degree_to_degree,2,test-364,2.1972245773362196,2.6144187450408936
z_degree_to_degree,2,test-365,2.995732273553991,3.424254894256592
z_degree_to_degree,2,test-366,1.3862943611198906,2.0832982063293457
z_degree_to_degree,2,test-367,6.327936783729195,6.6146769523620605
z_degree_to_degree,2,test-368,4.430816798843313,4.5590314865112305
z_degree_to_degree,2,test-369,0.0,1.230855941772461
z_degree_to_degree,2,test-370,2.6390573296152584,2.9965932369232178
z_degree_to_degree,2,test-371,1.6094379124341003,2.0800132751464844
z_degree_to_degree,2,test-372,2.4849066497880004,2.9176390171051025
z_degree_to_degree,2,test-373,3.465735902799726,3.583101749420166
z_degree_to_degree,2,test-374,2.772588722239781,3.159907341003418
z_degree_to_degree,2,test-375,2.70805020110221,3.1227216720581055
z_degree_to_degree,2,test-376,4.74493212836325,4.9525041580200195
z_degree_to_degree,2,test-377,2.4849066497880004,3.06911039352417
z_degree_to_degree,2,test-378,3.332204510175204,3.600210666656494
z_degree_to_degree,2,test-379,2.4849066497880004,3.06911039352417
z_degree_to_degree,2,test-380,2.8903717578961645,3.1589369773864746
z_degree_to_degree,2,test-381,2.3025850929940455,2.779383420944214
z_degree_to_degree,2,test-382,1.791759469228055,2.3197357654571533
z_degree_to_degree,2,test-383,0.6931471805599453,1.5892438888549805
z_degree_to_degree,2,test-384,4.276666119016055,4.656116962432861
z_degree_to_degree,2,test-385,1.791759469228055,2.3197357654571533
z_degree_to_degree,2,test-386,1.791759469228055,2.3197357654571533
z_degree_to_degree,2,test-387,2.0794415416798357,2.7602524757385254
z_degree_to_degree,2,test-388,2.995732273553991,3.424254894256592
z_degree_to_degree,2,test-389,2.0794415416798357,2.7602524757385254
z_degree_to_degree,2,test-390,3.044522437723423,3.3680176734924316
z_degree_to_degree,2,test-391,2.995732273553991,3.424254894256592
z_degree_to_degree,2,test-392,0.0,1.230855941772461
z_degree_to_degree,2,test-393,1.3862943611198906,2.0832982063293457
z_degree_to_degree,2,test-394,2.3025850929940455,2.779383420944214
z_degree_to_degree,2,test-395,3.295836866004329,3.7532548904418945
z_degree_to_degree,2,test-396,1.791759469228055,2.3197357654571533
z_degree_to_degree,2,test-397,3.4011973816621555,4.003089904785156
z_degree_to_degree,2,test-398,2.4849066497880004,3.06911039352417
z_degree_to_degree,2,test-399,2.995732273553991,3.424254894256592
z_degree_to_degree,2,test-400,2.0794415416798357,2.7602524757385254
z_degree_to_degree,2,test-401,2.0794415416798357,2.7602524757385254
z_degree_to_degree,2,test-402,3.1780538303479453,3.541365146636963
z_degree_to_degree,2,test-403,3.828641396489095,4.598741054534912
z_degree_to_degree,2,test-404,4.90527477843843,5.1255717277526855
z_degree_to_degree,2,test-405,1.791759469228055,2.429089069366455
z_degree_to_degree,2,test-406,3.401197381662155,3.690218687057495
z_degree_to_degree,2,test-407,1.3862943611198906,2.0195274353027344
z_degree_to_degree,2,test-408,2.8903717578961645,3.7897706031799316
z_degree_to_degree,2,test-409,4.276666119016055,4.656116962432861
z_degree_to_degree,2,test-410,0.6931471805599453,1.5892438888549805
z_degree_to_degree,2,test-411,3.5553480614894135,3.7462916374206543
z_degree_to_degree,2,test-412,2.8903717578961645,3.1589369773864746
z_degree_to_degree,2,test-413,3.332204510175204,3.600210666656494
z_degree_to_degree,2,test-414,5.342334251964811,5.590126991271973
z_degree_to_degree,2,test-415,2.890371757896165,3.371250867843628
z_degree_to_degree,2,test-416,3.401197381662155,3.690218687057495
z_degree_to_degree,2,test-417,3.091042453358316,3.6741161346435547
z_degree_to_degree,2,test-418,2.995732273553991,3.424254894256592
z_degree_to_degree,2,test-419,3.401197381662155,3.690218687057495
z_degree_to_degree,2,test-420,4.787491742782046,4.980339050292969
z_degree_to_degree,2,test-421,4.430816798843313,4.5590314865112305
z_degree_to_degree,2,test-422,2.8903717578961645,3.1589369773864746
z_degree_to_degree,2,test-423,2.0794415416798357,2.7602524757385254
z_degree_to_degree,2,test-424,3.1780538303479458,3.736234426498413
z_degree_to_degree,2,test-425,1.9459101490553132,2.639791965484619
z_degree_to_degree,2,test-426,2.995732273553991,3.424254894256592
z_degree_to_degree,2,test-427,2.1972245773362196,2.6144187450408936
z_degree_to_degree,2,test-428,1.3862943611198906,2.0195274353027344
z_degree_to_degree,2,test-429,3.401197381662156,3.7299556732177734
z_degree_to_degree,2,test-430,3.332204510175204,3.9026052951812744
z_degree_to_degree,2,test-431,2.0794415416798357,2.7602524757385254
z_degree_to_degree,2,test-432,2.4849066497880004,2.9176390171051025
z_degree_to_degree,2,test-433,3.6888794541139367,3.9315781593322754
z_degree_to_degree,2,test-434,2.70805020110221,3.1227216720581055
z_degree_to_degree,2,test-435,2.4849066497880004,3.06911039352417
z_degree_to_degree,2,test-436,4.718498871295095,5.013523578643799
z_degree_to_degree,2,test-437,5.634789603169249,5.965269088745117
z_degree_to_degree,2,test-438,4.68213122712422,4.846280097961426
z_degree_to_degree,2,test-439,1.791759469228055,2.3197357654571533
z_degree_to_degree,2,test-440,3.9889840465642745,4.17647647857666
z_degree_to_degree,2,test-441,6.327936783729195,6.6146769523620605
z_degree_to_degree,2,test-442,3.044522437723423,3.3680176734924316
z_degree_to_degree,2,test-443,2.70805020110221,3.1227216720581055
z_degree_to_degree,2,test-444,1.0986122886681098,1.7615184783935547
z_degree_to_degree,2,test-445,2.995732273553991,3.424254894256592
z_degree_to_degree,2,test-446,2.772588722239781,3.159907341003418
z_degree_to_degree,2,test-447,2.995732273553991,3.424254894256592
z_degree_to_degree,2,test-448,1.791759469228055,2.429089069366455
z_degree_to_degree,2,test-449,1.3862943611198906,2.0195274353027344
z_degree_to_degree,2,test-450,2.4849066497880004,2.9176390171051025
z_degree_to_degree,2,test-451,7.50659178007084,7.491076469421387
z_degree_to_degree,2,test-452,3.951243718581427,4.254904270172119
z_degree_to_degree,2,test-453,3.5553480614894135,3.7462916374206543
z_degree_to_degree,2,test-454,2.70805020110221,3.1227216720581055
z_degree_to_degree,2,test-455,3.258096538021482,3.8092918395996094
z_degree_to_degree,2,test-456,5.634789603169249,5.965269088745117
z_degree_to_degree,2,test-457,0.6931471805599453,1.5892438888549805
z_degree_to_degree,2,test-458,2.772588722239781,3.159907341003418
z_degree_to_degree,2,test-459,3.401197381662156,3.7299556732177734
z_degree_to_degree,2,test-460,2.995732273553991,3.424254894256592
z_degree_to_degree,2,test-461,3.044522437723423,3.3680176734924316
z_degree_to_degree,2,test-462,2.1972245773362196,2.757800579071045
z_degree_to_degree,2,test-463,1.791759469228055,2.3197357654571533
z_degree_to_degree,2,test-464,3.1780538303479458,3.736234426498413
z_degree_to_degree,2,test-465,2.1972245773362196,2.757800579071045
z_degree_to_degree,2,test-466,3.401197381662155,3.690218687057495
z_degree_to_degree,2,test-467,6.327936783729195,6.6146769523620605
z_degree_to_degree,2,test-468,2.995732273553991,3.424254894256592
z_degree_to_degree,2,test-469,3.044522437723423,3.3680176734924316
z_degree_to_degree,2,test-470,1.0986122886681098,1.7615184783935547
z_degree_to_degree,2,test-471,3.401197381662155,3.690218687057495
z_degree_to_degree,2,test-472,2.3025850929940455,2.779383420944214
z_degree_to_degree,2,test-473,6.040254711277414,6.401364803314209
z_degree_to_degree,2,test-474,4.90527477843843,5.1255717277526855
z_degree_to_degree,2,test-475,2.1972245773362196,2.6144187450408936
z_degree_to_degree,2,test-476,2.0794415416798357,2.7602524757385254
z_degree_to_degree,2,test-477,2.8903717578961645,3.1589369773864746
z_degree_to_degree,2,test-478,3.1780538303479453,3.541365146636963
z_degree_to_degree,2,test-479,2.995732273553991,3.424254894256592
z_degree_to_degree,2,test-480,4.276666119016055,4.5154128074646
z_degree_to_degree,2,test-481,2.4849066497880004,3.06911039352417
z_degree_to_degree,2,test-482,3.295836866004329,3.7532548904418945
z_degree_to_degree,2,test-483,3.1780538303479453,3.4451804161071777
z_degree_to_degree,2,test-484,2.0794415416798357,2.7602524757385254
z_degree_to_degree,2,test-485,3.332204510175204,3.600210666656494
z_degree_to_degree,2,test-486,1.3862943611198906,2.0832982063293457
z_degree_to_degree,2,test-487,4.356708826689592,4.692647933959961
z_degree_to_degree,2,test-488,2.0794415416798357,2.7602524757385254
z_degree_to_degree,2,test-489,2.9957322735539913,3.5110583305358887
z_degree_to_degree,2,test-490,0.6931471805599453,1.5892438888549805
z_degree_to_degree,2,test-491,2.0794415416798357,2.7602524757385254
z_degree_to_degree,2,test-492,4.31748811353631,4.578149318695068
z_degree_to_degree,2,test-493,3.58351893845611,3.9102940559387207
z_degree_to_degree,2,test-494,0.0,1.230855941772461
z_degree_to_degree,2,test-495,5.272999558563747,5.525373935699463
z_degree_to_degree,2,test-496,1.791759469228055,2.3197357654571533
z_degree_to_degree,2,test-497,3.7376696182833684,4.426026344299316
z_degree_to_degree,2,test-498,2.4849066497880004,3.06911039352417
z_degree_to_degree,2,test-499,3.8712010109078907,4.040555953979492
z_degree_to_degree,2,test-500,6.040254711277414,6.401364803314209
z_degree_to_degree,2,test-501,3.332204510175204,3.9026052951812744
z_degree_to_degree,2,test-502,3.332204510175204,3.600210666656494
z_degree_to_degree,2,test-503,4.700480365792417,4.8619704246521
z_degree_to_degree,2,test-504,4.499809670330265,4.778616428375244
z_degree_to_degree,2,test-505,2.1972245773362196,2.6144187450408936
z_degree_to_degree,2,test-506,3.688879454113936,3.906766414642334
z_degree_to_degree,2,test-507,2.6390573296152584,2.9965932369232178
z_degree_to_degree,2,test-508,4.276666119016055,4.487275123596191
z_degree_to_degree,2,test-509,3.8712010109078907,4.188714027404785
z_degree_to_degree,2,test-510,4.442651256490317,4.74650764465332
z_degree_to_degree,2,test-511,5.634789603169249,5.965269088745117
z_cn_to_cn_residual,2,test-0,0.4096507501383539,0.3577262759208679
z_cn_to_cn_residual,2,test-1,-0.257133548881196,-0.14538414776325226
z_cn_to_cn_residual,2,test-2,-0.026168497301778282,0.3298605680465698
z_cn_to_cn_residual,2,test-3,-0.09682951278185134,-0.14538414776325226
z_cn_to_cn_residual,2,test-4,1.030455039917754,0.8008518815040588
z_cn_to_cn_residual,2,test-5,-0.40617432960244304,-0.14538414776325226
z_cn_to_cn_residual,2,test-6,1.072232465549153,0.9474385976791382
z_cn_to_cn_residual,2,test-7,-0.17653506637630972,-0.14538414776325226
z_cn_to_cn_residual,2,test-8,-0.09993231907971788,-0.14538414776325226
z_cn_to_cn_residual,2,test-9,-0.361807736196368,-0.14538414776325226
z_cn_to_cn_residual,2,test-10,0.834665253272179,0.6745310425758362
z_cn_to_cn_residual,2,test-11,0.6771872810461878,0.5954619646072388
z_cn_to_cn_residual,2,test-12,-0.0025667768776077267,-0.14538414776325226
z_cn_to_cn_residual,2,test-13,0.0920452145115791,0.4918896555900574
z_cn_to_cn_residual,2,test-14,0.1059855857541714,-0.14538414776325226
z_cn_to_cn_residual,2,test-15,0.6905804036823375,0.43395501375198364
z_cn_to_cn_residual,2,test-16,0.487417210290867,0.30843234062194824
z_cn_to_cn_residual,2,test-17,0.027598705190133088,-0.14538414776325226
z_cn_to_cn_residual,2,test-18,-0.0025667768776077267,-0.14538414776325226
z_cn_to_cn_residual,2,test-19,-0.09993231907971788,-0.14538414776325226
z_cn_to_cn_residual,2,test-20,-0.0006908748283487874,-0.14538414776325226
z_cn_to_cn_residual,2,test-21,0.37362887990278976,0.5138821601867676
z_cn_to_cn_residual,2,test-22,-0.26394703539593084,-0.14538414776325226
z_cn_to_cn_residual,2,test-23,-0.001592483837966117,-0.14538414776325226
z_cn_to_cn_residual,2,test-24,0.3252994169928626,0.5152221322059631
z_cn_to_cn_residual,2,test-25,-0.5320508010865779,-0.14538414776325226
z_cn_to_cn_residual,2,test-26,0.6906105992764492,0.563186526298523
z_cn_to_cn_residual,2,test-27,0.7790939880109542,0.5245562195777893
z_cn_to_cn_residual,2,test-28,0.5980680715538729,0.33975082635879517
z_cn_to_cn_residual,2,test-29,0.6893311186493629,0.6015716195106506
z_cn_to_cn_residual,2,test-30,0.6730018624542556,0.3288610577583313
z_cn_to_cn_residual,2,test-31,0.22033626837748216,0.4614267349243164
z_cn_to_cn_residual,2,test-32,-0.31403642712572494,-0.14538414776325226
z_cn_to_cn_residual,2,test-33,0.6854469961951654,0.38016360998153687
z_cn_to_cn_residual,2,test-34,-0.22552334649902314,-0.14538414776325226
z_cn_to_cn_residual,2,test-35,-0.15981025222941134,-0.14538414776325226
z_cn_to_cn_residual,2,test-36,-0.002483473901375505,-0.14538414776325226
z_cn_to_cn_residual,2,test-37,-0.002536581283496064,-0.14538414776325226
z_cn_to_cn_residual,2,test-38,0.011027840012221813,-0.14538414776325226
z_cn_to_cn_residual,2,test-39,-0.0025667768776077267,-0.14538414776325226
z_cn_to_cn_residual,2,test-40,1.0655213517576338,0.7665084004402161
z_cn_to_cn_residual,2,test-41,0.33133944436357726,0.4461199641227722
z_cn_to_cn_residual,2,test-42,0.3907357061859718,0.30124831199645996
z_cn_to_cn_residual,2,test-43,-0.07427151148220186,-0.14538414776325226
z_cn_to_cn_residual,2,test-44,1.1607710146208674,0.7799213528633118
z_cn_to_cn_residual,2,test-45,-0.0025667768776077267,-0.14538414776325226
z_cn_to_cn_residual,2,test-46,0.12442211904305411,0.30843234062194824
z_cn_to_cn_residual,2,test-47,-0.002483473901375505,-0.14538414776325226
z_cn_to_cn_residual,2,test-48,0.5980680715538729,0.2621529698371887
z_cn_to_cn_residual,2,test-49,0.3907357061859718,0.5291918516159058
z_cn_to_cn_residual,2,test-50,0.3974001350710103,0.5025544762611389
z_cn_to_cn_residual,2,test-51,0.5071241430143024,0.19995294511318207
z_cn_to_cn_residual,2,test-52,-0.5962537633065377,-0.14538414776325226
z_cn_to_cn_residual,2,test-53,-0.09507910900607243,-0.14538414776325226
z_cn_to_cn_residual,2,test-54,-0.006401163194461921,-0.14538414776325226
z_cn_to_cn_residual,2,test-55,-0.5779234037185782,-0.14538414776325226
z_cn_to_cn_residual,2,test-56,-0.09507910900607243,-0.14538414776325226
z_cn_to_cn_residual,2,test-57,0.8783422192128343,0.6801384687423706
z_cn_to_cn_residual,2,test-58,-0.4855470978437046,-0.14538414776325226
z_cn_to_cn_residual,2,test-59,0.6904677205888524,0.5350865125656128
z_cn_to_cn_residual,2,test-60,-0.2474640255978244,-0.14538414776325226
z_cn_to_cn_residual,2,test-61,-0.0022128532902202114,-0.14538414776325226
z_cn_to_cn_residual,2,test-62,-0.0014682163898236727,-0.14538414776325226
z_cn_to_cn_residual,2,test-63,-0.002483473901375505,-0.14538414776325226
z_cn_to_cn_residual,2,test-64,-0.18117393408101218,-0.14538414776325226
z_cn_to_cn_residual,2,test-65,1.0035331796620373,0.7224605679512024
z_cn_to_cn_residual,2,test-66,-0.003920084665472663,-0.14538414776325226
z_cn_to_cn_residual,2,test-67,-0.003920084665472663,-0.14538414776325226
z_cn_to_cn_residual,2,test-68,-0.5121098978044188,-0.14538414776325226
z_cn_to_cn_residual,2,test-69,0.40889556438164,0.4913666248321533
z_cn_to_cn_residual,2,test-70,0.5071241430143024,0.23642800748348236
z_cn_to_cn_residual,2,test-71,0.34193555199200737,0.5025544762611389
z_cn_to_cn_residual,2,test-72,-0.0025667768776077267,-0.14538414776325226
z_cn_to_cn_residual,2,test-73,-0.32077300936225667,-0.14538414776325226
z_cn_to_cn_residual,2,test-74,-0.09507910900607243,-0.14538414776325226
z_cn_to_cn_residual,2,test-75,0.9986799695883919,0.6638755202293396
z_cn_to_cn_residual,2,test-76,-0.001592483837966117,-0.14538414776325226
z_cn_to_cn_residual,2,test-77,0.5932148614802274,0.5133146643638611
z_cn_to_cn_residual,2,test-78,-0.0017051669314512175,-0.14538414776325226
z_cn_to_cn_residual,2,test-79,-0.0025667768776077267,-0.14538414776325226
z_cn_to_cn_residual,2,test-80,0.6893311186493629,0.785920262336731
z_cn_to_cn_residual,2,test-81,0.3267009706117635,0.2663170099258423
z_cn_to_cn_residual,2,test-82,1.066776060462735,0.9937199354171753
z_cn_to_cn_residual,2,test-83,-0.06306873591422772,-0.14538414776325226
z_cn_to_cn_residual,2,test-84,-0.3195190468888935,-0.14538414776325226
z_cn_to_cn_residual,2,test-85,-0.257133548881196,-0.14538414776325226
z_cn_to_cn_residual,2,test-86,0.3974001350710103,0.32812201976776123
z_cn_to_cn_residual,2,test-87,-0.09507910900607243,-0.14538414776325226
z_cn_to_cn_residual,2,test-88,-0.006401163194461921,-0.14538414776325226
z_cn_to_cn_residual,2,test-89,-0.295747045488935,-0.14538414776325226
z_cn_to_cn_residual,2,test-90,-0.07427151148220186,-0.14538414776325226
z_cn_to_cn_residual,2,test-91,-0.002679459971092827,-0.14538414776325226
z_cn_to_cn_residual,2,test-92,0.5963176677780939,0.5236110091209412
z_cn_to_cn_residual,2,test-93,0.47287711110466973,0.49319905042648315
z_cn_to_cn_residual,2,test-94,-0.07427151148220186,-0.14538414776325226
z_cn_to_cn_residual,2,test-95,0.5634751272888399,0.21375863254070282
z_cn_to_cn_residual,2,test-96,-0.6219808875579942,0.648768961429596
z_cn_to_cn_residual,2,test-97,-0.0948206319924906,-0.14538414776325226
z_cn_to_cn_residual,2,test-98,-0.002536581283496064,-0.14538414776325226
z_cn_to_cn_residual,2,test-99,-0.09507910900607243,-0.14538414776325226
z_cn_to_cn_residual,2,test-100,-0.3664462099481818,-0.14538414776325226
z_cn_to_cn_residual,2,test-101,0.5980680715538729,0.6162480115890503
z_cn_to_cn_residual,2,test-102,0.03377005795343527,-0.14538414776325226
z_cn_to_cn_residual,2,test-103,-0.15981025222941134,-0.14538414776325226
z_cn_to_cn_residual,2,test-104,0.629186265886127,0.4225209951400757
z_cn_to_cn_residual,2,test-105,-0.001592483837966117,-0.14538414776325226
z_cn_to_cn_residual,2,test-106,0.689862177614176,0.5927691459655762
z_cn_to_cn_residual,2,test-107,-0.0025667768776077267,-0.14538414776325226
z_cn_to_cn_residual,2,test-108,0.09689341725340761,0.7095445394515991
z_cn_to_cn_residual,2,test-109,0.37911075343422035,0.5913192629814148
z_cn_to_cn_residual,2,test-110,-0.002679459971092827,-0.14538414776325226
z_cn_to_cn_residual,2,test-111,-0.006236131996241855,-0.14538414776325226
z_cn_to_cn_residual,2,test-112,0.4686965299979534,0.37246161699295044
z_cn_to_cn_residual,2,test-113,-0.4092811700187469,-0.14538414776325226
z_cn_to_cn_residual,2,test-114,-0.0017051669314512175,-0.14538414776325226
z_cn_to_cn_residual,2,test-115,0.6906637066585698,0.41257596015930176
z_cn_to_cn_residual,2,test-116,1.0402213320986424,0.5147372484207153
z_cn_to_cn_residual,2,test-117,0.6948211420213969,0.3934321403503418
z_cn_to_cn_residual,2,test-118,-0.2842516161783053,-0.14538414776325226
z_cn_to_cn_residual,2,test-119,0.706182872391234,0.8426804542541504
z_cn_to_cn_residual,2,test-120,0.6188756690777434,0.6073948740959167
z_cn_to_cn_residual,2,test-121,0.5071241430143024,0.5030885934829712
z_cn_to_cn_residual,2,test-122,0.732166078719928,0.7009921669960022
z_cn_to_cn_residual,2,test-123,0.6905804036823375,0.42973798513412476
z_cn_to_cn_residual,2,test-124,-0.006401163194461921,-0.14538414776325226
z_cn_to_cn_residual,2,test-125,-0.06396091467381823,-0.14538414776325226
z_cn_to_cn_residual,2,test-126,1.0243407771859079,0.3562224507331848
z_cn_to_cn_residual,2,test-127,-0.0025667768776077267,-0.14538414776325226
z_cn_to_cn_residual,2,test-128,-0.17653506637630972,-0.14538414776325226
z_cn_to_cn_residual,2,test-129,0.006243055183185751,-0.14538414776325226
z_cn_to_cn_residual,2,test-130,0.9125892511224669,0.7987989783287048
z_cn_to_cn_residual,2,test-131,0.5932148614802274,0.5844926834106445
z_cn_to_cn_residual,2,test-132,-0.4092811700187469,-0.14538414776325226
z_cn_to_cn_residual,2,test-133,-0.3910899774469028,-0.14538414776325226
z_cn_to_cn_residual,2,test-134,-0.06396091467381823,-0.14538414776325226
z_cn_to_cn_residual,2,test-135,0.5333369283305339,0.24989436566829681
z_cn_to_cn_residual,2,test-136,0.6893311186493629,0.6086980700492859
z_cn_to_cn_residual,2,test-137,-0.0022128532902202114,-0.14538414776325226
z_cn_to_cn_residual,2,test-138,-0.4564122585269044,-0.14538414776325226
z_cn_to_cn_residual,2,test-139,-0.0025667768776077267,-0.14538414776325226
z_cn_to_cn_residual,2,test-140,-0.295747045488935,-0.14538414776325226
z_cn_to_cn_residual,2,test-141,0.7232900511466166,0.7061188220977783
z_cn_to_cn_residual,2,test-142,-0.09507910900607243,-0.14538414776325226
z_cn_to_cn_residual,2,test-143,-0.002679459971092827,-0.14538414776325226
z_cn_to_cn_residual,2,test-144,-0.15981025222941134,-0.14538414776325226
z_cn_to_cn_residual,2,test-145,-0.020145318105689636,-0.14538414776325226
z_cn_to_cn_residual,2,test-146,0.37362887990278976,0.41790276765823364
z_cn_to_cn_residual,2,test-147,-0.295747045488935,-0.14538414776325226
z_cn_to_cn_residual,2,test-148,0.09689341725340761,0.39440029859542847
z_cn_to_cn_residual,2,test-149,-0.2842516161783053,-0.14538414776325226
z_cn_to_cn_residual,2,test-150,-0.21219425699455913,-0.14538414776325226
z_cn_to_cn_residual,2,test-151,0.5634751272888399,0.37092894315719604
z_cn_to_cn_residual,2,test-152,-0.011174017424812204,-0.14538414776325226
z_cn_to_cn_residual,2,test-153,0.2564389628481294,0.4594902992248535
z_cn_to_cn_residual,2,test-154,0.6904677205888524,0.41420531272888184
z_cn_to_cn_residual,2,test-155,-0.002536581283496064,-0.14538414776325226
z_cn_to_cn_residual,2,test-156,1.2131515730483942,1.0965821743011475
z_cn_to_cn_residual,2,test-157,-0.11159319800623856,-0.14538414776325226
z_cn_to_cn_residual,2,test-158,-0.002483473901375505,-0.14538414776325226
z_cn_to_cn_residual,2,test-159,0.5980680715538729,0.36822354793548584
z_cn_to_cn_residual,2,test-160,-0.006236131996241855,-0.14538414776325226
z_cn_to_cn_residual,2,test-161,-0.0017051669314512175,-0.14538414776325226
z_cn_to_cn_residual,2,test-162,0.5980680715538729,0.5566524863243103
z_cn_to_cn_residual,2,test-163,-0.0025667768776077267,-0.14538414776325226
z_cn_to_cn_residual,2,test-164,0.30205720311304246,0.49082261323928833
z_cn_to_cn_residual,2,test-165,-0.001592483837966117,-0.14538414776325226
z_cn_to_cn_residual,2,test-166,-0.3678477635670827,-0.14538414776325226
z_cn_to_cn_residual,2,test-167,-0.5737341020377579,-0.14538414776325226
z_cn_to_cn_residual,2,test-168,0.3252994169928626,0.42085397243499756
z_cn_to_cn_residual,2,test-169,-0.0025667768776077267,-0.14538414776325226
z_cn_to_cn_residual,2,test-170,-0.002679459971092827,-0.14538414776325226
z_cn_to_cn_residual,2,test-171,0.5694612141469256,0.3702962398529053
z_cn_to_cn_residual,2,test-172,-0.0017051669314512175,-0.14538414776325226
z_cn_to_cn_residual,2,test-173,-0.07427151148220186,-0.14538414776325226
z_cn_to_cn_residual,2,test-174,1.1880129048121781,0.8604126572608948
z_cn_to_cn_residual,2,test-175,0.8125602590821327,0.8302293419837952
z_cn_to_cn_residual,2,test-176,-0.10231614743923174,-0.14538414776325226
z_cn_to_cn_residual,2,test-177,0.027598705190133088,-0.14538414776325226
z_cn_to_cn_residual,2,test-178,-0.31951830065715553,-0.14538414776325226
z_cn_to_cn_residual,2,test-179,-0.0017051669314512175,-0.14538414776325226
z_cn_to_cn_residual,2,test-180,-0.007700184364779972,-0.14538414776325226
z_cn_to_cn_residual,2,test-181,-0.31403642712572494,-0.14538414776325226
z_cn_to_cn_residual,2,test-182,-0.31951830065715553,-0.14538414776325226
z_cn_to_cn_residual,2,test-183,-0.002483473901375505,-0.14538414776325226
z_cn_to_cn_residual,2,test-184,0.2690154096687156,0.6597709655761719
z_cn_to_cn_residual,2,test-185,-0.295747045488935,-0.14538414776325226
z_cn_to_cn_residual,2,test-186,1.1223473257239598,0.7333475947380066
z_cn_to_cn_residual,2,test-187,-0.295747045488935,-0.14538414776325226
z_cn_to_cn_residual,2,test-188,-0.07427151148220186,-0.14538414776325226
z_cn_to_cn_residual,2,test-189,-0.06396091467381823,-0.14538414776325226
z_cn_to_cn_residual,2,test-190,0.5980680715538729,0.4225209951400757
z_cn_to_cn_residual,2,test-191,-0.002679459971092827,-0.14538414776325226
z_cn_to_cn_residual,2,test-192,0.5932148614802274,0.5138057470321655
z_cn_to_cn_residual,2,test-193,-0.18602303754564287,-0.14538414776325226
z_cn_to_cn_residual,2,test-194,-0.007700184364779972,-0.14538414776325226
z_cn_to_cn_residual,2,test-195,0.18103728275552644,0.30843234062194824
z_cn_to_cn_residual,2,test-196,-0.3419557546295762,-0.14538414776325226
z_cn_to_cn_residual,2,test-197,-0.07427151148220186,-0.14538414776325226
z_cn_to_cn_residual,2,test-198,-0.1325756172494532,-0.14538414776325226
z_cn_to_cn_residual,2,test-199,-0.001592483837966117,-0.14538414776325226
z_cn_to_cn_residual,2,test-200,-0.001592483837966117,-0.14538414776325226
z_cn_to_cn_residual,2,test-201,-0.001592483837966117,-0.14538414776325226
z_cn_to_cn_residual,2,test-202,-0.09993231907971788,-0.14538414776325226
z_cn_to_cn_residual,2,test-203,-0.07427151148220186,-0.14538414776325226
z_cn_to_cn_residual,2,test-204,0.6867460173654834,0.4466955065727234
z_cn_to_cn_residual,2,test-205,-0.06396091467381823,-0.14538414776325226
z_cn_to_cn_residual,2,test-206,-0.31403642712572494,-0.14538414776325226
z_cn_to_cn_residual,2,test-207,0.25559953693839854,0.4750347137451172
z_cn_to_cn_residual,2,test-208,-0.3512116285679379,-0.14538414776325226
z_cn_to_cn_residual,2,test-209,0.44701726623712135,0.7342662215232849
z_cn_to_cn_residual,2,test-210,0.27064323153028624,0.30843234062194824
z_cn_to_cn_residual,2,test-211,0.9986799695883919,0.6385490298271179
z_cn_to_cn_residual,2,test-212,-0.015324816569887118,-0.14538414776325226
z_cn_to_cn_residual,2,test-213,-0.002483473901375505,-0.14538414776325226
z_cn_to_cn_residual,2,test-214,0.707522311221207,0.662786066532135
z_cn_to_cn_residual,2,test-215,-0.002679459971092827,-0.14538414776325226
z_cn_to_cn_residual,2,test-216,-0.0025667768776077267,-0.14538414776325226
z_cn_to_cn_residual,2,test-217,0.6905804036823375,0.5266765356063843
z_cn_to_cn_residual,2,test-218,-0.09993231907971788,-0.14538414776325226
z_cn_to_cn_residual,2,test-219,-0.3664462099481818,-0.14538414776325226
z_cn_to_cn_residual,2,test-220,-0.007796294345678415,-0.14538414776325226
z_cn_to_cn_residual,2,test-221,-0.18602303754564287,-0.14538414776325226
z_cn_to_cn_residual,2,test-222,-0.002679459971092827,-0.14538414776325226
z_cn_to_cn_residual,2,test-223,-0.20673482910021176,-0.14538414776325226
z_cn_to_cn_residual,2,test-224,-0.002483473901375505,-0.14538414776325226
z_cn_to_cn_residual,2,test-225,0.8028652431791747,0.6706723570823669
z_cn_to_cn_residual,2,test-226,-0.002679459971092827,-0.14538414776325226
z_cn_to_cn_residual,2,test-227,0.9388020364386984,0.7902166247367859
z_cn_to_cn_residual,2,test-228,-0.0025667768776077267,-0.14538414776325226
z_cn_to_cn_residual,2,test-229,-0.06396091467381823,-0.14538414776325226
z_cn_to_cn_residual,2,test-230,0.5634751272888399,0.5044707655906677
z_cn_to_cn_residual,2,test-231,-0.34185746108770393,-0.14538414776325226
z_cn_to_cn_residual,2,test-232,0.5836835270942388,0.4108845591545105
z_cn_to_cn_residual,2,test-233,-0.0017051669314512175,-0.14538414776325226
z_cn_to_cn_residual,2,test-234,-0.3664462099481818,-0.14538414776325226
z_cn_to_cn_residual,2,test-235,0.5963176677780939,0.3288987874984741
z_cn_to_cn_residual,2,test-236,-0.09507910900607243,-0.14538414776325226
z_cn_to_cn_residual,2,test-237,-0.09993231907971788,-0.14538414776325226
z_cn_to_cn_residual,2,test-238,1.1098178970570212,0.6667449474334717
z_cn_to_cn_residual,2,test-239,0.09689341725340761,0.27853506803512573
z_cn_to_cn_residual,2,test-240,-0.0025667768776077267,-0.14538414776325226
z_cn_to_cn_residual,2,test-241,-0.003920084665472663,-0.14538414776325226
z_cn_to_cn_residual,2,test-242,1.0035331796620373,0.692638099193573
z_cn_to_cn_residual,2,test-243,0.629186265886127,0.44052499532699585
z_cn_to_cn_residual,2,test-244,-0.09993231907971788,-0.14538414776325226
z_cn_to_cn_residual,2,test-245,0.5980680715538729,0.5068134069442749
z_cn_to_cn_residual,2,test-246,-0.6011019660483662,-0.14538414776325226
z_cn_to_cn_residual,2,test-247,-0.0025667768776077267,-0.14538414776325226
z_cn_to_cn_residual,2,test-248,-0.40617432960244304,-0.14538414776325226
z_cn_to_cn_residual,2,test-249,-0.32077300936225667,-0.14538414776325226
z_cn_to_cn_residual,2,test-250,-0.0017051669314512175,-0.14538414776325226
z_cn_to_cn_residual,2,test-251,0.027598705190133088,-0.14538414776325226
z_cn_to_cn_residual,2,test-252,-0.31951830065715553,-0.14538414776325226
z_cn_to_cn_residual,2,test-253,-0.09507910900607243,-0.14538414776325226
z_cn_to_cn_residual,2,test-254,-0.006401163194461921,-0.14538414776325226
z_cn_to_cn_residual,2,test-255,-0.2608500763576425,-0.14538414776325226
z_cn_to_cn_residual,2,test-256,-0.002483473901375505,-0.14538414776325226
z_cn_to_cn_residual,2,test-257,0.16442497939224665,0.5522180795669556
z_cn_to_cn_residual,2,test-258,0.8561659193103136,0.6748162508010864
z_cn_to_cn_residual,2,test-259,-0.002709528290634796,-0.14538414776325226
z_cn_to_cn_residual,2,test-260,-0.001592483837966117,-0.14538414776325226
z_cn_to_cn_residual,2,test-261,0.42920014516401445,0.38982129096984863
z_cn_to_cn_residual,2,test-262,0.9125892511224669,0.6813120245933533
z_cn_to_cn_residual,2,test-263,-0.18602303754564287,-0.14538414776325226
z_cn_to_cn_residual,2,test-264,-0.32690411934740055,-0.14538414776325226
z_cn_to_cn_residual,2,test-265,-0.4564122585269044,-0.14538414776325226
z_cn_to_cn_residual,2,test-266,0.6905804036823375,0.6705273389816284
z_cn_to_cn_residual,2,test-267,0.6904677205888524,0.4302094578742981
z_cn_to_cn_residual,2,test-268,-0.09507910900607243,-0.14538414776325226
z_cn_to_cn_residual,2,test-269,0.5380768797364144,1.048885464668274
z_cn_to_cn_residual,2,test-270,-0.0025667768776077267,-0.14538414776325226
z_cn_to_cn_residual,2,test-271,0.9986799695883919,0.5472940802574158
z_cn_to_cn_residual,2,test-272,0.26383524768033195,0.16035030782222748
z_cn_to_cn_residual,2,test-273,0.4676238340609221,0.47789454460144043
z_cn_to_cn_residual,2,test-274,0.5333369283305339,0.42764103412628174
z_cn_to_cn_residual,2,test-275,-0.09507910900607243,-0.14538414776325226
z_cn_to_cn_residual,2,test-276,-0.0022128532902202114,-0.14538414776325226
z_cn_to_cn_residual,2,test-277,-0.295747045488935,-0.14538414776325226
z_cn_to_cn_residual,2,test-278,0.4322971042023028,0.39013671875
z_cn_to_cn_residual,2,test-279,0.5166121141836355,0.4857504367828369
z_cn_to_cn_residual,2,test-280,-0.006401163194461921,-0.14538414776325226
z_cn_to_cn_residual,2,test-281,1.0243407771859079,0.6573413610458374
z_cn_to_cn_residual,2,test-282,-0.005713782933315264,-0.14538414776325226
z_cn_to_cn_residual,2,test-283,-0.18602303754564287,-0.14538414776325226
z_cn_to_cn_residual,2,test-284,-0.0017051669314512175,-0.14538414776325226
z_cn_to_cn_residual,2,test-285,-0.09507910900607243,-0.14538414776325226
z_cn_to_cn_residual,2,test-286,1.3462860490699626,1.1920043230056763
z_cn_to_cn_residual,2,test-287,-0.09993231907971788,-0.14538414776325226
z_cn_to_cn_residual,2,test-288,0.5553068786375152,0.5121959447860718
z_cn_to_cn_residual,2,test-289,0.2249532936470302,0.5114434361457825
z_cn_to_cn_residual,2,test-290,0.5980680715538729,0.5155647993087769
z_cn_to_cn_residual,2,test-291,0.5481549764268495,0.5258255004882812
z_cn_to_cn_residual,2,test-292,-0.8168566785177598,-0.14538414776325226
z_cn_to_cn_residual,2,test-293,0.33133944436357726,0.04346637427806854
z_cn_to_cn_residual,2,test-294,0.629186265886127,0.3622283935546875
z_cn_to_cn_residual,2,test-295,0.6906105992764492,0.5885266661643982
z_cn_to_cn_residual,2,test-296,-0.0013809592565058647,-0.14538414776325226
z_cn_to_cn_residual,2,test-297,-0.0022128532902202114,-0.14538414776325226
z_cn_to_cn_residual,2,test-298,0.6906637066585698,0.5323626399040222
z_cn_to_cn_residual,2,test-299,-0.22552334649902314,-0.14538414776325226
z_cn_to_cn_residual,2,test-300,0.5071241430143024,0.5165957808494568
z_cn_to_cn_residual,2,test-301,-0.0017051669314512175,-0.14538414776325226
z_cn_to_cn_residual,2,test-302,0.6188756690777434,0.4614267349243164
z_cn_to_cn_residual,2,test-303,-0.002679459971092827,-0.14538414776325226
z_cn_to_cn_residual,2,test-304,-0.3011881021227526,-0.14538414776325226
z_cn_to_cn_residual,2,test-305,0.3974001350710103,0.509271502494812
z_cn_to_cn_residual,2,test-306,0.5966030812834874,0.6485311388969421
z_cn_to_cn_residual,2,test-307,-0.002679459971092827,-0.14538414776325226
z_cn_to_cn_residual,2,test-308,0.6904677205888524,0.5076474547386169
z_cn_to_cn_residual,2,test-309,0.511973246478933,0.36822354793548584
z_cn_to_cn_residual,2,test-310,-0.06396091467381823,-0.14538414776325226
z_cn_to_cn_residual,2,test-311,0.8880287062152161,0.7842805981636047
z_cn_to_cn_residual,2,test-312,0.000550437072462336,-0.14538414776325226
z_cn_to_cn_residual,2,test-313,0.4185007999394532,0.7586973309516907
z_cn_to_cn_residual,2,test-314,0.12442211904305411,0.5133146643638611
z_cn_to_cn_residual,2,test-315,-0.0009230486758283437,-0.14538414776325226
z_cn_to_cn_residual,2,test-316,0.5980680715538729,0.375114381313324
z_cn_to_cn_residual,2,test-317,0.6253649081462749,0.7981309294700623
z_cn_to_cn_residual,2,test-318,-0.295747045488935,-0.14538414776325226
z_cn_to_cn_residual,2,test-319,0.4185007999394532,0.4500119090080261
z_cn_to_cn_residual,2,test-320,-0.15981025222941134,-0.14538414776325226
z_cn_to_cn_residual,2,test-321,-0.09993231907971788,-0.14538414776325226
z_cn_to_cn_residual,2,test-322,0.5071241430143024,0.5216377377510071
z_cn_to_cn_residual,2,test-323,-0.0025667768776077267,-0.14538414776325226
z_cn_to_cn_residual,2,test-324,-0.07427151148220186,-0.14538414776325226
z_cn_to_cn_residual,2,test-325,0.5333369283305339,0.5517531037330627
z_cn_to_cn_residual,2,test-326,-0.002709528290634796,-0.14538414776325226
z_cn_to_cn_residual,2,test-327,-0.12967205327110548,-0.14538414776325226
z_cn_to_cn_residual,2,test-328,-0.4092811700187469,-0.14538414776325226
z_cn_to_cn_residual,2,test-329,-0.0017051669314512175,-0.14538414776325226
z_cn_to_cn_residual,2,test-330,1.0184465975528079,0.867074191570282
z_cn_to_cn_residual,2,test-331,-0.2930939733738713,-0.14538414776325226
z_cn_to_cn_residual,2,test-332,-0.007796294345678415,-0.14538414776325226
z_cn_to_cn_residual,2,test-333,-0.006236131996241855,-0.14538414776325226
z_cn_to_cn_residual,2,test-334,-0.003920084665472663,-0.14538414776325226
z_cn_to_cn_residual,2,test-335,1.108891999074218,1.1155598163604736
z_cn_to_cn_residual,2,test-336,-0.09507910900607243,-0.14538414776325226
z_cn_to_cn_residual,2,test-337,0.5932148614802274,0.3520044684410095
z_cn_to_cn_residual,2,test-338,0.6188756690777434,0.5511935949325562
z_cn_to_cn_residual,2,test-339,0.5333369283305339,0.30843234062194824
z_cn_to_cn_residual,2,test-340,0.9300387057397879,0.603440523147583
z_cn_to_cn_residual,2,test-341,0.48095292356538616,0.5084740519523621
z_cn_to_cn_residual,2,test-342,-0.07427151148220186,-0.14538414776325226
z_cn_to_cn_residual,2,test-343,-0.43015367383143543,0.36822354793548584
z_cn_to_cn_residual,2,test-344,-0.002483473901375505,-0.14538414776325226
z_cn_to_cn_residual,2,test-345,0.5963176677780939,0.45067572593688965
z_cn_to_cn_residual,2,test-346,0.6188756690777434,0.36822354793548584
z_cn_to_cn_residual,2,test-347,0.6188756690777434,0.3885005712509155
z_cn_to_cn_residual,2,test-348,0.6188756690777434,0.5067410469055176
z_cn_to_cn_residual,2,test-349,-0.26394703539593084,-0.14538414776325226
z_cn_to_cn_residual,2,test-350,-0.006236131996241855,-0.14538414776325226
z_cn_to_cn_residual,2,test-351,-0.22552334649902314,-0.14538414776325226
z_cn_to_cn_residual,2,test-352,-0.002483473901375505,-0.14538414776325226
z_cn_to_cn_residual,2,test-353,0.6730018624542556,0.475109338760376
z_cn_to_cn_residual,2,test-354,-0.17162295933884167,-0.14538414776325226
z_cn_to_cn_residual,2,test-355,-0.5908559921618184,-0.14538414776325226
z_cn_to_cn_residual,2,test-356,-0.0025667768776077267,-0.14538414776325226
z_cn_to_cn_residual,2,test-357,-0.0025667768776077267,-0.14538414776325226
z_cn_to_cn_residual,2,test-358,-0.0025667768776077267,-0.14538414776325226
z_cn_to_cn_residual,2,test-359,-0.02637982311895648,0.49082261323928833
z_cn_to_cn_residual,2,test-360,-0.1378403019224301,-0.14538414776325226
z_cn_to_cn_residual,2,test-361,0.4185007999394532,0.7037575840950012
z_cn_to_cn_residual,2,test-362,-0.31852856519640793,-0.14538414776325226
z_cn_to_cn_residual,2,test-363,0.26383524768033195,0.524013102054596
z_cn_to_cn_residual,2,test-364,-0.06396091467381823,-0.14538414776325226
z_cn_to_cn_residual,2,test-365,-0.18602303754564287,-0.14538414776325226
z_cn_to_cn_residual,2,test-366,-0.0017051669314512175,-0.14538414776325226
z_cn_to_cn_residual,2,test-367,-0.5962537633065377,-0.14538414776325226
z_cn_to_cn_residual,2,test-368,1.0444369000321867,0.7341710329055786
z_cn_to_cn_residual,2,test-369,-0.002483473901375505,-0.14538414776325226
z_cn_to_cn_residual,2,test-370,0.6867460173654834,0.413546621799469
z_cn_to_cn_residual,2,test-371,-0.0017051669314512175,-0.14538414776325226
z_cn_to_cn_residual,2,test-372,0.6188756690777434,0.3288987874984741
z_cn_to_cn_residual,2,test-373,-0.31951830065715553,-0.14538414776325226
z_cn_to_cn_residual,2,test-374,0.5333369283305339,0.5172258019447327
z_cn_to_cn_residual,2,test-375,0.5980680715538729,0.5606689453125
z_cn_to_cn_residual,2,test-376,0.0920452145115791,0.32812201976776123
z_cn_to_cn_residual,2,test-377,-0.003920084665472663,-0.14538414776325226
z_cn_to_cn_residual,2,test-378,-0.295747045488935,-0.14538414776325226
z_cn_to_cn_residual,2,test-379,-0.003920084665472663,-0.14538414776325226
z_cn_to_cn_residual,2,test-380,0.5980680715538729,0.5246909260749817
z_cn_to_cn_residual,2,test-381,0.6906105992764492,0.36822354793548584
z_cn_to_cn_residual,2,test-382,-0.0025667768776077267,-0.14538414776325226
z_cn_to_cn_residual,2,test-383,-0.0025667768776077267,-0.14538414776325226
z_cn_to_cn_residual,2,test-384,-0.018078891203757413,-0.14538414776325226
z_cn_to_cn_residual,2,test-385,-0.0025667768776077267,-0.14538414776325226
z_cn_to_cn_residual,2,test-386,-0.0025667768776077267,-0.14538414776325226
z_cn_to_cn_residual,2,test-387,0.6904677205888524,0.5647016167640686
z_cn_to_cn_residual,2,test-388,0.5071241430143024,0.48911166191101074
z_cn_to_cn_residual,2,test-389,-0.002679459971092827,-0.14538414776325226
z_cn_to_cn_residual,2,test-390,0.5932148614802274,0.5794851779937744
z_cn_to_cn_residual,2,test-391,0.5071241430143024,0.47789454460144043
z_cn_to_cn_residual,2,test-392,-0.002483473901375505,-0.14538414776325226
z_cn_to_cn_residual,2,test-393,-0.0017051669314512175,-0.14538414776325226
z_cn_to_cn_residual,2,test-394,-0.002536581283496064,-0.14538414776325226
z_cn_to_cn_residual,2,test-395,0.5634751272888399,0.4604122042655945
z_cn_to_cn_residual,2,test-396,-0.0025667768776077267,-0.14538414776325226
z_cn_to_cn_residual,2,test-397,-0.011174017424812204,-0.14538414776325226
z_cn_to_cn_residual,2,test-398,-0.003920084665472663,-0.14538414776325226
z_cn_to_cn_residual,2,test-399,-0.18602303754564287,-0.14538414776325226
z_cn_to_cn_residual,2,test-400,0.6904677205888524,0.3229749798774719
z_cn_to_cn_residual,2,test-401,0.6904677205888524,0.4508533477783203
z_cn_to_cn_residual,2,test-402,0.5963176677780939,0.5562973022460938
z_cn_to_cn_residual,2,test-403,-0.00961734087375331,-0.14538414776325226
z_cn_to_cn_residual,2,test-404,0.18103728275552644,0.42085397243499756
z_cn_to_cn_residual,2,test-405,-0.0017051669314512175,-0.14538414776325226
z_cn_to_cn_residual,2,test-406,-0.26394703539593084,-0.14538414776325226
z_cn_to_cn_residual,2,test-407,0.6906637066585698,0.2515140771865845
z_cn_to_cn_residual,2,test-408,-0.006236131996241855,-0.14538414776325226
z_cn_to_cn_residual,2,test-409,0.6750682893561879,0.3565152883529663
z_cn_to_cn_residual,2,test-410,-0.0025667768776077267,-0.14538414776325226
z_cn_to_cn_residual,2,test-411,-0.3678477635670827,-0.14538414776325226
z_cn_to_cn_residual,2,test-412,1.0035331796620373,0.5481852293014526
z_cn_to_cn_residual,2,test-413,0.3974001350710103,0.514442503452301
z_cn_to_cn_residual,2,test-414,0.14484892926646498,0.6599488854408264
z_cn_to_cn_residual,2,test-415,0.6904376522693105,0.31050658226013184
z_cn_to_cn_residual,2,test-416,0.42920014516401445,0.46385014057159424
z_cn_to_cn_residual,2,test-417,-0.002709528290634796,-0.14538414776325226
z_cn_to_cn_residual,2,test-418,-0.18602303754564287,-0.14538414776325226
z_cn_to_cn_residual,2,test-419,0.42920014516401445,0.4798503518104553
z_cn_to_cn_residual,2,test-420,-0.10534341095846705,-0.14538414776325226
z_cn_to_cn_residual,2,test-421,-0.34185746108770393,-0.14538414776325226
z_cn_to_cn_residual,2,test-422,0.5980680715538729,0.49872732162475586
z_cn_to_cn_residual,2,test-423,-0.002679459971092827,-0.14538414776325226
z_cn_to_cn_residual,2,test-424,0.6924563057315964,0.42866063117980957
z_cn_to_cn_residual,2,test-425,-0.0009230486758283437,-0.14538414776325226
z_cn_to_cn_residual,2,test-426,1.2002713235742477,0.9843282103538513
z_cn_to_cn_residual,2,test-427,-0.06396091467381823,-0.14538414776325226
z_cn_to_cn_residual,2,test-428,0.6906637066585698,0.2515140771865845
z_cn_to_cn_residual,2,test-429,-0.12967205327110548,-0.14538414776325226
z_cn_to_cn_residual,2,test-430,0.002865332104051953,-0.14538414776325226
z_cn_to_cn_residual,2,test-431,-0.002679459971092827,-0.14538414776325226
z_cn_to_cn_residual,2,test-432,-0.07427151148220186,-0.14538414776325226
z_cn_to_cn_residual,2,test-433,0.33133944436357726,0.5464353561401367
z_cn_to_cn_residual,2,test-434,0.5980680715538729,0.5561620593070984
z_cn_to_cn_residual,2,test-435,0.6892270958944726,0.5222468376159668
z_cn_to_cn_residual,2,test-436,0.027598705190133088,-0.14538414776325226
z_cn_to_cn_residual,2,test-437,0.6288411122804236,0.21868614852428436
z_cn_to_cn_residual,2,test-438,-0.1278380797400702,-0.14538414776325226
z_cn_to_cn_residual,2,test-439,-0.0025667768776077267,-0.14538414776325226
z_cn_to_cn_residual,2,test-440,0.9007472632761859,0.9087004065513611
z_cn_to_cn_residual,2,test-441,0.09689341725340761,0.20007774233818054
z_cn_to_cn_residual,2,test-442,0.9986799695883919,0.5426834225654602
z_cn_to_cn_residual,2,test-443,1.0035331796620373,0.6963506937026978
z_cn_to_cn_residual,2,test-444,-0.001592483837966117,-0.14538414776325226
z_cn_to_cn_residual,2,test-445,1.2002713235742477,0.9555486440658569
z_cn_to_cn_residual,2,test-446,0.9388020364386984,0.7274386286735535
z_cn_to_cn_residual,2,test-447,0.9125892511224669,0.7330423593521118
z_cn_to_cn_residual,2,test-448,-0.0017051669314512175,-0.14538414776325226
z_cn_to_cn_residual,2,test-449,0.6906637066585698,0.2515140771865845
z_cn_to_cn_residual,2,test-450,0.6188756690777434,0.5138821601867676
z_cn_to_cn_residual,2,test-451,-0.6219808875579942,0.7037575840950012
z_cn_to_cn_residual,2,test-452,-0.32077300936225667,-0.14538414776325226
z_cn_to_cn_residual,2,test-453,0.7307645251010271,0.3677508234977722
z_cn_to_cn_residual,2,test-454,-0.09507910900607243,-0.14538414776325226
z_cn_to_cn_residual,2,test-455,0.6930446040093127,0.47544950246810913
z_cn_to_cn_residual,2,test-456,-0.06430606827952172,-0.14538414776325226
z_cn_to_cn_residual,2,test-457,-0.0025667768776077267,-0.14538414776325226
z_cn_to_cn_residual,2,test-458,-0.15981025222941134,-0.14538414776325226
z_cn_to_cn_residual,2,test-459,0.5634751272888399,0.5520018339157104
z_cn_to_cn_residual,2,test-460,0.9125892511224669,0.64217209815979
z_cn_to_cn_residual,2,test-461,0.5932148614802274,0.36822354793548584
z_cn_to_cn_residual,2,test-462,-0.0022128532902202114,-0.14538414776325226
z_cn_to_cn_residual,2,test-463,0.6905804036823375,0.645450234413147
z_cn_to_cn_residual,2,test-464,0.6924563057315964,0.36822354793548584
z_cn_to_cn_residual,2,test-465,-0.0022128532902202114,-0.14538414776325226
z_cn_to_cn_residual,2,test-466,0.42920014516401445,0.3818356990814209
z_cn_to_cn_residual,2,test-467,0.5023585253615721,0.45356887578964233
z_cn_to_cn_residual,2,test-468,-0.18602303754564287,-0.14538414776325226
z_cn_to_cn_residual,2,test-469,-0.09993231907971788,-0.14538414776325226
z_cn_to_cn_residual,2,test-470,-0.001592483837966117,-0.14538414776325226
z_cn_to_cn_residual,2,test-471,0.42920014516401445,0.47041189670562744
z_cn_to_cn_residual,2,test-472,-0.002536581283496064,-0.14538414776325226
z_cn_to_cn_residual,2,test-473,0.3907357061859718,0.5126521587371826
z_cn_to_cn_residual,2,test-474,0.18103728275552644,0.5413622260093689
z_cn_to_cn_residual,2,test-475,0.629186265886127,0.3622283935546875
z_cn_to_cn_residual,2,test-476,-0.002679459971092827,-0.14538414776325226
z_cn_to_cn_residual,2,test-477,-0.09507910900607243,-0.14538414776325226
z_cn_to_cn_residual,2,test-478,0.5963176677780939,0.5394182801246643
z_cn_to_cn_residual,2,test-479,0.5071241430143024,0.4439550042152405
z_cn_to_cn_residual,2,test-480,0.7232900511466166,0.6379058957099915
z_cn_to_cn_residual,2,test-481,-0.003920084665472663,-0.14538414776325226
z_cn_to_cn_residual,2,test-482,0.5634751272888399,0.30843234062194824
z_cn_to_cn_residual,2,test-483,0.4676238340609221,0.4710695743560791
z_cn_to_cn_residual,2,test-484,-0.002679459971092827,-0.14538414776325226
z_cn_to_cn_residual,2,test-485,-0.295747045488935,-0.14538414776325226
z_cn_to_cn_residual,2,test-486,-0.0017051669314512175,-0.14538414776325226
z_cn_to_cn_residual,2,test-487,-0.21403955770147523,-0.14538414776325226
z_cn_to_cn_residual,2,test-488,-0.002679459971092827,-0.14538414776325226
z_cn_to_cn_residual,2,test-489,-0.002709528290634796,-0.14538414776325226
z_cn_to_cn_residual,2,test-490,-0.0025667768776077267,-0.14538414776325226
z_cn_to_cn_residual,2,test-491,-0.002679459971092827,-0.14538414776325226
z_cn_to_cn_residual,2,test-492,0.6422000301412054,0.42964404821395874
z_cn_to_cn_residual,2,test-493,0.732166078719928,0.6982067823410034
z_cn_to_cn_residual,2,test-494,-0.002483473901375505,-0.14538414776325226
z_cn_to_cn_residual,2,test-495,-0.31852856519640793,-0.14538414776325226
z_cn_to_cn_residual,2,test-496,-0.0025667768776077267,-0.14538414776325226
z_cn_to_cn_residual,2,test-497,0.6917662213034395,0.320411741733551
z_cn_to_cn_residual,2,test-498,-0.003920084665472663,-0.14538414776325226
z_cn_to_cn_residual,2,test-499,-0.530128441809577,-0.14538414776325226
z_cn_to_cn_residual,2,test-500,-0.3024114743739735,-0.14538414776325226
z_cn_to_cn_residual,2,test-501,0.6960125126639972,0.400218665599823
z_cn_to_cn_residual,2,test-502,0.3974001350710103,0.2579718828201294
z_cn_to_cn_residual,2,test-503,-0.4555583161639697,0.18674413859844208
z_cn_to_cn_residual,2,test-504,-0.4681938869129151,-0.14538414776325226
z_cn_to_cn_residual,2,test-505,0.629186265886127,0.7042669057846069
z_cn_to_cn_residual,2,test-506,-0.4092811700187469,-0.14538414776325226
z_cn_to_cn_residual,2,test-507,-0.006401163194461921,-0.14538414776325226
z_cn_to_cn_residual,2,test-508,-0.7439778312008087,-0.14538414776325226
z_cn_to_cn_residual,2,test-509,0.400053207186074,0.5121959447860718
z_cn_to_cn_residual,2,test-510,0.9297295237162035,0.8433665633201599
z_cn_to_cn_residual,2,test-511,-0.06430606827952172,-0.14538414776325226
