timestamp,suite,dataset,model,seed,protocol_train,status,return_code,result_file,log_file,message
2026-07-12T21:48:33,smoke,smoke,dcdlp,0,uniform,COMPLETED,0,D:\\桌面\\研究生相关事项\\CodeWork\\DCDLP_work\\DCDLP\\results\\raw\\smoke_uniform_seed0_1522611c63c9.json,D:\桌面\研究生相关事项\CodeWork\DCDLP_work\DCDLP\results\logs\smoke_smoke_dcdlp_uniform_seed0.log,
2026-07-15T20:28:38,paper_main,cora,degree,0,uniform,NOT_RUN,,,D:\桌面\研究生相关事项\CodeWork\DCDLP_work\DCDLP\results\logs\paper_main_cora_degree_uniform_seed0.log,Official baseline is intentionally isolated from the DCDLP implementation. Run scripts/download_data.py --third-party and the matching official adapter; no synthetic score was emitted.
2026-07-15T20:28:38,paper_main,cora,degree,0,degree_corrected,NOT_RUN,,,D:\桌面\研究生相关事项\CodeWork\DCDLP_work\DCDLP\results\logs\paper_main_cora_degree_degree_corrected_seed0.log,Official baseline is intentionally isolated from the DCDLP implementation. Run scripts/download_data.py --third-party and the matching official adapter; no synthetic score was emitted.
2026-07-15T20:28:38,paper_main,cora,degree,0,mix,NOT_RUN,,,D:\桌面\研究生相关事项\CodeWork\DCDLP_work\DCDLP\results\logs\paper_main_cora_degree_mix_seed0.log,Official baseline is intentionally isolated from the DCDLP implementation. Run scripts/download_data.py --third-party and the matching official adapter; no synthetic score was emitted.
2026-07-15T20:28:38,paper_main,cora,degree,1,uniform,NOT_RUN,,,D:\桌面\研究生相关事项\CodeWork\DCDLP_work\DCDLP\results\logs\paper_main_cora_degree_uniform_seed1.log,Official baseline is intentionally isolated from the DCDLP implementation. Run scripts/download_data.py --third-party and the matching official adapter; no synthetic score was emitted.
2026-07-15T20:28:38,paper_main,cora,degree,1,degree_corrected,NOT_RUN,,,D:\桌面\研究生相关事项\CodeWork\DCDLP_work\DCDLP\results\logs\paper_main_cora_degree_degree_corrected_seed1.log,Official baseline is intentionally isolated from the DCDLP implementation. Run scripts/download_data.py --third-party and the matching official adapter; no synthetic score was emitted.
2026-07-15T20:28:38,paper_main,cora,degree,1,mix,NOT_RUN,,,D:\桌面\研究生相关事项\CodeWork\DCDLP_work\DCDLP\results\logs\paper_main_cora_degree_mix_seed1.log,Official baseline is intentionally isolated from the DCDLP implementation. Run scripts/download_data.py --third-party and the matching official adapter; no synthetic score was emitted.
2026-07-15T20:28:38,paper_main,cora,degree,2,uniform,NOT_RUN,,,D:\桌面\研究生相关事项\CodeWork\DCDLP_work\DCDLP\results\logs\paper_main_cora_degree_uniform_seed2.log,Official baseline is intentionally isolated from the DCDLP implementation. Run scripts/download_data.py --third-party and the matching official adapter; no synthetic score was emitted.
2026-07-15T20:28:38,paper_main,cora,degree,2,degree_corrected,NOT_RUN,,,D:\桌面\研究生相关事项\CodeWork\DCDLP_work\DCDLP\results\logs\paper_main_cora_degree_degree_corrected_seed2.log,Official baseline is intentionally isolated from the DCDLP implementation. Run scripts/download_data.py --third-party and the matching official adapter; no synthetic score was emitted.
2026-07-15T20:28:38,paper_main,cora,degree,2,mix,NOT_RUN,,,D:\桌面\研究生相关事项\CodeWork\DCDLP_work\DCDLP\results\logs\paper_main_cora_degree_mix_seed2.log,Official baseline is intentionally isolated from the DCDLP implementation. Run scripts/download_data.py --third-party and the matching official adapter; no synthetic score was emitted.
2026-07-15T20:28:38,paper_main,cora,degree,3,uniform,NOT_RUN,,,D:\桌面\研究生相关事项\CodeWork\DCDLP_work\DCDLP\results\logs\paper_main_cora_degree_uniform_seed3.log,Official baseline is intentionally isolated from the DCDLP implementation. Run scripts/download_data.py --third-party and the matching official adapter; no synthetic score was emitted.
2026-07-15T20:28:38,paper_main,cora,degree,3,degree_corrected,NOT_RUN,,,D:\桌面\研究生相关事项\CodeWork\DCDLP_work\DCDLP\results\logs\paper_main_cora_degree_degree_corrected_seed3.log,Official baseline is intentionally isolated from the DCDLP implementation. Run scripts/download_data.py --third-party and the matching official adapter; no synthetic score was emitted.
2026-07-15T20:28:38,paper_main,cora,degree,3,mix,NOT_RUN,,,D:\桌面\研究生相关事项\CodeWork\DCDLP_work\DCDLP\results\logs\paper_main_cora_degree_mix_seed3.log,Official baseline is intentionally isolated from the DCDLP implementation. Run scripts/download_data.py --third-party and the matching official adapter; no synthetic score was emitted.
2026-07-15T20:28:38,paper_main,cora,degree,4,uniform,NOT_RUN,,,D:\桌面\研究生相关事项\CodeWork\DCDLP_work\DCDLP\results\logs\paper_main_cora_degree_uniform_seed4.log,Official baseline is intentionally isolated from the DCDLP implementation. Run scripts/download_data.py --third-party and the matching official adapter; no synthetic score was emitted.
2026-07-15T20:28:38,paper_main,cora,degree,4,degree_corrected,NOT_RUN,,,D:\桌面\研究生相关事项\CodeWork\DCDLP_work\DCDLP\results\logs\paper_main_cora_degree_degree_corrected_seed4.log,Official baseline is intentionally isolated from the DCDLP implementation. Run scripts/download_data.py --third-party and the matching official adapter; no synthetic score was emitted.
2026-07-15T20:28:38,paper_main,cora,degree,4,mix,NOT_RUN,,,D:\桌面\研究生相关事项\CodeWork\DCDLP_work\DCDLP\results\logs\paper_main_cora_degree_mix_seed4.log,Official baseline is intentionally isolated from the DCDLP implementation. Run scripts/download_data.py --third-party and the matching official adapter; no synthetic score was emitted.
2026-07-15T20:28:38,paper_main,cora,degree,5,uniform,NOT_RUN,,,D:\桌面\研究生相关事项\CodeWork\DCDLP_work\DCDLP\results\logs\paper_main_cora_degree_uniform_seed5.log,Official baseline is intentionally isolated from the DCDLP implementation. Run scripts/download_data.py --third-party and the matching official adapter; no synthetic score was emitted.
2026-07-15T20:28:38,paper_main,cora,degree,5,degree_corrected,NOT_RUN,,,D:\桌面\研究生相关事项\CodeWork\DCDLP_work\DCDLP\results\logs\paper_main_cora_degree_degree_corrected_seed5.log,Official baseline is intentionally isolated from the DCDLP implementation. Run scripts/download_data.py --third-party and the matching official adapter; no synthetic score was emitted.
2026-07-15T20:28:38,paper_main,cora,degree,5,mix,NOT_RUN,,,D:\桌面\研究生相关事项\CodeWork\DCDLP_work\DCDLP\results\logs\paper_main_cora_degree_mix_seed5.log,Official baseline is intentionally isolated from the DCDLP implementation. Run scripts/download_data.py --third-party and the matching official adapter; no synthetic score was emitted.
2026-07-15T20:28:38,paper_main,cora,degree,6,uniform,NOT_RUN,,,D:\桌面\研究生相关事项\CodeWork\DCDLP_work\DCDLP\results\logs\paper_main_cora_degree_uniform_seed6.log,Official baseline is intentionally isolated from the DCDLP implementation. Run scripts/download_data.py --third-party and the matching official adapter; no synthetic score was emitted.
2026-07-15T20:28:38,paper_main,cora,degree,6,degree_corrected,NOT_RUN,,,D:\桌面\研究生相关事项\CodeWork\DCDLP_work\DCDLP\results\logs\paper_main_cora_degree_degree_corrected_seed6.log,Official baseline is intentionally isolated from the DCDLP implementation. Run scripts/download_data.py --third-party and the matching official adapter; no synthetic score was emitted.
2026-07-15T20:28:38,paper_main,cora,degree,6,mix,NOT_RUN,,,D:\桌面\研究生相关事项\CodeWork\DCDLP_work\DCDLP\results\logs\paper_main_cora_degree_mix_seed6.log,Official baseline is intentionally isolated from the DCDLP implementation. Run scripts/download_data.py --third-party and the matching official adapter; no synthetic score was emitted.
2026-07-15T20:28:38,paper_main,cora,degree,7,uniform,NOT_RUN,,,D:\桌面\研究生相关事项\CodeWork\DCDLP_work\DCDLP\results\logs\paper_main_cora_degree_uniform_seed7.log,Official baseline is intentionally isolated from the DCDLP implementation. Run scripts/download_data.py --third-party and the matching official adapter; no synthetic score was emitted.
2026-07-15T20:28:38,paper_main,cora,degree,7,degree_corrected,NOT_RUN,,,D:\桌面\研究生相关事项\CodeWork\DCDLP_work\DCDLP\results\logs\paper_main_cora_degree_degree_corrected_seed7.log,Official baseline is intentionally isolated from the DCDLP implementation. Run scripts/download_data.py --third-party and the matching official adapter; no synthetic score was emitted.
2026-07-15T20:28:38,paper_main,cora,degree,7,mix,NOT_RUN,,,D:\桌面\研究生相关事项\CodeWork\DCDLP_work\DCDLP\results\logs\paper_main_cora_degree_mix_seed7.log,Official baseline is intentionally isolated from the DCDLP implementation. Run scripts/download_data.py --third-party and the matching official adapter; no synthetic score was emitted.
2026-07-15T20:28:38,paper_main,cora,degree,8,uniform,NOT_RUN,,,D:\桌面\研究生相关事项\CodeWork\DCDLP_work\DCDLP\results\logs\paper_main_cora_degree_uniform_seed8.log,Official baseline is intentionally isolated from the DCDLP implementation. Run scripts/download_data.py --third-party and the matching official adapter; no synthetic score was emitted.
2026-07-15T20:28:38,paper_main,cora,degree,8,degree_corrected,NOT_RUN,,,D:\桌面\研究生相关事项\CodeWork\DCDLP_work\DCDLP\results\logs\paper_main_cora_degree_degree_corrected_seed8.log,Official baseline is intentionally isolated from the DCDLP implementation. Run scripts/download_data.py --third-party and the matching official adapter; no synthetic score was emitted.
2026-07-15T20:28:38,paper_main,cora,degree,8,mix,NOT_RUN,,,D:\桌面\研究生相关事项\CodeWork\DCDLP_work\DCDLP\results\logs\paper_main_cora_degree_mix_seed8.log,Official baseline is intentionally isolated from the DCDLP implementation. Run scripts/download_data.py --third-party and the matching official adapter; no synthetic score was emitted.
2026-07-15T20:28:38,paper_main,cora,degree,9,uniform,NOT_RUN,,,D:\桌面\研究生相关事项\CodeWork\DCDLP_work\DCDLP\results\logs\paper_main_cora_degree_uniform_seed9.log,Official baseline is intentionally isolated from the DCDLP implementation. Run scripts/download_data.py --third-party and the matching official adapter; no synthetic score was emitted.
2026-07-15T20:28:38,paper_main,cora,degree,9,degree_corrected,NOT_RUN,,,D:\桌面\研究生相关事项\CodeWork\DCDLP_work\DCDLP\results\logs\paper_main_cora_degree_degree_corrected_seed9.log,Official baseline is intentionally isolated from the DCDLP implementation. Run scripts/download_data.py --third-party and the matching official adapter; no synthetic score was emitted.
2026-07-15T20:28:38,paper_main,cora,degree,9,mix,NOT_RUN,,,D:\桌面\研究生相关事项\CodeWork\DCDLP_work\DCDLP\results\logs\paper_main_cora_degree_mix_seed9.log,Official baseline is intentionally isolated from the DCDLP implementation. Run scripts/download_data.py --third-party and the matching official adapter; no synthetic score was emitted.
2026-07-15T20:28:38,paper_main,cora,pa,0,uniform,NOT_RUN,,,D:\桌面\研究生相关事项\CodeWork\DCDLP_work\DCDLP\results\logs\paper_main_cora_pa_uniform_seed0.log,Official baseline is intentionally isolated from the DCDLP implementation. Run scripts/download_data.py --third-party and the matching official adapter; no synthetic score was emitted.
2026-07-15T20:28:38,paper_main,cora,pa,0,degree_corrected,NOT_RUN,,,D:\桌面\研究生相关事项\CodeWork\DCDLP_work\DCDLP\results\logs\paper_main_cora_pa_degree_corrected_seed0.log,Official baseline is intentionally isolated from the DCDLP implementation. Run scripts/download_data.py --third-party and the matching official adapter; no synthetic score was emitted.
2026-07-15T20:28:38,paper_main,cora,pa,0,mix,NOT_RUN,,,D:\桌面\研究生相关事项\CodeWork\DCDLP_work\DCDLP\results\logs\paper_main_cora_pa_mix_seed0.log,Official baseline is intentionally isolated from the DCDLP implementation. Run scripts/download_data.py --third-party and the matching official adapter; no synthetic score was emitted.
2026-07-15T20:28:38,paper_main,cora,pa,1,uniform,NOT_RUN,,,D:\桌面\研究生相关事项\CodeWork\DCDLP_work\DCDLP\results\logs\paper_main_cora_pa_uniform_seed1.log,Official baseline is intentionally isolated from the DCDLP implementation. Run scripts/download_data.py --third-party and the matching official adapter; no synthetic score was emitted.
2026-07-15T20:28:38,paper_main,cora,pa,1,degree_corrected,NOT_RUN,,,D:\桌面\研究生相关事项\CodeWork\DCDLP_work\DCDLP\results\logs\paper_main_cora_pa_degree_corrected_seed1.log,Official baseline is intentionally isolated from the DCDLP implementation. Run scripts/download_data.py --third-party and the matching official adapter; no synthetic score was emitted.
2026-07-15T20:28:38,paper_main,cora,pa,1,mix,NOT_RUN,,,D:\桌面\研究生相关事项\CodeWork\DCDLP_work\DCDLP\results\logs\paper_main_cora_pa_mix_seed1.log,Official baseline is intentionally isolated from the DCDLP implementation. Run scripts/download_data.py --third-party and the matching official adapter; no synthetic score was emitted.
2026-07-15T20:28:38,paper_main,cora,pa,2,uniform,NOT_RUN,,,D:\桌面\研究生相关事项\CodeWork\DCDLP_work\DCDLP\results\logs\paper_main_cora_pa_uniform_seed2.log,Official baseline is intentionally isolated from the DCDLP implementation. Run scripts/download_data.py --third-party and the matching official adapter; no synthetic score was emitted.
2026-07-15T20:28:38,paper_main,cora,pa,2,degree_corrected,NOT_RUN,,,D:\桌面\研究生相关事项\CodeWork\DCDLP_work\DCDLP\results\logs\paper_main_cora_pa_degree_corrected_seed2.log,Official baseline is intentionally isolated from the DCDLP implementation. Run scripts/download_data.py --third-party and the matching official adapter; no synthetic score was emitted.
2026-07-15T20:28:38,paper_main,cora,pa,2,mix,NOT_RUN,,,D:\桌面\研究生相关事项\CodeWork\DCDLP_work\DCDLP\results\logs\paper_main_cora_pa_mix_seed2.log,Official baseline is intentionally isolated from the DCDLP implementation. Run scripts/download_data.py --third-party and the matching official adapter; no synthetic score was emitted.
2026-07-15T20:28:38,paper_main,cora,pa,3,uniform,NOT_RUN,,,D:\桌面\研究生相关事项\CodeWork\DCDLP_work\DCDLP\results\logs\paper_main_cora_pa_uniform_seed3.log,Official baseline is intentionally isolated from the DCDLP implementation. Run scripts/download_data.py --third-party and the matching official adapter; no synthetic score was emitted.
2026-07-15T20:28:38,paper_main,cora,pa,3,degree_corrected,NOT_RUN,,,D:\桌面\研究生相关事项\CodeWork\DCDLP_work\DCDLP\results\logs\paper_main_cora_pa_degree_corrected_seed3.log,Official baseline is intentionally isolated from the DCDLP implementation. Run scripts/download_data.py --third-party and the matching official adapter; no synthetic score was emitted.
2026-07-15T20:28:38,paper_main,cora,pa,3,mix,NOT_RUN,,,D:\桌面\研究生相关事项\CodeWork\DCDLP_work\DCDLP\results\logs\paper_main_cora_pa_mix_seed3.log,Official baseline is intentionally isolated from the DCDLP implementation. Run scripts/download_data.py --third-party and the matching official adapter; no synthetic score was emitted.
2026-07-15T20:28:38,paper_main,cora,pa,4,uniform,NOT_RUN,,,D:\桌面\研究生相关事项\CodeWork\DCDLP_work\DCDLP\results\logs\paper_main_cora_pa_uniform_seed4.log,Official baseline is intentionally isolated from the DCDLP implementation. Run scripts/download_data.py --third-party and the matching official adapter; no synthetic score was emitted.
2026-07-15T20:28:38,paper_main,cora,pa,4,degree_corrected,NOT_RUN,,,D:\桌面\研究生相关事项\CodeWork\DCDLP_work\DCDLP\results\logs\paper_main_cora_pa_degree_corrected_seed4.log,Official baseline is intentionally isolated from the DCDLP implementation. Run scripts/download_data.py --third-party and the matching official adapter; no synthetic score was emitted.
2026-07-15T20:28:38,paper_main,cora,pa,4,mix,NOT_RUN,,,D:\桌面\研究生相关事项\CodeWork\DCDLP_work\DCDLP\results\logs\paper_main_cora_pa_mix_seed4.log,Official baseline is intentionally isolated from the DCDLP implementation. Run scripts/download_data.py --third-party and the matching official adapter; no synthetic score was emitted.
2026-07-15T20:28:38,paper_main,cora,pa,5,uniform,NOT_RUN,,,D:\桌面\研究生相关事项\CodeWork\DCDLP_work\DCDLP\results\logs\paper_main_cora_pa_uniform_seed5.log,Official baseline is intentionally isolated from the DCDLP implementation. Run scripts/download_data.py --third-party and the matching official adapter; no synthetic score was emitted.
2026-07-15T20:28:38,paper_main,cora,pa,5,degree_corrected,NOT_RUN,,,D:\桌面\研究生相关事项\CodeWork\DCDLP_work\DCDLP\results\logs\paper_main_cora_pa_degree_corrected_seed5.log,Official baseline is intentionally isolated from the DCDLP implementation. Run scripts/download_data.py --third-party and the matching official adapter; no synthetic score was emitted.
2026-07-15T20:28:38,paper_main,cora,pa,5,mix,NOT_RUN,,,D:\桌面\研究生相关事项\CodeWork\DCDLP_work\DCDLP\results\logs\paper_main_cora_pa_mix_seed5.log,Official baseline is intentionally isolated from the DCDLP implementation. Run scripts/download_data.py --third-party and the matching official adapter; no synthetic score was emitted.
2026-07-15T20:28:38,paper_main,cora,pa,6,uniform,NOT_RUN,,,D:\桌面\研究生相关事项\CodeWork\DCDLP_work\DCDLP\results\logs\paper_main_cora_pa_uniform_seed6.log,Official baseline is intentionally isolated from the DCDLP implementation. Run scripts/download_data.py --third-party and the matching official adapter; no synthetic score was emitted.
2026-07-15T20:28:38,paper_main,cora,pa,6,degree_corrected,NOT_RUN,,,D:\桌面\研究生相关事项\CodeWork\DCDLP_work\DCDLP\results\logs\paper_main_cora_pa_degree_corrected_seed6.log,Official baseline is intentionally isolated from the DCDLP implementation. Run scripts/download_data.py --third-party and the matching official adapter; no synthetic score was emitted.
2026-07-15T20:28:38,paper_main,cora,pa,6,mix,NOT_RUN,,,D:\桌面\研究生相关事项\CodeWork\DCDLP_work\DCDLP\results\logs\paper_main_cora_pa_mix_seed6.log,Official baseline is intentionally isolated from the DCDLP implementation. Run scripts/download_data.py --third-party and the matching official adapter; no synthetic score was emitted.
2026-07-15T20:28:38,paper_main,cora,pa,7,uniform,NOT_RUN,,,D:\桌面\研究生相关事项\CodeWork\DCDLP_work\DCDLP\results\logs\paper_main_cora_pa_uniform_seed7.log,Official baseline is intentionally isolated from the DCDLP implementation. Run scripts/download_data.py --third-party and the matching official adapter; no synthetic score was emitted.
2026-07-15T20:28:38,paper_main,cora,pa,7,degree_corrected,NOT_RUN,,,D:\桌面\研究生相关事项\CodeWork\DCDLP_work\DCDLP\results\logs\paper_main_cora_pa_degree_corrected_seed7.log,Official baseline is intentionally isolated from the DCDLP implementation. Run scripts/download_data.py --third-party and the matching official adapter; no synthetic score was emitted.
2026-07-15T20:28:38,paper_main,cora,pa,7,mix,NOT_RUN,,,D:\桌面\研究生相关事项\CodeWork\DCDLP_work\DCDLP\results\logs\paper_main_cora_pa_mix_seed7.log,Official baseline is intentionally isolated from the DCDLP implementation. Run scripts/download_data.py --third-party and the matching official adapter; no synthetic score was emitted.
2026-07-15T20:28:38,paper_main,cora,pa,8,uniform,NOT_RUN,,,D:\桌面\研究生相关事项\CodeWork\DCDLP_work\DCDLP\results\logs\paper_main_cora_pa_uniform_seed8.log,Official baseline is intentionally isolated from the DCDLP implementation. Run scripts/download_data.py --third-party and the matching official adapter; no synthetic score was emitted.
2026-07-15T20:28:38,paper_main,cora,pa,8,degree_corrected,NOT_RUN,,,D:\桌面\研究生相关事项\CodeWork\DCDLP_work\DCDLP\results\logs\paper_main_cora_pa_degree_corrected_seed8.log,Official baseline is intentionally isolated from the DCDLP implementation. Run scripts/download_data.py --third-party and the matching official adapter; no synthetic score was emitted.
2026-07-15T20:28:38,paper_main,cora,pa,8,mix,NOT_RUN,,,D:\桌面\研究生相关事项\CodeWork\DCDLP_work\DCDLP\results\logs\paper_main_cora_pa_mix_seed8.log,Official baseline is intentionally isolated from the DCDLP implementation. Run scripts/download_data.py --third-party and the matching official adapter; no synthetic score was emitted.
2026-07-15T20:28:38,paper_main,cora,pa,9,uniform,NOT_RUN,,,D:\桌面\研究生相关事项\CodeWork\DCDLP_work\DCDLP\results\logs\paper_main_cora_pa_uniform_seed9.log,Official baseline is intentionally isolated from the DCDLP implementation. Run scripts/download_data.py --third-party and the matching official adapter; no synthetic score was emitted.
2026-07-15T20:28:38,paper_main,cora,pa,9,degree_corrected,NOT_RUN,,,D:\桌面\研究生相关事项\CodeWork\DCDLP_work\DCDLP\results\logs\paper_main_cora_pa_degree_corrected_seed9.log,Official baseline is intentionally isolated from the DCDLP implementation. Run scripts/download_data.py --third-party and the matching official adapter; no synthetic score was emitted.
2026-07-15T20:28:38,paper_main,cora,pa,9,mix,NOT_RUN,,,D:\桌面\研究生相关事项\CodeWork\DCDLP_work\DCDLP\results\logs\paper_main_cora_pa_mix_seed9.log,Official baseline is intentionally isolated from the DCDLP implementation. Run scripts/download_data.py --third-party and the matching official adapter; no synthetic score was emitted.
2026-07-15T20:28:38,paper_main,cora,cn,0,uniform,NOT_RUN,,,D:\桌面\研究生相关事项\CodeWork\DCDLP_work\DCDLP\results\logs\paper_main_cora_cn_uniform_seed0.log,Official baseline is intentionally isolated from the DCDLP implementation. Run scripts/download_data.py --third-party and the matching official adapter; no synthetic score was emitted.
2026-07-15T20:28:38,paper_main,cora,cn,0,degree_corrected,NOT_RUN,,,D:\桌面\研究生相关事项\CodeWork\DCDLP_work\DCDLP\results\logs\paper_main_cora_cn_degree_corrected_seed0.log,Official baseline is intentionally isolated from the DCDLP implementation. Run scripts/download_data.py --third-party and the matching official adapter; no synthetic score was emitted.
2026-07-15T20:28:38,paper_main,cora,cn,0,mix,NOT_RUN,,,D:\桌面\研究生相关事项\CodeWork\DCDLP_work\DCDLP\results\logs\paper_main_cora_cn_mix_seed0.log,Official baseline is intentionally isolated from the DCDLP implementation. Run scripts/download_data.py --third-party and the matching official adapter; no synthetic score was emitted.
2026-07-15T20:28:38,paper_main,cora,cn,1,uniform,NOT_RUN,,,D:\桌面\研究生相关事项\CodeWork\DCDLP_work\DCDLP\results\logs\paper_main_cora_cn_uniform_seed1.log,Official baseline is intentionally isolated from the DCDLP implementation. Run scripts/download_data.py --third-party and the matching official adapter; no synthetic score was emitted.
2026-07-15T20:28:38,paper_main,cora,cn,1,degree_corrected,NOT_RUN,,,D:\桌面\研究生相关事项\CodeWork\DCDLP_work\DCDLP\results\logs\paper_main_cora_cn_degree_corrected_seed1.log,Official baseline is intentionally isolated from the DCDLP implementation. Run scripts/download_data.py --third-party and the matching official adapter; no synthetic score was emitted.
2026-07-15T20:28:38,paper_main,cora,cn,1,mix,NOT_RUN,,,D:\桌面\研究生相关事项\CodeWork\DCDLP_work\DCDLP\results\logs\paper_main_cora_cn_mix_seed1.log,Official baseline is intentionally isolated from the DCDLP implementation. Run scripts/download_data.py --third-party and the matching official adapter; no synthetic score was emitted.
2026-07-15T20:28:38,paper_main,cora,cn,2,uniform,NOT_RUN,,,D:\桌面\研究生相关事项\CodeWork\DCDLP_work\DCDLP\results\logs\paper_main_cora_cn_uniform_seed2.log,Official baseline is intentionally isolated from the DCDLP implementation. Run scripts/download_data.py --third-party and the matching official adapter; no synthetic score was emitted.
2026-07-15T20:28:38,paper_main,cora,cn,2,degree_corrected,NOT_RUN,,,D:\桌面\研究生相关事项\CodeWork\DCDLP_work\DCDLP\results\logs\paper_main_cora_cn_degree_corrected_seed2.log,Official baseline is intentionally isolated from the DCDLP implementation. Run scripts/download_data.py --third-party and the matching official adapter; no synthetic score was emitted.
2026-07-15T20:28:38,paper_main,cora,cn,2,mix,NOT_RUN,,,D:\桌面\研究生相关事项\CodeWork\DCDLP_work\DCDLP\results\logs\paper_main_cora_cn_mix_seed2.log,Official baseline is intentionally isolated from the DCDLP implementation. Run scripts/download_data.py --third-party and the matching official adapter; no synthetic score was emitted.
2026-07-15T20:28:38,paper_main,cora,cn,3,uniform,NOT_RUN,,,D:\桌面\研究生相关事项\CodeWork\DCDLP_work\DCDLP\results\logs\paper_main_cora_cn_uniform_seed3.log,Official baseline is intentionally isolated from the DCDLP implementation. Run scripts/download_data.py --third-party and the matching official adapter; no synthetic score was emitted.
2026-07-15T20:28:38,paper_main,cora,cn,3,degree_corrected,NOT_RUN,,,D:\桌面\研究生相关事项\CodeWork\DCDLP_work\DCDLP\results\logs\paper_main_cora_cn_degree_corrected_seed3.log,Official baseline is intentionally isolated from the DCDLP implementation. Run scripts/download_data.py --third-party and the matching official adapter; no synthetic score was emitted.
2026-07-15T20:28:38,paper_main,cora,cn,3,mix,NOT_RUN,,,D:\桌面\研究生相关事项\CodeWork\DCDLP_work\DCDLP\results\logs\paper_main_cora_cn_mix_seed3.log,Official baseline is intentionally isolated from the DCDLP implementation. Run scripts/download_data.py --third-party and the matching official adapter; no synthetic score was emitted.
2026-07-15T20:28:38,paper_main,cora,cn,4,uniform,NOT_RUN,,,D:\桌面\研究生相关事项\CodeWork\DCDLP_work\DCDLP\results\logs\paper_main_cora_cn_uniform_seed4.log,Official baseline is intentionally isolated from the DCDLP implementation. Run scripts/download_data.py --third-party and the matching official adapter; no synthetic score was emitted.
2026-07-15T20:28:38,paper_main,cora,cn,4,degree_corrected,NOT_RUN,,,D:\桌面\研究生相关事项\CodeWork\DCDLP_work\DCDLP\results\logs\paper_main_cora_cn_degree_corrected_seed4.log,Official baseline is intentionally isolated from the DCDLP implementation. Run scripts/download_data.py --third-party and the matching official adapter; no synthetic score was emitted.
2026-07-15T20:28:38,paper_main,cora,cn,4,mix,NOT_RUN,,,D:\桌面\研究生相关事项\CodeWork\DCDLP_work\DCDLP\results\logs\paper_main_cora_cn_mix_seed4.log,Official baseline is intentionally isolated from the DCDLP implementation. Run scripts/download_data.py --third-party and the matching official adapter; no synthetic score was emitted.
2026-07-15T20:28:38,paper_main,cora,cn,5,uniform,NOT_RUN,,,D:\桌面\研究生相关事项\CodeWork\DCDLP_work\DCDLP\results\logs\paper_main_cora_cn_uniform_seed5.log,Official baseline is intentionally isolated from the DCDLP implementation. Run scripts/download_data.py --third-party and the matching official adapter; no synthetic score was emitted.
2026-07-15T20:28:38,paper_main,cora,cn,5,degree_corrected,NOT_RUN,,,D:\桌面\研究生相关事项\CodeWork\DCDLP_work\DCDLP\results\logs\paper_main_cora_cn_degree_corrected_seed5.log,Official baseline is intentionally isolated from the DCDLP implementation. Run scripts/download_data.py --third-party and the matching official adapter; no synthetic score was emitted.
2026-07-15T20:28:38,paper_main,cora,cn,5,mix,NOT_RUN,,,D:\桌面\研究生相关事项\CodeWork\DCDLP_work\DCDLP\results\logs\paper_main_cora_cn_mix_seed5.log,Official baseline is intentionally isolated from the DCDLP implementation. Run scripts/download_data.py --third-party and the matching official adapter; no synthetic score was emitted.
2026-07-15T20:28:38,paper_main,cora,cn,6,uniform,NOT_RUN,,,D:\桌面\研究生相关事项\CodeWork\DCDLP_work\DCDLP\results\logs\paper_main_cora_cn_uniform_seed6.log,Official baseline is intentionally isolated from the DCDLP implementation. Run scripts/download_data.py --third-party and the matching official adapter; no synthetic score was emitted.
2026-07-15T20:28:38,paper_main,cora,cn,6,degree_corrected,NOT_RUN,,,D:\桌面\研究生相关事项\CodeWork\DCDLP_work\DCDLP\results\logs\paper_main_cora_cn_degree_corrected_seed6.log,Official baseline is intentionally isolated from the DCDLP implementation. Run scripts/download_data.py --third-party and the matching official adapter; no synthetic score was emitted.
2026-07-15T20:28:38,paper_main,cora,cn,6,mix,NOT_RUN,,,D:\桌面\研究生相关事项\CodeWork\DCDLP_work\DCDLP\results\logs\paper_main_cora_cn_mix_seed6.log,Official baseline is intentionally isolated from the DCDLP implementation. Run scripts/download_data.py --third-party and the matching official adapter; no synthetic score was emitted.
2026-07-15T20:28:38,paper_main,cora,cn,7,uniform,NOT_RUN,,,D:\桌面\研究生相关事项\CodeWork\DCDLP_work\DCDLP\results\logs\paper_main_cora_cn_uniform_seed7.log,Official baseline is intentionally isolated from the DCDLP implementation. Run scripts/download_data.py --third-party and the matching official adapter; no synthetic score was emitted.
2026-07-15T20:28:38,paper_main,cora,cn,7,degree_corrected,NOT_RUN,,,D:\桌面\研究生相关事项\CodeWork\DCDLP_work\DCDLP\results\logs\paper_main_cora_cn_degree_corrected_seed7.log,Official baseline is intentionally isolated from the DCDLP implementation. Run scripts/download_data.py --third-party and the matching official adapter; no synthetic score was emitted.
2026-07-15T20:28:38,paper_main,cora,cn,7,mix,NOT_RUN,,,D:\桌面\研究生相关事项\CodeWork\DCDLP_work\DCDLP\results\logs\paper_main_cora_cn_mix_seed7.log,Official baseline is intentionally isolated from the DCDLP implementation. Run scripts/download_data.py --third-party and the matching official adapter; no synthetic score was emitted.
2026-07-15T20:28:38,paper_main,cora,cn,8,uniform,NOT_RUN,,,D:\桌面\研究生相关事项\CodeWork\DCDLP_work\DCDLP\results\logs\paper_main_cora_cn_uniform_seed8.log,Official baseline is intentionally isolated from the DCDLP implementation. Run scripts/download_data.py --third-party and the matching official adapter; no synthetic score was emitted.
2026-07-15T20:28:38,paper_main,cora,cn,8,degree_corrected,NOT_RUN,,,D:\桌面\研究生相关事项\CodeWork\DCDLP_work\DCDLP\results\logs\paper_main_cora_cn_degree_corrected_seed8.log,Official baseline is intentionally isolated from the DCDLP implementation. Run scripts/download_data.py --third-party and the matching official adapter; no synthetic score was emitted.
2026-07-15T20:28:38,paper_main,cora,cn,8,mix,NOT_RUN,,,D:\桌面\研究生相关事项\CodeWork\DCDLP_work\DCDLP\results\logs\paper_main_cora_cn_mix_seed8.log,Official baseline is intentionally isolated from the DCDLP implementation. Run scripts/download_data.py --third-party and the matching official adapter; no synthetic score was emitted.
2026-07-15T20:28:38,paper_main,cora,cn,9,uniform,NOT_RUN,,,D:\桌面\研究生相关事项\CodeWork\DCDLP_work\DCDLP\results\logs\paper_main_cora_cn_uniform_seed9.log,Official baseline is intentionally isolated from the DCDLP implementation. Run scripts/download_data.py --third-party and the matching official adapter; no synthetic score was emitted.
2026-07-15T20:28:38,paper_main,cora,cn,9,degree_corrected,NOT_RUN,,,D:\桌面\研究生相关事项\CodeWork\DCDLP_work\DCDLP\results\logs\paper_main_cora_cn_degree_corrected_seed9.log,Official baseline is intentionally isolated from the DCDLP implementation. Run scripts/download_data.py --third-party and the matching official adapter; no synthetic score was emitted.
2026-07-15T20:28:38,paper_main,cora,cn,9,mix,NOT_RUN,,,D:\桌面\研究生相关事项\CodeWork\DCDLP_work\DCDLP\results\logs\paper_main_cora_cn_mix_seed9.log,Official baseline is intentionally isolated from the DCDLP implementation. Run scripts/download_data.py --third-party and the matching official adapter; no synthetic score was emitted.
2026-07-15T20:28:38,paper_main,cora,aa,0,uniform,NOT_RUN,,,D:\桌面\研究生相关事项\CodeWork\DCDLP_work\DCDLP\results\logs\paper_main_cora_aa_uniform_seed0.log,Official baseline is intentionally isolated from the DCDLP implementation. Run scripts/download_data.py --third-party and the matching official adapter; no synthetic score was emitted.
2026-07-15T20:28:38,paper_main,cora,aa,0,degree_corrected,NOT_RUN,,,D:\桌面\研究生相关事项\CodeWork\DCDLP_work\DCDLP\results\logs\paper_main_cora_aa_degree_corrected_seed0.log,Official baseline is intentionally isolated from the DCDLP implementation. Run scripts/download_data.py --third-party and the matching official adapter; no synthetic score was emitted.
2026-07-15T20:28:38,paper_main,cora,aa,0,mix,NOT_RUN,,,D:\桌面\研究生相关事项\CodeWork\DCDLP_work\DCDLP\results\logs\paper_main_cora_aa_mix_seed0.log,Official baseline is intentionally isolated from the DCDLP implementation. Run scripts/download_data.py --third-party and the matching official adapter; no synthetic score was emitted.
2026-07-15T20:28:38,paper_main,cora,aa,1,uniform,NOT_RUN,,,D:\桌面\研究生相关事项\CodeWork\DCDLP_work\DCDLP\results\logs\paper_main_cora_aa_uniform_seed1.log,Official baseline is intentionally isolated from the DCDLP implementation. Run scripts/download_data.py --third-party and the matching official adapter; no synthetic score was emitted.
2026-07-15T20:28:38,paper_main,cora,aa,1,degree_corrected,NOT_RUN,,,D:\桌面\研究生相关事项\CodeWork\DCDLP_work\DCDLP\results\logs\paper_main_cora_aa_degree_corrected_seed1.log,Official baseline is intentionally isolated from the DCDLP implementation. Run scripts/download_data.py --third-party and the matching official adapter; no synthetic score was emitted.
2026-07-15T20:28:38,paper_main,cora,aa,1,mix,NOT_RUN,,,D:\桌面\研究生相关事项\CodeWork\DCDLP_work\DCDLP\results\logs\paper_main_cora_aa_mix_seed1.log,Official baseline is intentionally isolated from the DCDLP implementation. Run scripts/download_data.py --third-party and the matching official adapter; no synthetic score was emitted.
2026-07-15T20:28:38,paper_main,cora,aa,2,uniform,NOT_RUN,,,D:\桌面\研究生相关事项\CodeWork\DCDLP_work\DCDLP\results\logs\paper_main_cora_aa_uniform_seed2.log,Official baseline is intentionally isolated from the DCDLP implementation. Run scripts/download_data.py --third-party and the matching official adapter; no synthetic score was emitted.
2026-07-15T20:28:38,paper_main,cora,aa,2,degree_corrected,NOT_RUN,,,D:\桌面\研究生相关事项\CodeWork\DCDLP_work\DCDLP\results\logs\paper_main_cora_aa_degree_corrected_seed2.log,Official baseline is intentionally isolated from the DCDLP implementation. Run scripts/download_data.py --third-party and the matching official adapter; no synthetic score was emitted.
2026-07-15T20:28:38,paper_main,cora,aa,2,mix,NOT_RUN,,,D:\桌面\研究生相关事项\CodeWork\DCDLP_work\DCDLP\results\logs\paper_main_cora_aa_mix_seed2.log,Official baseline is intentionally isolated from the DCDLP implementation. Run scripts/download_data.py --third-party and the matching official adapter; no synthetic score was emitted.
2026-07-15T20:28:38,paper_main,cora,aa,3,uniform,NOT_RUN,,,D:\桌面\研究生相关事项\CodeWork\DCDLP_work\DCDLP\results\logs\paper_main_cora_aa_uniform_seed3.log,Official baseline is intentionally isolated from the DCDLP implementation. Run scripts/download_data.py --third-party and the matching official adapter; no synthetic score was emitted.
2026-07-15T20:28:38,paper_main,cora,aa,3,degree_corrected,NOT_RUN,,,D:\桌面\研究生相关事项\CodeWork\DCDLP_work\DCDLP\results\logs\paper_main_cora_aa_degree_corrected_seed3.log,Official baseline is intentionally isolated from the DCDLP implementation. Run scripts/download_data.py --third-party and the matching official adapter; no synthetic score was emitted.
2026-07-15T20:28:38,paper_main,cora,aa,3,mix,NOT_RUN,,,D:\桌面\研究生相关事项\CodeWork\DCDLP_work\DCDLP\results\logs\paper_main_cora_aa_mix_seed3.log,Official baseline is intentionally isolated from the DCDLP implementation. Run scripts/download_data.py --third-party and the matching official adapter; no synthetic score was emitted.
2026-07-15T20:28:38,paper_main,cora,aa,4,uniform,NOT_RUN,,,D:\桌面\研究生相关事项\CodeWork\DCDLP_work\DCDLP\results\logs\paper_main_cora_aa_uniform_seed4.log,Official baseline is intentionally isolated from the DCDLP implementation. Run scripts/download_data.py --third-party and the matching official adapter; no synthetic score was emitted.
2026-07-15T20:28:38,paper_main,cora,aa,4,degree_corrected,NOT_RUN,,,D:\桌面\研究生相关事项\CodeWork\DCDLP_work\DCDLP\results\logs\paper_main_cora_aa_degree_corrected_seed4.log,Official baseline is intentionally isolated from the DCDLP implementation. Run scripts/download_data.py --third-party and the matching official adapter; no synthetic score was emitted.
2026-07-15T20:28:38,paper_main,cora,aa,4,mix,NOT_RUN,,,D:\桌面\研究生相关事项\CodeWork\DCDLP_work\DCDLP\results\logs\paper_main_cora_aa_mix_seed4.log,Official baseline is intentionally isolated from the DCDLP implementation. Run scripts/download_data.py --third-party and the matching official adapter; no synthetic score was emitted.
2026-07-15T20:28:38,paper_main,cora,aa,5,uniform,NOT_RUN,,,D:\桌面\研究生相关事项\CodeWork\DCDLP_work\DCDLP\results\logs\paper_main_cora_aa_uniform_seed5.log,Official baseline is intentionally isolated from the DCDLP implementation. Run scripts/download_data.py --third-party and the matching official adapter; no synthetic score was emitted.
2026-07-15T20:28:38,paper_main,cora,aa,5,degree_corrected,NOT_RUN,,,D:\桌面\研究生相关事项\CodeWork\DCDLP_work\DCDLP\results\logs\paper_main_cora_aa_degree_corrected_seed5.log,Official baseline is intentionally isolated from the DCDLP implementation. Run scripts/download_data.py --third-party and the matching official adapter; no synthetic score was emitted.
2026-07-15T20:28:38,paper_main,cora,aa,5,mix,NOT_RUN,,,D:\桌面\研究生相关事项\CodeWork\DCDLP_work\DCDLP\results\logs\paper_main_cora_aa_mix_seed5.log,Official baseline is intentionally isolated from the DCDLP implementation. Run scripts/download_data.py --third-party and the matching official adapter; no synthetic score was emitted.
2026-07-15T20:28:38,paper_main,cora,aa,6,uniform,NOT_RUN,,,D:\桌面\研究生相关事项\CodeWork\DCDLP_work\DCDLP\results\logs\paper_main_cora_aa_uniform_seed6.log,Official baseline is intentionally isolated from the DCDLP implementation. Run scripts/download_data.py --third-party and the matching official adapter; no synthetic score was emitted.
2026-07-15T20:28:38,paper_main,cora,aa,6,degree_corrected,NOT_RUN,,,D:\桌面\研究生相关事项\CodeWork\DCDLP_work\DCDLP\results\logs\paper_main_cora_aa_degree_corrected_seed6.log,Official baseline is intentionally isolated from the DCDLP implementation. Run scripts/download_data.py --third-party and the matching official adapter; no synthetic score was emitted.
2026-07-15T20:28:38,paper_main,cora,aa,6,mix,NOT_RUN,,,D:\桌面\研究生相关事项\CodeWork\DCDLP_work\DCDLP\results\logs\paper_main_cora_aa_mix_seed6.log,Official baseline is intentionally isolated from the DCDLP implementation. Run scripts/download_data.py --third-party and the matching official adapter; no synthetic score was emitted.
2026-07-15T20:28:38,paper_main,cora,aa,7,uniform,NOT_RUN,,,D:\桌面\研究生相关事项\CodeWork\DCDLP_work\DCDLP\results\logs\paper_main_cora_aa_uniform_seed7.log,Official baseline is intentionally isolated from the DCDLP implementation. Run scripts/download_data.py --third-party and the matching official adapter; no synthetic score was emitted.
2026-07-15T20:28:38,paper_main,cora,aa,7,degree_corrected,NOT_RUN,,,D:\桌面\研究生相关事项\CodeWork\DCDLP_work\DCDLP\results\logs\paper_main_cora_aa_degree_corrected_seed7.log,Official baseline is intentionally isolated from the DCDLP implementation. Run scripts/download_data.py --third-party and the matching official adapter; no synthetic score was emitted.
2026-07-15T20:28:38,paper_main,cora,aa,7,mix,NOT_RUN,,,D:\桌面\研究生相关事项\CodeWork\DCDLP_work\DCDLP\results\logs\paper_main_cora_aa_mix_seed7.log,Official baseline is intentionally isolated from the DCDLP implementation. Run scripts/download_data.py --third-party and the matching official adapter; no synthetic score was emitted.
2026-07-15T20:28:38,paper_main,cora,aa,8,uniform,NOT_RUN,,,D:\桌面\研究生相关事项\CodeWork\DCDLP_work\DCDLP\results\logs\paper_main_cora_aa_uniform_seed8.log,Official baseline is intentionally isolated from the DCDLP implementation. Run scripts/download_data.py --third-party and the matching official adapter; no synthetic score was emitted.
2026-07-15T20:28:38,paper_main,cora,aa,8,degree_corrected,NOT_RUN,,,D:\桌面\研究生相关事项\CodeWork\DCDLP_work\DCDLP\results\logs\paper_main_cora_aa_degree_corrected_seed8.log,Official baseline is intentionally isolated from the DCDLP implementation. Run scripts/download_data.py --third-party and the matching official adapter; no synthetic score was emitted.
2026-07-15T20:28:38,paper_main,cora,aa,8,mix,NOT_RUN,,,D:\桌面\研究生相关事项\CodeWork\DCDLP_work\DCDLP\results\logs\paper_main_cora_aa_mix_seed8.log,Official baseline is intentionally isolated from the DCDLP implementation. Run scripts/download_data.py --third-party and the matching official adapter; no synthetic score was emitted.
2026-07-15T20:28:38,paper_main,cora,aa,9,uniform,NOT_RUN,,,D:\桌面\研究生相关事项\CodeWork\DCDLP_work\DCDLP\results\logs\paper_main_cora_aa_uniform_seed9.log,Official baseline is intentionally isolated from the DCDLP implementation. Run scripts/download_data.py --third-party and the matching official adapter; no synthetic score was emitted.
2026-07-15T20:28:38,paper_main,cora,aa,9,degree_corrected,NOT_RUN,,,D:\桌面\研究生相关事项\CodeWork\DCDLP_work\DCDLP\results\logs\paper_main_cora_aa_degree_corrected_seed9.log,Official baseline is intentionally isolated from the DCDLP implementation. Run scripts/download_data.py --third-party and the matching official adapter; no synthetic score was emitted.
2026-07-15T20:28:38,paper_main,cora,aa,9,mix,NOT_RUN,,,D:\桌面\研究生相关事项\CodeWork\DCDLP_work\DCDLP\results\logs\paper_main_cora_aa_mix_seed9.log,Official baseline is intentionally isolated from the DCDLP implementation. Run scripts/download_data.py --third-party and the matching official adapter; no synthetic score was emitted.
2026-07-15T20:28:38,paper_main,cora,ra,0,uniform,NOT_RUN,,,D:\桌面\研究生相关事项\CodeWork\DCDLP_work\DCDLP\results\logs\paper_main_cora_ra_uniform_seed0.log,Official baseline is intentionally isolated from the DCDLP implementation. Run scripts/download_data.py --third-party and the matching official adapter; no synthetic score was emitted.
2026-07-15T20:28:38,paper_main,cora,ra,0,degree_corrected,NOT_RUN,,,D:\桌面\研究生相关事项\CodeWork\DCDLP_work\DCDLP\results\logs\paper_main_cora_ra_degree_corrected_seed0.log,Official baseline is intentionally isolated from the DCDLP implementation. Run scripts/download_data.py --third-party and the matching official adapter; no synthetic score was emitted.
2026-07-15T20:28:38,paper_main,cora,ra,0,mix,NOT_RUN,,,D:\桌面\研究生相关事项\CodeWork\DCDLP_work\DCDLP\results\logs\paper_main_cora_ra_mix_seed0.log,Official baseline is intentionally isolated from the DCDLP implementation. Run scripts/download_data.py --third-party and the matching official adapter; no synthetic score was emitted.
2026-07-15T20:28:38,paper_main,cora,ra,1,uniform,NOT_RUN,,,D:\桌面\研究生相关事项\CodeWork\DCDLP_work\DCDLP\results\logs\paper_main_cora_ra_uniform_seed1.log,Official baseline is intentionally isolated from the DCDLP implementation. Run scripts/download_data.py --third-party and the matching official adapter; no synthetic score was emitted.
2026-07-15T20:28:38,paper_main,cora,ra,1,degree_corrected,NOT_RUN,,,D:\桌面\研究生相关事项\CodeWork\DCDLP_work\DCDLP\results\logs\paper_main_cora_ra_degree_corrected_seed1.log,Official baseline is intentionally isolated from the DCDLP implementation. Run scripts/download_data.py --third-party and the matching official adapter; no synthetic score was emitted.
2026-07-15T20:28:38,paper_main,cora,ra,1,mix,NOT_RUN,,,D:\桌面\研究生相关事项\CodeWork\DCDLP_work\DCDLP\results\logs\paper_main_cora_ra_mix_seed1.log,Official baseline is intentionally isolated from the DCDLP implementation. Run scripts/download_data.py --third-party and the matching official adapter; no synthetic score was emitted.
2026-07-15T20:28:38,paper_main,cora,ra,2,uniform,NOT_RUN,,,D:\桌面\研究生相关事项\CodeWork\DCDLP_work\DCDLP\results\logs\paper_main_cora_ra_uniform_seed2.log,Official baseline is intentionally isolated from the DCDLP implementation. Run scripts/download_data.py --third-party and the matching official adapter; no synthetic score was emitted.
2026-07-15T20:28:38,paper_main,cora,ra,2,degree_corrected,NOT_RUN,,,D:\桌面\研究生相关事项\CodeWork\DCDLP_work\DCDLP\results\logs\paper_main_cora_ra_degree_corrected_seed2.log,Official baseline is intentionally isolated from the DCDLP implementation. Run scripts/download_data.py --third-party and the matching official adapter; no synthetic score was emitted.
2026-07-15T20:28:38,paper_main,cora,ra,2,mix,NOT_RUN,,,D:\桌面\研究生相关事项\CodeWork\DCDLP_work\DCDLP\results\logs\paper_main_cora_ra_mix_seed2.log,Official baseline is intentionally isolated from the DCDLP implementation. Run scripts/download_data.py --third-party and the matching official adapter; no synthetic score was emitted.
2026-07-15T20:28:38,paper_main,cora,ra,3,uniform,NOT_RUN,,,D:\桌面\研究生相关事项\CodeWork\DCDLP_work\DCDLP\results\logs\paper_main_cora_ra_uniform_seed3.log,Official baseline is intentionally isolated from the DCDLP implementation. Run scripts/download_data.py --third-party and the matching official adapter; no synthetic score was emitted.
2026-07-15T20:28:38,paper_main,cora,ra,3,degree_corrected,NOT_RUN,,,D:\桌面\研究生相关事项\CodeWork\DCDLP_work\DCDLP\results\logs\paper_main_cora_ra_degree_corrected_seed3.log,Official baseline is intentionally isolated from the DCDLP implementation. Run scripts/download_data.py --third-party and the matching official adapter; no synthetic score was emitted.
2026-07-15T20:28:38,paper_main,cora,ra,3,mix,NOT_RUN,,,D:\桌面\研究生相关事项\CodeWork\DCDLP_work\DCDLP\results\logs\paper_main_cora_ra_mix_seed3.log,Official baseline is intentionally isolated from the DCDLP implementation. Run scripts/download_data.py --third-party and the matching official adapter; no synthetic score was emitted.
2026-07-15T20:28:38,paper_main,cora,ra,4,uniform,NOT_RUN,,,D:\桌面\研究生相关事项\CodeWork\DCDLP_work\DCDLP\results\logs\paper_main_cora_ra_uniform_seed4.log,Official baseline is intentionally isolated from the DCDLP implementation. Run scripts/download_data.py --third-party and the matching official adapter; no synthetic score was emitted.
2026-07-15T20:28:38,paper_main,cora,ra,4,degree_corrected,NOT_RUN,,,D:\桌面\研究生相关事项\CodeWork\DCDLP_work\DCDLP\results\logs\paper_main_cora_ra_degree_corrected_seed4.log,Official baseline is intentionally isolated from the DCDLP implementation. Run scripts/download_data.py --third-party and the matching official adapter; no synthetic score was emitted.
2026-07-15T20:28:38,paper_main,cora,ra,4,mix,NOT_RUN,,,D:\桌面\研究生相关事项\CodeWork\DCDLP_work\DCDLP\results\logs\paper_main_cora_ra_mix_seed4.log,Official baseline is intentionally isolated from the DCDLP implementation. Run scripts/download_data.py --third-party and the matching official adapter; no synthetic score was emitted.
2026-07-15T20:28:38,paper_main,cora,ra,5,uniform,NOT_RUN,,,D:\桌面\研究生相关事项\CodeWork\DCDLP_work\DCDLP\results\logs\paper_main_cora_ra_uniform_seed5.log,Official baseline is intentionally isolated from the DCDLP implementation. Run scripts/download_data.py --third-party and the matching official adapter; no synthetic score was emitted.
2026-07-15T20:28:38,paper_main,cora,ra,5,degree_corrected,NOT_RUN,,,D:\桌面\研究生相关事项\CodeWork\DCDLP_work\DCDLP\results\logs\paper_main_cora_ra_degree_corrected_seed5.log,Official baseline is intentionally isolated from the DCDLP implementation. Run scripts/download_data.py --third-party and the matching official adapter; no synthetic score was emitted.
2026-07-15T20:28:38,paper_main,cora,ra,5,mix,NOT_RUN,,,D:\桌面\研究生相关事项\CodeWork\DCDLP_work\DCDLP\results\logs\paper_main_cora_ra_mix_seed5.log,Official baseline is intentionally isolated from the DCDLP implementation. Run scripts/download_data.py --third-party and the matching official adapter; no synthetic score was emitted.
2026-07-15T20:28:38,paper_main,cora,ra,6,uniform,NOT_RUN,,,D:\桌面\研究生相关事项\CodeWork\DCDLP_work\DCDLP\results\logs\paper_main_cora_ra_uniform_seed6.log,Official baseline is intentionally isolated from the DCDLP implementation. Run scripts/download_data.py --third-party and the matching official adapter; no synthetic score was emitted.
2026-07-15T20:28:38,paper_main,cora,ra,6,degree_corrected,NOT_RUN,,,D:\桌面\研究生相关事项\CodeWork\DCDLP_work\DCDLP\results\logs\paper_main_cora_ra_degree_corrected_seed6.log,Official baseline is intentionally isolated from the DCDLP implementation. Run scripts/download_data.py --third-party and the matching official adapter; no synthetic score was emitted.
2026-07-15T20:28:38,paper_main,cora,ra,6,mix,NOT_RUN,,,D:\桌面\研究生相关事项\CodeWork\DCDLP_work\DCDLP\results\logs\paper_main_cora_ra_mix_seed6.log,Official baseline is intentionally isolated from the DCDLP implementation. Run scripts/download_data.py --third-party and the matching official adapter; no synthetic score was emitted.
2026-07-15T20:28:38,paper_main,cora,ra,7,uniform,NOT_RUN,,,D:\桌面\研究生相关事项\CodeWork\DCDLP_work\DCDLP\results\logs\paper_main_cora_ra_uniform_seed7.log,Official baseline is intentionally isolated from the DCDLP implementation. Run scripts/download_data.py --third-party and the matching official adapter; no synthetic score was emitted.
2026-07-15T20:28:38,paper_main,cora,ra,7,degree_corrected,NOT_RUN,,,D:\桌面\研究生相关事项\CodeWork\DCDLP_work\DCDLP\results\logs\paper_main_cora_ra_degree_corrected_seed7.log,Official baseline is intentionally isolated from the DCDLP implementation. Run scripts/download_data.py --third-party and the matching official adapter; no synthetic score was emitted.
2026-07-15T20:28:38,paper_main,cora,ra,7,mix,NOT_RUN,,,D:\桌面\研究生相关事项\CodeWork\DCDLP_work\DCDLP\results\logs\paper_main_cora_ra_mix_seed7.log,Official baseline is intentionally isolated from the DCDLP implementation. Run scripts/download_data.py --third-party and the matching official adapter; no synthetic score was emitted.
2026-07-15T20:28:38,paper_main,cora,ra,8,uniform,NOT_RUN,,,D:\桌面\研究生相关事项\CodeWork\DCDLP_work\DCDLP\results\logs\paper_main_cora_ra_uniform_seed8.log,Official baseline is intentionally isolated from the DCDLP implementation. Run scripts/download_data.py --third-party and the matching official adapter; no synthetic score was emitted.
2026-07-15T20:28:38,paper_main,cora,ra,8,degree_corrected,NOT_RUN,,,D:\桌面\研究生相关事项\CodeWork\DCDLP_work\DCDLP\results\logs\paper_main_cora_ra_degree_corrected_seed8.log,Official baseline is intentionally isolated from the DCDLP implementation. Run scripts/download_data.py --third-party and the matching official adapter; no synthetic score was emitted.
2026-07-15T20:28:38,paper_main,cora,ra,8,mix,NOT_RUN,,,D:\桌面\研究生相关事项\CodeWork\DCDLP_work\DCDLP\results\logs\paper_main_cora_ra_mix_seed8.log,Official baseline is intentionally isolated from the DCDLP implementation. Run scripts/download_data.py --third-party and the matching official adapter; no synthetic score was emitted.
2026-07-15T20:28:38,paper_main,cora,ra,9,uniform,NOT_RUN,,,D:\桌面\研究生相关事项\CodeWork\DCDLP_work\DCDLP\results\logs\paper_main_cora_ra_uniform_seed9.log,Official baseline is intentionally isolated from the DCDLP implementation. Run scripts/download_data.py --third-party and the matching official adapter; no synthetic score was emitted.
2026-07-15T20:28:38,paper_main,cora,ra,9,degree_corrected,NOT_RUN,,,D:\桌面\研究生相关事项\CodeWork\DCDLP_work\DCDLP\results\logs\paper_main_cora_ra_degree_corrected_seed9.log,Official baseline is intentionally isolated from the DCDLP implementation. Run scripts/download_data.py --third-party and the matching official adapter; no synthetic score was emitted.
2026-07-15T20:28:38,paper_main,cora,ra,9,mix,NOT_RUN,,,D:\桌面\研究生相关事项\CodeWork\DCDLP_work\DCDLP\results\logs\paper_main_cora_ra_mix_seed9.log,Official baseline is intentionally isolated from the DCDLP implementation. Run scripts/download_data.py --third-party and the matching official adapter; no synthetic score was emitted.
2026-07-15T20:28:38,paper_main,cora,gae-gcn,0,uniform,NOT_RUN,,,D:\桌面\研究生相关事项\CodeWork\DCDLP_work\DCDLP\results\logs\paper_main_cora_gae-gcn_uniform_seed0.log,Official baseline is intentionally isolated from the DCDLP implementation. Run scripts/download_data.py --third-party and the matching official adapter; no synthetic score was emitted.
2026-07-15T20:28:38,paper_main,cora,gae-gcn,0,degree_corrected,NOT_RUN,,,D:\桌面\研究生相关事项\CodeWork\DCDLP_work\DCDLP\results\logs\paper_main_cora_gae-gcn_degree_corrected_seed0.log,Official baseline is intentionally isolated from the DCDLP implementation. Run scripts/download_data.py --third-party and the matching official adapter; no synthetic score was emitted.
2026-07-15T20:28:38,paper_main,cora,gae-gcn,0,mix,NOT_RUN,,,D:\桌面\研究生相关事项\CodeWork\DCDLP_work\DCDLP\results\logs\paper_main_cora_gae-gcn_mix_seed0.log,Official baseline is intentionally isolated from the DCDLP implementation. Run scripts/download_data.py --third-party and the matching official adapter; no synthetic score was emitted.
2026-07-15T20:28:38,paper_main,cora,gae-gcn,1,uniform,NOT_RUN,,,D:\桌面\研究生相关事项\CodeWork\DCDLP_work\DCDLP\results\logs\paper_main_cora_gae-gcn_uniform_seed1.log,Official baseline is intentionally isolated from the DCDLP implementation. Run scripts/download_data.py --third-party and the matching official adapter; no synthetic score was emitted.
2026-07-15T20:28:38,paper_main,cora,gae-gcn,1,degree_corrected,NOT_RUN,,,D:\桌面\研究生相关事项\CodeWork\DCDLP_work\DCDLP\results\logs\paper_main_cora_gae-gcn_degree_corrected_seed1.log,Official baseline is intentionally isolated from the DCDLP implementation. Run scripts/download_data.py --third-party and the matching official adapter; no synthetic score was emitted.
2026-07-15T20:28:38,paper_main,cora,gae-gcn,1,mix,NOT_RUN,,,D:\桌面\研究生相关事项\CodeWork\DCDLP_work\DCDLP\results\logs\paper_main_cora_gae-gcn_mix_seed1.log,Official baseline is intentionally isolated from the DCDLP implementation. Run scripts/download_data.py --third-party and the matching official adapter; no synthetic score was emitted.
2026-07-15T20:28:38,paper_main,cora,gae-gcn,2,uniform,NOT_RUN,,,D:\桌面\研究生相关事项\CodeWork\DCDLP_work\DCDLP\results\logs\paper_main_cora_gae-gcn_uniform_seed2.log,Official baseline is intentionally isolated from the DCDLP implementation. Run scripts/download_data.py --third-party and the matching official adapter; no synthetic score was emitted.
2026-07-15T20:28:38,paper_main,cora,gae-gcn,2,degree_corrected,NOT_RUN,,,D:\桌面\研究生相关事项\CodeWork\DCDLP_work\DCDLP\results\logs\paper_main_cora_gae-gcn_degree_corrected_seed2.log,Official baseline is intentionally isolated from the DCDLP implementation. Run scripts/download_data.py --third-party and the matching official adapter; no synthetic score was emitted.
2026-07-15T20:28:38,paper_main,cora,gae-gcn,2,mix,NOT_RUN,,,D:\桌面\研究生相关事项\CodeWork\DCDLP_work\DCDLP\results\logs\paper_main_cora_gae-gcn_mix_seed2.log,Official baseline is intentionally isolated from the DCDLP implementation. Run scripts/download_data.py --third-party and the matching official adapter; no synthetic score was emitted.
2026-07-15T20:28:38,paper_main,cora,gae-gcn,3,uniform,NOT_RUN,,,D:\桌面\研究生相关事项\CodeWork\DCDLP_work\DCDLP\results\logs\paper_main_cora_gae-gcn_uniform_seed3.log,Official baseline is intentionally isolated from the DCDLP implementation. Run scripts/download_data.py --third-party and the matching official adapter; no synthetic score was emitted.
2026-07-15T20:28:38,paper_main,cora,gae-gcn,3,degree_corrected,NOT_RUN,,,D:\桌面\研究生相关事项\CodeWork\DCDLP_work\DCDLP\results\logs\paper_main_cora_gae-gcn_degree_corrected_seed3.log,Official baseline is intentionally isolated from the DCDLP implementation. Run scripts/download_data.py --third-party and the matching official adapter; no synthetic score was emitted.
2026-07-15T20:28:38,paper_main,cora,gae-gcn,3,mix,NOT_RUN,,,D:\桌面\研究生相关事项\CodeWork\DCDLP_work\DCDLP\results\logs\paper_main_cora_gae-gcn_mix_seed3.log,Official baseline is intentionally isolated from the DCDLP implementation. Run scripts/download_data.py --third-party and the matching official adapter; no synthetic score was emitted.
2026-07-15T20:28:38,paper_main,cora,gae-gcn,4,uniform,NOT_RUN,,,D:\桌面\研究生相关事项\CodeWork\DCDLP_work\DCDLP\results\logs\paper_main_cora_gae-gcn_uniform_seed4.log,Official baseline is intentionally isolated from the DCDLP implementation. Run scripts/download_data.py --third-party and the matching official adapter; no synthetic score was emitted.
2026-07-15T20:28:38,paper_main,cora,gae-gcn,4,degree_corrected,NOT_RUN,,,D:\桌面\研究生相关事项\CodeWork\DCDLP_work\DCDLP\results\logs\paper_main_cora_gae-gcn_degree_corrected_seed4.log,Official baseline is intentionally isolated from the DCDLP implementation. Run scripts/download_data.py --third-party and the matching official adapter; no synthetic score was emitted.
2026-07-15T20:28:38,paper_main,cora,gae-gcn,4,mix,NOT_RUN,,,D:\桌面\研究生相关事项\CodeWork\DCDLP_work\DCDLP\results\logs\paper_main_cora_gae-gcn_mix_seed4.log,Official baseline is intentionally isolated from the DCDLP implementation. Run scripts/download_data.py --third-party and the matching official adapter; no synthetic score was emitted.
2026-07-15T20:28:38,paper_main,cora,gae-gcn,5,uniform,NOT_RUN,,,D:\桌面\研究生相关事项\CodeWork\DCDLP_work\DCDLP\results\logs\paper_main_cora_gae-gcn_uniform_seed5.log,Official baseline is intentionally isolated from the DCDLP implementation. Run scripts/download_data.py --third-party and the matching official adapter; no synthetic score was emitted.
2026-07-15T20:28:38,paper_main,cora,gae-gcn,5,degree_corrected,NOT_RUN,,,D:\桌面\研究生相关事项\CodeWork\DCDLP_work\DCDLP\results\logs\paper_main_cora_gae-gcn_degree_corrected_seed5.log,Official baseline is intentionally isolated from the DCDLP implementation. Run scripts/download_data.py --third-party and the matching official adapter; no synthetic score was emitted.
2026-07-15T20:28:38,paper_main,cora,gae-gcn,5,mix,NOT_RUN,,,D:\桌面\研究生相关事项\CodeWork\DCDLP_work\DCDLP\results\logs\paper_main_cora_gae-gcn_mix_seed5.log,Official baseline is intentionally isolated from the DCDLP implementation. Run scripts/download_data.py --third-party and the matching official adapter; no synthetic score was emitted.
2026-07-15T20:28:38,paper_main,cora,gae-gcn,6,uniform,NOT_RUN,,,D:\桌面\研究生相关事项\CodeWork\DCDLP_work\DCDLP\results\logs\paper_main_cora_gae-gcn_uniform_seed6.log,Official baseline is intentionally isolated from the DCDLP implementation. Run scripts/download_data.py --third-party and the matching official adapter; no synthetic score was emitted.
2026-07-15T20:28:38,paper_main,cora,gae-gcn,6,degree_corrected,NOT_RUN,,,D:\桌面\研究生相关事项\CodeWork\DCDLP_work\DCDLP\results\logs\paper_main_cora_gae-gcn_degree_corrected_seed6.log,Official baseline is intentionally isolated from the DCDLP implementation. Run scripts/download_data.py --third-party and the matching official adapter; no synthetic score was emitted.
2026-07-15T20:28:38,paper_main,cora,gae-gcn,6,mix,NOT_RUN,,,D:\桌面\研究生相关事项\CodeWork\DCDLP_work\DCDLP\results\logs\paper_main_cora_gae-gcn_mix_seed6.log,Official baseline is intentionally isolated from the DCDLP implementation. Run scripts/download_data.py --third-party and the matching official adapter; no synthetic score was emitted.
2026-07-15T20:28:38,paper_main,cora,gae-gcn,7,uniform,NOT_RUN,,,D:\桌面\研究生相关事项\CodeWork\DCDLP_work\DCDLP\results\logs\paper_main_cora_gae-gcn_uniform_seed7.log,Official baseline is intentionally isolated from the DCDLP implementation. Run scripts/download_data.py --third-party and the matching official adapter; no synthetic score was emitted.
2026-07-15T20:28:38,paper_main,cora,gae-gcn,7,degree_corrected,NOT_RUN,,,D:\桌面\研究生相关事项\CodeWork\DCDLP_work\DCDLP\results\logs\paper_main_cora_gae-gcn_degree_corrected_seed7.log,Official baseline is intentionally isolated from the DCDLP implementation. Run scripts/download_data.py --third-party and the matching official adapter; no synthetic score was emitted.
2026-07-15T20:28:38,paper_main,cora,gae-gcn,7,mix,NOT_RUN,,,D:\桌面\研究生相关事项\CodeWork\DCDLP_work\DCDLP\results\logs\paper_main_cora_gae-gcn_mix_seed7.log,Official baseline is intentionally isolated from the DCDLP implementation. Run scripts/download_data.py --third-party and the matching official adapter; no synthetic score was emitted.
2026-07-15T20:28:38,paper_main,cora,gae-gcn,8,uniform,NOT_RUN,,,D:\桌面\研究生相关事项\CodeWork\DCDLP_work\DCDLP\results\logs\paper_main_cora_gae-gcn_uniform_seed8.log,Official baseline is intentionally isolated from the DCDLP implementation. Run scripts/download_data.py --third-party and the matching official adapter; no synthetic score was emitted.
2026-07-15T20:28:38,paper_main,cora,gae-gcn,8,degree_corrected,NOT_RUN,,,D:\桌面\研究生相关事项\CodeWork\DCDLP_work\DCDLP\results\logs\paper_main_cora_gae-gcn_degree_corrected_seed8.log,Official baseline is intentionally isolated from the DCDLP implementation. Run scripts/download_data.py --third-party and the matching official adapter; no synthetic score was emitted.
2026-07-15T20:28:38,paper_main,cora,gae-gcn,8,mix,NOT_RUN,,,D:\桌面\研究生相关事项\CodeWork\DCDLP_work\DCDLP\results\logs\paper_main_cora_gae-gcn_mix_seed8.log,Official baseline is intentionally isolated from the DCDLP implementation. Run scripts/download_data.py --third-party and the matching official adapter; no synthetic score was emitted.
2026-07-15T20:28:38,paper_main,cora,gae-gcn,9,uniform,NOT_RUN,,,D:\桌面\研究生相关事项\CodeWork\DCDLP_work\DCDLP\results\logs\paper_main_cora_gae-gcn_uniform_seed9.log,Official baseline is intentionally isolated from the DCDLP implementation. Run scripts/download_data.py --third-party and the matching official adapter; no synthetic score was emitted.
2026-07-15T20:28:38,paper_main,cora,gae-gcn,9,degree_corrected,NOT_RUN,,,D:\桌面\研究生相关事项\CodeWork\DCDLP_work\DCDLP\results\logs\paper_main_cora_gae-gcn_degree_corrected_seed9.log,Official baseline is intentionally isolated from the DCDLP implementation. Run scripts/download_data.py --third-party and the matching official adapter; no synthetic score was emitted.
2026-07-15T20:28:38,paper_main,cora,gae-gcn,9,mix,NOT_RUN,,,D:\桌面\研究生相关事项\CodeWork\DCDLP_work\DCDLP\results\logs\paper_main_cora_gae-gcn_mix_seed9.log,Official baseline is intentionally isolated from the DCDLP implementation. Run scripts/download_data.py --third-party and the matching official adapter; no synthetic score was emitted.
2026-07-15T20:28:38,paper_main,cora,gae-sage,0,uniform,NOT_RUN,,,D:\桌面\研究生相关事项\CodeWork\DCDLP_work\DCDLP\results\logs\paper_main_cora_gae-sage_uniform_seed0.log,Official baseline is intentionally isolated from the DCDLP implementation. Run scripts/download_data.py --third-party and the matching official adapter; no synthetic score was emitted.
2026-07-15T20:28:38,paper_main,cora,gae-sage,0,degree_corrected,NOT_RUN,,,D:\桌面\研究生相关事项\CodeWork\DCDLP_work\DCDLP\results\logs\paper_main_cora_gae-sage_degree_corrected_seed0.log,Official baseline is intentionally isolated from the DCDLP implementation. Run scripts/download_data.py --third-party and the matching official adapter; no synthetic score was emitted.
2026-07-15T20:28:38,paper_main,cora,gae-sage,0,mix,NOT_RUN,,,D:\桌面\研究生相关事项\CodeWork\DCDLP_work\DCDLP\results\logs\paper_main_cora_gae-sage_mix_seed0.log,Official baseline is intentionally isolated from the DCDLP implementation. Run scripts/download_data.py --third-party and the matching official adapter; no synthetic score was emitted.
2026-07-15T20:28:38,paper_main,cora,gae-sage,1,uniform,NOT_RUN,,,D:\桌面\研究生相关事项\CodeWork\DCDLP_work\DCDLP\results\logs\paper_main_cora_gae-sage_uniform_seed1.log,Official baseline is intentionally isolated from the DCDLP implementation. Run scripts/download_data.py --third-party and the matching official adapter; no synthetic score was emitted.
2026-07-15T20:28:38,paper_main,cora,gae-sage,1,degree_corrected,NOT_RUN,,,D:\桌面\研究生相关事项\CodeWork\DCDLP_work\DCDLP\results\logs\paper_main_cora_gae-sage_degree_corrected_seed1.log,Official baseline is intentionally isolated from the DCDLP implementation. Run scripts/download_data.py --third-party and the matching official adapter; no synthetic score was emitted.
2026-07-15T20:28:38,paper_main,cora,gae-sage,1,mix,NOT_RUN,,,D:\桌面\研究生相关事项\CodeWork\DCDLP_work\DCDLP\results\logs\paper_main_cora_gae-sage_mix_seed1.log,Official baseline is intentionally isolated from the DCDLP implementation. Run scripts/download_data.py --third-party and the matching official adapter; no synthetic score was emitted.
2026-07-15T20:28:38,paper_main,cora,gae-sage,2,uniform,NOT_RUN,,,D:\桌面\研究生相关事项\CodeWork\DCDLP_work\DCDLP\results\logs\paper_main_cora_gae-sage_uniform_seed2.log,Official baseline is intentionally isolated from the DCDLP implementation. Run scripts/download_data.py --third-party and the matching official adapter; no synthetic score was emitted.
2026-07-15T20:28:38,paper_main,cora,gae-sage,2,degree_corrected,NOT_RUN,,,D:\桌面\研究生相关事项\CodeWork\DCDLP_work\DCDLP\results\logs\paper_main_cora_gae-sage_degree_corrected_seed2.log,Official baseline is intentionally isolated from the DCDLP implementation. Run scripts/download_data.py --third-party and the matching official adapter; no synthetic score was emitted.
2026-07-15T20:28:38,paper_main,cora,gae-sage,2,mix,NOT_RUN,,,D:\桌面\研究生相关事项\CodeWork\DCDLP_work\DCDLP\results\logs\paper_main_cora_gae-sage_mix_seed2.log,Official baseline is intentionally isolated from the DCDLP implementation. Run scripts/download_data.py --third-party and the matching official adapter; no synthetic score was emitted.
2026-07-15T20:28:38,paper_main,cora,gae-sage,3,uniform,NOT_RUN,,,D:\桌面\研究生相关事项\CodeWork\DCDLP_work\DCDLP\results\logs\paper_main_cora_gae-sage_uniform_seed3.log,Official baseline is intentionally isolated from the DCDLP implementation. Run scripts/download_data.py --third-party and the matching official adapter; no synthetic score was emitted.
2026-07-15T20:28:38,paper_main,cora,gae-sage,3,degree_corrected,NOT_RUN,,,D:\桌面\研究生相关事项\CodeWork\DCDLP_work\DCDLP\results\logs\paper_main_cora_gae-sage_degree_corrected_seed3.log,Official baseline is intentionally isolated from the DCDLP implementation. Run scripts/download_data.py --third-party and the matching official adapter; no synthetic score was emitted.
2026-07-15T20:28:38,paper_main,cora,gae-sage,3,mix,NOT_RUN,,,D:\桌面\研究生相关事项\CodeWork\DCDLP_work\DCDLP\results\logs\paper_main_cora_gae-sage_mix_seed3.log,Official baseline is intentionally isolated from the DCDLP implementation. Run scripts/download_data.py --third-party and the matching official adapter; no synthetic score was emitted.
2026-07-15T20:28:38,paper_main,cora,gae-sage,4,uniform,NOT_RUN,,,D:\桌面\研究生相关事项\CodeWork\DCDLP_work\DCDLP\results\logs\paper_main_cora_gae-sage_uniform_seed4.log,Official baseline is intentionally isolated from the DCDLP implementation. Run scripts/download_data.py --third-party and the matching official adapter; no synthetic score was emitted.
2026-07-15T20:28:38,paper_main,cora,gae-sage,4,degree_corrected,NOT_RUN,,,D:\桌面\研究生相关事项\CodeWork\DCDLP_work\DCDLP\results\logs\paper_main_cora_gae-sage_degree_corrected_seed4.log,Official baseline is intentionally isolated from the DCDLP implementation. Run scripts/download_data.py --third-party and the matching official adapter; no synthetic score was emitted.
2026-07-15T20:28:38,paper_main,cora,gae-sage,4,mix,NOT_RUN,,,D:\桌面\研究生相关事项\CodeWork\DCDLP_work\DCDLP\results\logs\paper_main_cora_gae-sage_mix_seed4.log,Official baseline is intentionally isolated from the DCDLP implementation. Run scripts/download_data.py --third-party and the matching official adapter; no synthetic score was emitted.
2026-07-15T20:28:38,paper_main,cora,gae-sage,5,uniform,NOT_RUN,,,D:\桌面\研究生相关事项\CodeWork\DCDLP_work\DCDLP\results\logs\paper_main_cora_gae-sage_uniform_seed5.log,Official baseline is intentionally isolated from the DCDLP implementation. Run scripts/download_data.py --third-party and the matching official adapter; no synthetic score was emitted.
2026-07-15T20:28:38,paper_main,cora,gae-sage,5,degree_corrected,NOT_RUN,,,D:\桌面\研究生相关事项\CodeWork\DCDLP_work\DCDLP\results\logs\paper_main_cora_gae-sage_degree_corrected_seed5.log,Official baseline is intentionally isolated from the DCDLP implementation. Run scripts/download_data.py --third-party and the matching official adapter; no synthetic score was emitted.
2026-07-15T20:28:38,paper_main,cora,gae-sage,5,mix,NOT_RUN,,,D:\桌面\研究生相关事项\CodeWork\DCDLP_work\DCDLP\results\logs\paper_main_cora_gae-sage_mix_seed5.log,Official baseline is intentionally isolated from the DCDLP implementation. Run scripts/download_data.py --third-party and the matching official adapter; no synthetic score was emitted.
2026-07-15T20:28:38,paper_main,cora,gae-sage,6,uniform,NOT_RUN,,,D:\桌面\研究生相关事项\CodeWork\DCDLP_work\DCDLP\results\logs\paper_main_cora_gae-sage_uniform_seed6.log,Official baseline is intentionally isolated from the DCDLP implementation. Run scripts/download_data.py --third-party and the matching official adapter; no synthetic score was emitted.
2026-07-15T20:28:38,paper_main,cora,gae-sage,6,degree_corrected,NOT_RUN,,,D:\桌面\研究生相关事项\CodeWork\DCDLP_work\DCDLP\results\logs\paper_main_cora_gae-sage_degree_corrected_seed6.log,Official baseline is intentionally isolated from the DCDLP implementation. Run scripts/download_data.py --third-party and the matching official adapter; no synthetic score was emitted.
2026-07-15T20:28:38,paper_main,cora,gae-sage,6,mix,NOT_RUN,,,D:\桌面\研究生相关事项\CodeWork\DCDLP_work\DCDLP\results\logs\paper_main_cora_gae-sage_mix_seed6.log,Official baseline is intentionally isolated from the DCDLP implementation. Run scripts/download_data.py --third-party and the matching official adapter; no synthetic score was emitted.
2026-07-15T20:28:38,paper_main,cora,gae-sage,7,uniform,NOT_RUN,,,D:\桌面\研究生相关事项\CodeWork\DCDLP_work\DCDLP\results\logs\paper_main_cora_gae-sage_uniform_seed7.log,Official baseline is intentionally isolated from the DCDLP implementation. Run scripts/download_data.py --third-party and the matching official adapter; no synthetic score was emitted.
2026-07-15T20:28:38,paper_main,cora,gae-sage,7,degree_corrected,NOT_RUN,,,D:\桌面\研究生相关事项\CodeWork\DCDLP_work\DCDLP\results\logs\paper_main_cora_gae-sage_degree_corrected_seed7.log,Official baseline is intentionally isolated from the DCDLP implementation. Run scripts/download_data.py --third-party and the matching official adapter; no synthetic score was emitted.
2026-07-15T20:28:38,paper_main,cora,gae-sage,7,mix,NOT_RUN,,,D:\桌面\研究生相关事项\CodeWork\DCDLP_work\DCDLP\results\logs\paper_main_cora_gae-sage_mix_seed7.log,Official baseline is intentionally isolated from the DCDLP implementation. Run scripts/download_data.py --third-party and the matching official adapter; no synthetic score was emitted.
2026-07-15T20:28:38,paper_main,cora,gae-sage,8,uniform,NOT_RUN,,,D:\桌面\研究生相关事项\CodeWork\DCDLP_work\DCDLP\results\logs\paper_main_cora_gae-sage_uniform_seed8.log,Official baseline is intentionally isolated from the DCDLP implementation. Run scripts/download_data.py --third-party and the matching official adapter; no synthetic score was emitted.
2026-07-15T20:28:38,paper_main,cora,gae-sage,8,degree_corrected,NOT_RUN,,,D:\桌面\研究生相关事项\CodeWork\DCDLP_work\DCDLP\results\logs\paper_main_cora_gae-sage_degree_corrected_seed8.log,Official baseline is intentionally isolated from the DCDLP implementation. Run scripts/download_data.py --third-party and the matching official adapter; no synthetic score was emitted.
2026-07-15T20:28:38,paper_main,cora,gae-sage,8,mix,NOT_RUN,,,D:\桌面\研究生相关事项\CodeWork\DCDLP_work\DCDLP\results\logs\paper_main_cora_gae-sage_mix_seed8.log,Official baseline is intentionally isolated from the DCDLP implementation. Run scripts/download_data.py --third-party and the matching official adapter; no synthetic score was emitted.
2026-07-15T20:28:38,paper_main,cora,gae-sage,9,uniform,NOT_RUN,,,D:\桌面\研究生相关事项\CodeWork\DCDLP_work\DCDLP\results\logs\paper_main_cora_gae-sage_uniform_seed9.log,Official baseline is intentionally isolated from the DCDLP implementation. Run scripts/download_data.py --third-party and the matching official adapter; no synthetic score was emitted.
2026-07-15T20:28:38,paper_main,cora,gae-sage,9,degree_corrected,NOT_RUN,,,D:\桌面\研究生相关事项\CodeWork\DCDLP_work\DCDLP\results\logs\paper_main_cora_gae-sage_degree_corrected_seed9.log,Official baseline is intentionally isolated from the DCDLP implementation. Run scripts/download_data.py --third-party and the matching official adapter; no synthetic score was emitted.
2026-07-15T20:28:38,paper_main,cora,gae-sage,9,mix,NOT_RUN,,,D:\桌面\研究生相关事项\CodeWork\DCDLP_work\DCDLP\results\logs\paper_main_cora_gae-sage_mix_seed9.log,Official baseline is intentionally isolated from the DCDLP implementation. Run scripts/download_data.py --third-party and the matching official adapter; no synthetic score was emitted.
2026-07-15T20:28:38,paper_main,cora,seal,0,uniform,NOT_RUN,,,D:\桌面\研究生相关事项\CodeWork\DCDLP_work\DCDLP\results\logs\paper_main_cora_seal_uniform_seed0.log,Official baseline is intentionally isolated from the DCDLP implementation. Run scripts/download_data.py --third-party and the matching official adapter; no synthetic score was emitted.
2026-07-15T20:28:38,paper_main,cora,seal,0,degree_corrected,NOT_RUN,,,D:\桌面\研究生相关事项\CodeWork\DCDLP_work\DCDLP\results\logs\paper_main_cora_seal_degree_corrected_seed0.log,Official baseline is intentionally isolated from the DCDLP implementation. Run scripts/download_data.py --third-party and the matching official adapter; no synthetic score was emitted.
2026-07-15T20:28:38,paper_main,cora,seal,0,mix,NOT_RUN,,,D:\桌面\研究生相关事项\CodeWork\DCDLP_work\DCDLP\results\logs\paper_main_cora_seal_mix_seed0.log,Official baseline is intentionally isolated from the DCDLP implementation. Run scripts/download_data.py --third-party and the matching official adapter; no synthetic score was emitted.
2026-07-15T20:28:38,paper_main,cora,seal,1,uniform,NOT_RUN,,,D:\桌面\研究生相关事项\CodeWork\DCDLP_work\DCDLP\results\logs\paper_main_cora_seal_uniform_seed1.log,Official baseline is intentionally isolated from the DCDLP implementation. Run scripts/download_data.py --third-party and the matching official adapter; no synthetic score was emitted.
2026-07-15T20:28:38,paper_main,cora,seal,1,degree_corrected,NOT_RUN,,,D:\桌面\研究生相关事项\CodeWork\DCDLP_work\DCDLP\results\logs\paper_main_cora_seal_degree_corrected_seed1.log,Official baseline is intentionally isolated from the DCDLP implementation. Run scripts/download_data.py --third-party and the matching official adapter; no synthetic score was emitted.
2026-07-15T20:28:38,paper_main,cora,seal,1,mix,NOT_RUN,,,D:\桌面\研究生相关事项\CodeWork\DCDLP_work\DCDLP\results\logs\paper_main_cora_seal_mix_seed1.log,Official baseline is intentionally isolated from the DCDLP implementation. Run scripts/download_data.py --third-party and the matching official adapter; no synthetic score was emitted.
2026-07-15T20:28:38,paper_main,cora,seal,2,uniform,NOT_RUN,,,D:\桌面\研究生相关事项\CodeWork\DCDLP_work\DCDLP\results\logs\paper_main_cora_seal_uniform_seed2.log,Official baseline is intentionally isolated from the DCDLP implementation. Run scripts/download_data.py --third-party and the matching official adapter; no synthetic score was emitted.
2026-07-15T20:28:38,paper_main,cora,seal,2,degree_corrected,NOT_RUN,,,D:\桌面\研究生相关事项\CodeWork\DCDLP_work\DCDLP\results\logs\paper_main_cora_seal_degree_corrected_seed2.log,Official baseline is intentionally isolated from the DCDLP implementation. Run scripts/download_data.py --third-party and the matching official adapter; no synthetic score was emitted.
2026-07-15T20:28:38,paper_main,cora,seal,2,mix,NOT_RUN,,,D:\桌面\研究生相关事项\CodeWork\DCDLP_work\DCDLP\results\logs\paper_main_cora_seal_mix_seed2.log,Official baseline is intentionally isolated from the DCDLP implementation. Run scripts/download_data.py --third-party and the matching official adapter; no synthetic score was emitted.
2026-07-15T20:28:38,paper_main,cora,seal,3,uniform,NOT_RUN,,,D:\桌面\研究生相关事项\CodeWork\DCDLP_work\DCDLP\results\logs\paper_main_cora_seal_uniform_seed3.log,Official baseline is intentionally isolated from the DCDLP implementation. Run scripts/download_data.py --third-party and the matching official adapter; no synthetic score was emitted.
2026-07-15T20:28:38,paper_main,cora,seal,3,degree_corrected,NOT_RUN,,,D:\桌面\研究生相关事项\CodeWork\DCDLP_work\DCDLP\results\logs\paper_main_cora_seal_degree_corrected_seed3.log,Official baseline is intentionally isolated from the DCDLP implementation. Run scripts/download_data.py --third-party and the matching official adapter; no synthetic score was emitted.
2026-07-15T20:28:38,paper_main,cora,seal,3,mix,NOT_RUN,,,D:\桌面\研究生相关事项\CodeWork\DCDLP_work\DCDLP\results\logs\paper_main_cora_seal_mix_seed3.log,Official baseline is intentionally isolated from the DCDLP implementation. Run scripts/download_data.py --third-party and the matching official adapter; no synthetic score was emitted.
2026-07-15T20:28:38,paper_main,cora,seal,4,uniform,NOT_RUN,,,D:\桌面\研究生相关事项\CodeWork\DCDLP_work\DCDLP\results\logs\paper_main_cora_seal_uniform_seed4.log,Official baseline is intentionally isolated from the DCDLP implementation. Run scripts/download_data.py --third-party and the matching official adapter; no synthetic score was emitted.
2026-07-15T20:28:38,paper_main,cora,seal,4,degree_corrected,NOT_RUN,,,D:\桌面\研究生相关事项\CodeWork\DCDLP_work\DCDLP\results\logs\paper_main_cora_seal_degree_corrected_seed4.log,Official baseline is intentionally isolated from the DCDLP implementation. Run scripts/download_data.py --third-party and the matching official adapter; no synthetic score was emitted.
2026-07-15T20:28:38,paper_main,cora,seal,4,mix,NOT_RUN,,,D:\桌面\研究生相关事项\CodeWork\DCDLP_work\DCDLP\results\logs\paper_main_cora_seal_mix_seed4.log,Official baseline is intentionally isolated from the DCDLP implementation. Run scripts/download_data.py --third-party and the matching official adapter; no synthetic score was emitted.
2026-07-15T20:28:38,paper_main,cora,seal,5,uniform,NOT_RUN,,,D:\桌面\研究生相关事项\CodeWork\DCDLP_work\DCDLP\results\logs\paper_main_cora_seal_uniform_seed5.log,Official baseline is intentionally isolated from the DCDLP implementation. Run scripts/download_data.py --third-party and the matching official adapter; no synthetic score was emitted.
2026-07-15T20:28:38,paper_main,cora,seal,5,degree_corrected,NOT_RUN,,,D:\桌面\研究生相关事项\CodeWork\DCDLP_work\DCDLP\results\logs\paper_main_cora_seal_degree_corrected_seed5.log,Official baseline is intentionally isolated from the DCDLP implementation. Run scripts/download_data.py --third-party and the matching official adapter; no synthetic score was emitted.
2026-07-15T20:28:38,paper_main,cora,seal,5,mix,NOT_RUN,,,D:\桌面\研究生相关事项\CodeWork\DCDLP_work\DCDLP\results\logs\paper_main_cora_seal_mix_seed5.log,Official baseline is intentionally isolated from the DCDLP implementation. Run scripts/download_data.py --third-party and the matching official adapter; no synthetic score was emitted.
2026-07-15T20:28:38,paper_main,cora,seal,6,uniform,NOT_RUN,,,D:\桌面\研究生相关事项\CodeWork\DCDLP_work\DCDLP\results\logs\paper_main_cora_seal_uniform_seed6.log,Official baseline is intentionally isolated from the DCDLP implementation. Run scripts/download_data.py --third-party and the matching official adapter; no synthetic score was emitted.
2026-07-15T20:28:38,paper_main,cora,seal,6,degree_corrected,NOT_RUN,,,D:\桌面\研究生相关事项\CodeWork\DCDLP_work\DCDLP\results\logs\paper_main_cora_seal_degree_corrected_seed6.log,Official baseline is intentionally isolated from the DCDLP implementation. Run scripts/download_data.py --third-party and the matching official adapter; no synthetic score was emitted.
2026-07-15T20:28:38,paper_main,cora,seal,6,mix,NOT_RUN,,,D:\桌面\研究生相关事项\CodeWork\DCDLP_work\DCDLP\results\logs\paper_main_cora_seal_mix_seed6.log,Official baseline is intentionally isolated from the DCDLP implementation. Run scripts/download_data.py --third-party and the matching official adapter; no synthetic score was emitted.
2026-07-15T20:28:38,paper_main,cora,seal,7,uniform,NOT_RUN,,,D:\桌面\研究生相关事项\CodeWork\DCDLP_work\DCDLP\results\logs\paper_main_cora_seal_uniform_seed7.log,Official baseline is intentionally isolated from the DCDLP implementation. Run scripts/download_data.py --third-party and the matching official adapter; no synthetic score was emitted.
2026-07-15T20:28:38,paper_main,cora,seal,7,degree_corrected,NOT_RUN,,,D:\桌面\研究生相关事项\CodeWork\DCDLP_work\DCDLP\results\logs\paper_main_cora_seal_degree_corrected_seed7.log,Official baseline is intentionally isolated from the DCDLP implementation. Run scripts/download_data.py --third-party and the matching official adapter; no synthetic score was emitted.
2026-07-15T20:28:38,paper_main,cora,seal,7,mix,NOT_RUN,,,D:\桌面\研究生相关事项\CodeWork\DCDLP_work\DCDLP\results\logs\paper_main_cora_seal_mix_seed7.log,Official baseline is intentionally isolated from the DCDLP implementation. Run scripts/download_data.py --third-party and the matching official adapter; no synthetic score was emitted.
2026-07-15T20:28:38,paper_main,cora,seal,8,uniform,NOT_RUN,,,D:\桌面\研究生相关事项\CodeWork\DCDLP_work\DCDLP\results\logs\paper_main_cora_seal_uniform_seed8.log,Official baseline is intentionally isolated from the DCDLP implementation. Run scripts/download_data.py --third-party and the matching official adapter; no synthetic score was emitted.
2026-07-15T20:28:38,paper_main,cora,seal,8,degree_corrected,NOT_RUN,,,D:\桌面\研究生相关事项\CodeWork\DCDLP_work\DCDLP\results\logs\paper_main_cora_seal_degree_corrected_seed8.log,Official baseline is intentionally isolated from the DCDLP implementation. Run scripts/download_data.py --third-party and the matching official adapter; no synthetic score was emitted.
2026-07-15T20:28:38,paper_main,cora,seal,8,mix,NOT_RUN,,,D:\桌面\研究生相关事项\CodeWork\DCDLP_work\DCDLP\results\logs\paper_main_cora_seal_mix_seed8.log,Official baseline is intentionally isolated from the DCDLP implementation. Run scripts/download_data.py --third-party and the matching official adapter; no synthetic score was emitted.
2026-07-15T20:28:38,paper_main,cora,seal,9,uniform,NOT_RUN,,,D:\桌面\研究生相关事项\CodeWork\DCDLP_work\DCDLP\results\logs\paper_main_cora_seal_uniform_seed9.log,Official baseline is intentionally isolated from the DCDLP implementation. Run scripts/download_data.py --third-party and the matching official adapter; no synthetic score was emitted.
2026-07-15T20:28:38,paper_main,cora,seal,9,degree_corrected,NOT_RUN,,,D:\桌面\研究生相关事项\CodeWork\DCDLP_work\DCDLP\results\logs\paper_main_cora_seal_degree_corrected_seed9.log,Official baseline is intentionally isolated from the DCDLP implementation. Run scripts/download_data.py --third-party and the matching official adapter; no synthetic score was emitted.
2026-07-15T20:28:38,paper_main,cora,seal,9,mix,NOT_RUN,,,D:\桌面\研究生相关事项\CodeWork\DCDLP_work\DCDLP\results\logs\paper_main_cora_seal_mix_seed9.log,Official baseline is intentionally isolated from the DCDLP implementation. Run scripts/download_data.py --third-party and the matching official adapter; no synthetic score was emitted.
2026-07-15T20:28:38,paper_main,cora,buddy,0,uniform,NOT_RUN,,,D:\桌面\研究生相关事项\CodeWork\DCDLP_work\DCDLP\results\logs\paper_main_cora_buddy_uniform_seed0.log,Official baseline is intentionally isolated from the DCDLP implementation. Run scripts/download_data.py --third-party and the matching official adapter; no synthetic score was emitted.
2026-07-15T20:28:38,paper_main,cora,buddy,0,degree_corrected,NOT_RUN,,,D:\桌面\研究生相关事项\CodeWork\DCDLP_work\DCDLP\results\logs\paper_main_cora_buddy_degree_corrected_seed0.log,Official baseline is intentionally isolated from the DCDLP implementation. Run scripts/download_data.py --third-party and the matching official adapter; no synthetic score was emitted.
2026-07-15T20:28:38,paper_main,cora,buddy,0,mix,NOT_RUN,,,D:\桌面\研究生相关事项\CodeWork\DCDLP_work\DCDLP\results\logs\paper_main_cora_buddy_mix_seed0.log,Official baseline is intentionally isolated from the DCDLP implementation. Run scripts/download_data.py --third-party and the matching official adapter; no synthetic score was emitted.
2026-07-15T20:28:38,paper_main,cora,buddy,1,uniform,NOT_RUN,,,D:\桌面\研究生相关事项\CodeWork\DCDLP_work\DCDLP\results\logs\paper_main_cora_buddy_uniform_seed1.log,Official baseline is intentionally isolated from the DCDLP implementation. Run scripts/download_data.py --third-party and the matching official adapter; no synthetic score was emitted.
2026-07-15T20:28:38,paper_main,cora,buddy,1,degree_corrected,NOT_RUN,,,D:\桌面\研究生相关事项\CodeWork\DCDLP_work\DCDLP\results\logs\paper_main_cora_buddy_degree_corrected_seed1.log,Official baseline is intentionally isolated from the DCDLP implementation. Run scripts/download_data.py --third-party and the matching official adapter; no synthetic score was emitted.
2026-07-15T20:28:38,paper_main,cora,buddy,1,mix,NOT_RUN,,,D:\桌面\研究生相关事项\CodeWork\DCDLP_work\DCDLP\results\logs\paper_main_cora_buddy_mix_seed1.log,Official baseline is intentionally isolated from the DCDLP implementation. Run scripts/download_data.py --third-party and the matching official adapter; no synthetic score was emitted.
2026-07-15T20:28:38,paper_main,cora,buddy,2,uniform,NOT_RUN,,,D:\桌面\研究生相关事项\CodeWork\DCDLP_work\DCDLP\results\logs\paper_main_cora_buddy_uniform_seed2.log,Official baseline is intentionally isolated from the DCDLP implementation. Run scripts/download_data.py --third-party and the matching official adapter; no synthetic score was emitted.
2026-07-15T20:28:38,paper_main,cora,buddy,2,degree_corrected,NOT_RUN,,,D:\桌面\研究生相关事项\CodeWork\DCDLP_work\DCDLP\results\logs\paper_main_cora_buddy_degree_corrected_seed2.log,Official baseline is intentionally isolated from the DCDLP implementation. Run scripts/download_data.py --third-party and the matching official adapter; no synthetic score was emitted.
2026-07-15T20:28:38,paper_main,cora,buddy,2,mix,NOT_RUN,,,D:\桌面\研究生相关事项\CodeWork\DCDLP_work\DCDLP\results\logs\paper_main_cora_buddy_mix_seed2.log,Official baseline is intentionally isolated from the DCDLP implementation. Run scripts/download_data.py --third-party and the matching official adapter; no synthetic score was emitted.
2026-07-15T20:28:38,paper_main,cora,buddy,3,uniform,NOT_RUN,,,D:\桌面\研究生相关事项\CodeWork\DCDLP_work\DCDLP\results\logs\paper_main_cora_buddy_uniform_seed3.log,Official baseline is intentionally isolated from the DCDLP implementation. Run scripts/download_data.py --third-party and the matching official adapter; no synthetic score was emitted.
2026-07-15T20:28:38,paper_main,cora,buddy,3,degree_corrected,NOT_RUN,,,D:\桌面\研究生相关事项\CodeWork\DCDLP_work\DCDLP\results\logs\paper_main_cora_buddy_degree_corrected_seed3.log,Official baseline is intentionally isolated from the DCDLP implementation. Run scripts/download_data.py --third-party and the matching official adapter; no synthetic score was emitted.
2026-07-15T20:28:38,paper_main,cora,buddy,3,mix,NOT_RUN,,,D:\桌面\研究生相关事项\CodeWork\DCDLP_work\DCDLP\results\logs\paper_main_cora_buddy_mix_seed3.log,Official baseline is intentionally isolated from the DCDLP implementation. Run scripts/download_data.py --third-party and the matching official adapter; no synthetic score was emitted.
2026-07-15T20:28:38,paper_main,cora,buddy,4,uniform,NOT_RUN,,,D:\桌面\研究生相关事项\CodeWork\DCDLP_work\DCDLP\results\logs\paper_main_cora_buddy_uniform_seed4.log,Official baseline is intentionally isolated from the DCDLP implementation. Run scripts/download_data.py --third-party and the matching official adapter; no synthetic score was emitted.
2026-07-15T20:28:38,paper_main,cora,buddy,4,degree_corrected,NOT_RUN,,,D:\桌面\研究生相关事项\CodeWork\DCDLP_work\DCDLP\results\logs\paper_main_cora_buddy_degree_corrected_seed4.log,Official baseline is intentionally isolated from the DCDLP implementation. Run scripts/download_data.py --third-party and the matching official adapter; no synthetic score was emitted.
2026-07-15T20:28:38,paper_main,cora,buddy,4,mix,NOT_RUN,,,D:\桌面\研究生相关事项\CodeWork\DCDLP_work\DCDLP\results\logs\paper_main_cora_buddy_mix_seed4.log,Official baseline is intentionally isolated from the DCDLP implementation. Run scripts/download_data.py --third-party and the matching official adapter; no synthetic score was emitted.
2026-07-15T20:28:38,paper_main,cora,buddy,5,uniform,NOT_RUN,,,D:\桌面\研究生相关事项\CodeWork\DCDLP_work\DCDLP\results\logs\paper_main_cora_buddy_uniform_seed5.log,Official baseline is intentionally isolated from the DCDLP implementation. Run scripts/download_data.py --third-party and the matching official adapter; no synthetic score was emitted.
2026-07-15T20:28:38,paper_main,cora,buddy,5,degree_corrected,NOT_RUN,,,D:\桌面\研究生相关事项\CodeWork\DCDLP_work\DCDLP\results\logs\paper_main_cora_buddy_degree_corrected_seed5.log,Official baseline is intentionally isolated from the DCDLP implementation. Run scripts/download_data.py --third-party and the matching official adapter; no synthetic score was emitted.
2026-07-15T20:28:38,paper_main,cora,buddy,5,mix,NOT_RUN,,,D:\桌面\研究生相关事项\CodeWork\DCDLP_work\DCDLP\results\logs\paper_main_cora_buddy_mix_seed5.log,Official baseline is intentionally isolated from the DCDLP implementation. Run scripts/download_data.py --third-party and the matching official adapter; no synthetic score was emitted.
2026-07-15T20:28:38,paper_main,cora,buddy,6,uniform,NOT_RUN,,,D:\桌面\研究生相关事项\CodeWork\DCDLP_work\DCDLP\results\logs\paper_main_cora_buddy_uniform_seed6.log,Official baseline is intentionally isolated from the DCDLP implementation. Run scripts/download_data.py --third-party and the matching official adapter; no synthetic score was emitted.
2026-07-15T20:28:38,paper_main,cora,buddy,6,degree_corrected,NOT_RUN,,,D:\桌面\研究生相关事项\CodeWork\DCDLP_work\DCDLP\results\logs\paper_main_cora_buddy_degree_corrected_seed6.log,Official baseline is intentionally isolated from the DCDLP implementation. Run scripts/download_data.py --third-party and the matching official adapter; no synthetic score was emitted.
2026-07-15T20:28:38,paper_main,cora,buddy,6,mix,NOT_RUN,,,D:\桌面\研究生相关事项\CodeWork\DCDLP_work\DCDLP\results\logs\paper_main_cora_buddy_mix_seed6.log,Official baseline is intentionally isolated from the DCDLP implementation. Run scripts/download_data.py --third-party and the matching official adapter; no synthetic score was emitted.
2026-07-15T20:28:38,paper_main,cora,buddy,7,uniform,NOT_RUN,,,D:\桌面\研究生相关事项\CodeWork\DCDLP_work\DCDLP\results\logs\paper_main_cora_buddy_uniform_seed7.log,Official baseline is intentionally isolated from the DCDLP implementation. Run scripts/download_data.py --third-party and the matching official adapter; no synthetic score was emitted.
2026-07-15T20:28:38,paper_main,cora,buddy,7,degree_corrected,NOT_RUN,,,D:\桌面\研究生相关事项\CodeWork\DCDLP_work\DCDLP\results\logs\paper_main_cora_buddy_degree_corrected_seed7.log,Official baseline is intentionally isolated from the DCDLP implementation. Run scripts/download_data.py --third-party and the matching official adapter; no synthetic score was emitted.
2026-07-15T20:28:38,paper_main,cora,buddy,7,mix,NOT_RUN,,,D:\桌面\研究生相关事项\CodeWork\DCDLP_work\DCDLP\results\logs\paper_main_cora_buddy_mix_seed7.log,Official baseline is intentionally isolated from the DCDLP implementation. Run scripts/download_data.py --third-party and the matching official adapter; no synthetic score was emitted.
2026-07-15T20:28:38,paper_main,cora,buddy,8,uniform,NOT_RUN,,,D:\桌面\研究生相关事项\CodeWork\DCDLP_work\DCDLP\results\logs\paper_main_cora_buddy_uniform_seed8.log,Official baseline is intentionally isolated from the DCDLP implementation. Run scripts/download_data.py --third-party and the matching official adapter; no synthetic score was emitted.
2026-07-15T20:28:38,paper_main,cora,buddy,8,degree_corrected,NOT_RUN,,,D:\桌面\研究生相关事项\CodeWork\DCDLP_work\DCDLP\results\logs\paper_main_cora_buddy_degree_corrected_seed8.log,Official baseline is intentionally isolated from the DCDLP implementation. Run scripts/download_data.py --third-party and the matching official adapter; no synthetic score was emitted.
2026-07-15T20:28:38,paper_main,cora,buddy,8,mix,NOT_RUN,,,D:\桌面\研究生相关事项\CodeWork\DCDLP_work\DCDLP\results\logs\paper_main_cora_buddy_mix_seed8.log,Official baseline is intentionally isolated from the DCDLP implementation. Run scripts/download_data.py --third-party and the matching official adapter; no synthetic score was emitted.
2026-07-15T20:28:38,paper_main,cora,buddy,9,uniform,NOT_RUN,,,D:\桌面\研究生相关事项\CodeWork\DCDLP_work\DCDLP\results\logs\paper_main_cora_buddy_uniform_seed9.log,Official baseline is intentionally isolated from the DCDLP implementation. Run scripts/download_data.py --third-party and the matching official adapter; no synthetic score was emitted.
2026-07-15T20:28:38,paper_main,cora,buddy,9,degree_corrected,NOT_RUN,,,D:\桌面\研究生相关事项\CodeWork\DCDLP_work\DCDLP\results\logs\paper_main_cora_buddy_degree_corrected_seed9.log,Official baseline is intentionally isolated from the DCDLP implementation. Run scripts/download_data.py --third-party and the matching official adapter; no synthetic score was emitted.
2026-07-15T20:28:38,paper_main,cora,buddy,9,mix,NOT_RUN,,,D:\桌面\研究生相关事项\CodeWork\DCDLP_work\DCDLP\results\logs\paper_main_cora_buddy_mix_seed9.log,Official baseline is intentionally isolated from the DCDLP implementation. Run scripts/download_data.py --third-party and the matching official adapter; no synthetic score was emitted.
2026-07-15T20:28:38,paper_main,cora,neo-gnn,0,uniform,NOT_RUN,,,D:\桌面\研究生相关事项\CodeWork\DCDLP_work\DCDLP\results\logs\paper_main_cora_neo-gnn_uniform_seed0.log,Official baseline is intentionally isolated from the DCDLP implementation. Run scripts/download_data.py --third-party and the matching official adapter; no synthetic score was emitted.
2026-07-15T20:28:38,paper_main,cora,neo-gnn,0,degree_corrected,NOT_RUN,,,D:\桌面\研究生相关事项\CodeWork\DCDLP_work\DCDLP\results\logs\paper_main_cora_neo-gnn_degree_corrected_seed0.log,Official baseline is intentionally isolated from the DCDLP implementation. Run scripts/download_data.py --third-party and the matching official adapter; no synthetic score was emitted.
2026-07-15T20:28:38,paper_main,cora,neo-gnn,0,mix,NOT_RUN,,,D:\桌面\研究生相关事项\CodeWork\DCDLP_work\DCDLP\results\logs\paper_main_cora_neo-gnn_mix_seed0.log,Official baseline is intentionally isolated from the DCDLP implementation. Run scripts/download_data.py --third-party and the matching official adapter; no synthetic score was emitted.
2026-07-15T20:28:38,paper_main,cora,neo-gnn,1,uniform,NOT_RUN,,,D:\桌面\研究生相关事项\CodeWork\DCDLP_work\DCDLP\results\logs\paper_main_cora_neo-gnn_uniform_seed1.log,Official baseline is intentionally isolated from the DCDLP implementation. Run scripts/download_data.py --third-party and the matching official adapter; no synthetic score was emitted.
2026-07-15T20:28:38,paper_main,cora,neo-gnn,1,degree_corrected,NOT_RUN,,,D:\桌面\研究生相关事项\CodeWork\DCDLP_work\DCDLP\results\logs\paper_main_cora_neo-gnn_degree_corrected_seed1.log,Official baseline is intentionally isolated from the DCDLP implementation. Run scripts/download_data.py --third-party and the matching official adapter; no synthetic score was emitted.
2026-07-15T20:28:38,paper_main,cora,neo-gnn,1,mix,NOT_RUN,,,D:\桌面\研究生相关事项\CodeWork\DCDLP_work\DCDLP\results\logs\paper_main_cora_neo-gnn_mix_seed1.log,Official baseline is intentionally isolated from the DCDLP implementation. Run scripts/download_data.py --third-party and the matching official adapter; no synthetic score was emitted.
2026-07-15T20:28:38,paper_main,cora,neo-gnn,2,uniform,NOT_RUN,,,D:\桌面\研究生相关事项\CodeWork\DCDLP_work\DCDLP\results\logs\paper_main_cora_neo-gnn_uniform_seed2.log,Official baseline is intentionally isolated from the DCDLP implementation. Run scripts/download_data.py --third-party and the matching official adapter; no synthetic score was emitted.
2026-07-15T20:28:38,paper_main,cora,neo-gnn,2,degree_corrected,NOT_RUN,,,D:\桌面\研究生相关事项\CodeWork\DCDLP_work\DCDLP\results\logs\paper_main_cora_neo-gnn_degree_corrected_seed2.log,Official baseline is intentionally isolated from the DCDLP implementation. Run scripts/download_data.py --third-party and the matching official adapter; no synthetic score was emitted.
2026-07-15T20:28:38,paper_main,cora,neo-gnn,2,mix,NOT_RUN,,,D:\桌面\研究生相关事项\CodeWork\DCDLP_work\DCDLP\results\logs\paper_main_cora_neo-gnn_mix_seed2.log,Official baseline is intentionally isolated from the DCDLP implementation. Run scripts/download_data.py --third-party and the matching official adapter; no synthetic score was emitted.
2026-07-15T20:28:38,paper_main,cora,neo-gnn,3,uniform,NOT_RUN,,,D:\桌面\研究生相关事项\CodeWork\DCDLP_work\DCDLP\results\logs\paper_main_cora_neo-gnn_uniform_seed3.log,Official baseline is intentionally isolated from the DCDLP implementation. Run scripts/download_data.py --third-party and the matching official adapter; no synthetic score was emitted.
2026-07-15T20:28:38,paper_main,cora,neo-gnn,3,degree_corrected,NOT_RUN,,,D:\桌面\研究生相关事项\CodeWork\DCDLP_work\DCDLP\results\logs\paper_main_cora_neo-gnn_degree_corrected_seed3.log,Official baseline is intentionally isolated from the DCDLP implementation. Run scripts/download_data.py --third-party and the matching official adapter; no synthetic score was emitted.
2026-07-15T20:28:38,paper_main,cora,neo-gnn,3,mix,NOT_RUN,,,D:\桌面\研究生相关事项\CodeWork\DCDLP_work\DCDLP\results\logs\paper_main_cora_neo-gnn_mix_seed3.log,Official baseline is intentionally isolated from the DCDLP implementation. Run scripts/download_data.py --third-party and the matching official adapter; no synthetic score was emitted.
2026-07-15T20:28:38,paper_main,cora,neo-gnn,4,uniform,NOT_RUN,,,D:\桌面\研究生相关事项\CodeWork\DCDLP_work\DCDLP\results\logs\paper_main_cora_neo-gnn_uniform_seed4.log,Official baseline is intentionally isolated from the DCDLP implementation. Run scripts/download_data.py --third-party and the matching official adapter; no synthetic score was emitted.
2026-07-15T20:28:38,paper_main,cora,neo-gnn,4,degree_corrected,NOT_RUN,,,D:\桌面\研究生相关事项\CodeWork\DCDLP_work\DCDLP\results\logs\paper_main_cora_neo-gnn_degree_corrected_seed4.log,Official baseline is intentionally isolated from the DCDLP implementation. Run scripts/download_data.py --third-party and the matching official adapter; no synthetic score was emitted.
2026-07-15T20:28:38,paper_main,cora,neo-gnn,4,mix,NOT_RUN,,,D:\桌面\研究生相关事项\CodeWork\DCDLP_work\DCDLP\results\logs\paper_main_cora_neo-gnn_mix_seed4.log,Official baseline is intentionally isolated from the DCDLP implementation. Run scripts/download_data.py --third-party and the matching official adapter; no synthetic score was emitted.
2026-07-15T20:28:38,paper_main,cora,neo-gnn,5,uniform,NOT_RUN,,,D:\桌面\研究生相关事项\CodeWork\DCDLP_work\DCDLP\results\logs\paper_main_cora_neo-gnn_uniform_seed5.log,Official baseline is intentionally isolated from the DCDLP implementation. Run scripts/download_data.py --third-party and the matching official adapter; no synthetic score was emitted.
2026-07-15T20:28:38,paper_main,cora,neo-gnn,5,degree_corrected,NOT_RUN,,,D:\桌面\研究生相关事项\CodeWork\DCDLP_work\DCDLP\results\logs\paper_main_cora_neo-gnn_degree_corrected_seed5.log,Official baseline is intentionally isolated from the DCDLP implementation. Run scripts/download_data.py --third-party and the matching official adapter; no synthetic score was emitted.
2026-07-15T20:28:38,paper_main,cora,neo-gnn,5,mix,NOT_RUN,,,D:\桌面\研究生相关事项\CodeWork\DCDLP_work\DCDLP\results\logs\paper_main_cora_neo-gnn_mix_seed5.log,Official baseline is intentionally isolated from the DCDLP implementation. Run scripts/download_data.py --third-party and the matching official adapter; no synthetic score was emitted.
2026-07-15T20:28:38,paper_main,cora,neo-gnn,6,uniform,NOT_RUN,,,D:\桌面\研究生相关事项\CodeWork\DCDLP_work\DCDLP\results\logs\paper_main_cora_neo-gnn_uniform_seed6.log,Official baseline is intentionally isolated from the DCDLP implementation. Run scripts/download_data.py --third-party and the matching official adapter; no synthetic score was emitted.
2026-07-15T20:28:38,paper_main,cora,neo-gnn,6,degree_corrected,NOT_RUN,,,D:\桌面\研究生相关事项\CodeWork\DCDLP_work\DCDLP\results\logs\paper_main_cora_neo-gnn_degree_corrected_seed6.log,Official baseline is intentionally isolated from the DCDLP implementation. Run scripts/download_data.py --third-party and the matching official adapter; no synthetic score was emitted.
2026-07-15T20:28:38,paper_main,cora,neo-gnn,6,mix,NOT_RUN,,,D:\桌面\研究生相关事项\CodeWork\DCDLP_work\DCDLP\results\logs\paper_main_cora_neo-gnn_mix_seed6.log,Official baseline is intentionally isolated from the DCDLP implementation. Run scripts/download_data.py --third-party and the matching official adapter; no synthetic score was emitted.
2026-07-15T20:28:38,paper_main,cora,neo-gnn,7,uniform,NOT_RUN,,,D:\桌面\研究生相关事项\CodeWork\DCDLP_work\DCDLP\results\logs\paper_main_cora_neo-gnn_uniform_seed7.log,Official baseline is intentionally isolated from the DCDLP implementation. Run scripts/download_data.py --third-party and the matching official adapter; no synthetic score was emitted.
2026-07-15T20:28:38,paper_main,cora,neo-gnn,7,degree_corrected,NOT_RUN,,,D:\桌面\研究生相关事项\CodeWork\DCDLP_work\DCDLP\results\logs\paper_main_cora_neo-gnn_degree_corrected_seed7.log,Official baseline is intentionally isolated from the DCDLP implementation. Run scripts/download_data.py --third-party and the matching official adapter; no synthetic score was emitted.
2026-07-15T20:28:38,paper_main,cora,neo-gnn,7,mix,NOT_RUN,,,D:\桌面\研究生相关事项\CodeWork\DCDLP_work\DCDLP\results\logs\paper_main_cora_neo-gnn_mix_seed7.log,Official baseline is intentionally isolated from the DCDLP implementation. Run scripts/download_data.py --third-party and the matching official adapter; no synthetic score was emitted.
2026-07-15T20:28:38,paper_main,cora,neo-gnn,8,uniform,NOT_RUN,,,D:\桌面\研究生相关事项\CodeWork\DCDLP_work\DCDLP\results\logs\paper_main_cora_neo-gnn_uniform_seed8.log,Official baseline is intentionally isolated from the DCDLP implementation. Run scripts/download_data.py --third-party and the matching official adapter; no synthetic score was emitted.
2026-07-15T20:28:38,paper_main,cora,neo-gnn,8,degree_corrected,NOT_RUN,,,D:\桌面\研究生相关事项\CodeWork\DCDLP_work\DCDLP\results\logs\paper_main_cora_neo-gnn_degree_corrected_seed8.log,Official baseline is intentionally isolated from the DCDLP implementation. Run scripts/download_data.py --third-party and the matching official adapter; no synthetic score was emitted.
2026-07-15T20:28:38,paper_main,cora,neo-gnn,8,mix,NOT_RUN,,,D:\桌面\研究生相关事项\CodeWork\DCDLP_work\DCDLP\results\logs\paper_main_cora_neo-gnn_mix_seed8.log,Official baseline is intentionally isolated from the DCDLP implementation. Run scripts/download_data.py --third-party and the matching official adapter; no synthetic score was emitted.
2026-07-15T20:28:38,paper_main,cora,neo-gnn,9,uniform,NOT_RUN,,,D:\桌面\研究生相关事项\CodeWork\DCDLP_work\DCDLP\results\logs\paper_main_cora_neo-gnn_uniform_seed9.log,Official baseline is intentionally isolated from the DCDLP implementation. Run scripts/download_data.py --third-party and the matching official adapter; no synthetic score was emitted.
2026-07-15T20:28:38,paper_main,cora,neo-gnn,9,degree_corrected,NOT_RUN,,,D:\桌面\研究生相关事项\CodeWork\DCDLP_work\DCDLP\results\logs\paper_main_cora_neo-gnn_degree_corrected_seed9.log,Official baseline is intentionally isolated from the DCDLP implementation. Run scripts/download_data.py --third-party and the matching official adapter; no synthetic score was emitted.
2026-07-15T20:28:38,paper_main,cora,neo-gnn,9,mix,NOT_RUN,,,D:\桌面\研究生相关事项\CodeWork\DCDLP_work\DCDLP\results\logs\paper_main_cora_neo-gnn_mix_seed9.log,Official baseline is intentionally isolated from the DCDLP implementation. Run scripts/download_data.py --third-party and the matching official adapter; no synthetic score was emitted.
2026-07-15T20:28:38,paper_main,cora,ncn,0,uniform,NOT_RUN,,,D:\桌面\研究生相关事项\CodeWork\DCDLP_work\DCDLP\results\logs\paper_main_cora_ncn_uniform_seed0.log,Official baseline is intentionally isolated from the DCDLP implementation. Run scripts/download_data.py --third-party and the matching official adapter; no synthetic score was emitted.
2026-07-15T20:28:38,paper_main,cora,ncn,0,degree_corrected,NOT_RUN,,,D:\桌面\研究生相关事项\CodeWork\DCDLP_work\DCDLP\results\logs\paper_main_cora_ncn_degree_corrected_seed0.log,Official baseline is intentionally isolated from the DCDLP implementation. Run scripts/download_data.py --third-party and the matching official adapter; no synthetic score was emitted.
2026-07-15T20:28:38,paper_main,cora,ncn,0,mix,NOT_RUN,,,D:\桌面\研究生相关事项\CodeWork\DCDLP_work\DCDLP\results\logs\paper_main_cora_ncn_mix_seed0.log,Official baseline is intentionally isolated from the DCDLP implementation. Run scripts/download_data.py --third-party and the matching official adapter; no synthetic score was emitted.
2026-07-15T20:28:38,paper_main,cora,ncn,1,uniform,NOT_RUN,,,D:\桌面\研究生相关事项\CodeWork\DCDLP_work\DCDLP\results\logs\paper_main_cora_ncn_uniform_seed1.log,Official baseline is intentionally isolated from the DCDLP implementation. Run scripts/download_data.py --third-party and the matching official adapter; no synthetic score was emitted.
2026-07-15T20:28:38,paper_main,cora,ncn,1,degree_corrected,NOT_RUN,,,D:\桌面\研究生相关事项\CodeWork\DCDLP_work\DCDLP\results\logs\paper_main_cora_ncn_degree_corrected_seed1.log,Official baseline is intentionally isolated from the DCDLP implementation. Run scripts/download_data.py --third-party and the matching official adapter; no synthetic score was emitted.
2026-07-15T20:28:38,paper_main,cora,ncn,1,mix,NOT_RUN,,,D:\桌面\研究生相关事项\CodeWork\DCDLP_work\DCDLP\results\logs\paper_main_cora_ncn_mix_seed1.log,Official baseline is intentionally isolated from the DCDLP implementation. Run scripts/download_data.py --third-party and the matching official adapter; no synthetic score was emitted.
2026-07-15T20:28:38,paper_main,cora,ncn,2,uniform,NOT_RUN,,,D:\桌面\研究生相关事项\CodeWork\DCDLP_work\DCDLP\results\logs\paper_main_cora_ncn_uniform_seed2.log,Official baseline is intentionally isolated from the DCDLP implementation. Run scripts/download_data.py --third-party and the matching official adapter; no synthetic score was emitted.
2026-07-15T20:28:38,paper_main,cora,ncn,2,degree_corrected,NOT_RUN,,,D:\桌面\研究生相关事项\CodeWork\DCDLP_work\DCDLP\results\logs\paper_main_cora_ncn_degree_corrected_seed2.log,Official baseline is intentionally isolated from the DCDLP implementation. Run scripts/download_data.py --third-party and the matching official adapter; no synthetic score was emitted.
2026-07-15T20:28:38,paper_main,cora,ncn,2,mix,NOT_RUN,,,D:\桌面\研究生相关事项\CodeWork\DCDLP_work\DCDLP\results\logs\paper_main_cora_ncn_mix_seed2.log,Official baseline is intentionally isolated from the DCDLP implementation. Run scripts/download_data.py --third-party and the matching official adapter; no synthetic score was emitted.
2026-07-15T20:28:38,paper_main,cora,ncn,3,uniform,NOT_RUN,,,D:\桌面\研究生相关事项\CodeWork\DCDLP_work\DCDLP\results\logs\paper_main_cora_ncn_uniform_seed3.log,Official baseline is intentionally isolated from the DCDLP implementation. Run scripts/download_data.py --third-party and the matching official adapter; no synthetic score was emitted.
2026-07-15T20:28:38,paper_main,cora,ncn,3,degree_corrected,NOT_RUN,,,D:\桌面\研究生相关事项\CodeWork\DCDLP_work\DCDLP\results\logs\paper_main_cora_ncn_degree_corrected_seed3.log,Official baseline is intentionally isolated from the DCDLP implementation. Run scripts/download_data.py --third-party and the matching official adapter; no synthetic score was emitted.
2026-07-15T20:28:38,paper_main,cora,ncn,3,mix,NOT_RUN,,,D:\桌面\研究生相关事项\CodeWork\DCDLP_work\DCDLP\results\logs\paper_main_cora_ncn_mix_seed3.log,Official baseline is intentionally isolated from the DCDLP implementation. Run scripts/download_data.py --third-party and the matching official adapter; no synthetic score was emitted.
2026-07-15T20:28:38,paper_main,cora,ncn,4,uniform,NOT_RUN,,,D:\桌面\研究生相关事项\CodeWork\DCDLP_work\DCDLP\results\logs\paper_main_cora_ncn_uniform_seed4.log,Official baseline is intentionally isolated from the DCDLP implementation. Run scripts/download_data.py --third-party and the matching official adapter; no synthetic score was emitted.
2026-07-15T20:28:38,paper_main,cora,ncn,4,degree_corrected,NOT_RUN,,,D:\桌面\研究生相关事项\CodeWork\DCDLP_work\DCDLP\results\logs\paper_main_cora_ncn_degree_corrected_seed4.log,Official baseline is intentionally isolated from the DCDLP implementation. Run scripts/download_data.py --third-party and the matching official adapter; no synthetic score was emitted.
2026-07-15T20:28:38,paper_main,cora,ncn,4,mix,NOT_RUN,,,D:\桌面\研究生相关事项\CodeWork\DCDLP_work\DCDLP\results\logs\paper_main_cora_ncn_mix_seed4.log,Official baseline is intentionally isolated from the DCDLP implementation. Run scripts/download_data.py --third-party and the matching official adapter; no synthetic score was emitted.
2026-07-15T20:28:38,paper_main,cora,ncn,5,uniform,NOT_RUN,,,D:\桌面\研究生相关事项\CodeWork\DCDLP_work\DCDLP\results\logs\paper_main_cora_ncn_uniform_seed5.log,Official baseline is intentionally isolated from the DCDLP implementation. Run scripts/download_data.py --third-party and the matching official adapter; no synthetic score was emitted.
2026-07-15T20:28:38,paper_main,cora,ncn,5,degree_corrected,NOT_RUN,,,D:\桌面\研究生相关事项\CodeWork\DCDLP_work\DCDLP\results\logs\paper_main_cora_ncn_degree_corrected_seed5.log,Official baseline is intentionally isolated from the DCDLP implementation. Run scripts/download_data.py --third-party and the matching official adapter; no synthetic score was emitted.
2026-07-15T20:28:38,paper_main,cora,ncn,5,mix,NOT_RUN,,,D:\桌面\研究生相关事项\CodeWork\DCDLP_work\DCDLP\results\logs\paper_main_cora_ncn_mix_seed5.log,Official baseline is intentionally isolated from the DCDLP implementation. Run scripts/download_data.py --third-party and the matching official adapter; no synthetic score was emitted.
2026-07-15T20:28:38,paper_main,cora,ncn,6,uniform,NOT_RUN,,,D:\桌面\研究生相关事项\CodeWork\DCDLP_work\DCDLP\results\logs\paper_main_cora_ncn_uniform_seed6.log,Official baseline is intentionally isolated from the DCDLP implementation. Run scripts/download_data.py --third-party and the matching official adapter; no synthetic score was emitted.
2026-07-15T20:28:38,paper_main,cora,ncn,6,degree_corrected,NOT_RUN,,,D:\桌面\研究生相关事项\CodeWork\DCDLP_work\DCDLP\results\logs\paper_main_cora_ncn_degree_corrected_seed6.log,Official baseline is intentionally isolated from the DCDLP implementation. Run scripts/download_data.py --third-party and the matching official adapter; no synthetic score was emitted.
2026-07-15T20:28:38,paper_main,cora,ncn,6,mix,NOT_RUN,,,D:\桌面\研究生相关事项\CodeWork\DCDLP_work\DCDLP\results\logs\paper_main_cora_ncn_mix_seed6.log,Official baseline is intentionally isolated from the DCDLP implementation. Run scripts/download_data.py --third-party and the matching official adapter; no synthetic score was emitted.
2026-07-15T20:28:38,paper_main,cora,ncn,7,uniform,NOT_RUN,,,D:\桌面\研究生相关事项\CodeWork\DCDLP_work\DCDLP\results\logs\paper_main_cora_ncn_uniform_seed7.log,Official baseline is intentionally isolated from the DCDLP implementation. Run scripts/download_data.py --third-party and the matching official adapter; no synthetic score was emitted.
2026-07-15T20:28:38,paper_main,cora,ncn,7,degree_corrected,NOT_RUN,,,D:\桌面\研究生相关事项\CodeWork\DCDLP_work\DCDLP\results\logs\paper_main_cora_ncn_degree_corrected_seed7.log,Official baseline is intentionally isolated from the DCDLP implementation. Run scripts/download_data.py --third-party and the matching official adapter; no synthetic score was emitted.
2026-07-15T20:28:38,paper_main,cora,ncn,7,mix,NOT_RUN,,,D:\桌面\研究生相关事项\CodeWork\DCDLP_work\DCDLP\results\logs\paper_main_cora_ncn_mix_seed7.log,Official baseline is intentionally isolated from the DCDLP implementation. Run scripts/download_data.py --third-party and the matching official adapter; no synthetic score was emitted.
2026-07-15T20:28:38,paper_main,cora,ncn,8,uniform,NOT_RUN,,,D:\桌面\研究生相关事项\CodeWork\DCDLP_work\DCDLP\results\logs\paper_main_cora_ncn_uniform_seed8.log,Official baseline is intentionally isolated from the DCDLP implementation. Run scripts/download_data.py --third-party and the matching official adapter; no synthetic score was emitted.
2026-07-15T20:28:38,paper_main,cora,ncn,8,degree_corrected,NOT_RUN,,,D:\桌面\研究生相关事项\CodeWork\DCDLP_work\DCDLP\results\logs\paper_main_cora_ncn_degree_corrected_seed8.log,Official baseline is intentionally isolated from the DCDLP implementation. Run scripts/download_data.py --third-party and the matching official adapter; no synthetic score was emitted.
2026-07-15T20:28:38,paper_main,cora,ncn,8,mix,NOT_RUN,,,D:\桌面\研究生相关事项\CodeWork\DCDLP_work\DCDLP\results\logs\paper_main_cora_ncn_mix_seed8.log,Official baseline is intentionally isolated from the DCDLP implementation. Run scripts/download_data.py --third-party and the matching official adapter; no synthetic score was emitted.
2026-07-15T20:28:38,paper_main,cora,ncn,9,uniform,NOT_RUN,,,D:\桌面\研究生相关事项\CodeWork\DCDLP_work\DCDLP\results\logs\paper_main_cora_ncn_uniform_seed9.log,Official baseline is intentionally isolated from the DCDLP implementation. Run scripts/download_data.py --third-party and the matching official adapter; no synthetic score was emitted.
2026-07-15T20:28:38,paper_main,cora,ncn,9,degree_corrected,NOT_RUN,,,D:\桌面\研究生相关事项\CodeWork\DCDLP_work\DCDLP\results\logs\paper_main_cora_ncn_degree_corrected_seed9.log,Official baseline is intentionally isolated from the DCDLP implementation. Run scripts/download_data.py --third-party and the matching official adapter; no synthetic score was emitted.
2026-07-15T20:28:38,paper_main,cora,ncn,9,mix,NOT_RUN,,,D:\桌面\研究生相关事项\CodeWork\DCDLP_work\DCDLP\results\logs\paper_main_cora_ncn_mix_seed9.log,Official baseline is intentionally isolated from the DCDLP implementation. Run scripts/download_data.py --third-party and the matching official adapter; no synthetic score was emitted.
2026-07-15T20:28:38,paper_main,cora,ncnc,0,uniform,NOT_RUN,,,D:\桌面\研究生相关事项\CodeWork\DCDLP_work\DCDLP\results\logs\paper_main_cora_ncnc_uniform_seed0.log,Official baseline is intentionally isolated from the DCDLP implementation. Run scripts/download_data.py --third-party and the matching official adapter; no synthetic score was emitted.
2026-07-15T20:28:38,paper_main,cora,ncnc,0,degree_corrected,NOT_RUN,,,D:\桌面\研究生相关事项\CodeWork\DCDLP_work\DCDLP\results\logs\paper_main_cora_ncnc_degree_corrected_seed0.log,Official baseline is intentionally isolated from the DCDLP implementation. Run scripts/download_data.py --third-party and the matching official adapter; no synthetic score was emitted.
2026-07-15T20:28:38,paper_main,cora,ncnc,0,mix,NOT_RUN,,,D:\桌面\研究生相关事项\CodeWork\DCDLP_work\DCDLP\results\logs\paper_main_cora_ncnc_mix_seed0.log,Official baseline is intentionally isolated from the DCDLP implementation. Run scripts/download_data.py --third-party and the matching official adapter; no synthetic score was emitted.
2026-07-15T20:28:38,paper_main,cora,ncnc,1,uniform,NOT_RUN,,,D:\桌面\研究生相关事项\CodeWork\DCDLP_work\DCDLP\results\logs\paper_main_cora_ncnc_uniform_seed1.log,Official baseline is intentionally isolated from the DCDLP implementation. Run scripts/download_data.py --third-party and the matching official adapter; no synthetic score was emitted.
2026-07-15T20:28:38,paper_main,cora,ncnc,1,degree_corrected,NOT_RUN,,,D:\桌面\研究生相关事项\CodeWork\DCDLP_work\DCDLP\results\logs\paper_main_cora_ncnc_degree_corrected_seed1.log,Official baseline is intentionally isolated from the DCDLP implementation. Run scripts/download_data.py --third-party and the matching official adapter; no synthetic score was emitted.
2026-07-15T20:28:38,paper_main,cora,ncnc,1,mix,NOT_RUN,,,D:\桌面\研究生相关事项\CodeWork\DCDLP_work\DCDLP\results\logs\paper_main_cora_ncnc_mix_seed1.log,Official baseline is intentionally isolated from the DCDLP implementation. Run scripts/download_data.py --third-party and the matching official adapter; no synthetic score was emitted.
2026-07-15T20:28:38,paper_main,cora,ncnc,2,uniform,NOT_RUN,,,D:\桌面\研究生相关事项\CodeWork\DCDLP_work\DCDLP\results\logs\paper_main_cora_ncnc_uniform_seed2.log,Official baseline is intentionally isolated from the DCDLP implementation. Run scripts/download_data.py --third-party and the matching official adapter; no synthetic score was emitted.
2026-07-15T20:28:38,paper_main,cora,ncnc,2,degree_corrected,NOT_RUN,,,D:\桌面\研究生相关事项\CodeWork\DCDLP_work\DCDLP\results\logs\paper_main_cora_ncnc_degree_corrected_seed2.log,Official baseline is intentionally isolated from the DCDLP implementation. Run scripts/download_data.py --third-party and the matching official adapter; no synthetic score was emitted.
2026-07-15T20:28:38,paper_main,cora,ncnc,2,mix,NOT_RUN,,,D:\桌面\研究生相关事项\CodeWork\DCDLP_work\DCDLP\results\logs\paper_main_cora_ncnc_mix_seed2.log,Official baseline is intentionally isolated from the DCDLP implementation. Run scripts/download_data.py --third-party and the matching official adapter; no synthetic score was emitted.
2026-07-15T20:28:38,paper_main,cora,ncnc,3,uniform,NOT_RUN,,,D:\桌面\研究生相关事项\CodeWork\DCDLP_work\DCDLP\results\logs\paper_main_cora_ncnc_uniform_seed3.log,Official baseline is intentionally isolated from the DCDLP implementation. Run scripts/download_data.py --third-party and the matching official adapter; no synthetic score was emitted.
2026-07-15T20:28:38,paper_main,cora,ncnc,3,degree_corrected,NOT_RUN,,,D:\桌面\研究生相关事项\CodeWork\DCDLP_work\DCDLP\results\logs\paper_main_cora_ncnc_degree_corrected_seed3.log,Official baseline is intentionally isolated from the DCDLP implementation. Run scripts/download_data.py --third-party and the matching official adapter; no synthetic score was emitted.
2026-07-15T20:28:38,paper_main,cora,ncnc,3,mix,NOT_RUN,,,D:\桌面\研究生相关事项\CodeWork\DCDLP_work\DCDLP\results\logs\paper_main_cora_ncnc_mix_seed3.log,Official baseline is intentionally isolated from the DCDLP implementation. Run scripts/download_data.py --third-party and the matching official adapter; no synthetic score was emitted.
2026-07-15T20:28:38,paper_main,cora,ncnc,4,uniform,NOT_RUN,,,D:\桌面\研究生相关事项\CodeWork\DCDLP_work\DCDLP\results\logs\paper_main_cora_ncnc_uniform_seed4.log,Official baseline is intentionally isolated from the DCDLP implementation. Run scripts/download_data.py --third-party and the matching official adapter; no synthetic score was emitted.
2026-07-15T20:28:38,paper_main,cora,ncnc,4,degree_corrected,NOT_RUN,,,D:\桌面\研究生相关事项\CodeWork\DCDLP_work\DCDLP\results\logs\paper_main_cora_ncnc_degree_corrected_seed4.log,Official baseline is intentionally isolated from the DCDLP implementation. Run scripts/download_data.py --third-party and the matching official adapter; no synthetic score was emitted.
2026-07-15T20:28:38,paper_main,cora,ncnc,4,mix,NOT_RUN,,,D:\桌面\研究生相关事项\CodeWork\DCDLP_work\DCDLP\results\logs\paper_main_cora_ncnc_mix_seed4.log,Official baseline is intentionally isolated from the DCDLP implementation. Run scripts/download_data.py --third-party and the matching official adapter; no synthetic score was emitted.
2026-07-15T20:28:38,paper_main,cora,ncnc,5,uniform,NOT_RUN,,,D:\桌面\研究生相关事项\CodeWork\DCDLP_work\DCDLP\results\logs\paper_main_cora_ncnc_uniform_seed5.log,Official baseline is intentionally isolated from the DCDLP implementation. Run scripts/download_data.py --third-party and the matching official adapter; no synthetic score was emitted.
2026-07-15T20:28:38,paper_main,cora,ncnc,5,degree_corrected,NOT_RUN,,,D:\桌面\研究生相关事项\CodeWork\DCDLP_work\DCDLP\results\logs\paper_main_cora_ncnc_degree_corrected_seed5.log,Official baseline is intentionally isolated from the DCDLP implementation. Run scripts/download_data.py --third-party and the matching official adapter; no synthetic score was emitted.
2026-07-15T20:28:38,paper_main,cora,ncnc,5,mix,NOT_RUN,,,D:\桌面\研究生相关事项\CodeWork\DCDLP_work\DCDLP\results\logs\paper_main_cora_ncnc_mix_seed5.log,Official baseline is intentionally isolated from the DCDLP implementation. Run scripts/download_data.py --third-party and the matching official adapter; no synthetic score was emitted.
2026-07-15T20:28:38,paper_main,cora,ncnc,6,uniform,NOT_RUN,,,D:\桌面\研究生相关事项\CodeWork\DCDLP_work\DCDLP\results\logs\paper_main_cora_ncnc_uniform_seed6.log,Official baseline is intentionally isolated from the DCDLP implementation. Run scripts/download_data.py --third-party and the matching official adapter; no synthetic score was emitted.
2026-07-15T20:28:38,paper_main,cora,ncnc,6,degree_corrected,NOT_RUN,,,D:\桌面\研究生相关事项\CodeWork\DCDLP_work\DCDLP\results\logs\paper_main_cora_ncnc_degree_corrected_seed6.log,Official baseline is intentionally isolated from the DCDLP implementation. Run scripts/download_data.py --third-party and the matching official adapter; no synthetic score was emitted.
2026-07-15T20:28:38,paper_main,cora,ncnc,6,mix,NOT_RUN,,,D:\桌面\研究生相关事项\CodeWork\DCDLP_work\DCDLP\results\logs\paper_main_cora_ncnc_mix_seed6.log,Official baseline is intentionally isolated from the DCDLP implementation. Run scripts/download_data.py --third-party and the matching official adapter; no synthetic score was emitted.
2026-07-15T20:28:38,paper_main,cora,ncnc,7,uniform,NOT_RUN,,,D:\桌面\研究生相关事项\CodeWork\DCDLP_work\DCDLP\results\logs\paper_main_cora_ncnc_uniform_seed7.log,Official baseline is intentionally isolated from the DCDLP implementation. Run scripts/download_data.py --third-party and the matching official adapter; no synthetic score was emitted.
2026-07-15T20:28:38,paper_main,cora,ncnc,7,degree_corrected,NOT_RUN,,,D:\桌面\研究生相关事项\CodeWork\DCDLP_work\DCDLP\results\logs\paper_main_cora_ncnc_degree_corrected_seed7.log,Official baseline is intentionally isolated from the DCDLP implementation. Run scripts/download_data.py --third-party and the matching official adapter; no synthetic score was emitted.
2026-07-15T20:28:38,paper_main,cora,ncnc,7,mix,NOT_RUN,,,D:\桌面\研究生相关事项\CodeWork\DCDLP_work\DCDLP\results\logs\paper_main_cora_ncnc_mix_seed7.log,Official baseline is intentionally isolated from the DCDLP implementation. Run scripts/download_data.py --third-party and the matching official adapter; no synthetic score was emitted.
2026-07-15T20:28:38,paper_main,cora,ncnc,8,uniform,NOT_RUN,,,D:\桌面\研究生相关事项\CodeWork\DCDLP_work\DCDLP\results\logs\paper_main_cora_ncnc_uniform_seed8.log,Official baseline is intentionally isolated from the DCDLP implementation. Run scripts/download_data.py --third-party and the matching official adapter; no synthetic score was emitted.
2026-07-15T20:28:38,paper_main,cora,ncnc,8,degree_corrected,NOT_RUN,,,D:\桌面\研究生相关事项\CodeWork\DCDLP_work\DCDLP\results\logs\paper_main_cora_ncnc_degree_corrected_seed8.log,Official baseline is intentionally isolated from the DCDLP implementation. Run scripts/download_data.py --third-party and the matching official adapter; no synthetic score was emitted.
2026-07-15T20:28:38,paper_main,cora,ncnc,8,mix,NOT_RUN,,,D:\桌面\研究生相关事项\CodeWork\DCDLP_work\DCDLP\results\logs\paper_main_cora_ncnc_mix_seed8.log,Official baseline is intentionally isolated from the DCDLP implementation. Run scripts/download_data.py --third-party and the matching official adapter; no synthetic score was emitted.
2026-07-15T20:28:38,paper_main,cora,ncnc,9,uniform,NOT_RUN,,,D:\桌面\研究生相关事项\CodeWork\DCDLP_work\DCDLP\results\logs\paper_main_cora_ncnc_uniform_seed9.log,Official baseline is intentionally isolated from the DCDLP implementation. Run scripts/download_data.py --third-party and the matching official adapter; no synthetic score was emitted.
2026-07-15T20:28:38,paper_main,cora,ncnc,9,degree_corrected,NOT_RUN,,,D:\桌面\研究生相关事项\CodeWork\DCDLP_work\DCDLP\results\logs\paper_main_cora_ncnc_degree_corrected_seed9.log,Official baseline is intentionally isolated from the DCDLP implementation. Run scripts/download_data.py --third-party and the matching official adapter; no synthetic score was emitted.
2026-07-15T20:28:38,paper_main,cora,ncnc,9,mix,NOT_RUN,,,D:\桌面\研究生相关事项\CodeWork\DCDLP_work\DCDLP\results\logs\paper_main_cora_ncnc_mix_seed9.log,Official baseline is intentionally isolated from the DCDLP implementation. Run scripts/download_data.py --third-party and the matching official adapter; no synthetic score was emitted.
2026-07-15T20:28:38,paper_main,cora,ltlp,0,uniform,NOT_RUN,,,D:\桌面\研究生相关事项\CodeWork\DCDLP_work\DCDLP\results\logs\paper_main_cora_ltlp_uniform_seed0.log,Official baseline is intentionally isolated from the DCDLP implementation. Run scripts/download_data.py --third-party and the matching official adapter; no synthetic score was emitted.
2026-07-15T20:28:38,paper_main,cora,ltlp,0,degree_corrected,NOT_RUN,,,D:\桌面\研究生相关事项\CodeWork\DCDLP_work\DCDLP\results\logs\paper_main_cora_ltlp_degree_corrected_seed0.log,Official baseline is intentionally isolated from the DCDLP implementation. Run scripts/download_data.py --third-party and the matching official adapter; no synthetic score was emitted.
2026-07-15T20:28:38,paper_main,cora,ltlp,0,mix,NOT_RUN,,,D:\桌面\研究生相关事项\CodeWork\DCDLP_work\DCDLP\results\logs\paper_main_cora_ltlp_mix_seed0.log,Official baseline is intentionally isolated from the DCDLP implementation. Run scripts/download_data.py --third-party and the matching official adapter; no synthetic score was emitted.
2026-07-15T20:28:38,paper_main,cora,ltlp,1,uniform,NOT_RUN,,,D:\桌面\研究生相关事项\CodeWork\DCDLP_work\DCDLP\results\logs\paper_main_cora_ltlp_uniform_seed1.log,Official baseline is intentionally isolated from the DCDLP implementation. Run scripts/download_data.py --third-party and the matching official adapter; no synthetic score was emitted.
2026-07-15T20:28:38,paper_main,cora,ltlp,1,degree_corrected,NOT_RUN,,,D:\桌面\研究生相关事项\CodeWork\DCDLP_work\DCDLP\results\logs\paper_main_cora_ltlp_degree_corrected_seed1.log,Official baseline is intentionally isolated from the DCDLP implementation. Run scripts/download_data.py --third-party and the matching official adapter; no synthetic score was emitted.
2026-07-15T20:28:38,paper_main,cora,ltlp,1,mix,NOT_RUN,,,D:\桌面\研究生相关事项\CodeWork\DCDLP_work\DCDLP\results\logs\paper_main_cora_ltlp_mix_seed1.log,Official baseline is intentionally isolated from the DCDLP implementation. Run scripts/download_data.py --third-party and the matching official adapter; no synthetic score was emitted.
2026-07-15T20:28:38,paper_main,cora,ltlp,2,uniform,NOT_RUN,,,D:\桌面\研究生相关事项\CodeWork\DCDLP_work\DCDLP\results\logs\paper_main_cora_ltlp_uniform_seed2.log,Official baseline is intentionally isolated from the DCDLP implementation. Run scripts/download_data.py --third-party and the matching official adapter; no synthetic score was emitted.
2026-07-15T20:28:38,paper_main,cora,ltlp,2,degree_corrected,NOT_RUN,,,D:\桌面\研究生相关事项\CodeWork\DCDLP_work\DCDLP\results\logs\paper_main_cora_ltlp_degree_corrected_seed2.log,Official baseline is intentionally isolated from the DCDLP implementation. Run scripts/download_data.py --third-party and the matching official adapter; no synthetic score was emitted.
2026-07-15T20:28:38,paper_main,cora,ltlp,2,mix,NOT_RUN,,,D:\桌面\研究生相关事项\CodeWork\DCDLP_work\DCDLP\results\logs\paper_main_cora_ltlp_mix_seed2.log,Official baseline is intentionally isolated from the DCDLP implementation. Run scripts/download_data.py --third-party and the matching official adapter; no synthetic score was emitted.
2026-07-15T20:28:38,paper_main,cora,ltlp,3,uniform,NOT_RUN,,,D:\桌面\研究生相关事项\CodeWork\DCDLP_work\DCDLP\results\logs\paper_main_cora_ltlp_uniform_seed3.log,Official baseline is intentionally isolated from the DCDLP implementation. Run scripts/download_data.py --third-party and the matching official adapter; no synthetic score was emitted.
2026-07-15T20:28:38,paper_main,cora,ltlp,3,degree_corrected,NOT_RUN,,,D:\桌面\研究生相关事项\CodeWork\DCDLP_work\DCDLP\results\logs\paper_main_cora_ltlp_degree_corrected_seed3.log,Official baseline is intentionally isolated from the DCDLP implementation. Run scripts/download_data.py --third-party and the matching official adapter; no synthetic score was emitted.
2026-07-15T20:28:38,paper_main,cora,ltlp,3,mix,NOT_RUN,,,D:\桌面\研究生相关事项\CodeWork\DCDLP_work\DCDLP\results\logs\paper_main_cora_ltlp_mix_seed3.log,Official baseline is intentionally isolated from the DCDLP implementation. Run scripts/download_data.py --third-party and the matching official adapter; no synthetic score was emitted.
2026-07-15T20:28:38,paper_main,cora,ltlp,4,uniform,NOT_RUN,,,D:\桌面\研究生相关事项\CodeWork\DCDLP_work\DCDLP\results\logs\paper_main_cora_ltlp_uniform_seed4.log,Official baseline is intentionally isolated from the DCDLP implementation. Run scripts/download_data.py --third-party and the matching official adapter; no synthetic score was emitted.
2026-07-15T20:28:38,paper_main,cora,ltlp,4,degree_corrected,NOT_RUN,,,D:\桌面\研究生相关事项\CodeWork\DCDLP_work\DCDLP\results\logs\paper_main_cora_ltlp_degree_corrected_seed4.log,Official baseline is intentionally isolated from the DCDLP implementation. Run scripts/download_data.py --third-party and the matching official adapter; no synthetic score was emitted.
2026-07-15T20:28:38,paper_main,cora,ltlp,4,mix,NOT_RUN,,,D:\桌面\研究生相关事项\CodeWork\DCDLP_work\DCDLP\results\logs\paper_main_cora_ltlp_mix_seed4.log,Official baseline is intentionally isolated from the DCDLP implementation. Run scripts/download_data.py --third-party and the matching official adapter; no synthetic score was emitted.
2026-07-15T20:28:38,paper_main,cora,ltlp,5,uniform,NOT_RUN,,,D:\桌面\研究生相关事项\CodeWork\DCDLP_work\DCDLP\results\logs\paper_main_cora_ltlp_uniform_seed5.log,Official baseline is intentionally isolated from the DCDLP implementation. Run scripts/download_data.py --third-party and the matching official adapter; no synthetic score was emitted.
2026-07-15T20:28:38,paper_main,cora,ltlp,5,degree_corrected,NOT_RUN,,,D:\桌面\研究生相关事项\CodeWork\DCDLP_work\DCDLP\results\logs\paper_main_cora_ltlp_degree_corrected_seed5.log,Official baseline is intentionally isolated from the DCDLP implementation. Run scripts/download_data.py --third-party and the matching official adapter; no synthetic score was emitted.
2026-07-15T20:28:38,paper_main,cora,ltlp,5,mix,NOT_RUN,,,D:\桌面\研究生相关事项\CodeWork\DCDLP_work\DCDLP\results\logs\paper_main_cora_ltlp_mix_seed5.log,Official baseline is intentionally isolated from the DCDLP implementation. Run scripts/download_data.py --third-party and the matching official adapter; no synthetic score was emitted.
2026-07-15T20:28:38,paper_main,cora,ltlp,6,uniform,NOT_RUN,,,D:\桌面\研究生相关事项\CodeWork\DCDLP_work\DCDLP\results\logs\paper_main_cora_ltlp_uniform_seed6.log,Official baseline is intentionally isolated from the DCDLP implementation. Run scripts/download_data.py --third-party and the matching official adapter; no synthetic score was emitted.
2026-07-15T20:28:38,paper_main,cora,ltlp,6,degree_corrected,NOT_RUN,,,D:\桌面\研究生相关事项\CodeWork\DCDLP_work\DCDLP\results\logs\paper_main_cora_ltlp_degree_corrected_seed6.log,Official baseline is intentionally isolated from the DCDLP implementation. Run scripts/download_data.py --third-party and the matching official adapter; no synthetic score was emitted.
2026-07-15T20:28:38,paper_main,cora,ltlp,6,mix,NOT_RUN,,,D:\桌面\研究生相关事项\CodeWork\DCDLP_work\DCDLP\results\logs\paper_main_cora_ltlp_mix_seed6.log,Official baseline is intentionally isolated from the DCDLP implementation. Run scripts/download_data.py --third-party and the matching official adapter; no synthetic score was emitted.
2026-07-15T20:28:38,paper_main,cora,ltlp,7,uniform,NOT_RUN,,,D:\桌面\研究生相关事项\CodeWork\DCDLP_work\DCDLP\results\logs\paper_main_cora_ltlp_uniform_seed7.log,Official baseline is intentionally isolated from the DCDLP implementation. Run scripts/download_data.py --third-party and the matching official adapter; no synthetic score was emitted.
2026-07-15T20:28:38,paper_main,cora,ltlp,7,degree_corrected,NOT_RUN,,,D:\桌面\研究生相关事项\CodeWork\DCDLP_work\DCDLP\results\logs\paper_main_cora_ltlp_degree_corrected_seed7.log,Official baseline is intentionally isolated from the DCDLP implementation. Run scripts/download_data.py --third-party and the matching official adapter; no synthetic score was emitted.
2026-07-15T20:28:38,paper_main,cora,ltlp,7,mix,NOT_RUN,,,D:\桌面\研究生相关事项\CodeWork\DCDLP_work\DCDLP\results\logs\paper_main_cora_ltlp_mix_seed7.log,Official baseline is intentionally isolated from the DCDLP implementation. Run scripts/download_data.py --third-party and the matching official adapter; no synthetic score was emitted.
2026-07-15T20:28:38,paper_main,cora,ltlp,8,uniform,NOT_RUN,,,D:\桌面\研究生相关事项\CodeWork\DCDLP_work\DCDLP\results\logs\paper_main_cora_ltlp_uniform_seed8.log,Official baseline is intentionally isolated from the DCDLP implementation. Run scripts/download_data.py --third-party and the matching official adapter; no synthetic score was emitted.
2026-07-15T20:28:38,paper_main,cora,ltlp,8,degree_corrected,NOT_RUN,,,D:\桌面\研究生相关事项\CodeWork\DCDLP_work\DCDLP\results\logs\paper_main_cora_ltlp_degree_corrected_seed8.log,Official baseline is intentionally isolated from the DCDLP implementation. Run scripts/download_data.py --third-party and the matching official adapter; no synthetic score was emitted.
2026-07-15T20:28:38,paper_main,cora,ltlp,8,mix,NOT_RUN,,,D:\桌面\研究生相关事项\CodeWork\DCDLP_work\DCDLP\results\logs\paper_main_cora_ltlp_mix_seed8.log,Official baseline is intentionally isolated from the DCDLP implementation. Run scripts/download_data.py --third-party and the matching official adapter; no synthetic score was emitted.
2026-07-15T20:28:38,paper_main,cora,ltlp,9,uniform,NOT_RUN,,,D:\桌面\研究生相关事项\CodeWork\DCDLP_work\DCDLP\results\logs\paper_main_cora_ltlp_uniform_seed9.log,Official baseline is intentionally isolated from the DCDLP implementation. Run scripts/download_data.py --third-party and the matching official adapter; no synthetic score was emitted.
2026-07-15T20:28:38,paper_main,cora,ltlp,9,degree_corrected,NOT_RUN,,,D:\桌面\研究生相关事项\CodeWork\DCDLP_work\DCDLP\results\logs\paper_main_cora_ltlp_degree_corrected_seed9.log,Official baseline is intentionally isolated from the DCDLP implementation. Run scripts/download_data.py --third-party and the matching official adapter; no synthetic score was emitted.
2026-07-15T20:28:38,paper_main,cora,ltlp,9,mix,NOT_RUN,,,D:\桌面\研究生相关事项\CodeWork\DCDLP_work\DCDLP\results\logs\paper_main_cora_ltlp_mix_seed9.log,Official baseline is intentionally isolated from the DCDLP implementation. Run scripts/download_data.py --third-party and the matching official adapter; no synthetic score was emitted.
2026-07-15T20:28:38,paper_main,cora,dcdlp,0,uniform,FAILED,1,,D:\桌面\研究生相关事项\CodeWork\DCDLP_work\DCDLP\results\logs\paper_main_cora_dcdlp_uniform_seed0.log,
2026-07-15T20:28:42,paper_main,cora,dcdlp,0,degree_corrected,FAILED,1,,D:\桌面\研究生相关事项\CodeWork\DCDLP_work\DCDLP\results\logs\paper_main_cora_dcdlp_degree_corrected_seed0.log,
2026-07-15T20:28:45,paper_main,cora,dcdlp,0,mix,FAILED,1,,D:\桌面\研究生相关事项\CodeWork\DCDLP_work\DCDLP\results\logs\paper_main_cora_dcdlp_mix_seed0.log,
2026-07-15T20:28:48,paper_main,cora,dcdlp,1,uniform,FAILED,1,,D:\桌面\研究生相关事项\CodeWork\DCDLP_work\DCDLP\results\logs\paper_main_cora_dcdlp_uniform_seed1.log,
2026-07-15T20:28:52,paper_main,cora,dcdlp,1,degree_corrected,FAILED,1,,D:\桌面\研究生相关事项\CodeWork\DCDLP_work\DCDLP\results\logs\paper_main_cora_dcdlp_degree_corrected_seed1.log,
2026-07-15T20:28:55,paper_main,cora,dcdlp,1,mix,FAILED,1,,D:\桌面\研究生相关事项\CodeWork\DCDLP_work\DCDLP\results\logs\paper_main_cora_dcdlp_mix_seed1.log,
2026-07-15T20:28:58,paper_main,cora,dcdlp,2,uniform,FAILED,1,,D:\桌面\研究生相关事项\CodeWork\DCDLP_work\DCDLP\results\logs\paper_main_cora_dcdlp_uniform_seed2.log,
2026-07-15T20:29:01,paper_main,cora,dcdlp,2,degree_corrected,FAILED,1,,D:\桌面\研究生相关事项\CodeWork\DCDLP_work\DCDLP\results\logs\paper_main_cora_dcdlp_degree_corrected_seed2.log,
2026-07-15T20:29:04,paper_main,cora,dcdlp,2,mix,FAILED,1,,D:\桌面\研究生相关事项\CodeWork\DCDLP_work\DCDLP\results\logs\paper_main_cora_dcdlp_mix_seed2.log,
2026-07-15T20:29:08,paper_main,cora,dcdlp,3,uniform,FAILED,1,,D:\桌面\研究生相关事项\CodeWork\DCDLP_work\DCDLP\results\logs\paper_main_cora_dcdlp_uniform_seed3.log,
2026-07-15T20:29:11,paper_main,cora,dcdlp,3,degree_corrected,FAILED,1,,D:\桌面\研究生相关事项\CodeWork\DCDLP_work\DCDLP\results\logs\paper_main_cora_dcdlp_degree_corrected_seed3.log,
2026-07-15T20:29:14,paper_main,cora,dcdlp,3,mix,FAILED,1,,D:\桌面\研究生相关事项\CodeWork\DCDLP_work\DCDLP\results\logs\paper_main_cora_dcdlp_mix_seed3.log,
2026-07-15T20:29:17,paper_main,cora,dcdlp,4,uniform,FAILED,1,,D:\桌面\研究生相关事项\CodeWork\DCDLP_work\DCDLP\results\logs\paper_main_cora_dcdlp_uniform_seed4.log,
2026-07-15T20:29:21,paper_main,cora,dcdlp,4,degree_corrected,FAILED,1,,D:\桌面\研究生相关事项\CodeWork\DCDLP_work\DCDLP\results\logs\paper_main_cora_dcdlp_degree_corrected_seed4.log,
2026-07-15T20:29:24,paper_main,cora,dcdlp,4,mix,FAILED,1,,D:\桌面\研究生相关事项\CodeWork\DCDLP_work\DCDLP\results\logs\paper_main_cora_dcdlp_mix_seed4.log,
2026-07-15T20:29:27,paper_main,cora,dcdlp,5,uniform,FAILED,1,,D:\桌面\研究生相关事项\CodeWork\DCDLP_work\DCDLP\results\logs\paper_main_cora_dcdlp_uniform_seed5.log,
2026-07-15T20:29:30,paper_main,cora,dcdlp,5,degree_corrected,FAILED,1,,D:\桌面\研究生相关事项\CodeWork\DCDLP_work\DCDLP\results\logs\paper_main_cora_dcdlp_degree_corrected_seed5.log,
2026-07-15T20:29:37,paper_ablation,cora,A0,0,uniform,FAILED,1,,D:\桌面\研究生相关事项\CodeWork\DCDLP_work\DCDLP\results\logs\paper_ablation_cora_A0_uniform_seed0.log,
2026-07-15T20:29:40,paper_ablation,cora,A0,0,degree_corrected,FAILED,1,,D:\桌面\研究生相关事项\CodeWork\DCDLP_work\DCDLP\results\logs\paper_ablation_cora_A0_degree_corrected_seed0.log,
2026-07-15T20:29:43,paper_ablation,cora,A0,1,uniform,FAILED,1,,D:\桌面\研究生相关事项\CodeWork\DCDLP_work\DCDLP\results\logs\paper_ablation_cora_A0_uniform_seed1.log,
2026-07-15T20:29:46,paper_ablation,cora,A0,1,degree_corrected,FAILED,1,,D:\桌面\研究生相关事项\CodeWork\DCDLP_work\DCDLP\results\logs\paper_ablation_cora_A0_degree_corrected_seed1.log,
2026-07-15T20:29:49,paper_ablation,cora,A0,2,uniform,FAILED,1,,D:\桌面\研究生相关事项\CodeWork\DCDLP_work\DCDLP\results\logs\paper_ablation_cora_A0_uniform_seed2.log,
2026-07-15T20:29:52,paper_ablation,cora,A0,2,degree_corrected,FAILED,1,,D:\桌面\研究生相关事项\CodeWork\DCDLP_work\DCDLP\results\logs\paper_ablation_cora_A0_degree_corrected_seed2.log,
2026-07-15T20:29:56,paper_ablation,cora,A0,3,uniform,FAILED,1,,D:\桌面\研究生相关事项\CodeWork\DCDLP_work\DCDLP\results\logs\paper_ablation_cora_A0_uniform_seed3.log,
2026-07-15T20:29:59,paper_ablation,cora,A0,3,degree_corrected,FAILED,1,,D:\桌面\研究生相关事项\CodeWork\DCDLP_work\DCDLP\results\logs\paper_ablation_cora_A0_degree_corrected_seed3.log,
2026-07-15T20:30:02,paper_ablation,cora,A0,4,uniform,FAILED,1,,D:\桌面\研究生相关事项\CodeWork\DCDLP_work\DCDLP\results\logs\paper_ablation_cora_A0_uniform_seed4.log,
2026-07-15T20:30:05,paper_ablation,cora,A0,4,degree_corrected,FAILED,1,,D:\桌面\研究生相关事项\CodeWork\DCDLP_work\DCDLP\results\logs\paper_ablation_cora_A0_degree_corrected_seed4.log,
2026-07-15T20:30:09,paper_ablation,cora,A0,5,uniform,FAILED,1,,D:\桌面\研究生相关事项\CodeWork\DCDLP_work\DCDLP\results\logs\paper_ablation_cora_A0_uniform_seed5.log,
2026-07-15T20:30:12,paper_ablation,cora,A0,5,degree_corrected,FAILED,1,,D:\桌面\研究生相关事项\CodeWork\DCDLP_work\DCDLP\results\logs\paper_ablation_cora_A0_degree_corrected_seed5.log,
2026-07-15T20:30:15,paper_ablation,cora,A0,6,uniform,FAILED,1,,D:\桌面\研究生相关事项\CodeWork\DCDLP_work\DCDLP\results\logs\paper_ablation_cora_A0_uniform_seed6.log,
2026-07-15T20:30:19,paper_ablation,cora,A0,6,degree_corrected,FAILED,1,,D:\桌面\研究生相关事项\CodeWork\DCDLP_work\DCDLP\results\logs\paper_ablation_cora_A0_degree_corrected_seed6.log,
2026-07-15T20:30:22,paper_ablation,cora,A0,7,uniform,FAILED,1,,D:\桌面\研究生相关事项\CodeWork\DCDLP_work\DCDLP\results\logs\paper_ablation_cora_A0_uniform_seed7.log,
2026-07-15T20:30:25,paper_ablation,cora,A0,7,degree_corrected,FAILED,1,,D:\桌面\研究生相关事项\CodeWork\DCDLP_work\DCDLP\results\logs\paper_ablation_cora_A0_degree_corrected_seed7.log,
2026-07-15T20:30:28,paper_ablation,cora,A0,8,uniform,FAILED,1,,D:\桌面\研究生相关事项\CodeWork\DCDLP_work\DCDLP\results\logs\paper_ablation_cora_A0_uniform_seed8.log,
2026-07-15T20:30:32,paper_ablation,cora,A0,8,degree_corrected,FAILED,1,,D:\桌面\研究生相关事项\CodeWork\DCDLP_work\DCDLP\results\logs\paper_ablation_cora_A0_degree_corrected_seed8.log,
2026-07-15T20:30:35,paper_ablation,cora,A0,9,uniform,FAILED,1,,D:\桌面\研究生相关事项\CodeWork\DCDLP_work\DCDLP\results\logs\paper_ablation_cora_A0_uniform_seed9.log,
2026-07-15T20:30:38,paper_ablation,cora,A0,9,degree_corrected,FAILED,1,,D:\桌面\研究生相关事项\CodeWork\DCDLP_work\DCDLP\results\logs\paper_ablation_cora_A0_degree_corrected_seed9.log,
2026-07-15T20:30:42,paper_ablation,cora,A1,0,uniform,FAILED,1,,D:\桌面\研究生相关事项\CodeWork\DCDLP_work\DCDLP\results\logs\paper_ablation_cora_A1_uniform_seed0.log,
2026-07-15T20:30:45,paper_ablation,cora,A1,0,degree_corrected,FAILED,1,,D:\桌面\研究生相关事项\CodeWork\DCDLP_work\DCDLP\results\logs\paper_ablation_cora_A1_degree_corrected_seed0.log,
2026-07-15T20:30:48,paper_ablation,cora,A1,1,uniform,FAILED,1,,D:\桌面\研究生相关事项\CodeWork\DCDLP_work\DCDLP\results\logs\paper_ablation_cora_A1_uniform_seed1.log,
2026-07-15T20:30:52,paper_ablation,cora,A1,1,degree_corrected,COMPLETED,0,D:\\桌面\\研究生相关事项\\CodeWork\\DCDLP_work\\DCDLP\\results\\raw\\cora_degree_corrected_seed1_336b1bdfff8f.json,D:\桌面\研究生相关事项\CodeWork\DCDLP_work\DCDLP\results\logs\paper_ablation_cora_A1_degree_corrected_seed1.log,
2026-07-15T20:31:19,paper_ablation,cora,A1,2,uniform,FAILED,1,,D:\桌面\研究生相关事项\CodeWork\DCDLP_work\DCDLP\results\logs\paper_ablation_cora_A1_uniform_seed2.log,
2026-07-15T20:31:22,paper_ablation,cora,A1,2,degree_corrected,FAILED,1,,D:\桌面\研究生相关事项\CodeWork\DCDLP_work\DCDLP\results\logs\paper_ablation_cora_A1_degree_corrected_seed2.log,
2026-07-15T20:31:26,paper_ablation,cora,A1,3,uniform,FAILED,1,,D:\桌面\研究生相关事项\CodeWork\DCDLP_work\DCDLP\results\logs\paper_ablation_cora_A1_uniform_seed3.log,
2026-07-15T20:31:30,paper_ablation,cora,A1,3,degree_corrected,FAILED,1,,D:\桌面\研究生相关事项\CodeWork\DCDLP_work\DCDLP\results\logs\paper_ablation_cora_A1_degree_corrected_seed3.log,
2026-07-15T20:31:33,paper_ablation,cora,A1,4,uniform,FAILED,1,,D:\桌面\研究生相关事项\CodeWork\DCDLP_work\DCDLP\results\logs\paper_ablation_cora_A1_uniform_seed4.log,
2026-07-15T20:31:33,paper_main,cora,dcdlp,0,uniform,FAILED,1,,D:\桌面\研究生相关事项\CodeWork\DCDLP_work\DCDLP\results\logs\paper_main_cora_dcdlp_uniform_seed0.log,
2026-07-15T20:31:37,paper_ablation,cora,A1,4,degree_corrected,FAILED,1,,D:\桌面\研究生相关事项\CodeWork\DCDLP_work\DCDLP\results\logs\paper_ablation_cora_A1_degree_corrected_seed4.log,
2026-07-15T20:31:37,paper_main,cora,dcdlp,0,degree_corrected,FAILED,1,,D:\桌面\研究生相关事项\CodeWork\DCDLP_work\DCDLP\results\logs\paper_main_cora_dcdlp_degree_corrected_seed0.log,
2026-07-15T20:31:40,paper_ablation,cora,A1,5,uniform,FAILED,1,,D:\桌面\研究生相关事项\CodeWork\DCDLP_work\DCDLP\results\logs\paper_ablation_cora_A1_uniform_seed5.log,
2026-07-15T20:31:41,paper_main,cora,dcdlp,0,mix,FAILED,1,,D:\桌面\研究生相关事项\CodeWork\DCDLP_work\DCDLP\results\logs\paper_main_cora_dcdlp_mix_seed0.log,
2026-07-15T20:31:44,paper_ablation,cora,A1,5,degree_corrected,FAILED,1,,D:\桌面\研究生相关事项\CodeWork\DCDLP_work\DCDLP\results\logs\paper_ablation_cora_A1_degree_corrected_seed5.log,
2026-07-15T20:31:44,paper_main,cora,dcdlp,1,uniform,FAILED,1,,D:\桌面\研究生相关事项\CodeWork\DCDLP_work\DCDLP\results\logs\paper_main_cora_dcdlp_uniform_seed1.log,
2026-07-15T20:31:48,paper_main,cora,dcdlp,1,degree_corrected,FAILED,1,,D:\桌面\研究生相关事项\CodeWork\DCDLP_work\DCDLP\results\logs\paper_main_cora_dcdlp_degree_corrected_seed1.log,
2026-07-15T20:31:48,paper_ablation,cora,A1,6,uniform,FAILED,1,,D:\桌面\研究生相关事项\CodeWork\DCDLP_work\DCDLP\results\logs\paper_ablation_cora_A1_uniform_seed6.log,
2026-07-15T20:31:51,paper_ablation,cora,A1,6,degree_corrected,FAILED,1,,D:\桌面\研究生相关事项\CodeWork\DCDLP_work\DCDLP\results\logs\paper_ablation_cora_A1_degree_corrected_seed6.log,
2026-07-15T20:31:51,paper_main,cora,dcdlp,1,mix,FAILED,1,,D:\桌面\研究生相关事项\CodeWork\DCDLP_work\DCDLP\results\logs\paper_main_cora_dcdlp_mix_seed1.log,
2026-07-15T20:31:55,paper_ablation,cora,A1,7,uniform,FAILED,1,,D:\桌面\研究生相关事项\CodeWork\DCDLP_work\DCDLP\results\logs\paper_ablation_cora_A1_uniform_seed7.log,
2026-07-15T20:31:55,paper_main,cora,dcdlp,2,uniform,FAILED,1,,D:\桌面\研究生相关事项\CodeWork\DCDLP_work\DCDLP\results\logs\paper_main_cora_dcdlp_uniform_seed2.log,
2026-07-15T20:31:59,paper_main,cora,dcdlp,2,degree_corrected,FAILED,1,,D:\桌面\研究生相关事项\CodeWork\DCDLP_work\DCDLP\results\logs\paper_main_cora_dcdlp_degree_corrected_seed2.log,
2026-07-15T20:31:58,paper_ablation,cora,A1,7,degree_corrected,FAILED,1,,D:\桌面\研究生相关事项\CodeWork\DCDLP_work\DCDLP\results\logs\paper_ablation_cora_A1_degree_corrected_seed7.log,
2026-07-15T20:32:02,paper_ablation,cora,A1,8,uniform,FAILED,1,,D:\桌面\研究生相关事项\CodeWork\DCDLP_work\DCDLP\results\logs\paper_ablation_cora_A1_uniform_seed8.log,
2026-07-15T20:32:02,paper_main,cora,dcdlp,2,mix,FAILED,1,,D:\桌面\研究生相关事项\CodeWork\DCDLP_work\DCDLP\results\logs\paper_main_cora_dcdlp_mix_seed2.log,
2026-07-15T20:32:06,paper_main,cora,dcdlp,3,uniform,FAILED,1,,D:\桌面\研究生相关事项\CodeWork\DCDLP_work\DCDLP\results\logs\paper_main_cora_dcdlp_uniform_seed3.log,
2026-07-15T20:32:06,paper_ablation,cora,A1,8,degree_corrected,FAILED,1,,D:\桌面\研究生相关事项\CodeWork\DCDLP_work\DCDLP\results\logs\paper_ablation_cora_A1_degree_corrected_seed8.log,
2026-07-15T20:32:10,paper_main,cora,dcdlp,3,degree_corrected,FAILED,1,,D:\桌面\研究生相关事项\CodeWork\DCDLP_work\DCDLP\results\logs\paper_main_cora_dcdlp_degree_corrected_seed3.log,
2026-07-15T20:32:10,paper_ablation,cora,A1,9,uniform,FAILED,1,,D:\桌面\研究生相关事项\CodeWork\DCDLP_work\DCDLP\results\logs\paper_ablation_cora_A1_uniform_seed9.log,
2026-07-15T20:32:13,paper_main,cora,dcdlp,3,mix,FAILED,1,,D:\桌面\研究生相关事项\CodeWork\DCDLP_work\DCDLP\results\logs\paper_main_cora_dcdlp_mix_seed3.log,
2026-07-15T20:32:13,paper_ablation,cora,A1,9,degree_corrected,FAILED,1,,D:\桌面\研究生相关事项\CodeWork\DCDLP_work\DCDLP\results\logs\paper_ablation_cora_A1_degree_corrected_seed9.log,
2026-07-15T20:32:17,paper_ablation,cora,A2,0,uniform,FAILED,1,,D:\桌面\研究生相关事项\CodeWork\DCDLP_work\DCDLP\results\logs\paper_ablation_cora_A2_uniform_seed0.log,
2026-07-15T20:32:17,paper_main,cora,dcdlp,4,uniform,FAILED,1,,D:\桌面\研究生相关事项\CodeWork\DCDLP_work\DCDLP\results\logs\paper_main_cora_dcdlp_uniform_seed4.log,
2026-07-15T20:32:20,paper_ablation,cora,A2,0,degree_corrected,FAILED,1,,D:\桌面\研究生相关事项\CodeWork\DCDLP_work\DCDLP\results\logs\paper_ablation_cora_A2_degree_corrected_seed0.log,
2026-07-15T20:32:20,paper_main,cora,dcdlp,4,degree_corrected,FAILED,1,,D:\桌面\研究生相关事项\CodeWork\DCDLP_work\DCDLP\results\logs\paper_main_cora_dcdlp_degree_corrected_seed4.log,
2026-07-15T20:32:24,paper_ablation,cora,A2,1,uniform,FAILED,1,,D:\桌面\研究生相关事项\CodeWork\DCDLP_work\DCDLP\results\logs\paper_ablation_cora_A2_uniform_seed1.log,
2026-07-15T20:32:24,paper_main,cora,dcdlp,4,mix,FAILED,1,,D:\桌面\研究生相关事项\CodeWork\DCDLP_work\DCDLP\results\logs\paper_main_cora_dcdlp_mix_seed4.log,
2026-07-15T20:32:28,paper_ablation,cora,A2,1,degree_corrected,FAILED,1,,D:\桌面\研究生相关事项\CodeWork\DCDLP_work\DCDLP\results\logs\paper_ablation_cora_A2_degree_corrected_seed1.log,
2026-07-15T20:32:28,paper_main,cora,dcdlp,5,uniform,FAILED,1,,D:\桌面\研究生相关事项\CodeWork\DCDLP_work\DCDLP\results\logs\paper_main_cora_dcdlp_uniform_seed5.log,
2026-07-15T20:32:31,paper_main,cora,dcdlp,5,degree_corrected,FAILED,1,,D:\桌面\研究生相关事项\CodeWork\DCDLP_work\DCDLP\results\logs\paper_main_cora_dcdlp_degree_corrected_seed5.log,
2026-07-15T20:32:31,paper_ablation,cora,A2,2,uniform,FAILED,1,,D:\桌面\研究生相关事项\CodeWork\DCDLP_work\DCDLP\results\logs\paper_ablation_cora_A2_uniform_seed2.log,
2026-07-15T20:32:35,paper_ablation,cora,A2,2,degree_corrected,FAILED,1,,D:\桌面\研究生相关事项\CodeWork\DCDLP_work\DCDLP\results\logs\paper_ablation_cora_A2_degree_corrected_seed2.log,
2026-07-15T20:32:35,paper_main,cora,dcdlp,5,mix,FAILED,1,,D:\桌面\研究生相关事项\CodeWork\DCDLP_work\DCDLP\results\logs\paper_main_cora_dcdlp_mix_seed5.log,
2026-07-15T20:32:39,paper_ablation,cora,A2,3,uniform,FAILED,1,,D:\桌面\研究生相关事项\CodeWork\DCDLP_work\DCDLP\results\logs\paper_ablation_cora_A2_uniform_seed3.log,
2026-07-15T20:32:39,paper_main,cora,dcdlp,6,uniform,FAILED,1,,D:\桌面\研究生相关事项\CodeWork\DCDLP_work\DCDLP\results\logs\paper_main_cora_dcdlp_uniform_seed6.log,
2026-07-15T20:32:46,paper_ablation,cora,A0,0,uniform,FAILED,1,,D:\桌面\研究生相关事项\CodeWork\DCDLP_work\DCDLP\results\logs\paper_ablation_cora_A0_uniform_seed0.log,
2026-07-15T20:32:49,paper_ablation,cora,A0,0,degree_corrected,FAILED,1,,D:\桌面\研究生相关事项\CodeWork\DCDLP_work\DCDLP\results\logs\paper_ablation_cora_A0_degree_corrected_seed0.log,
2026-07-15T20:32:52,paper_ablation,cora,A0,1,uniform,FAILED,1,,D:\桌面\研究生相关事项\CodeWork\DCDLP_work\DCDLP\results\logs\paper_ablation_cora_A0_uniform_seed1.log,
2026-07-15T20:32:55,paper_ablation,cora,A0,1,degree_corrected,FAILED,1,,D:\桌面\研究生相关事项\CodeWork\DCDLP_work\DCDLP\results\logs\paper_ablation_cora_A0_degree_corrected_seed1.log,
2026-07-15T20:34:45,paper_main,cora,dcdlp,0,uniform,COMPLETED,0,D:\\桌面\\研究生相关事项\\CodeWork\\DCDLP_work\\DCDLP\\results\\raw\\cora_uniform_seed0_23a632f463c1.json,D:\桌面\研究生相关事项\CodeWork\DCDLP_work\DCDLP\results\logs\paper_main_cora_dcdlp_uniform_seed0.log,
2026-07-15T20:44:54,paper_main,cora,dcdlp,0,degree_corrected,COMPLETED,0,D:\\桌面\\研究生相关事项\\CodeWork\\DCDLP_work\\DCDLP\\results\\raw\\cora_degree_corrected_seed0_1000c8900ae1.json,D:\桌面\研究生相关事项\CodeWork\DCDLP_work\DCDLP\results\logs\paper_main_cora_dcdlp_degree_corrected_seed0.log,
2026-07-15T20:56:11,paper_main,cora,dcdlp,0,mix,COMPLETED,0,D:\\桌面\\研究生相关事项\\CodeWork\\DCDLP_work\\DCDLP\\results\\raw\\cora_mix_seed0_b2291f723cce.json,D:\桌面\研究生相关事项\CodeWork\DCDLP_work\DCDLP\results\logs\paper_main_cora_dcdlp_mix_seed0.log,
2026-07-15T21:11:14,paper_main,cora,dcdlp,1,uniform,COMPLETED,0,D:\\桌面\\研究生相关事项\\CodeWork\\DCDLP_work\\DCDLP\\results\\raw\\cora_uniform_seed1_11681571da65.json,D:\桌面\研究生相关事项\CodeWork\DCDLP_work\DCDLP\results\logs\paper_main_cora_dcdlp_uniform_seed1.log,
2026-07-15T21:22:24,paper_main,cora,dcdlp,1,degree_corrected,FAILED,1,,D:\桌面\研究生相关事项\CodeWork\DCDLP_work\DCDLP\results\logs\paper_main_cora_dcdlp_degree_corrected_seed1.log,
2026-07-17T15:09:24,paper_main,cora,dcdlp,1,degree_corrected,COMPLETED,0,D:\\桌面\\研究生相关事项\\CodeWork\\DCDLP_work\\DCDLP\\results\\raw\\cora_degree_corrected_seed1_a8063e662051.json,D:\桌面\研究生相关事项\CodeWork\DCDLP_work\DCDLP\results\logs\paper_main_cora_dcdlp_degree_corrected_seed1.log,
2026-07-17T15:19:25,paper_main,cora,dcdlp,1,mix,COMPLETED,0,D:\\桌面\\研究生相关事项\\CodeWork\\DCDLP_work\\DCDLP\\results\\raw\\cora_mix_seed1_bf73ae17657b.json,D:\桌面\研究生相关事项\CodeWork\DCDLP_work\DCDLP\results\logs\paper_main_cora_dcdlp_mix_seed1.log,
2026-07-17T15:29:40,paper_main,cora,dcdlp,2,uniform,COMPLETED,0,D:\\桌面\\研究生相关事项\\CodeWork\\DCDLP_work\\DCDLP\\results\\raw\\cora_uniform_seed2_7b0f33f8e14d.json,D:\桌面\研究生相关事项\CodeWork\DCDLP_work\DCDLP\results\logs\paper_main_cora_dcdlp_uniform_seed2.log,
2026-07-17T15:38:52,paper_main,cora,dcdlp,2,degree_corrected,COMPLETED,0,D:\\桌面\\研究生相关事项\\CodeWork\\DCDLP_work\\DCDLP\\results\\raw\\cora_degree_corrected_seed2_6147faf6361b.json,D:\桌面\研究生相关事项\CodeWork\DCDLP_work\DCDLP\results\logs\paper_main_cora_dcdlp_degree_corrected_seed2.log,
2026-07-17T15:48:19,paper_main,cora,dcdlp,2,mix,COMPLETED,0,D:\\桌面\\研究生相关事项\\CodeWork\\DCDLP_work\\DCDLP\\results\\raw\\cora_mix_seed2_b5f526389ec9.json,D:\桌面\研究生相关事项\CodeWork\DCDLP_work\DCDLP\results\logs\paper_main_cora_dcdlp_mix_seed2.log,
2026-07-17T15:58:34,paper_main,cora,dcdlp,3,uniform,COMPLETED,0,D:\\桌面\\研究生相关事项\\CodeWork\\DCDLP_work\\DCDLP\\results\\raw\\cora_uniform_seed3_38425fa0399e.json,D:\桌面\研究生相关事项\CodeWork\DCDLP_work\DCDLP\results\logs\paper_main_cora_dcdlp_uniform_seed3.log,
2026-07-17T16:09:08,paper_main,cora,dcdlp,3,degree_corrected,COMPLETED,0,D:\\桌面\\研究生相关事项\\CodeWork\\DCDLP_work\\DCDLP\\results\\raw\\cora_degree_corrected_seed3_53378c43e202.json,D:\桌面\研究生相关事项\CodeWork\DCDLP_work\DCDLP\results\logs\paper_main_cora_dcdlp_degree_corrected_seed3.log,
2026-07-17T16:19:36,paper_main,cora,dcdlp,3,mix,COMPLETED,0,D:\\桌面\\研究生相关事项\\CodeWork\\DCDLP_work\\DCDLP\\results\\raw\\cora_mix_seed3_9a8c05a4f7a8.json,D:\桌面\研究生相关事项\CodeWork\DCDLP_work\DCDLP\results\logs\paper_main_cora_dcdlp_mix_seed3.log,
2026-07-17T16:29:55,paper_main,cora,dcdlp,4,uniform,COMPLETED,0,D:\\桌面\\研究生相关事项\\CodeWork\\DCDLP_work\\DCDLP\\results\\raw\\cora_uniform_seed4_338ee7f35b81.json,D:\桌面\研究生相关事项\CodeWork\DCDLP_work\DCDLP\results\logs\paper_main_cora_dcdlp_uniform_seed4.log,
2026-07-17T16:39:57,paper_main,cora,dcdlp,4,degree_corrected,COMPLETED,0,D:\\桌面\\研究生相关事项\\CodeWork\\DCDLP_work\\DCDLP\\results\\raw\\cora_degree_corrected_seed4_398a872c84d4.json,D:\桌面\研究生相关事项\CodeWork\DCDLP_work\DCDLP\results\logs\paper_main_cora_dcdlp_degree_corrected_seed4.log,
2026-07-17T16:51:26,paper_main,cora,dcdlp,4,mix,COMPLETED,0,D:\\桌面\\研究生相关事项\\CodeWork\\DCDLP_work\\DCDLP\\results\\raw\\cora_mix_seed4_85f9fa945f46.json,D:\桌面\研究生相关事项\CodeWork\DCDLP_work\DCDLP\results\logs\paper_main_cora_dcdlp_mix_seed4.log,
2026-07-17T17:02:05,paper_main,cora,dcdlp,5,uniform,COMPLETED,0,D:\\桌面\\研究生相关事项\\CodeWork\\DCDLP_work\\DCDLP\\results\\raw\\cora_uniform_seed5_9f080178d754.json,D:\桌面\研究生相关事项\CodeWork\DCDLP_work\DCDLP\results\logs\paper_main_cora_dcdlp_uniform_seed5.log,
2026-07-17T17:12:53,paper_main,cora,dcdlp,5,degree_corrected,COMPLETED,0,D:\\桌面\\研究生相关事项\\CodeWork\\DCDLP_work\\DCDLP\\results\\raw\\cora_degree_corrected_seed5_f37d6c0980af.json,D:\桌面\研究生相关事项\CodeWork\DCDLP_work\DCDLP\results\logs\paper_main_cora_dcdlp_degree_corrected_seed5.log,
2026-07-17T17:24:21,paper_main,cora,dcdlp,5,mix,COMPLETED,0,D:\\桌面\\研究生相关事项\\CodeWork\\DCDLP_work\\DCDLP\\results\\raw\\cora_mix_seed5_ee4b009b99b1.json,D:\桌面\研究生相关事项\CodeWork\DCDLP_work\DCDLP\results\logs\paper_main_cora_dcdlp_mix_seed5.log,
2026-07-17T17:35:22,paper_main,cora,dcdlp,6,uniform,COMPLETED,0,D:\\桌面\\研究生相关事项\\CodeWork\\DCDLP_work\\DCDLP\\results\\raw\\cora_uniform_seed6_4a1664d27a7b.json,D:\桌面\研究生相关事项\CodeWork\DCDLP_work\DCDLP\results\logs\paper_main_cora_dcdlp_uniform_seed6.log,
2026-07-17T17:45:24,paper_main,cora,dcdlp,6,degree_corrected,COMPLETED,0,D:\\桌面\\研究生相关事项\\CodeWork\\DCDLP_work\\DCDLP\\results\\raw\\cora_degree_corrected_seed6_c786468ffb4b.json,D:\桌面\研究生相关事项\CodeWork\DCDLP_work\DCDLP\results\logs\paper_main_cora_dcdlp_degree_corrected_seed6.log,
2026-07-17T17:55:21,paper_main,cora,dcdlp,6,mix,COMPLETED,0,D:\\桌面\\研究生相关事项\\CodeWork\\DCDLP_work\\DCDLP\\results\\raw\\cora_mix_seed6_645c7864997a.json,D:\桌面\研究生相关事项\CodeWork\DCDLP_work\DCDLP\results\logs\paper_main_cora_dcdlp_mix_seed6.log,
2026-07-17T18:06:30,paper_main,cora,dcdlp,7,uniform,COMPLETED,0,D:\\桌面\\研究生相关事项\\CodeWork\\DCDLP_work\\DCDLP\\results\\raw\\cora_uniform_seed7_8a4204a168eb.json,D:\桌面\研究生相关事项\CodeWork\DCDLP_work\DCDLP\results\logs\paper_main_cora_dcdlp_uniform_seed7.log,
2026-07-17T18:17:17,paper_main,cora,dcdlp,7,degree_corrected,COMPLETED,0,D:\\桌面\\研究生相关事项\\CodeWork\\DCDLP_work\\DCDLP\\results\\raw\\cora_degree_corrected_seed7_ca09ce73b5c2.json,D:\桌面\研究生相关事项\CodeWork\DCDLP_work\DCDLP\results\logs\paper_main_cora_dcdlp_degree_corrected_seed7.log,
2026-07-17T18:28:25,paper_main,cora,dcdlp,7,mix,COMPLETED,0,D:\\桌面\\研究生相关事项\\CodeWork\\DCDLP_work\\DCDLP\\results\\raw\\cora_mix_seed7_e74ef9f9ef99.json,D:\桌面\研究生相关事项\CodeWork\DCDLP_work\DCDLP\results\logs\paper_main_cora_dcdlp_mix_seed7.log,
2026-07-17T18:39:20,paper_main,cora,dcdlp,8,uniform,COMPLETED,0,D:\\桌面\\研究生相关事项\\CodeWork\\DCDLP_work\\DCDLP\\results\\raw\\cora_uniform_seed8_6b9ef82f3d7a.json,D:\桌面\研究生相关事项\CodeWork\DCDLP_work\DCDLP\results\logs\paper_main_cora_dcdlp_uniform_seed8.log,
2026-07-17T18:51:21,paper_main,cora,dcdlp,8,degree_corrected,COMPLETED,0,D:\\桌面\\研究生相关事项\\CodeWork\\DCDLP_work\\DCDLP\\results\\raw\\cora_degree_corrected_seed8_724aa841caf9.json,D:\桌面\研究生相关事项\CodeWork\DCDLP_work\DCDLP\results\logs\paper_main_cora_dcdlp_degree_corrected_seed8.log,
2026-07-17T19:03:35,paper_main,cora,dcdlp,8,mix,COMPLETED,0,D:\\桌面\\研究生相关事项\\CodeWork\\DCDLP_work\\DCDLP\\results\\raw\\cora_mix_seed8_2fd298779998.json,D:\桌面\研究生相关事项\CodeWork\DCDLP_work\DCDLP\results\logs\paper_main_cora_dcdlp_mix_seed8.log,
2026-07-17T19:15:38,paper_main,cora,dcdlp,9,uniform,COMPLETED,0,D:\\桌面\\研究生相关事项\\CodeWork\\DCDLP_work\\DCDLP\\results\\raw\\cora_uniform_seed9_ca7907248613.json,D:\桌面\研究生相关事项\CodeWork\DCDLP_work\DCDLP\results\logs\paper_main_cora_dcdlp_uniform_seed9.log,
2026-07-17T19:25:53,paper_main,cora,dcdlp,9,degree_corrected,COMPLETED,0,D:\\桌面\\研究生相关事项\\CodeWork\\DCDLP_work\\DCDLP\\results\\raw\\cora_degree_corrected_seed9_097db0949c83.json,D:\桌面\研究生相关事项\CodeWork\DCDLP_work\DCDLP\results\logs\paper_main_cora_dcdlp_degree_corrected_seed9.log,
2026-07-17T19:36:33,paper_main,cora,dcdlp,9,mix,COMPLETED,0,D:\\桌面\\研究生相关事项\\CodeWork\\DCDLP_work\\DCDLP\\results\\raw\\cora_mix_seed9_7d54331ecb50.json,D:\桌面\研究生相关事项\CodeWork\DCDLP_work\DCDLP\results\logs\paper_main_cora_dcdlp_mix_seed9.log,
2026-07-17T19:46:17,paper_main,citeseer,degree,0,uniform,NOT_RUN,,,D:\桌面\研究生相关事项\CodeWork\DCDLP_work\DCDLP\results\logs\paper_main_citeseer_degree_uniform_seed0.log,Official baseline is intentionally isolated from the DCDLP implementation. Run scripts/download_data.py --third-party and the matching official adapter; no synthetic score was emitted.
2026-07-17T19:46:17,paper_main,citeseer,degree,0,degree_corrected,NOT_RUN,,,D:\桌面\研究生相关事项\CodeWork\DCDLP_work\DCDLP\results\logs\paper_main_citeseer_degree_degree_corrected_seed0.log,Official baseline is intentionally isolated from the DCDLP implementation. Run scripts/download_data.py --third-party and the matching official adapter; no synthetic score was emitted.
2026-07-17T19:46:17,paper_main,citeseer,degree,0,mix,NOT_RUN,,,D:\桌面\研究生相关事项\CodeWork\DCDLP_work\DCDLP\results\logs\paper_main_citeseer_degree_mix_seed0.log,Official baseline is intentionally isolated from the DCDLP implementation. Run scripts/download_data.py --third-party and the matching official adapter; no synthetic score was emitted.
2026-07-17T19:46:17,paper_main,citeseer,degree,1,uniform,NOT_RUN,,,D:\桌面\研究生相关事项\CodeWork\DCDLP_work\DCDLP\results\logs\paper_main_citeseer_degree_uniform_seed1.log,Official baseline is intentionally isolated from the DCDLP implementation. Run scripts/download_data.py --third-party and the matching official adapter; no synthetic score was emitted.
2026-07-17T19:46:17,paper_main,citeseer,degree,1,degree_corrected,NOT_RUN,,,D:\桌面\研究生相关事项\CodeWork\DCDLP_work\DCDLP\results\logs\paper_main_citeseer_degree_degree_corrected_seed1.log,Official baseline is intentionally isolated from the DCDLP implementation. Run scripts/download_data.py --third-party and the matching official adapter; no synthetic score was emitted.
2026-07-17T19:46:17,paper_main,citeseer,degree,1,mix,NOT_RUN,,,D:\桌面\研究生相关事项\CodeWork\DCDLP_work\DCDLP\results\logs\paper_main_citeseer_degree_mix_seed1.log,Official baseline is intentionally isolated from the DCDLP implementation. Run scripts/download_data.py --third-party and the matching official adapter; no synthetic score was emitted.
2026-07-17T19:46:17,paper_main,citeseer,degree,2,uniform,NOT_RUN,,,D:\桌面\研究生相关事项\CodeWork\DCDLP_work\DCDLP\results\logs\paper_main_citeseer_degree_uniform_seed2.log,Official baseline is intentionally isolated from the DCDLP implementation. Run scripts/download_data.py --third-party and the matching official adapter; no synthetic score was emitted.
2026-07-17T19:46:17,paper_main,citeseer,degree,2,degree_corrected,NOT_RUN,,,D:\桌面\研究生相关事项\CodeWork\DCDLP_work\DCDLP\results\logs\paper_main_citeseer_degree_degree_corrected_seed2.log,Official baseline is intentionally isolated from the DCDLP implementation. Run scripts/download_data.py --third-party and the matching official adapter; no synthetic score was emitted.
2026-07-17T19:46:17,paper_main,citeseer,degree,2,mix,NOT_RUN,,,D:\桌面\研究生相关事项\CodeWork\DCDLP_work\DCDLP\results\logs\paper_main_citeseer_degree_mix_seed2.log,Official baseline is intentionally isolated from the DCDLP implementation. Run scripts/download_data.py --third-party and the matching official adapter; no synthetic score was emitted.
2026-07-17T19:46:17,paper_main,citeseer,degree,3,uniform,NOT_RUN,,,D:\桌面\研究生相关事项\CodeWork\DCDLP_work\DCDLP\results\logs\paper_main_citeseer_degree_uniform_seed3.log,Official baseline is intentionally isolated from the DCDLP implementation. Run scripts/download_data.py --third-party and the matching official adapter; no synthetic score was emitted.
2026-07-17T19:46:17,paper_main,citeseer,degree,3,degree_corrected,NOT_RUN,,,D:\桌面\研究生相关事项\CodeWork\DCDLP_work\DCDLP\results\logs\paper_main_citeseer_degree_degree_corrected_seed3.log,Official baseline is intentionally isolated from the DCDLP implementation. Run scripts/download_data.py --third-party and the matching official adapter; no synthetic score was emitted.
2026-07-17T19:46:17,paper_main,citeseer,degree,3,mix,NOT_RUN,,,D:\桌面\研究生相关事项\CodeWork\DCDLP_work\DCDLP\results\logs\paper_main_citeseer_degree_mix_seed3.log,Official baseline is intentionally isolated from the DCDLP implementation. Run scripts/download_data.py --third-party and the matching official adapter; no synthetic score was emitted.
2026-07-17T19:46:17,paper_main,citeseer,degree,4,uniform,NOT_RUN,,,D:\桌面\研究生相关事项\CodeWork\DCDLP_work\DCDLP\results\logs\paper_main_citeseer_degree_uniform_seed4.log,Official baseline is intentionally isolated from the DCDLP implementation. Run scripts/download_data.py --third-party and the matching official adapter; no synthetic score was emitted.
2026-07-17T19:46:17,paper_main,citeseer,degree,4,degree_corrected,NOT_RUN,,,D:\桌面\研究生相关事项\CodeWork\DCDLP_work\DCDLP\results\logs\paper_main_citeseer_degree_degree_corrected_seed4.log,Official baseline is intentionally isolated from the DCDLP implementation. Run scripts/download_data.py --third-party and the matching official adapter; no synthetic score was emitted.
2026-07-17T19:46:17,paper_main,citeseer,degree,4,mix,NOT_RUN,,,D:\桌面\研究生相关事项\CodeWork\DCDLP_work\DCDLP\results\logs\paper_main_citeseer_degree_mix_seed4.log,Official baseline is intentionally isolated from the DCDLP implementation. Run scripts/download_data.py --third-party and the matching official adapter; no synthetic score was emitted.
2026-07-17T19:46:17,paper_main,citeseer,degree,5,uniform,NOT_RUN,,,D:\桌面\研究生相关事项\CodeWork\DCDLP_work\DCDLP\results\logs\paper_main_citeseer_degree_uniform_seed5.log,Official baseline is intentionally isolated from the DCDLP implementation. Run scripts/download_data.py --third-party and the matching official adapter; no synthetic score was emitted.
2026-07-17T19:46:17,paper_main,citeseer,degree,5,degree_corrected,NOT_RUN,,,D:\桌面\研究生相关事项\CodeWork\DCDLP_work\DCDLP\results\logs\paper_main_citeseer_degree_degree_corrected_seed5.log,Official baseline is intentionally isolated from the DCDLP implementation. Run scripts/download_data.py --third-party and the matching official adapter; no synthetic score was emitted.
2026-07-17T19:46:17,paper_main,citeseer,degree,5,mix,NOT_RUN,,,D:\桌面\研究生相关事项\CodeWork\DCDLP_work\DCDLP\results\logs\paper_main_citeseer_degree_mix_seed5.log,Official baseline is intentionally isolated from the DCDLP implementation. Run scripts/download_data.py --third-party and the matching official adapter; no synthetic score was emitted.
2026-07-17T19:46:17,paper_main,citeseer,degree,6,uniform,NOT_RUN,,,D:\桌面\研究生相关事项\CodeWork\DCDLP_work\DCDLP\results\logs\paper_main_citeseer_degree_uniform_seed6.log,Official baseline is intentionally isolated from the DCDLP implementation. Run scripts/download_data.py --third-party and the matching official adapter; no synthetic score was emitted.
2026-07-17T19:46:17,paper_main,citeseer,degree,6,degree_corrected,NOT_RUN,,,D:\桌面\研究生相关事项\CodeWork\DCDLP_work\DCDLP\results\logs\paper_main_citeseer_degree_degree_corrected_seed6.log,Official baseline is intentionally isolated from the DCDLP implementation. Run scripts/download_data.py --third-party and the matching official adapter; no synthetic score was emitted.
2026-07-17T19:46:17,paper_main,citeseer,degree,6,mix,NOT_RUN,,,D:\桌面\研究生相关事项\CodeWork\DCDLP_work\DCDLP\results\logs\paper_main_citeseer_degree_mix_seed6.log,Official baseline is intentionally isolated from the DCDLP implementation. Run scripts/download_data.py --third-party and the matching official adapter; no synthetic score was emitted.
2026-07-17T19:46:17,paper_main,citeseer,degree,7,uniform,NOT_RUN,,,D:\桌面\研究生相关事项\CodeWork\DCDLP_work\DCDLP\results\logs\paper_main_citeseer_degree_uniform_seed7.log,Official baseline is intentionally isolated from the DCDLP implementation. Run scripts/download_data.py --third-party and the matching official adapter; no synthetic score was emitted.
2026-07-17T19:46:17,paper_main,citeseer,degree,7,degree_corrected,NOT_RUN,,,D:\桌面\研究生相关事项\CodeWork\DCDLP_work\DCDLP\results\logs\paper_main_citeseer_degree_degree_corrected_seed7.log,Official baseline is intentionally isolated from the DCDLP implementation. Run scripts/download_data.py --third-party and the matching official adapter; no synthetic score was emitted.
2026-07-17T19:46:17,paper_main,citeseer,degree,7,mix,NOT_RUN,,,D:\桌面\研究生相关事项\CodeWork\DCDLP_work\DCDLP\results\logs\paper_main_citeseer_degree_mix_seed7.log,Official baseline is intentionally isolated from the DCDLP implementation. Run scripts/download_data.py --third-party and the matching official adapter; no synthetic score was emitted.
2026-07-17T19:46:17,paper_main,citeseer,degree,8,uniform,NOT_RUN,,,D:\桌面\研究生相关事项\CodeWork\DCDLP_work\DCDLP\results\logs\paper_main_citeseer_degree_uniform_seed8.log,Official baseline is intentionally isolated from the DCDLP implementation. Run scripts/download_data.py --third-party and the matching official adapter; no synthetic score was emitted.
2026-07-17T19:46:17,paper_main,citeseer,degree,8,degree_corrected,NOT_RUN,,,D:\桌面\研究生相关事项\CodeWork\DCDLP_work\DCDLP\results\logs\paper_main_citeseer_degree_degree_corrected_seed8.log,Official baseline is intentionally isolated from the DCDLP implementation. Run scripts/download_data.py --third-party and the matching official adapter; no synthetic score was emitted.
2026-07-17T19:46:17,paper_main,citeseer,degree,8,mix,NOT_RUN,,,D:\桌面\研究生相关事项\CodeWork\DCDLP_work\DCDLP\results\logs\paper_main_citeseer_degree_mix_seed8.log,Official baseline is intentionally isolated from the DCDLP implementation. Run scripts/download_data.py --third-party and the matching official adapter; no synthetic score was emitted.
2026-07-17T19:46:17,paper_main,citeseer,degree,9,uniform,NOT_RUN,,,D:\桌面\研究生相关事项\CodeWork\DCDLP_work\DCDLP\results\logs\paper_main_citeseer_degree_uniform_seed9.log,Official baseline is intentionally isolated from the DCDLP implementation. Run scripts/download_data.py --third-party and the matching official adapter; no synthetic score was emitted.
2026-07-17T19:46:17,paper_main,citeseer,degree,9,degree_corrected,NOT_RUN,,,D:\桌面\研究生相关事项\CodeWork\DCDLP_work\DCDLP\results\logs\paper_main_citeseer_degree_degree_corrected_seed9.log,Official baseline is intentionally isolated from the DCDLP implementation. Run scripts/download_data.py --third-party and the matching official adapter; no synthetic score was emitted.
2026-07-17T19:46:17,paper_main,citeseer,degree,9,mix,NOT_RUN,,,D:\桌面\研究生相关事项\CodeWork\DCDLP_work\DCDLP\results\logs\paper_main_citeseer_degree_mix_seed9.log,Official baseline is intentionally isolated from the DCDLP implementation. Run scripts/download_data.py --third-party and the matching official adapter; no synthetic score was emitted.
2026-07-17T19:46:17,paper_main,citeseer,pa,0,uniform,NOT_RUN,,,D:\桌面\研究生相关事项\CodeWork\DCDLP_work\DCDLP\results\logs\paper_main_citeseer_pa_uniform_seed0.log,Official baseline is intentionally isolated from the DCDLP implementation. Run scripts/download_data.py --third-party and the matching official adapter; no synthetic score was emitted.
2026-07-17T19:46:17,paper_main,citeseer,pa,0,degree_corrected,NOT_RUN,,,D:\桌面\研究生相关事项\CodeWork\DCDLP_work\DCDLP\results\logs\paper_main_citeseer_pa_degree_corrected_seed0.log,Official baseline is intentionally isolated from the DCDLP implementation. Run scripts/download_data.py --third-party and the matching official adapter; no synthetic score was emitted.
2026-07-17T19:46:17,paper_main,citeseer,pa,0,mix,NOT_RUN,,,D:\桌面\研究生相关事项\CodeWork\DCDLP_work\DCDLP\results\logs\paper_main_citeseer_pa_mix_seed0.log,Official baseline is intentionally isolated from the DCDLP implementation. Run scripts/download_data.py --third-party and the matching official adapter; no synthetic score was emitted.
2026-07-17T19:46:17,paper_main,citeseer,pa,1,uniform,NOT_RUN,,,D:\桌面\研究生相关事项\CodeWork\DCDLP_work\DCDLP\results\logs\paper_main_citeseer_pa_uniform_seed1.log,Official baseline is intentionally isolated from the DCDLP implementation. Run scripts/download_data.py --third-party and the matching official adapter; no synthetic score was emitted.
2026-07-17T19:46:17,paper_main,citeseer,pa,1,degree_corrected,NOT_RUN,,,D:\桌面\研究生相关事项\CodeWork\DCDLP_work\DCDLP\results\logs\paper_main_citeseer_pa_degree_corrected_seed1.log,Official baseline is intentionally isolated from the DCDLP implementation. Run scripts/download_data.py --third-party and the matching official adapter; no synthetic score was emitted.
2026-07-17T19:46:17,paper_main,citeseer,pa,1,mix,NOT_RUN,,,D:\桌面\研究生相关事项\CodeWork\DCDLP_work\DCDLP\results\logs\paper_main_citeseer_pa_mix_seed1.log,Official baseline is intentionally isolated from the DCDLP implementation. Run scripts/download_data.py --third-party and the matching official adapter; no synthetic score was emitted.
2026-07-17T19:46:17,paper_main,citeseer,pa,2,uniform,NOT_RUN,,,D:\桌面\研究生相关事项\CodeWork\DCDLP_work\DCDLP\results\logs\paper_main_citeseer_pa_uniform_seed2.log,Official baseline is intentionally isolated from the DCDLP implementation. Run scripts/download_data.py --third-party and the matching official adapter; no synthetic score was emitted.
2026-07-17T19:46:17,paper_main,citeseer,pa,2,degree_corrected,NOT_RUN,,,D:\桌面\研究生相关事项\CodeWork\DCDLP_work\DCDLP\results\logs\paper_main_citeseer_pa_degree_corrected_seed2.log,Official baseline is intentionally isolated from the DCDLP implementation. Run scripts/download_data.py --third-party and the matching official adapter; no synthetic score was emitted.
2026-07-17T19:46:17,paper_main,citeseer,pa,2,mix,NOT_RUN,,,D:\桌面\研究生相关事项\CodeWork\DCDLP_work\DCDLP\results\logs\paper_main_citeseer_pa_mix_seed2.log,Official baseline is intentionally isolated from the DCDLP implementation. Run scripts/download_data.py --third-party and the matching official adapter; no synthetic score was emitted.
2026-07-17T19:46:17,paper_main,citeseer,pa,3,uniform,NOT_RUN,,,D:\桌面\研究生相关事项\CodeWork\DCDLP_work\DCDLP\results\logs\paper_main_citeseer_pa_uniform_seed3.log,Official baseline is intentionally isolated from the DCDLP implementation. Run scripts/download_data.py --third-party and the matching official adapter; no synthetic score was emitted.
2026-07-17T19:46:17,paper_main,citeseer,pa,3,degree_corrected,NOT_RUN,,,D:\桌面\研究生相关事项\CodeWork\DCDLP_work\DCDLP\results\logs\paper_main_citeseer_pa_degree_corrected_seed3.log,Official baseline is intentionally isolated from the DCDLP implementation. Run scripts/download_data.py --third-party and the matching official adapter; no synthetic score was emitted.
2026-07-17T19:46:17,paper_main,citeseer,pa,3,mix,NOT_RUN,,,D:\桌面\研究生相关事项\CodeWork\DCDLP_work\DCDLP\results\logs\paper_main_citeseer_pa_mix_seed3.log,Official baseline is intentionally isolated from the DCDLP implementation. Run scripts/download_data.py --third-party and the matching official adapter; no synthetic score was emitted.
2026-07-17T19:46:17,paper_main,citeseer,pa,4,uniform,NOT_RUN,,,D:\桌面\研究生相关事项\CodeWork\DCDLP_work\DCDLP\results\logs\paper_main_citeseer_pa_uniform_seed4.log,Official baseline is intentionally isolated from the DCDLP implementation. Run scripts/download_data.py --third-party and the matching official adapter; no synthetic score was emitted.
2026-07-17T19:46:17,paper_main,citeseer,pa,4,degree_corrected,NOT_RUN,,,D:\桌面\研究生相关事项\CodeWork\DCDLP_work\DCDLP\results\logs\paper_main_citeseer_pa_degree_corrected_seed4.log,Official baseline is intentionally isolated from the DCDLP implementation. Run scripts/download_data.py --third-party and the matching official adapter; no synthetic score was emitted.
2026-07-17T19:46:17,paper_main,citeseer,pa,4,mix,NOT_RUN,,,D:\桌面\研究生相关事项\CodeWork\DCDLP_work\DCDLP\results\logs\paper_main_citeseer_pa_mix_seed4.log,Official baseline is intentionally isolated from the DCDLP implementation. Run scripts/download_data.py --third-party and the matching official adapter; no synthetic score was emitted.
2026-07-17T19:46:17,paper_main,citeseer,pa,5,uniform,NOT_RUN,,,D:\桌面\研究生相关事项\CodeWork\DCDLP_work\DCDLP\results\logs\paper_main_citeseer_pa_uniform_seed5.log,Official baseline is intentionally isolated from the DCDLP implementation. Run scripts/download_data.py --third-party and the matching official adapter; no synthetic score was emitted.
2026-07-17T19:46:17,paper_main,citeseer,pa,5,degree_corrected,NOT_RUN,,,D:\桌面\研究生相关事项\CodeWork\DCDLP_work\DCDLP\results\logs\paper_main_citeseer_pa_degree_corrected_seed5.log,Official baseline is intentionally isolated from the DCDLP implementation. Run scripts/download_data.py --third-party and the matching official adapter; no synthetic score was emitted.
2026-07-17T19:46:17,paper_main,citeseer,pa,5,mix,NOT_RUN,,,D:\桌面\研究生相关事项\CodeWork\DCDLP_work\DCDLP\results\logs\paper_main_citeseer_pa_mix_seed5.log,Official baseline is intentionally isolated from the DCDLP implementation. Run scripts/download_data.py --third-party and the matching official adapter; no synthetic score was emitted.
2026-07-17T19:46:17,paper_main,citeseer,pa,6,uniform,NOT_RUN,,,D:\桌面\研究生相关事项\CodeWork\DCDLP_work\DCDLP\results\logs\paper_main_citeseer_pa_uniform_seed6.log,Official baseline is intentionally isolated from the DCDLP implementation. Run scripts/download_data.py --third-party and the matching official adapter; no synthetic score was emitted.
2026-07-17T19:46:17,paper_main,citeseer,pa,6,degree_corrected,NOT_RUN,,,D:\桌面\研究生相关事项\CodeWork\DCDLP_work\DCDLP\results\logs\paper_main_citeseer_pa_degree_corrected_seed6.log,Official baseline is intentionally isolated from the DCDLP implementation. Run scripts/download_data.py --third-party and the matching official adapter; no synthetic score was emitted.
2026-07-17T19:46:17,paper_main,citeseer,pa,6,mix,NOT_RUN,,,D:\桌面\研究生相关事项\CodeWork\DCDLP_work\DCDLP\results\logs\paper_main_citeseer_pa_mix_seed6.log,Official baseline is intentionally isolated from the DCDLP implementation. Run scripts/download_data.py --third-party and the matching official adapter; no synthetic score was emitted.
2026-07-17T19:46:17,paper_main,citeseer,pa,7,uniform,NOT_RUN,,,D:\桌面\研究生相关事项\CodeWork\DCDLP_work\DCDLP\results\logs\paper_main_citeseer_pa_uniform_seed7.log,Official baseline is intentionally isolated from the DCDLP implementation. Run scripts/download_data.py --third-party and the matching official adapter; no synthetic score was emitted.
2026-07-17T19:46:17,paper_main,citeseer,pa,7,degree_corrected,NOT_RUN,,,D:\桌面\研究生相关事项\CodeWork\DCDLP_work\DCDLP\results\logs\paper_main_citeseer_pa_degree_corrected_seed7.log,Official baseline is intentionally isolated from the DCDLP implementation. Run scripts/download_data.py --third-party and the matching official adapter; no synthetic score was emitted.
2026-07-17T19:46:17,paper_main,citeseer,pa,7,mix,NOT_RUN,,,D:\桌面\研究生相关事项\CodeWork\DCDLP_work\DCDLP\results\logs\paper_main_citeseer_pa_mix_seed7.log,Official baseline is intentionally isolated from the DCDLP implementation. Run scripts/download_data.py --third-party and the matching official adapter; no synthetic score was emitted.
2026-07-17T19:46:17,paper_main,citeseer,pa,8,uniform,NOT_RUN,,,D:\桌面\研究生相关事项\CodeWork\DCDLP_work\DCDLP\results\logs\paper_main_citeseer_pa_uniform_seed8.log,Official baseline is intentionally isolated from the DCDLP implementation. Run scripts/download_data.py --third-party and the matching official adapter; no synthetic score was emitted.
2026-07-17T19:46:17,paper_main,citeseer,pa,8,degree_corrected,NOT_RUN,,,D:\桌面\研究生相关事项\CodeWork\DCDLP_work\DCDLP\results\logs\paper_main_citeseer_pa_degree_corrected_seed8.log,Official baseline is intentionally isolated from the DCDLP implementation. Run scripts/download_data.py --third-party and the matching official adapter; no synthetic score was emitted.
2026-07-17T19:46:17,paper_main,citeseer,pa,8,mix,NOT_RUN,,,D:\桌面\研究生相关事项\CodeWork\DCDLP_work\DCDLP\results\logs\paper_main_citeseer_pa_mix_seed8.log,Official baseline is intentionally isolated from the DCDLP implementation. Run scripts/download_data.py --third-party and the matching official adapter; no synthetic score was emitted.
2026-07-17T19:46:17,paper_main,citeseer,pa,9,uniform,NOT_RUN,,,D:\桌面\研究生相关事项\CodeWork\DCDLP_work\DCDLP\results\logs\paper_main_citeseer_pa_uniform_seed9.log,Official baseline is intentionally isolated from the DCDLP implementation. Run scripts/download_data.py --third-party and the matching official adapter; no synthetic score was emitted.
2026-07-17T19:46:17,paper_main,citeseer,pa,9,degree_corrected,NOT_RUN,,,D:\桌面\研究生相关事项\CodeWork\DCDLP_work\DCDLP\results\logs\paper_main_citeseer_pa_degree_corrected_seed9.log,Official baseline is intentionally isolated from the DCDLP implementation. Run scripts/download_data.py --third-party and the matching official adapter; no synthetic score was emitted.
2026-07-17T19:46:17,paper_main,citeseer,pa,9,mix,NOT_RUN,,,D:\桌面\研究生相关事项\CodeWork\DCDLP_work\DCDLP\results\logs\paper_main_citeseer_pa_mix_seed9.log,Official baseline is intentionally isolated from the DCDLP implementation. Run scripts/download_data.py --third-party and the matching official adapter; no synthetic score was emitted.
2026-07-17T19:46:17,paper_main,citeseer,cn,0,uniform,NOT_RUN,,,D:\桌面\研究生相关事项\CodeWork\DCDLP_work\DCDLP\results\logs\paper_main_citeseer_cn_uniform_seed0.log,Official baseline is intentionally isolated from the DCDLP implementation. Run scripts/download_data.py --third-party and the matching official adapter; no synthetic score was emitted.
2026-07-17T19:46:17,paper_main,citeseer,cn,0,degree_corrected,NOT_RUN,,,D:\桌面\研究生相关事项\CodeWork\DCDLP_work\DCDLP\results\logs\paper_main_citeseer_cn_degree_corrected_seed0.log,Official baseline is intentionally isolated from the DCDLP implementation. Run scripts/download_data.py --third-party and the matching official adapter; no synthetic score was emitted.
2026-07-17T19:46:17,paper_main,citeseer,cn,0,mix,NOT_RUN,,,D:\桌面\研究生相关事项\CodeWork\DCDLP_work\DCDLP\results\logs\paper_main_citeseer_cn_mix_seed0.log,Official baseline is intentionally isolated from the DCDLP implementation. Run scripts/download_data.py --third-party and the matching official adapter; no synthetic score was emitted.
2026-07-17T19:46:17,paper_main,citeseer,cn,1,uniform,NOT_RUN,,,D:\桌面\研究生相关事项\CodeWork\DCDLP_work\DCDLP\results\logs\paper_main_citeseer_cn_uniform_seed1.log,Official baseline is intentionally isolated from the DCDLP implementation. Run scripts/download_data.py --third-party and the matching official adapter; no synthetic score was emitted.
2026-07-17T19:46:17,paper_main,citeseer,cn,1,degree_corrected,NOT_RUN,,,D:\桌面\研究生相关事项\CodeWork\DCDLP_work\DCDLP\results\logs\paper_main_citeseer_cn_degree_corrected_seed1.log,Official baseline is intentionally isolated from the DCDLP implementation. Run scripts/download_data.py --third-party and the matching official adapter; no synthetic score was emitted.
2026-07-17T19:46:17,paper_main,citeseer,cn,1,mix,NOT_RUN,,,D:\桌面\研究生相关事项\CodeWork\DCDLP_work\DCDLP\results\logs\paper_main_citeseer_cn_mix_seed1.log,Official baseline is intentionally isolated from the DCDLP implementation. Run scripts/download_data.py --third-party and the matching official adapter; no synthetic score was emitted.
2026-07-17T19:46:17,paper_main,citeseer,cn,2,uniform,NOT_RUN,,,D:\桌面\研究生相关事项\CodeWork\DCDLP_work\DCDLP\results\logs\paper_main_citeseer_cn_uniform_seed2.log,Official baseline is intentionally isolated from the DCDLP implementation. Run scripts/download_data.py --third-party and the matching official adapter; no synthetic score was emitted.
2026-07-17T19:46:17,paper_main,citeseer,cn,2,degree_corrected,NOT_RUN,,,D:\桌面\研究生相关事项\CodeWork\DCDLP_work\DCDLP\results\logs\paper_main_citeseer_cn_degree_corrected_seed2.log,Official baseline is intentionally isolated from the DCDLP implementation. Run scripts/download_data.py --third-party and the matching official adapter; no synthetic score was emitted.
2026-07-17T19:46:17,paper_main,citeseer,cn,2,mix,NOT_RUN,,,D:\桌面\研究生相关事项\CodeWork\DCDLP_work\DCDLP\results\logs\paper_main_citeseer_cn_mix_seed2.log,Official baseline is intentionally isolated from the DCDLP implementation. Run scripts/download_data.py --third-party and the matching official adapter; no synthetic score was emitted.
2026-07-17T19:46:17,paper_main,citeseer,cn,3,uniform,NOT_RUN,,,D:\桌面\研究生相关事项\CodeWork\DCDLP_work\DCDLP\results\logs\paper_main_citeseer_cn_uniform_seed3.log,Official baseline is intentionally isolated from the DCDLP implementation. Run scripts/download_data.py --third-party and the matching official adapter; no synthetic score was emitted.
2026-07-17T19:46:17,paper_main,citeseer,cn,3,degree_corrected,NOT_RUN,,,D:\桌面\研究生相关事项\CodeWork\DCDLP_work\DCDLP\results\logs\paper_main_citeseer_cn_degree_corrected_seed3.log,Official baseline is intentionally isolated from the DCDLP implementation. Run scripts/download_data.py --third-party and the matching official adapter; no synthetic score was emitted.
2026-07-17T19:46:17,paper_main,citeseer,cn,3,mix,NOT_RUN,,,D:\桌面\研究生相关事项\CodeWork\DCDLP_work\DCDLP\results\logs\paper_main_citeseer_cn_mix_seed3.log,Official baseline is intentionally isolated from the DCDLP implementation. Run scripts/download_data.py --third-party and the matching official adapter; no synthetic score was emitted.
2026-07-17T19:46:17,paper_main,citeseer,cn,4,uniform,NOT_RUN,,,D:\桌面\研究生相关事项\CodeWork\DCDLP_work\DCDLP\results\logs\paper_main_citeseer_cn_uniform_seed4.log,Official baseline is intentionally isolated from the DCDLP implementation. Run scripts/download_data.py --third-party and the matching official adapter; no synthetic score was emitted.
2026-07-17T19:46:17,paper_main,citeseer,cn,4,degree_corrected,NOT_RUN,,,D:\桌面\研究生相关事项\CodeWork\DCDLP_work\DCDLP\results\logs\paper_main_citeseer_cn_degree_corrected_seed4.log,Official baseline is intentionally isolated from the DCDLP implementation. Run scripts/download_data.py --third-party and the matching official adapter; no synthetic score was emitted.
2026-07-17T19:46:17,paper_main,citeseer,cn,4,mix,NOT_RUN,,,D:\桌面\研究生相关事项\CodeWork\DCDLP_work\DCDLP\results\logs\paper_main_citeseer_cn_mix_seed4.log,Official baseline is intentionally isolated from the DCDLP implementation. Run scripts/download_data.py --third-party and the matching official adapter; no synthetic score was emitted.
2026-07-17T19:46:17,paper_main,citeseer,cn,5,uniform,NOT_RUN,,,D:\桌面\研究生相关事项\CodeWork\DCDLP_work\DCDLP\results\logs\paper_main_citeseer_cn_uniform_seed5.log,Official baseline is intentionally isolated from the DCDLP implementation. Run scripts/download_data.py --third-party and the matching official adapter; no synthetic score was emitted.
2026-07-17T19:46:17,paper_main,citeseer,cn,5,degree_corrected,NOT_RUN,,,D:\桌面\研究生相关事项\CodeWork\DCDLP_work\DCDLP\results\logs\paper_main_citeseer_cn_degree_corrected_seed5.log,Official baseline is intentionally isolated from the DCDLP implementation. Run scripts/download_data.py --third-party and the matching official adapter; no synthetic score was emitted.
2026-07-17T19:46:17,paper_main,citeseer,cn,5,mix,NOT_RUN,,,D:\桌面\研究生相关事项\CodeWork\DCDLP_work\DCDLP\results\logs\paper_main_citeseer_cn_mix_seed5.log,Official baseline is intentionally isolated from the DCDLP implementation. Run scripts/download_data.py --third-party and the matching official adapter; no synthetic score was emitted.
2026-07-17T19:46:17,paper_main,citeseer,cn,6,uniform,NOT_RUN,,,D:\桌面\研究生相关事项\CodeWork\DCDLP_work\DCDLP\results\logs\paper_main_citeseer_cn_uniform_seed6.log,Official baseline is intentionally isolated from the DCDLP implementation. Run scripts/download_data.py --third-party and the matching official adapter; no synthetic score was emitted.
2026-07-17T19:46:17,paper_main,citeseer,cn,6,degree_corrected,NOT_RUN,,,D:\桌面\研究生相关事项\CodeWork\DCDLP_work\DCDLP\results\logs\paper_main_citeseer_cn_degree_corrected_seed6.log,Official baseline is intentionally isolated from the DCDLP implementation. Run scripts/download_data.py --third-party and the matching official adapter; no synthetic score was emitted.
2026-07-17T19:46:17,paper_main,citeseer,cn,6,mix,NOT_RUN,,,D:\桌面\研究生相关事项\CodeWork\DCDLP_work\DCDLP\results\logs\paper_main_citeseer_cn_mix_seed6.log,Official baseline is intentionally isolated from the DCDLP implementation. Run scripts/download_data.py --third-party and the matching official adapter; no synthetic score was emitted.
2026-07-17T19:46:17,paper_main,citeseer,cn,7,uniform,NOT_RUN,,,D:\桌面\研究生相关事项\CodeWork\DCDLP_work\DCDLP\results\logs\paper_main_citeseer_cn_uniform_seed7.log,Official baseline is intentionally isolated from the DCDLP implementation. Run scripts/download_data.py --third-party and the matching official adapter; no synthetic score was emitted.
2026-07-17T19:46:17,paper_main,citeseer,cn,7,degree_corrected,NOT_RUN,,,D:\桌面\研究生相关事项\CodeWork\DCDLP_work\DCDLP\results\logs\paper_main_citeseer_cn_degree_corrected_seed7.log,Official baseline is intentionally isolated from the DCDLP implementation. Run scripts/download_data.py --third-party and the matching official adapter; no synthetic score was emitted.
2026-07-17T19:46:17,paper_main,citeseer,cn,7,mix,NOT_RUN,,,D:\桌面\研究生相关事项\CodeWork\DCDLP_work\DCDLP\results\logs\paper_main_citeseer_cn_mix_seed7.log,Official baseline is intentionally isolated from the DCDLP implementation. Run scripts/download_data.py --third-party and the matching official adapter; no synthetic score was emitted.
2026-07-17T19:46:17,paper_main,citeseer,cn,8,uniform,NOT_RUN,,,D:\桌面\研究生相关事项\CodeWork\DCDLP_work\DCDLP\results\logs\paper_main_citeseer_cn_uniform_seed8.log,Official baseline is intentionally isolated from the DCDLP implementation. Run scripts/download_data.py --third-party and the matching official adapter; no synthetic score was emitted.
2026-07-17T19:46:17,paper_main,citeseer,cn,8,degree_corrected,NOT_RUN,,,D:\桌面\研究生相关事项\CodeWork\DCDLP_work\DCDLP\results\logs\paper_main_citeseer_cn_degree_corrected_seed8.log,Official baseline is intentionally isolated from the DCDLP implementation. Run scripts/download_data.py --third-party and the matching official adapter; no synthetic score was emitted.
2026-07-17T19:46:17,paper_main,citeseer,cn,8,mix,NOT_RUN,,,D:\桌面\研究生相关事项\CodeWork\DCDLP_work\DCDLP\results\logs\paper_main_citeseer_cn_mix_seed8.log,Official baseline is intentionally isolated from the DCDLP implementation. Run scripts/download_data.py --third-party and the matching official adapter; no synthetic score was emitted.
2026-07-17T19:46:17,paper_main,citeseer,cn,9,uniform,NOT_RUN,,,D:\桌面\研究生相关事项\CodeWork\DCDLP_work\DCDLP\results\logs\paper_main_citeseer_cn_uniform_seed9.log,Official baseline is intentionally isolated from the DCDLP implementation. Run scripts/download_data.py --third-party and the matching official adapter; no synthetic score was emitted.
2026-07-17T19:46:17,paper_main,citeseer,cn,9,degree_corrected,NOT_RUN,,,D:\桌面\研究生相关事项\CodeWork\DCDLP_work\DCDLP\results\logs\paper_main_citeseer_cn_degree_corrected_seed9.log,Official baseline is intentionally isolated from the DCDLP implementation. Run scripts/download_data.py --third-party and the matching official adapter; no synthetic score was emitted.
2026-07-17T19:46:17,paper_main,citeseer,cn,9,mix,NOT_RUN,,,D:\桌面\研究生相关事项\CodeWork\DCDLP_work\DCDLP\results\logs\paper_main_citeseer_cn_mix_seed9.log,Official baseline is intentionally isolated from the DCDLP implementation. Run scripts/download_data.py --third-party and the matching official adapter; no synthetic score was emitted.
2026-07-17T19:46:17,paper_main,citeseer,aa,0,uniform,NOT_RUN,,,D:\桌面\研究生相关事项\CodeWork\DCDLP_work\DCDLP\results\logs\paper_main_citeseer_aa_uniform_seed0.log,Official baseline is intentionally isolated from the DCDLP implementation. Run scripts/download_data.py --third-party and the matching official adapter; no synthetic score was emitted.
2026-07-17T19:46:17,paper_main,citeseer,aa,0,degree_corrected,NOT_RUN,,,D:\桌面\研究生相关事项\CodeWork\DCDLP_work\DCDLP\results\logs\paper_main_citeseer_aa_degree_corrected_seed0.log,Official baseline is intentionally isolated from the DCDLP implementation. Run scripts/download_data.py --third-party and the matching official adapter; no synthetic score was emitted.
2026-07-17T19:46:17,paper_main,citeseer,aa,0,mix,NOT_RUN,,,D:\桌面\研究生相关事项\CodeWork\DCDLP_work\DCDLP\results\logs\paper_main_citeseer_aa_mix_seed0.log,Official baseline is intentionally isolated from the DCDLP implementation. Run scripts/download_data.py --third-party and the matching official adapter; no synthetic score was emitted.
2026-07-17T19:46:17,paper_main,citeseer,aa,1,uniform,NOT_RUN,,,D:\桌面\研究生相关事项\CodeWork\DCDLP_work\DCDLP\results\logs\paper_main_citeseer_aa_uniform_seed1.log,Official baseline is intentionally isolated from the DCDLP implementation. Run scripts/download_data.py --third-party and the matching official adapter; no synthetic score was emitted.
2026-07-17T19:46:17,paper_main,citeseer,aa,1,degree_corrected,NOT_RUN,,,D:\桌面\研究生相关事项\CodeWork\DCDLP_work\DCDLP\results\logs\paper_main_citeseer_aa_degree_corrected_seed1.log,Official baseline is intentionally isolated from the DCDLP implementation. Run scripts/download_data.py --third-party and the matching official adapter; no synthetic score was emitted.
2026-07-17T19:46:17,paper_main,citeseer,aa,1,mix,NOT_RUN,,,D:\桌面\研究生相关事项\CodeWork\DCDLP_work\DCDLP\results\logs\paper_main_citeseer_aa_mix_seed1.log,Official baseline is intentionally isolated from the DCDLP implementation. Run scripts/download_data.py --third-party and the matching official adapter; no synthetic score was emitted.
2026-07-17T19:46:17,paper_main,citeseer,aa,2,uniform,NOT_RUN,,,D:\桌面\研究生相关事项\CodeWork\DCDLP_work\DCDLP\results\logs\paper_main_citeseer_aa_uniform_seed2.log,Official baseline is intentionally isolated from the DCDLP implementation. Run scripts/download_data.py --third-party and the matching official adapter; no synthetic score was emitted.
2026-07-17T19:46:17,paper_main,citeseer,aa,2,degree_corrected,NOT_RUN,,,D:\桌面\研究生相关事项\CodeWork\DCDLP_work\DCDLP\results\logs\paper_main_citeseer_aa_degree_corrected_seed2.log,Official baseline is intentionally isolated from the DCDLP implementation. Run scripts/download_data.py --third-party and the matching official adapter; no synthetic score was emitted.
2026-07-17T19:46:17,paper_main,citeseer,aa,2,mix,NOT_RUN,,,D:\桌面\研究生相关事项\CodeWork\DCDLP_work\DCDLP\results\logs\paper_main_citeseer_aa_mix_seed2.log,Official baseline is intentionally isolated from the DCDLP implementation. Run scripts/download_data.py --third-party and the matching official adapter; no synthetic score was emitted.
2026-07-17T19:46:17,paper_main,citeseer,aa,3,uniform,NOT_RUN,,,D:\桌面\研究生相关事项\CodeWork\DCDLP_work\DCDLP\results\logs\paper_main_citeseer_aa_uniform_seed3.log,Official baseline is intentionally isolated from the DCDLP implementation. Run scripts/download_data.py --third-party and the matching official adapter; no synthetic score was emitted.
2026-07-17T19:46:17,paper_main,citeseer,aa,3,degree_corrected,NOT_RUN,,,D:\桌面\研究生相关事项\CodeWork\DCDLP_work\DCDLP\results\logs\paper_main_citeseer_aa_degree_corrected_seed3.log,Official baseline is intentionally isolated from the DCDLP implementation. Run scripts/download_data.py --third-party and the matching official adapter; no synthetic score was emitted.
2026-07-17T19:46:17,paper_main,citeseer,aa,3,mix,NOT_RUN,,,D:\桌面\研究生相关事项\CodeWork\DCDLP_work\DCDLP\results\logs\paper_main_citeseer_aa_mix_seed3.log,Official baseline is intentionally isolated from the DCDLP implementation. Run scripts/download_data.py --third-party and the matching official adapter; no synthetic score was emitted.
2026-07-17T19:46:17,paper_main,citeseer,aa,4,uniform,NOT_RUN,,,D:\桌面\研究生相关事项\CodeWork\DCDLP_work\DCDLP\results\logs\paper_main_citeseer_aa_uniform_seed4.log,Official baseline is intentionally isolated from the DCDLP implementation. Run scripts/download_data.py --third-party and the matching official adapter; no synthetic score was emitted.
2026-07-17T19:46:17,paper_main,citeseer,aa,4,degree_corrected,NOT_RUN,,,D:\桌面\研究生相关事项\CodeWork\DCDLP_work\DCDLP\results\logs\paper_main_citeseer_aa_degree_corrected_seed4.log,Official baseline is intentionally isolated from the DCDLP implementation. Run scripts/download_data.py --third-party and the matching official adapter; no synthetic score was emitted.
2026-07-17T19:46:17,paper_main,citeseer,aa,4,mix,NOT_RUN,,,D:\桌面\研究生相关事项\CodeWork\DCDLP_work\DCDLP\results\logs\paper_main_citeseer_aa_mix_seed4.log,Official baseline is intentionally isolated from the DCDLP implementation. Run scripts/download_data.py --third-party and the matching official adapter; no synthetic score was emitted.
2026-07-17T19:46:17,paper_main,citeseer,aa,5,uniform,NOT_RUN,,,D:\桌面\研究生相关事项\CodeWork\DCDLP_work\DCDLP\results\logs\paper_main_citeseer_aa_uniform_seed5.log,Official baseline is intentionally isolated from the DCDLP implementation. Run scripts/download_data.py --third-party and the matching official adapter; no synthetic score was emitted.
2026-07-17T19:46:17,paper_main,citeseer,aa,5,degree_corrected,NOT_RUN,,,D:\桌面\研究生相关事项\CodeWork\DCDLP_work\DCDLP\results\logs\paper_main_citeseer_aa_degree_corrected_seed5.log,Official baseline is intentionally isolated from the DCDLP implementation. Run scripts/download_data.py --third-party and the matching official adapter; no synthetic score was emitted.
2026-07-17T19:46:17,paper_main,citeseer,aa,5,mix,NOT_RUN,,,D:\桌面\研究生相关事项\CodeWork\DCDLP_work\DCDLP\results\logs\paper_main_citeseer_aa_mix_seed5.log,Official baseline is intentionally isolated from the DCDLP implementation. Run scripts/download_data.py --third-party and the matching official adapter; no synthetic score was emitted.
2026-07-17T19:46:17,paper_main,citeseer,aa,6,uniform,NOT_RUN,,,D:\桌面\研究生相关事项\CodeWork\DCDLP_work\DCDLP\results\logs\paper_main_citeseer_aa_uniform_seed6.log,Official baseline is intentionally isolated from the DCDLP implementation. Run scripts/download_data.py --third-party and the matching official adapter; no synthetic score was emitted.
2026-07-17T19:46:17,paper_main,citeseer,aa,6,degree_corrected,NOT_RUN,,,D:\桌面\研究生相关事项\CodeWork\DCDLP_work\DCDLP\results\logs\paper_main_citeseer_aa_degree_corrected_seed6.log,Official baseline is intentionally isolated from the DCDLP implementation. Run scripts/download_data.py --third-party and the matching official adapter; no synthetic score was emitted.
2026-07-17T19:46:17,paper_main,citeseer,aa,6,mix,NOT_RUN,,,D:\桌面\研究生相关事项\CodeWork\DCDLP_work\DCDLP\results\logs\paper_main_citeseer_aa_mix_seed6.log,Official baseline is intentionally isolated from the DCDLP implementation. Run scripts/download_data.py --third-party and the matching official adapter; no synthetic score was emitted.
2026-07-17T19:46:17,paper_main,citeseer,aa,7,uniform,NOT_RUN,,,D:\桌面\研究生相关事项\CodeWork\DCDLP_work\DCDLP\results\logs\paper_main_citeseer_aa_uniform_seed7.log,Official baseline is intentionally isolated from the DCDLP implementation. Run scripts/download_data.py --third-party and the matching official adapter; no synthetic score was emitted.
2026-07-17T19:46:17,paper_main,citeseer,aa,7,degree_corrected,NOT_RUN,,,D:\桌面\研究生相关事项\CodeWork\DCDLP_work\DCDLP\results\logs\paper_main_citeseer_aa_degree_corrected_seed7.log,Official baseline is intentionally isolated from the DCDLP implementation. Run scripts/download_data.py --third-party and the matching official adapter; no synthetic score was emitted.
2026-07-17T19:46:17,paper_main,citeseer,aa,7,mix,NOT_RUN,,,D:\桌面\研究生相关事项\CodeWork\DCDLP_work\DCDLP\results\logs\paper_main_citeseer_aa_mix_seed7.log,Official baseline is intentionally isolated from the DCDLP implementation. Run scripts/download_data.py --third-party and the matching official adapter; no synthetic score was emitted.
2026-07-17T19:46:17,paper_main,citeseer,aa,8,uniform,NOT_RUN,,,D:\桌面\研究生相关事项\CodeWork\DCDLP_work\DCDLP\results\logs\paper_main_citeseer_aa_uniform_seed8.log,Official baseline is intentionally isolated from the DCDLP implementation. Run scripts/download_data.py --third-party and the matching official adapter; no synthetic score was emitted.
2026-07-17T19:46:17,paper_main,citeseer,aa,8,degree_corrected,NOT_RUN,,,D:\桌面\研究生相关事项\CodeWork\DCDLP_work\DCDLP\results\logs\paper_main_citeseer_aa_degree_corrected_seed8.log,Official baseline is intentionally isolated from the DCDLP implementation. Run scripts/download_data.py --third-party and the matching official adapter; no synthetic score was emitted.
2026-07-17T19:46:17,paper_main,citeseer,aa,8,mix,NOT_RUN,,,D:\桌面\研究生相关事项\CodeWork\DCDLP_work\DCDLP\results\logs\paper_main_citeseer_aa_mix_seed8.log,Official baseline is intentionally isolated from the DCDLP implementation. Run scripts/download_data.py --third-party and the matching official adapter; no synthetic score was emitted.
2026-07-17T19:46:17,paper_main,citeseer,aa,9,uniform,NOT_RUN,,,D:\桌面\研究生相关事项\CodeWork\DCDLP_work\DCDLP\results\logs\paper_main_citeseer_aa_uniform_seed9.log,Official baseline is intentionally isolated from the DCDLP implementation. Run scripts/download_data.py --third-party and the matching official adapter; no synthetic score was emitted.
2026-07-17T19:46:17,paper_main,citeseer,aa,9,degree_corrected,NOT_RUN,,,D:\桌面\研究生相关事项\CodeWork\DCDLP_work\DCDLP\results\logs\paper_main_citeseer_aa_degree_corrected_seed9.log,Official baseline is intentionally isolated from the DCDLP implementation. Run scripts/download_data.py --third-party and the matching official adapter; no synthetic score was emitted.
2026-07-17T19:46:17,paper_main,citeseer,aa,9,mix,NOT_RUN,,,D:\桌面\研究生相关事项\CodeWork\DCDLP_work\DCDLP\results\logs\paper_main_citeseer_aa_mix_seed9.log,Official baseline is intentionally isolated from the DCDLP implementation. Run scripts/download_data.py --third-party and the matching official adapter; no synthetic score was emitted.
2026-07-17T19:46:17,paper_main,citeseer,ra,0,uniform,NOT_RUN,,,D:\桌面\研究生相关事项\CodeWork\DCDLP_work\DCDLP\results\logs\paper_main_citeseer_ra_uniform_seed0.log,Official baseline is intentionally isolated from the DCDLP implementation. Run scripts/download_data.py --third-party and the matching official adapter; no synthetic score was emitted.
2026-07-17T19:46:17,paper_main,citeseer,ra,0,degree_corrected,NOT_RUN,,,D:\桌面\研究生相关事项\CodeWork\DCDLP_work\DCDLP\results\logs\paper_main_citeseer_ra_degree_corrected_seed0.log,Official baseline is intentionally isolated from the DCDLP implementation. Run scripts/download_data.py --third-party and the matching official adapter; no synthetic score was emitted.
2026-07-17T19:46:17,paper_main,citeseer,ra,0,mix,NOT_RUN,,,D:\桌面\研究生相关事项\CodeWork\DCDLP_work\DCDLP\results\logs\paper_main_citeseer_ra_mix_seed0.log,Official baseline is intentionally isolated from the DCDLP implementation. Run scripts/download_data.py --third-party and the matching official adapter; no synthetic score was emitted.
2026-07-17T19:46:17,paper_main,citeseer,ra,1,uniform,NOT_RUN,,,D:\桌面\研究生相关事项\CodeWork\DCDLP_work\DCDLP\results\logs\paper_main_citeseer_ra_uniform_seed1.log,Official baseline is intentionally isolated from the DCDLP implementation. Run scripts/download_data.py --third-party and the matching official adapter; no synthetic score was emitted.
2026-07-17T19:46:17,paper_main,citeseer,ra,1,degree_corrected,NOT_RUN,,,D:\桌面\研究生相关事项\CodeWork\DCDLP_work\DCDLP\results\logs\paper_main_citeseer_ra_degree_corrected_seed1.log,Official baseline is intentionally isolated from the DCDLP implementation. Run scripts/download_data.py --third-party and the matching official adapter; no synthetic score was emitted.
2026-07-17T19:46:17,paper_main,citeseer,ra,1,mix,NOT_RUN,,,D:\桌面\研究生相关事项\CodeWork\DCDLP_work\DCDLP\results\logs\paper_main_citeseer_ra_mix_seed1.log,Official baseline is intentionally isolated from the DCDLP implementation. Run scripts/download_data.py --third-party and the matching official adapter; no synthetic score was emitted.
2026-07-17T19:46:17,paper_main,citeseer,ra,2,uniform,NOT_RUN,,,D:\桌面\研究生相关事项\CodeWork\DCDLP_work\DCDLP\results\logs\paper_main_citeseer_ra_uniform_seed2.log,Official baseline is intentionally isolated from the DCDLP implementation. Run scripts/download_data.py --third-party and the matching official adapter; no synthetic score was emitted.
2026-07-17T19:46:17,paper_main,citeseer,ra,2,degree_corrected,NOT_RUN,,,D:\桌面\研究生相关事项\CodeWork\DCDLP_work\DCDLP\results\logs\paper_main_citeseer_ra_degree_corrected_seed2.log,Official baseline is intentionally isolated from the DCDLP implementation. Run scripts/download_data.py --third-party and the matching official adapter; no synthetic score was emitted.
2026-07-17T19:46:17,paper_main,citeseer,ra,2,mix,NOT_RUN,,,D:\桌面\研究生相关事项\CodeWork\DCDLP_work\DCDLP\results\logs\paper_main_citeseer_ra_mix_seed2.log,Official baseline is intentionally isolated from the DCDLP implementation. Run scripts/download_data.py --third-party and the matching official adapter; no synthetic score was emitted.
2026-07-17T19:46:17,paper_main,citeseer,ra,3,uniform,NOT_RUN,,,D:\桌面\研究生相关事项\CodeWork\DCDLP_work\DCDLP\results\logs\paper_main_citeseer_ra_uniform_seed3.log,Official baseline is intentionally isolated from the DCDLP implementation. Run scripts/download_data.py --third-party and the matching official adapter; no synthetic score was emitted.
2026-07-17T19:46:17,paper_main,citeseer,ra,3,degree_corrected,NOT_RUN,,,D:\桌面\研究生相关事项\CodeWork\DCDLP_work\DCDLP\results\logs\paper_main_citeseer_ra_degree_corrected_seed3.log,Official baseline is intentionally isolated from the DCDLP implementation. Run scripts/download_data.py --third-party and the matching official adapter; no synthetic score was emitted.
2026-07-17T19:46:17,paper_main,citeseer,ra,3,mix,NOT_RUN,,,D:\桌面\研究生相关事项\CodeWork\DCDLP_work\DCDLP\results\logs\paper_main_citeseer_ra_mix_seed3.log,Official baseline is intentionally isolated from the DCDLP implementation. Run scripts/download_data.py --third-party and the matching official adapter; no synthetic score was emitted.
2026-07-17T19:46:17,paper_main,citeseer,ra,4,uniform,NOT_RUN,,,D:\桌面\研究生相关事项\CodeWork\DCDLP_work\DCDLP\results\logs\paper_main_citeseer_ra_uniform_seed4.log,Official baseline is intentionally isolated from the DCDLP implementation. Run scripts/download_data.py --third-party and the matching official adapter; no synthetic score was emitted.
2026-07-17T19:46:17,paper_main,citeseer,ra,4,degree_corrected,NOT_RUN,,,D:\桌面\研究生相关事项\CodeWork\DCDLP_work\DCDLP\results\logs\paper_main_citeseer_ra_degree_corrected_seed4.log,Official baseline is intentionally isolated from the DCDLP implementation. Run scripts/download_data.py --third-party and the matching official adapter; no synthetic score was emitted.
2026-07-17T19:46:17,paper_main,citeseer,ra,4,mix,NOT_RUN,,,D:\桌面\研究生相关事项\CodeWork\DCDLP_work\DCDLP\results\logs\paper_main_citeseer_ra_mix_seed4.log,Official baseline is intentionally isolated from the DCDLP implementation. Run scripts/download_data.py --third-party and the matching official adapter; no synthetic score was emitted.
2026-07-17T19:46:17,paper_main,citeseer,ra,5,uniform,NOT_RUN,,,D:\桌面\研究生相关事项\CodeWork\DCDLP_work\DCDLP\results\logs\paper_main_citeseer_ra_uniform_seed5.log,Official baseline is intentionally isolated from the DCDLP implementation. Run scripts/download_data.py --third-party and the matching official adapter; no synthetic score was emitted.
2026-07-17T19:46:17,paper_main,citeseer,ra,5,degree_corrected,NOT_RUN,,,D:\桌面\研究生相关事项\CodeWork\DCDLP_work\DCDLP\results\logs\paper_main_citeseer_ra_degree_corrected_seed5.log,Official baseline is intentionally isolated from the DCDLP implementation. Run scripts/download_data.py --third-party and the matching official adapter; no synthetic score was emitted.
2026-07-17T19:46:17,paper_main,citeseer,ra,5,mix,NOT_RUN,,,D:\桌面\研究生相关事项\CodeWork\DCDLP_work\DCDLP\results\logs\paper_main_citeseer_ra_mix_seed5.log,Official baseline is intentionally isolated from the DCDLP implementation. Run scripts/download_data.py --third-party and the matching official adapter; no synthetic score was emitted.
2026-07-17T19:46:17,paper_main,citeseer,ra,6,uniform,NOT_RUN,,,D:\桌面\研究生相关事项\CodeWork\DCDLP_work\DCDLP\results\logs\paper_main_citeseer_ra_uniform_seed6.log,Official baseline is intentionally isolated from the DCDLP implementation. Run scripts/download_data.py --third-party and the matching official adapter; no synthetic score was emitted.
2026-07-17T19:46:17,paper_main,citeseer,ra,6,degree_corrected,NOT_RUN,,,D:\桌面\研究生相关事项\CodeWork\DCDLP_work\DCDLP\results\logs\paper_main_citeseer_ra_degree_corrected_seed6.log,Official baseline is intentionally isolated from the DCDLP implementation. Run scripts/download_data.py --third-party and the matching official adapter; no synthetic score was emitted.
2026-07-17T19:46:17,paper_main,citeseer,ra,6,mix,NOT_RUN,,,D:\桌面\研究生相关事项\CodeWork\DCDLP_work\DCDLP\results\logs\paper_main_citeseer_ra_mix_seed6.log,Official baseline is intentionally isolated from the DCDLP implementation. Run scripts/download_data.py --third-party and the matching official adapter; no synthetic score was emitted.
2026-07-17T19:46:17,paper_main,citeseer,ra,7,uniform,NOT_RUN,,,D:\桌面\研究生相关事项\CodeWork\DCDLP_work\DCDLP\results\logs\paper_main_citeseer_ra_uniform_seed7.log,Official baseline is intentionally isolated from the DCDLP implementation. Run scripts/download_data.py --third-party and the matching official adapter; no synthetic score was emitted.
2026-07-17T19:46:17,paper_main,citeseer,ra,7,degree_corrected,NOT_RUN,,,D:\桌面\研究生相关事项\CodeWork\DCDLP_work\DCDLP\results\logs\paper_main_citeseer_ra_degree_corrected_seed7.log,Official baseline is intentionally isolated from the DCDLP implementation. Run scripts/download_data.py --third-party and the matching official adapter; no synthetic score was emitted.
2026-07-17T19:46:17,paper_main,citeseer,ra,7,mix,NOT_RUN,,,D:\桌面\研究生相关事项\CodeWork\DCDLP_work\DCDLP\results\logs\paper_main_citeseer_ra_mix_seed7.log,Official baseline is intentionally isolated from the DCDLP implementation. Run scripts/download_data.py --third-party and the matching official adapter; no synthetic score was emitted.
2026-07-17T19:46:17,paper_main,citeseer,ra,8,uniform,NOT_RUN,,,D:\桌面\研究生相关事项\CodeWork\DCDLP_work\DCDLP\results\logs\paper_main_citeseer_ra_uniform_seed8.log,Official baseline is intentionally isolated from the DCDLP implementation. Run scripts/download_data.py --third-party and the matching official adapter; no synthetic score was emitted.
2026-07-17T19:46:17,paper_main,citeseer,ra,8,degree_corrected,NOT_RUN,,,D:\桌面\研究生相关事项\CodeWork\DCDLP_work\DCDLP\results\logs\paper_main_citeseer_ra_degree_corrected_seed8.log,Official baseline is intentionally isolated from the DCDLP implementation. Run scripts/download_data.py --third-party and the matching official adapter; no synthetic score was emitted.
2026-07-17T19:46:17,paper_main,citeseer,ra,8,mix,NOT_RUN,,,D:\桌面\研究生相关事项\CodeWork\DCDLP_work\DCDLP\results\logs\paper_main_citeseer_ra_mix_seed8.log,Official baseline is intentionally isolated from the DCDLP implementation. Run scripts/download_data.py --third-party and the matching official adapter; no synthetic score was emitted.
2026-07-17T19:46:17,paper_main,citeseer,ra,9,uniform,NOT_RUN,,,D:\桌面\研究生相关事项\CodeWork\DCDLP_work\DCDLP\results\logs\paper_main_citeseer_ra_uniform_seed9.log,Official baseline is intentionally isolated from the DCDLP implementation. Run scripts/download_data.py --third-party and the matching official adapter; no synthetic score was emitted.
2026-07-17T19:46:17,paper_main,citeseer,ra,9,degree_corrected,NOT_RUN,,,D:\桌面\研究生相关事项\CodeWork\DCDLP_work\DCDLP\results\logs\paper_main_citeseer_ra_degree_corrected_seed9.log,Official baseline is intentionally isolated from the DCDLP implementation. Run scripts/download_data.py --third-party and the matching official adapter; no synthetic score was emitted.
2026-07-17T19:46:17,paper_main,citeseer,ra,9,mix,NOT_RUN,,,D:\桌面\研究生相关事项\CodeWork\DCDLP_work\DCDLP\results\logs\paper_main_citeseer_ra_mix_seed9.log,Official baseline is intentionally isolated from the DCDLP implementation. Run scripts/download_data.py --third-party and the matching official adapter; no synthetic score was emitted.
2026-07-17T19:46:17,paper_main,citeseer,gae-gcn,0,uniform,NOT_RUN,,,D:\桌面\研究生相关事项\CodeWork\DCDLP_work\DCDLP\results\logs\paper_main_citeseer_gae-gcn_uniform_seed0.log,Official baseline is intentionally isolated from the DCDLP implementation. Run scripts/download_data.py --third-party and the matching official adapter; no synthetic score was emitted.
2026-07-17T19:46:17,paper_main,citeseer,gae-gcn,0,degree_corrected,NOT_RUN,,,D:\桌面\研究生相关事项\CodeWork\DCDLP_work\DCDLP\results\logs\paper_main_citeseer_gae-gcn_degree_corrected_seed0.log,Official baseline is intentionally isolated from the DCDLP implementation. Run scripts/download_data.py --third-party and the matching official adapter; no synthetic score was emitted.
2026-07-17T19:46:17,paper_main,citeseer,gae-gcn,0,mix,NOT_RUN,,,D:\桌面\研究生相关事项\CodeWork\DCDLP_work\DCDLP\results\logs\paper_main_citeseer_gae-gcn_mix_seed0.log,Official baseline is intentionally isolated from the DCDLP implementation. Run scripts/download_data.py --third-party and the matching official adapter; no synthetic score was emitted.
2026-07-17T19:46:17,paper_main,citeseer,gae-gcn,1,uniform,NOT_RUN,,,D:\桌面\研究生相关事项\CodeWork\DCDLP_work\DCDLP\results\logs\paper_main_citeseer_gae-gcn_uniform_seed1.log,Official baseline is intentionally isolated from the DCDLP implementation. Run scripts/download_data.py --third-party and the matching official adapter; no synthetic score was emitted.
2026-07-17T19:46:17,paper_main,citeseer,gae-gcn,1,degree_corrected,NOT_RUN,,,D:\桌面\研究生相关事项\CodeWork\DCDLP_work\DCDLP\results\logs\paper_main_citeseer_gae-gcn_degree_corrected_seed1.log,Official baseline is intentionally isolated from the DCDLP implementation. Run scripts/download_data.py --third-party and the matching official adapter; no synthetic score was emitted.
2026-07-17T19:46:17,paper_main,citeseer,gae-gcn,1,mix,NOT_RUN,,,D:\桌面\研究生相关事项\CodeWork\DCDLP_work\DCDLP\results\logs\paper_main_citeseer_gae-gcn_mix_seed1.log,Official baseline is intentionally isolated from the DCDLP implementation. Run scripts/download_data.py --third-party and the matching official adapter; no synthetic score was emitted.
2026-07-17T19:46:17,paper_main,citeseer,gae-gcn,2,uniform,NOT_RUN,,,D:\桌面\研究生相关事项\CodeWork\DCDLP_work\DCDLP\results\logs\paper_main_citeseer_gae-gcn_uniform_seed2.log,Official baseline is intentionally isolated from the DCDLP implementation. Run scripts/download_data.py --third-party and the matching official adapter; no synthetic score was emitted.
2026-07-17T19:46:17,paper_main,citeseer,gae-gcn,2,degree_corrected,NOT_RUN,,,D:\桌面\研究生相关事项\CodeWork\DCDLP_work\DCDLP\results\logs\paper_main_citeseer_gae-gcn_degree_corrected_seed2.log,Official baseline is intentionally isolated from the DCDLP implementation. Run scripts/download_data.py --third-party and the matching official adapter; no synthetic score was emitted.
2026-07-17T19:46:17,paper_main,citeseer,gae-gcn,2,mix,NOT_RUN,,,D:\桌面\研究生相关事项\CodeWork\DCDLP_work\DCDLP\results\logs\paper_main_citeseer_gae-gcn_mix_seed2.log,Official baseline is intentionally isolated from the DCDLP implementation. Run scripts/download_data.py --third-party and the matching official adapter; no synthetic score was emitted.
2026-07-17T19:46:17,paper_main,citeseer,gae-gcn,3,uniform,NOT_RUN,,,D:\桌面\研究生相关事项\CodeWork\DCDLP_work\DCDLP\results\logs\paper_main_citeseer_gae-gcn_uniform_seed3.log,Official baseline is intentionally isolated from the DCDLP implementation. Run scripts/download_data.py --third-party and the matching official adapter; no synthetic score was emitted.
2026-07-17T19:46:17,paper_main,citeseer,gae-gcn,3,degree_corrected,NOT_RUN,,,D:\桌面\研究生相关事项\CodeWork\DCDLP_work\DCDLP\results\logs\paper_main_citeseer_gae-gcn_degree_corrected_seed3.log,Official baseline is intentionally isolated from the DCDLP implementation. Run scripts/download_data.py --third-party and the matching official adapter; no synthetic score was emitted.
2026-07-17T19:46:17,paper_main,citeseer,gae-gcn,3,mix,NOT_RUN,,,D:\桌面\研究生相关事项\CodeWork\DCDLP_work\DCDLP\results\logs\paper_main_citeseer_gae-gcn_mix_seed3.log,Official baseline is intentionally isolated from the DCDLP implementation. Run scripts/download_data.py --third-party and the matching official adapter; no synthetic score was emitted.
2026-07-17T19:46:17,paper_main,citeseer,gae-gcn,4,uniform,NOT_RUN,,,D:\桌面\研究生相关事项\CodeWork\DCDLP_work\DCDLP\results\logs\paper_main_citeseer_gae-gcn_uniform_seed4.log,Official baseline is intentionally isolated from the DCDLP implementation. Run scripts/download_data.py --third-party and the matching official adapter; no synthetic score was emitted.
2026-07-17T19:46:17,paper_main,citeseer,gae-gcn,4,degree_corrected,NOT_RUN,,,D:\桌面\研究生相关事项\CodeWork\DCDLP_work\DCDLP\results\logs\paper_main_citeseer_gae-gcn_degree_corrected_seed4.log,Official baseline is intentionally isolated from the DCDLP implementation. Run scripts/download_data.py --third-party and the matching official adapter; no synthetic score was emitted.
2026-07-17T19:46:17,paper_main,citeseer,gae-gcn,4,mix,NOT_RUN,,,D:\桌面\研究生相关事项\CodeWork\DCDLP_work\DCDLP\results\logs\paper_main_citeseer_gae-gcn_mix_seed4.log,Official baseline is intentionally isolated from the DCDLP implementation. Run scripts/download_data.py --third-party and the matching official adapter; no synthetic score was emitted.
2026-07-17T19:46:17,paper_main,citeseer,gae-gcn,5,uniform,NOT_RUN,,,D:\桌面\研究生相关事项\CodeWork\DCDLP_work\DCDLP\results\logs\paper_main_citeseer_gae-gcn_uniform_seed5.log,Official baseline is intentionally isolated from the DCDLP implementation. Run scripts/download_data.py --third-party and the matching official adapter; no synthetic score was emitted.
2026-07-17T19:46:17,paper_main,citeseer,gae-gcn,5,degree_corrected,NOT_RUN,,,D:\桌面\研究生相关事项\CodeWork\DCDLP_work\DCDLP\results\logs\paper_main_citeseer_gae-gcn_degree_corrected_seed5.log,Official baseline is intentionally isolated from the DCDLP implementation. Run scripts/download_data.py --third-party and the matching official adapter; no synthetic score was emitted.
2026-07-17T19:46:17,paper_main,citeseer,gae-gcn,5,mix,NOT_RUN,,,D:\桌面\研究生相关事项\CodeWork\DCDLP_work\DCDLP\results\logs\paper_main_citeseer_gae-gcn_mix_seed5.log,Official baseline is intentionally isolated from the DCDLP implementation. Run scripts/download_data.py --third-party and the matching official adapter; no synthetic score was emitted.
2026-07-17T19:46:17,paper_main,citeseer,gae-gcn,6,uniform,NOT_RUN,,,D:\桌面\研究生相关事项\CodeWork\DCDLP_work\DCDLP\results\logs\paper_main_citeseer_gae-gcn_uniform_seed6.log,Official baseline is intentionally isolated from the DCDLP implementation. Run scripts/download_data.py --third-party and the matching official adapter; no synthetic score was emitted.
2026-07-17T19:46:17,paper_main,citeseer,gae-gcn,6,degree_corrected,NOT_RUN,,,D:\桌面\研究生相关事项\CodeWork\DCDLP_work\DCDLP\results\logs\paper_main_citeseer_gae-gcn_degree_corrected_seed6.log,Official baseline is intentionally isolated from the DCDLP implementation. Run scripts/download_data.py --third-party and the matching official adapter; no synthetic score was emitted.
2026-07-17T19:46:17,paper_main,citeseer,gae-gcn,6,mix,NOT_RUN,,,D:\桌面\研究生相关事项\CodeWork\DCDLP_work\DCDLP\results\logs\paper_main_citeseer_gae-gcn_mix_seed6.log,Official baseline is intentionally isolated from the DCDLP implementation. Run scripts/download_data.py --third-party and the matching official adapter; no synthetic score was emitted.
2026-07-17T19:46:17,paper_main,citeseer,gae-gcn,7,uniform,NOT_RUN,,,D:\桌面\研究生相关事项\CodeWork\DCDLP_work\DCDLP\results\logs\paper_main_citeseer_gae-gcn_uniform_seed7.log,Official baseline is intentionally isolated from the DCDLP implementation. Run scripts/download_data.py --third-party and the matching official adapter; no synthetic score was emitted.
2026-07-17T19:46:17,paper_main,citeseer,gae-gcn,7,degree_corrected,NOT_RUN,,,D:\桌面\研究生相关事项\CodeWork\DCDLP_work\DCDLP\results\logs\paper_main_citeseer_gae-gcn_degree_corrected_seed7.log,Official baseline is intentionally isolated from the DCDLP implementation. Run scripts/download_data.py --third-party and the matching official adapter; no synthetic score was emitted.
2026-07-17T19:46:17,paper_main,citeseer,gae-gcn,7,mix,NOT_RUN,,,D:\桌面\研究生相关事项\CodeWork\DCDLP_work\DCDLP\results\logs\paper_main_citeseer_gae-gcn_mix_seed7.log,Official baseline is intentionally isolated from the DCDLP implementation. Run scripts/download_data.py --third-party and the matching official adapter; no synthetic score was emitted.
2026-07-17T19:46:17,paper_main,citeseer,gae-gcn,8,uniform,NOT_RUN,,,D:\桌面\研究生相关事项\CodeWork\DCDLP_work\DCDLP\results\logs\paper_main_citeseer_gae-gcn_uniform_seed8.log,Official baseline is intentionally isolated from the DCDLP implementation. Run scripts/download_data.py --third-party and the matching official adapter; no synthetic score was emitted.
2026-07-17T19:46:17,paper_main,citeseer,gae-gcn,8,degree_corrected,NOT_RUN,,,D:\桌面\研究生相关事项\CodeWork\DCDLP_work\DCDLP\results\logs\paper_main_citeseer_gae-gcn_degree_corrected_seed8.log,Official baseline is intentionally isolated from the DCDLP implementation. Run scripts/download_data.py --third-party and the matching official adapter; no synthetic score was emitted.
2026-07-17T19:46:17,paper_main,citeseer,gae-gcn,8,mix,NOT_RUN,,,D:\桌面\研究生相关事项\CodeWork\DCDLP_work\DCDLP\results\logs\paper_main_citeseer_gae-gcn_mix_seed8.log,Official baseline is intentionally isolated from the DCDLP implementation. Run scripts/download_data.py --third-party and the matching official adapter; no synthetic score was emitted.
2026-07-17T19:46:17,paper_main,citeseer,gae-gcn,9,uniform,NOT_RUN,,,D:\桌面\研究生相关事项\CodeWork\DCDLP_work\DCDLP\results\logs\paper_main_citeseer_gae-gcn_uniform_seed9.log,Official baseline is intentionally isolated from the DCDLP implementation. Run scripts/download_data.py --third-party and the matching official adapter; no synthetic score was emitted.
2026-07-17T19:46:17,paper_main,citeseer,gae-gcn,9,degree_corrected,NOT_RUN,,,D:\桌面\研究生相关事项\CodeWork\DCDLP_work\DCDLP\results\logs\paper_main_citeseer_gae-gcn_degree_corrected_seed9.log,Official baseline is intentionally isolated from the DCDLP implementation. Run scripts/download_data.py --third-party and the matching official adapter; no synthetic score was emitted.
2026-07-17T19:46:17,paper_main,citeseer,gae-gcn,9,mix,NOT_RUN,,,D:\桌面\研究生相关事项\CodeWork\DCDLP_work\DCDLP\results\logs\paper_main_citeseer_gae-gcn_mix_seed9.log,Official baseline is intentionally isolated from the DCDLP implementation. Run scripts/download_data.py --third-party and the matching official adapter; no synthetic score was emitted.
2026-07-17T19:46:17,paper_main,citeseer,gae-sage,0,uniform,NOT_RUN,,,D:\桌面\研究生相关事项\CodeWork\DCDLP_work\DCDLP\results\logs\paper_main_citeseer_gae-sage_uniform_seed0.log,Official baseline is intentionally isolated from the DCDLP implementation. Run scripts/download_data.py --third-party and the matching official adapter; no synthetic score was emitted.
2026-07-17T19:46:17,paper_main,citeseer,gae-sage,0,degree_corrected,NOT_RUN,,,D:\桌面\研究生相关事项\CodeWork\DCDLP_work\DCDLP\results\logs\paper_main_citeseer_gae-sage_degree_corrected_seed0.log,Official baseline is intentionally isolated from the DCDLP implementation. Run scripts/download_data.py --third-party and the matching official adapter; no synthetic score was emitted.
2026-07-17T19:46:17,paper_main,citeseer,gae-sage,0,mix,NOT_RUN,,,D:\桌面\研究生相关事项\CodeWork\DCDLP_work\DCDLP\results\logs\paper_main_citeseer_gae-sage_mix_seed0.log,Official baseline is intentionally isolated from the DCDLP implementation. Run scripts/download_data.py --third-party and the matching official adapter; no synthetic score was emitted.
2026-07-17T19:46:17,paper_main,citeseer,gae-sage,1,uniform,NOT_RUN,,,D:\桌面\研究生相关事项\CodeWork\DCDLP_work\DCDLP\results\logs\paper_main_citeseer_gae-sage_uniform_seed1.log,Official baseline is intentionally isolated from the DCDLP implementation. Run scripts/download_data.py --third-party and the matching official adapter; no synthetic score was emitted.
2026-07-17T19:46:17,paper_main,citeseer,gae-sage,1,degree_corrected,NOT_RUN,,,D:\桌面\研究生相关事项\CodeWork\DCDLP_work\DCDLP\results\logs\paper_main_citeseer_gae-sage_degree_corrected_seed1.log,Official baseline is intentionally isolated from the DCDLP implementation. Run scripts/download_data.py --third-party and the matching official adapter; no synthetic score was emitted.
2026-07-17T19:46:17,paper_main,citeseer,gae-sage,1,mix,NOT_RUN,,,D:\桌面\研究生相关事项\CodeWork\DCDLP_work\DCDLP\results\logs\paper_main_citeseer_gae-sage_mix_seed1.log,Official baseline is intentionally isolated from the DCDLP implementation. Run scripts/download_data.py --third-party and the matching official adapter; no synthetic score was emitted.
2026-07-17T19:46:17,paper_main,citeseer,gae-sage,2,uniform,NOT_RUN,,,D:\桌面\研究生相关事项\CodeWork\DCDLP_work\DCDLP\results\logs\paper_main_citeseer_gae-sage_uniform_seed2.log,Official baseline is intentionally isolated from the DCDLP implementation. Run scripts/download_data.py --third-party and the matching official adapter; no synthetic score was emitted.
2026-07-17T19:46:17,paper_main,citeseer,gae-sage,2,degree_corrected,NOT_RUN,,,D:\桌面\研究生相关事项\CodeWork\DCDLP_work\DCDLP\results\logs\paper_main_citeseer_gae-sage_degree_corrected_seed2.log,Official baseline is intentionally isolated from the DCDLP implementation. Run scripts/download_data.py --third-party and the matching official adapter; no synthetic score was emitted.
2026-07-17T19:46:17,paper_main,citeseer,gae-sage,2,mix,NOT_RUN,,,D:\桌面\研究生相关事项\CodeWork\DCDLP_work\DCDLP\results\logs\paper_main_citeseer_gae-sage_mix_seed2.log,Official baseline is intentionally isolated from the DCDLP implementation. Run scripts/download_data.py --third-party and the matching official adapter; no synthetic score was emitted.
2026-07-17T19:46:17,paper_main,citeseer,gae-sage,3,uniform,NOT_RUN,,,D:\桌面\研究生相关事项\CodeWork\DCDLP_work\DCDLP\results\logs\paper_main_citeseer_gae-sage_uniform_seed3.log,Official baseline is intentionally isolated from the DCDLP implementation. Run scripts/download_data.py --third-party and the matching official adapter; no synthetic score was emitted.
2026-07-17T19:46:17,paper_main,citeseer,gae-sage,3,degree_corrected,NOT_RUN,,,D:\桌面\研究生相关事项\CodeWork\DCDLP_work\DCDLP\results\logs\paper_main_citeseer_gae-sage_degree_corrected_seed3.log,Official baseline is intentionally isolated from the DCDLP implementation. Run scripts/download_data.py --third-party and the matching official adapter; no synthetic score was emitted.
2026-07-17T19:46:17,paper_main,citeseer,gae-sage,3,mix,NOT_RUN,,,D:\桌面\研究生相关事项\CodeWork\DCDLP_work\DCDLP\results\logs\paper_main_citeseer_gae-sage_mix_seed3.log,Official baseline is intentionally isolated from the DCDLP implementation. Run scripts/download_data.py --third-party and the matching official adapter; no synthetic score was emitted.
2026-07-17T19:46:17,paper_main,citeseer,gae-sage,4,uniform,NOT_RUN,,,D:\桌面\研究生相关事项\CodeWork\DCDLP_work\DCDLP\results\logs\paper_main_citeseer_gae-sage_uniform_seed4.log,Official baseline is intentionally isolated from the DCDLP implementation. Run scripts/download_data.py --third-party and the matching official adapter; no synthetic score was emitted.
2026-07-17T19:46:17,paper_main,citeseer,gae-sage,4,degree_corrected,NOT_RUN,,,D:\桌面\研究生相关事项\CodeWork\DCDLP_work\DCDLP\results\logs\paper_main_citeseer_gae-sage_degree_corrected_seed4.log,Official baseline is intentionally isolated from the DCDLP implementation. Run scripts/download_data.py --third-party and the matching official adapter; no synthetic score was emitted.
2026-07-17T19:46:17,paper_main,citeseer,gae-sage,4,mix,NOT_RUN,,,D:\桌面\研究生相关事项\CodeWork\DCDLP_work\DCDLP\results\logs\paper_main_citeseer_gae-sage_mix_seed4.log,Official baseline is intentionally isolated from the DCDLP implementation. Run scripts/download_data.py --third-party and the matching official adapter; no synthetic score was emitted.
2026-07-17T19:46:17,paper_main,citeseer,gae-sage,5,uniform,NOT_RUN,,,D:\桌面\研究生相关事项\CodeWork\DCDLP_work\DCDLP\results\logs\paper_main_citeseer_gae-sage_uniform_seed5.log,Official baseline is intentionally isolated from the DCDLP implementation. Run scripts/download_data.py --third-party and the matching official adapter; no synthetic score was emitted.
2026-07-17T19:46:17,paper_main,citeseer,gae-sage,5,degree_corrected,NOT_RUN,,,D:\桌面\研究生相关事项\CodeWork\DCDLP_work\DCDLP\results\logs\paper_main_citeseer_gae-sage_degree_corrected_seed5.log,Official baseline is intentionally isolated from the DCDLP implementation. Run scripts/download_data.py --third-party and the matching official adapter; no synthetic score was emitted.
2026-07-17T19:46:17,paper_main,citeseer,gae-sage,5,mix,NOT_RUN,,,D:\桌面\研究生相关事项\CodeWork\DCDLP_work\DCDLP\results\logs\paper_main_citeseer_gae-sage_mix_seed5.log,Official baseline is intentionally isolated from the DCDLP implementation. Run scripts/download_data.py --third-party and the matching official adapter; no synthetic score was emitted.
2026-07-17T19:46:17,paper_main,citeseer,gae-sage,6,uniform,NOT_RUN,,,D:\桌面\研究生相关事项\CodeWork\DCDLP_work\DCDLP\results\logs\paper_main_citeseer_gae-sage_uniform_seed6.log,Official baseline is intentionally isolated from the DCDLP implementation. Run scripts/download_data.py --third-party and the matching official adapter; no synthetic score was emitted.
2026-07-17T19:46:17,paper_main,citeseer,gae-sage,6,degree_corrected,NOT_RUN,,,D:\桌面\研究生相关事项\CodeWork\DCDLP_work\DCDLP\results\logs\paper_main_citeseer_gae-sage_degree_corrected_seed6.log,Official baseline is intentionally isolated from the DCDLP implementation. Run scripts/download_data.py --third-party and the matching official adapter; no synthetic score was emitted.
2026-07-17T19:46:17,paper_main,citeseer,gae-sage,6,mix,NOT_RUN,,,D:\桌面\研究生相关事项\CodeWork\DCDLP_work\DCDLP\results\logs\paper_main_citeseer_gae-sage_mix_seed6.log,Official baseline is intentionally isolated from the DCDLP implementation. Run scripts/download_data.py --third-party and the matching official adapter; no synthetic score was emitted.
2026-07-17T19:46:17,paper_main,citeseer,gae-sage,7,uniform,NOT_RUN,,,D:\桌面\研究生相关事项\CodeWork\DCDLP_work\DCDLP\results\logs\paper_main_citeseer_gae-sage_uniform_seed7.log,Official baseline is intentionally isolated from the DCDLP implementation. Run scripts/download_data.py --third-party and the matching official adapter; no synthetic score was emitted.
2026-07-17T19:46:17,paper_main,citeseer,gae-sage,7,degree_corrected,NOT_RUN,,,D:\桌面\研究生相关事项\CodeWork\DCDLP_work\DCDLP\results\logs\paper_main_citeseer_gae-sage_degree_corrected_seed7.log,Official baseline is intentionally isolated from the DCDLP implementation. Run scripts/download_data.py --third-party and the matching official adapter; no synthetic score was emitted.
2026-07-17T19:46:17,paper_main,citeseer,gae-sage,7,mix,NOT_RUN,,,D:\桌面\研究生相关事项\CodeWork\DCDLP_work\DCDLP\results\logs\paper_main_citeseer_gae-sage_mix_seed7.log,Official baseline is intentionally isolated from the DCDLP implementation. Run scripts/download_data.py --third-party and the matching official adapter; no synthetic score was emitted.
2026-07-17T19:46:17,paper_main,citeseer,gae-sage,8,uniform,NOT_RUN,,,D:\桌面\研究生相关事项\CodeWork\DCDLP_work\DCDLP\results\logs\paper_main_citeseer_gae-sage_uniform_seed8.log,Official baseline is intentionally isolated from the DCDLP implementation. Run scripts/download_data.py --third-party and the matching official adapter; no synthetic score was emitted.
2026-07-17T19:46:17,paper_main,citeseer,gae-sage,8,degree_corrected,NOT_RUN,,,D:\桌面\研究生相关事项\CodeWork\DCDLP_work\DCDLP\results\logs\paper_main_citeseer_gae-sage_degree_corrected_seed8.log,Official baseline is intentionally isolated from the DCDLP implementation. Run scripts/download_data.py --third-party and the matching official adapter; no synthetic score was emitted.
2026-07-17T19:46:17,paper_main,citeseer,gae-sage,8,mix,NOT_RUN,,,D:\桌面\研究生相关事项\CodeWork\DCDLP_work\DCDLP\results\logs\paper_main_citeseer_gae-sage_mix_seed8.log,Official baseline is intentionally isolated from the DCDLP implementation. Run scripts/download_data.py --third-party and the matching official adapter; no synthetic score was emitted.
2026-07-17T19:46:17,paper_main,citeseer,gae-sage,9,uniform,NOT_RUN,,,D:\桌面\研究生相关事项\CodeWork\DCDLP_work\DCDLP\results\logs\paper_main_citeseer_gae-sage_uniform_seed9.log,Official baseline is intentionally isolated from the DCDLP implementation. Run scripts/download_data.py --third-party and the matching official adapter; no synthetic score was emitted.
2026-07-17T19:46:17,paper_main,citeseer,gae-sage,9,degree_corrected,NOT_RUN,,,D:\桌面\研究生相关事项\CodeWork\DCDLP_work\DCDLP\results\logs\paper_main_citeseer_gae-sage_degree_corrected_seed9.log,Official baseline is intentionally isolated from the DCDLP implementation. Run scripts/download_data.py --third-party and the matching official adapter; no synthetic score was emitted.
2026-07-17T19:46:17,paper_main,citeseer,gae-sage,9,mix,NOT_RUN,,,D:\桌面\研究生相关事项\CodeWork\DCDLP_work\DCDLP\results\logs\paper_main_citeseer_gae-sage_mix_seed9.log,Official baseline is intentionally isolated from the DCDLP implementation. Run scripts/download_data.py --third-party and the matching official adapter; no synthetic score was emitted.
2026-07-17T19:46:17,paper_main,citeseer,seal,0,uniform,NOT_RUN,,,D:\桌面\研究生相关事项\CodeWork\DCDLP_work\DCDLP\results\logs\paper_main_citeseer_seal_uniform_seed0.log,Official baseline is intentionally isolated from the DCDLP implementation. Run scripts/download_data.py --third-party and the matching official adapter; no synthetic score was emitted.
2026-07-17T19:46:17,paper_main,citeseer,seal,0,degree_corrected,NOT_RUN,,,D:\桌面\研究生相关事项\CodeWork\DCDLP_work\DCDLP\results\logs\paper_main_citeseer_seal_degree_corrected_seed0.log,Official baseline is intentionally isolated from the DCDLP implementation. Run scripts/download_data.py --third-party and the matching official adapter; no synthetic score was emitted.
2026-07-17T19:46:17,paper_main,citeseer,seal,0,mix,NOT_RUN,,,D:\桌面\研究生相关事项\CodeWork\DCDLP_work\DCDLP\results\logs\paper_main_citeseer_seal_mix_seed0.log,Official baseline is intentionally isolated from the DCDLP implementation. Run scripts/download_data.py --third-party and the matching official adapter; no synthetic score was emitted.
2026-07-17T19:46:17,paper_main,citeseer,seal,1,uniform,NOT_RUN,,,D:\桌面\研究生相关事项\CodeWork\DCDLP_work\DCDLP\results\logs\paper_main_citeseer_seal_uniform_seed1.log,Official baseline is intentionally isolated from the DCDLP implementation. Run scripts/download_data.py --third-party and the matching official adapter; no synthetic score was emitted.
2026-07-17T19:46:17,paper_main,citeseer,seal,1,degree_corrected,NOT_RUN,,,D:\桌面\研究生相关事项\CodeWork\DCDLP_work\DCDLP\results\logs\paper_main_citeseer_seal_degree_corrected_seed1.log,Official baseline is intentionally isolated from the DCDLP implementation. Run scripts/download_data.py --third-party and the matching official adapter; no synthetic score was emitted.
2026-07-17T19:46:17,paper_main,citeseer,seal,1,mix,NOT_RUN,,,D:\桌面\研究生相关事项\CodeWork\DCDLP_work\DCDLP\results\logs\paper_main_citeseer_seal_mix_seed1.log,Official baseline is intentionally isolated from the DCDLP implementation. Run scripts/download_data.py --third-party and the matching official adapter; no synthetic score was emitted.
2026-07-17T19:46:17,paper_main,citeseer,seal,2,uniform,NOT_RUN,,,D:\桌面\研究生相关事项\CodeWork\DCDLP_work\DCDLP\results\logs\paper_main_citeseer_seal_uniform_seed2.log,Official baseline is intentionally isolated from the DCDLP implementation. Run scripts/download_data.py --third-party and the matching official adapter; no synthetic score was emitted.
2026-07-17T19:46:17,paper_main,citeseer,seal,2,degree_corrected,NOT_RUN,,,D:\桌面\研究生相关事项\CodeWork\DCDLP_work\DCDLP\results\logs\paper_main_citeseer_seal_degree_corrected_seed2.log,Official baseline is intentionally isolated from the DCDLP implementation. Run scripts/download_data.py --third-party and the matching official adapter; no synthetic score was emitted.
2026-07-17T19:46:17,paper_main,citeseer,seal,2,mix,NOT_RUN,,,D:\桌面\研究生相关事项\CodeWork\DCDLP_work\DCDLP\results\logs\paper_main_citeseer_seal_mix_seed2.log,Official baseline is intentionally isolated from the DCDLP implementation. Run scripts/download_data.py --third-party and the matching official adapter; no synthetic score was emitted.
2026-07-17T19:46:17,paper_main,citeseer,seal,3,uniform,NOT_RUN,,,D:\桌面\研究生相关事项\CodeWork\DCDLP_work\DCDLP\results\logs\paper_main_citeseer_seal_uniform_seed3.log,Official baseline is intentionally isolated from the DCDLP implementation. Run scripts/download_data.py --third-party and the matching official adapter; no synthetic score was emitted.
2026-07-17T19:46:17,paper_main,citeseer,seal,3,degree_corrected,NOT_RUN,,,D:\桌面\研究生相关事项\CodeWork\DCDLP_work\DCDLP\results\logs\paper_main_citeseer_seal_degree_corrected_seed3.log,Official baseline is intentionally isolated from the DCDLP implementation. Run scripts/download_data.py --third-party and the matching official adapter; no synthetic score was emitted.
2026-07-17T19:46:17,paper_main,citeseer,seal,3,mix,NOT_RUN,,,D:\桌面\研究生相关事项\CodeWork\DCDLP_work\DCDLP\results\logs\paper_main_citeseer_seal_mix_seed3.log,Official baseline is intentionally isolated from the DCDLP implementation. Run scripts/download_data.py --third-party and the matching official adapter; no synthetic score was emitted.
2026-07-17T19:46:17,paper_main,citeseer,seal,4,uniform,NOT_RUN,,,D:\桌面\研究生相关事项\CodeWork\DCDLP_work\DCDLP\results\logs\paper_main_citeseer_seal_uniform_seed4.log,Official baseline is intentionally isolated from the DCDLP implementation. Run scripts/download_data.py --third-party and the matching official adapter; no synthetic score was emitted.
2026-07-17T19:46:17,paper_main,citeseer,seal,4,degree_corrected,NOT_RUN,,,D:\桌面\研究生相关事项\CodeWork\DCDLP_work\DCDLP\results\logs\paper_main_citeseer_seal_degree_corrected_seed4.log,Official baseline is intentionally isolated from the DCDLP implementation. Run scripts/download_data.py --third-party and the matching official adapter; no synthetic score was emitted.
2026-07-17T19:46:17,paper_main,citeseer,seal,4,mix,NOT_RUN,,,D:\桌面\研究生相关事项\CodeWork\DCDLP_work\DCDLP\results\logs\paper_main_citeseer_seal_mix_seed4.log,Official baseline is intentionally isolated from the DCDLP implementation. Run scripts/download_data.py --third-party and the matching official adapter; no synthetic score was emitted.
2026-07-17T19:46:17,paper_main,citeseer,seal,5,uniform,NOT_RUN,,,D:\桌面\研究生相关事项\CodeWork\DCDLP_work\DCDLP\results\logs\paper_main_citeseer_seal_uniform_seed5.log,Official baseline is intentionally isolated from the DCDLP implementation. Run scripts/download_data.py --third-party and the matching official adapter; no synthetic score was emitted.
2026-07-17T19:46:17,paper_main,citeseer,seal,5,degree_corrected,NOT_RUN,,,D:\桌面\研究生相关事项\CodeWork\DCDLP_work\DCDLP\results\logs\paper_main_citeseer_seal_degree_corrected_seed5.log,Official baseline is intentionally isolated from the DCDLP implementation. Run scripts/download_data.py --third-party and the matching official adapter; no synthetic score was emitted.
2026-07-17T19:46:17,paper_main,citeseer,seal,5,mix,NOT_RUN,,,D:\桌面\研究生相关事项\CodeWork\DCDLP_work\DCDLP\results\logs\paper_main_citeseer_seal_mix_seed5.log,Official baseline is intentionally isolated from the DCDLP implementation. Run scripts/download_data.py --third-party and the matching official adapter; no synthetic score was emitted.
2026-07-17T19:46:17,paper_main,citeseer,seal,6,uniform,NOT_RUN,,,D:\桌面\研究生相关事项\CodeWork\DCDLP_work\DCDLP\results\logs\paper_main_citeseer_seal_uniform_seed6.log,Official baseline is intentionally isolated from the DCDLP implementation. Run scripts/download_data.py --third-party and the matching official adapter; no synthetic score was emitted.
2026-07-17T19:46:17,paper_main,citeseer,seal,6,degree_corrected,NOT_RUN,,,D:\桌面\研究生相关事项\CodeWork\DCDLP_work\DCDLP\results\logs\paper_main_citeseer_seal_degree_corrected_seed6.log,Official baseline is intentionally isolated from the DCDLP implementation. Run scripts/download_data.py --third-party and the matching official adapter; no synthetic score was emitted.
2026-07-17T19:46:17,paper_main,citeseer,seal,6,mix,NOT_RUN,,,D:\桌面\研究生相关事项\CodeWork\DCDLP_work\DCDLP\results\logs\paper_main_citeseer_seal_mix_seed6.log,Official baseline is intentionally isolated from the DCDLP implementation. Run scripts/download_data.py --third-party and the matching official adapter; no synthetic score was emitted.
2026-07-17T19:46:17,paper_main,citeseer,seal,7,uniform,NOT_RUN,,,D:\桌面\研究生相关事项\CodeWork\DCDLP_work\DCDLP\results\logs\paper_main_citeseer_seal_uniform_seed7.log,Official baseline is intentionally isolated from the DCDLP implementation. Run scripts/download_data.py --third-party and the matching official adapter; no synthetic score was emitted.
2026-07-17T19:46:17,paper_main,citeseer,seal,7,degree_corrected,NOT_RUN,,,D:\桌面\研究生相关事项\CodeWork\DCDLP_work\DCDLP\results\logs\paper_main_citeseer_seal_degree_corrected_seed7.log,Official baseline is intentionally isolated from the DCDLP implementation. Run scripts/download_data.py --third-party and the matching official adapter; no synthetic score was emitted.
2026-07-17T19:46:17,paper_main,citeseer,seal,7,mix,NOT_RUN,,,D:\桌面\研究生相关事项\CodeWork\DCDLP_work\DCDLP\results\logs\paper_main_citeseer_seal_mix_seed7.log,Official baseline is intentionally isolated from the DCDLP implementation. Run scripts/download_data.py --third-party and the matching official adapter; no synthetic score was emitted.
2026-07-17T19:46:17,paper_main,citeseer,seal,8,uniform,NOT_RUN,,,D:\桌面\研究生相关事项\CodeWork\DCDLP_work\DCDLP\results\logs\paper_main_citeseer_seal_uniform_seed8.log,Official baseline is intentionally isolated from the DCDLP implementation. Run scripts/download_data.py --third-party and the matching official adapter; no synthetic score was emitted.
2026-07-17T19:46:17,paper_main,citeseer,seal,8,degree_corrected,NOT_RUN,,,D:\桌面\研究生相关事项\CodeWork\DCDLP_work\DCDLP\results\logs\paper_main_citeseer_seal_degree_corrected_seed8.log,Official baseline is intentionally isolated from the DCDLP implementation. Run scripts/download_data.py --third-party and the matching official adapter; no synthetic score was emitted.
2026-07-17T19:46:17,paper_main,citeseer,seal,8,mix,NOT_RUN,,,D:\桌面\研究生相关事项\CodeWork\DCDLP_work\DCDLP\results\logs\paper_main_citeseer_seal_mix_seed8.log,Official baseline is intentionally isolated from the DCDLP implementation. Run scripts/download_data.py --third-party and the matching official adapter; no synthetic score was emitted.
2026-07-17T19:46:17,paper_main,citeseer,seal,9,uniform,NOT_RUN,,,D:\桌面\研究生相关事项\CodeWork\DCDLP_work\DCDLP\results\logs\paper_main_citeseer_seal_uniform_seed9.log,Official baseline is intentionally isolated from the DCDLP implementation. Run scripts/download_data.py --third-party and the matching official adapter; no synthetic score was emitted.
2026-07-17T19:46:17,paper_main,citeseer,seal,9,degree_corrected,NOT_RUN,,,D:\桌面\研究生相关事项\CodeWork\DCDLP_work\DCDLP\results\logs\paper_main_citeseer_seal_degree_corrected_seed9.log,Official baseline is intentionally isolated from the DCDLP implementation. Run scripts/download_data.py --third-party and the matching official adapter; no synthetic score was emitted.
2026-07-17T19:46:17,paper_main,citeseer,seal,9,mix,NOT_RUN,,,D:\桌面\研究生相关事项\CodeWork\DCDLP_work\DCDLP\results\logs\paper_main_citeseer_seal_mix_seed9.log,Official baseline is intentionally isolated from the DCDLP implementation. Run scripts/download_data.py --third-party and the matching official adapter; no synthetic score was emitted.
2026-07-17T19:46:17,paper_main,citeseer,buddy,0,uniform,NOT_RUN,,,D:\桌面\研究生相关事项\CodeWork\DCDLP_work\DCDLP\results\logs\paper_main_citeseer_buddy_uniform_seed0.log,Official baseline is intentionally isolated from the DCDLP implementation. Run scripts/download_data.py --third-party and the matching official adapter; no synthetic score was emitted.
2026-07-17T19:46:17,paper_main,citeseer,buddy,0,degree_corrected,NOT_RUN,,,D:\桌面\研究生相关事项\CodeWork\DCDLP_work\DCDLP\results\logs\paper_main_citeseer_buddy_degree_corrected_seed0.log,Official baseline is intentionally isolated from the DCDLP implementation. Run scripts/download_data.py --third-party and the matching official adapter; no synthetic score was emitted.
2026-07-17T19:46:17,paper_main,citeseer,buddy,0,mix,NOT_RUN,,,D:\桌面\研究生相关事项\CodeWork\DCDLP_work\DCDLP\results\logs\paper_main_citeseer_buddy_mix_seed0.log,Official baseline is intentionally isolated from the DCDLP implementation. Run scripts/download_data.py --third-party and the matching official adapter; no synthetic score was emitted.
2026-07-17T19:46:17,paper_main,citeseer,buddy,1,uniform,NOT_RUN,,,D:\桌面\研究生相关事项\CodeWork\DCDLP_work\DCDLP\results\logs\paper_main_citeseer_buddy_uniform_seed1.log,Official baseline is intentionally isolated from the DCDLP implementation. Run scripts/download_data.py --third-party and the matching official adapter; no synthetic score was emitted.
2026-07-17T19:46:17,paper_main,citeseer,buddy,1,degree_corrected,NOT_RUN,,,D:\桌面\研究生相关事项\CodeWork\DCDLP_work\DCDLP\results\logs\paper_main_citeseer_buddy_degree_corrected_seed1.log,Official baseline is intentionally isolated from the DCDLP implementation. Run scripts/download_data.py --third-party and the matching official adapter; no synthetic score was emitted.
2026-07-17T19:46:17,paper_main,citeseer,buddy,1,mix,NOT_RUN,,,D:\桌面\研究生相关事项\CodeWork\DCDLP_work\DCDLP\results\logs\paper_main_citeseer_buddy_mix_seed1.log,Official baseline is intentionally isolated from the DCDLP implementation. Run scripts/download_data.py --third-party and the matching official adapter; no synthetic score was emitted.
2026-07-17T19:46:17,paper_main,citeseer,buddy,2,uniform,NOT_RUN,,,D:\桌面\研究生相关事项\CodeWork\DCDLP_work\DCDLP\results\logs\paper_main_citeseer_buddy_uniform_seed2.log,Official baseline is intentionally isolated from the DCDLP implementation. Run scripts/download_data.py --third-party and the matching official adapter; no synthetic score was emitted.
2026-07-17T19:46:17,paper_main,citeseer,buddy,2,degree_corrected,NOT_RUN,,,D:\桌面\研究生相关事项\CodeWork\DCDLP_work\DCDLP\results\logs\paper_main_citeseer_buddy_degree_corrected_seed2.log,Official baseline is intentionally isolated from the DCDLP implementation. Run scripts/download_data.py --third-party and the matching official adapter; no synthetic score was emitted.
2026-07-17T19:46:17,paper_main,citeseer,buddy,2,mix,NOT_RUN,,,D:\桌面\研究生相关事项\CodeWork\DCDLP_work\DCDLP\results\logs\paper_main_citeseer_buddy_mix_seed2.log,Official baseline is intentionally isolated from the DCDLP implementation. Run scripts/download_data.py --third-party and the matching official adapter; no synthetic score was emitted.
2026-07-17T19:46:17,paper_main,citeseer,buddy,3,uniform,NOT_RUN,,,D:\桌面\研究生相关事项\CodeWork\DCDLP_work\DCDLP\results\logs\paper_main_citeseer_buddy_uniform_seed3.log,Official baseline is intentionally isolated from the DCDLP implementation. Run scripts/download_data.py --third-party and the matching official adapter; no synthetic score was emitted.
2026-07-17T19:46:17,paper_main,citeseer,buddy,3,degree_corrected,NOT_RUN,,,D:\桌面\研究生相关事项\CodeWork\DCDLP_work\DCDLP\results\logs\paper_main_citeseer_buddy_degree_corrected_seed3.log,Official baseline is intentionally isolated from the DCDLP implementation. Run scripts/download_data.py --third-party and the matching official adapter; no synthetic score was emitted.
2026-07-17T19:46:17,paper_main,citeseer,buddy,3,mix,NOT_RUN,,,D:\桌面\研究生相关事项\CodeWork\DCDLP_work\DCDLP\results\logs\paper_main_citeseer_buddy_mix_seed3.log,Official baseline is intentionally isolated from the DCDLP implementation. Run scripts/download_data.py --third-party and the matching official adapter; no synthetic score was emitted.
2026-07-17T19:46:17,paper_main,citeseer,buddy,4,uniform,NOT_RUN,,,D:\桌面\研究生相关事项\CodeWork\DCDLP_work\DCDLP\results\logs\paper_main_citeseer_buddy_uniform_seed4.log,Official baseline is intentionally isolated from the DCDLP implementation. Run scripts/download_data.py --third-party and the matching official adapter; no synthetic score was emitted.
2026-07-17T19:46:17,paper_main,citeseer,buddy,4,degree_corrected,NOT_RUN,,,D:\桌面\研究生相关事项\CodeWork\DCDLP_work\DCDLP\results\logs\paper_main_citeseer_buddy_degree_corrected_seed4.log,Official baseline is intentionally isolated from the DCDLP implementation. Run scripts/download_data.py --third-party and the matching official adapter; no synthetic score was emitted.
2026-07-17T19:46:17,paper_main,citeseer,buddy,4,mix,NOT_RUN,,,D:\桌面\研究生相关事项\CodeWork\DCDLP_work\DCDLP\results\logs\paper_main_citeseer_buddy_mix_seed4.log,Official baseline is intentionally isolated from the DCDLP implementation. Run scripts/download_data.py --third-party and the matching official adapter; no synthetic score was emitted.
2026-07-17T19:46:17,paper_main,citeseer,buddy,5,uniform,NOT_RUN,,,D:\桌面\研究生相关事项\CodeWork\DCDLP_work\DCDLP\results\logs\paper_main_citeseer_buddy_uniform_seed5.log,Official baseline is intentionally isolated from the DCDLP implementation. Run scripts/download_data.py --third-party and the matching official adapter; no synthetic score was emitted.
2026-07-17T19:46:17,paper_main,citeseer,buddy,5,degree_corrected,NOT_RUN,,,D:\桌面\研究生相关事项\CodeWork\DCDLP_work\DCDLP\results\logs\paper_main_citeseer_buddy_degree_corrected_seed5.log,Official baseline is intentionally isolated from the DCDLP implementation. Run scripts/download_data.py --third-party and the matching official adapter; no synthetic score was emitted.
2026-07-17T19:46:17,paper_main,citeseer,buddy,5,mix,NOT_RUN,,,D:\桌面\研究生相关事项\CodeWork\DCDLP_work\DCDLP\results\logs\paper_main_citeseer_buddy_mix_seed5.log,Official baseline is intentionally isolated from the DCDLP implementation. Run scripts/download_data.py --third-party and the matching official adapter; no synthetic score was emitted.
2026-07-17T19:46:17,paper_main,citeseer,buddy,6,uniform,NOT_RUN,,,D:\桌面\研究生相关事项\CodeWork\DCDLP_work\DCDLP\results\logs\paper_main_citeseer_buddy_uniform_seed6.log,Official baseline is intentionally isolated from the DCDLP implementation. Run scripts/download_data.py --third-party and the matching official adapter; no synthetic score was emitted.
2026-07-17T19:46:17,paper_main,citeseer,buddy,6,degree_corrected,NOT_RUN,,,D:\桌面\研究生相关事项\CodeWork\DCDLP_work\DCDLP\results\logs\paper_main_citeseer_buddy_degree_corrected_seed6.log,Official baseline is intentionally isolated from the DCDLP implementation. Run scripts/download_data.py --third-party and the matching official adapter; no synthetic score was emitted.
2026-07-17T19:46:17,paper_main,citeseer,buddy,6,mix,NOT_RUN,,,D:\桌面\研究生相关事项\CodeWork\DCDLP_work\DCDLP\results\logs\paper_main_citeseer_buddy_mix_seed6.log,Official baseline is intentionally isolated from the DCDLP implementation. Run scripts/download_data.py --third-party and the matching official adapter; no synthetic score was emitted.
2026-07-17T19:46:17,paper_main,citeseer,buddy,7,uniform,NOT_RUN,,,D:\桌面\研究生相关事项\CodeWork\DCDLP_work\DCDLP\results\logs\paper_main_citeseer_buddy_uniform_seed7.log,Official baseline is intentionally isolated from the DCDLP implementation. Run scripts/download_data.py --third-party and the matching official adapter; no synthetic score was emitted.
2026-07-17T19:46:17,paper_main,citeseer,buddy,7,degree_corrected,NOT_RUN,,,D:\桌面\研究生相关事项\CodeWork\DCDLP_work\DCDLP\results\logs\paper_main_citeseer_buddy_degree_corrected_seed7.log,Official baseline is intentionally isolated from the DCDLP implementation. Run scripts/download_data.py --third-party and the matching official adapter; no synthetic score was emitted.
2026-07-17T19:46:17,paper_main,citeseer,buddy,7,mix,NOT_RUN,,,D:\桌面\研究生相关事项\CodeWork\DCDLP_work\DCDLP\results\logs\paper_main_citeseer_buddy_mix_seed7.log,Official baseline is intentionally isolated from the DCDLP implementation. Run scripts/download_data.py --third-party and the matching official adapter; no synthetic score was emitted.
2026-07-17T19:46:17,paper_main,citeseer,buddy,8,uniform,NOT_RUN,,,D:\桌面\研究生相关事项\CodeWork\DCDLP_work\DCDLP\results\logs\paper_main_citeseer_buddy_uniform_seed8.log,Official baseline is intentionally isolated from the DCDLP implementation. Run scripts/download_data.py --third-party and the matching official adapter; no synthetic score was emitted.
2026-07-17T19:46:17,paper_main,citeseer,buddy,8,degree_corrected,NOT_RUN,,,D:\桌面\研究生相关事项\CodeWork\DCDLP_work\DCDLP\results\logs\paper_main_citeseer_buddy_degree_corrected_seed8.log,Official baseline is intentionally isolated from the DCDLP implementation. Run scripts/download_data.py --third-party and the matching official adapter; no synthetic score was emitted.
2026-07-17T19:46:17,paper_main,citeseer,buddy,8,mix,NOT_RUN,,,D:\桌面\研究生相关事项\CodeWork\DCDLP_work\DCDLP\results\logs\paper_main_citeseer_buddy_mix_seed8.log,Official baseline is intentionally isolated from the DCDLP implementation. Run scripts/download_data.py --third-party and the matching official adapter; no synthetic score was emitted.
2026-07-17T19:46:17,paper_main,citeseer,buddy,9,uniform,NOT_RUN,,,D:\桌面\研究生相关事项\CodeWork\DCDLP_work\DCDLP\results\logs\paper_main_citeseer_buddy_uniform_seed9.log,Official baseline is intentionally isolated from the DCDLP implementation. Run scripts/download_data.py --third-party and the matching official adapter; no synthetic score was emitted.
2026-07-17T19:46:17,paper_main,citeseer,buddy,9,degree_corrected,NOT_RUN,,,D:\桌面\研究生相关事项\CodeWork\DCDLP_work\DCDLP\results\logs\paper_main_citeseer_buddy_degree_corrected_seed9.log,Official baseline is intentionally isolated from the DCDLP implementation. Run scripts/download_data.py --third-party and the matching official adapter; no synthetic score was emitted.
2026-07-17T19:46:17,paper_main,citeseer,buddy,9,mix,NOT_RUN,,,D:\桌面\研究生相关事项\CodeWork\DCDLP_work\DCDLP\results\logs\paper_main_citeseer_buddy_mix_seed9.log,Official baseline is intentionally isolated from the DCDLP implementation. Run scripts/download_data.py --third-party and the matching official adapter; no synthetic score was emitted.
2026-07-17T19:46:17,paper_main,citeseer,neo-gnn,0,uniform,NOT_RUN,,,D:\桌面\研究生相关事项\CodeWork\DCDLP_work\DCDLP\results\logs\paper_main_citeseer_neo-gnn_uniform_seed0.log,Official baseline is intentionally isolated from the DCDLP implementation. Run scripts/download_data.py --third-party and the matching official adapter; no synthetic score was emitted.
2026-07-17T19:46:17,paper_main,citeseer,neo-gnn,0,degree_corrected,NOT_RUN,,,D:\桌面\研究生相关事项\CodeWork\DCDLP_work\DCDLP\results\logs\paper_main_citeseer_neo-gnn_degree_corrected_seed0.log,Official baseline is intentionally isolated from the DCDLP implementation. Run scripts/download_data.py --third-party and the matching official adapter; no synthetic score was emitted.
2026-07-17T19:46:17,paper_main,citeseer,neo-gnn,0,mix,NOT_RUN,,,D:\桌面\研究生相关事项\CodeWork\DCDLP_work\DCDLP\results\logs\paper_main_citeseer_neo-gnn_mix_seed0.log,Official baseline is intentionally isolated from the DCDLP implementation. Run scripts/download_data.py --third-party and the matching official adapter; no synthetic score was emitted.
2026-07-17T19:46:17,paper_main,citeseer,neo-gnn,1,uniform,NOT_RUN,,,D:\桌面\研究生相关事项\CodeWork\DCDLP_work\DCDLP\results\logs\paper_main_citeseer_neo-gnn_uniform_seed1.log,Official baseline is intentionally isolated from the DCDLP implementation. Run scripts/download_data.py --third-party and the matching official adapter; no synthetic score was emitted.
2026-07-17T19:46:17,paper_main,citeseer,neo-gnn,1,degree_corrected,NOT_RUN,,,D:\桌面\研究生相关事项\CodeWork\DCDLP_work\DCDLP\results\logs\paper_main_citeseer_neo-gnn_degree_corrected_seed1.log,Official baseline is intentionally isolated from the DCDLP implementation. Run scripts/download_data.py --third-party and the matching official adapter; no synthetic score was emitted.
2026-07-17T19:46:17,paper_main,citeseer,neo-gnn,1,mix,NOT_RUN,,,D:\桌面\研究生相关事项\CodeWork\DCDLP_work\DCDLP\results\logs\paper_main_citeseer_neo-gnn_mix_seed1.log,Official baseline is intentionally isolated from the DCDLP implementation. Run scripts/download_data.py --third-party and the matching official adapter; no synthetic score was emitted.
2026-07-17T19:46:17,paper_main,citeseer,neo-gnn,2,uniform,NOT_RUN,,,D:\桌面\研究生相关事项\CodeWork\DCDLP_work\DCDLP\results\logs\paper_main_citeseer_neo-gnn_uniform_seed2.log,Official baseline is intentionally isolated from the DCDLP implementation. Run scripts/download_data.py --third-party and the matching official adapter; no synthetic score was emitted.
2026-07-17T19:46:17,paper_main,citeseer,neo-gnn,2,degree_corrected,NOT_RUN,,,D:\桌面\研究生相关事项\CodeWork\DCDLP_work\DCDLP\results\logs\paper_main_citeseer_neo-gnn_degree_corrected_seed2.log,Official baseline is intentionally isolated from the DCDLP implementation. Run scripts/download_data.py --third-party and the matching official adapter; no synthetic score was emitted.
2026-07-17T19:46:17,paper_main,citeseer,neo-gnn,2,mix,NOT_RUN,,,D:\桌面\研究生相关事项\CodeWork\DCDLP_work\DCDLP\results\logs\paper_main_citeseer_neo-gnn_mix_seed2.log,Official baseline is intentionally isolated from the DCDLP implementation. Run scripts/download_data.py --third-party and the matching official adapter; no synthetic score was emitted.
2026-07-17T19:46:17,paper_main,citeseer,neo-gnn,3,uniform,NOT_RUN,,,D:\桌面\研究生相关事项\CodeWork\DCDLP_work\DCDLP\results\logs\paper_main_citeseer_neo-gnn_uniform_seed3.log,Official baseline is intentionally isolated from the DCDLP implementation. Run scripts/download_data.py --third-party and the matching official adapter; no synthetic score was emitted.
2026-07-17T19:46:17,paper_main,citeseer,neo-gnn,3,degree_corrected,NOT_RUN,,,D:\桌面\研究生相关事项\CodeWork\DCDLP_work\DCDLP\results\logs\paper_main_citeseer_neo-gnn_degree_corrected_seed3.log,Official baseline is intentionally isolated from the DCDLP implementation. Run scripts/download_data.py --third-party and the matching official adapter; no synthetic score was emitted.
2026-07-17T19:46:17,paper_main,citeseer,neo-gnn,3,mix,NOT_RUN,,,D:\桌面\研究生相关事项\CodeWork\DCDLP_work\DCDLP\results\logs\paper_main_citeseer_neo-gnn_mix_seed3.log,Official baseline is intentionally isolated from the DCDLP implementation. Run scripts/download_data.py --third-party and the matching official adapter; no synthetic score was emitted.
2026-07-17T19:46:17,paper_main,citeseer,neo-gnn,4,uniform,NOT_RUN,,,D:\桌面\研究生相关事项\CodeWork\DCDLP_work\DCDLP\results\logs\paper_main_citeseer_neo-gnn_uniform_seed4.log,Official baseline is intentionally isolated from the DCDLP implementation. Run scripts/download_data.py --third-party and the matching official adapter; no synthetic score was emitted.
2026-07-17T19:46:17,paper_main,citeseer,neo-gnn,4,degree_corrected,NOT_RUN,,,D:\桌面\研究生相关事项\CodeWork\DCDLP_work\DCDLP\results\logs\paper_main_citeseer_neo-gnn_degree_corrected_seed4.log,Official baseline is intentionally isolated from the DCDLP implementation. Run scripts/download_data.py --third-party and the matching official adapter; no synthetic score was emitted.
2026-07-17T19:46:17,paper_main,citeseer,neo-gnn,4,mix,NOT_RUN,,,D:\桌面\研究生相关事项\CodeWork\DCDLP_work\DCDLP\results\logs\paper_main_citeseer_neo-gnn_mix_seed4.log,Official baseline is intentionally isolated from the DCDLP implementation. Run scripts/download_data.py --third-party and the matching official adapter; no synthetic score was emitted.
2026-07-17T19:46:17,paper_main,citeseer,neo-gnn,5,uniform,NOT_RUN,,,D:\桌面\研究生相关事项\CodeWork\DCDLP_work\DCDLP\results\logs\paper_main_citeseer_neo-gnn_uniform_seed5.log,Official baseline is intentionally isolated from the DCDLP implementation. Run scripts/download_data.py --third-party and the matching official adapter; no synthetic score was emitted.
2026-07-17T19:46:17,paper_main,citeseer,neo-gnn,5,degree_corrected,NOT_RUN,,,D:\桌面\研究生相关事项\CodeWork\DCDLP_work\DCDLP\results\logs\paper_main_citeseer_neo-gnn_degree_corrected_seed5.log,Official baseline is intentionally isolated from the DCDLP implementation. Run scripts/download_data.py --third-party and the matching official adapter; no synthetic score was emitted.
2026-07-17T19:46:17,paper_main,citeseer,neo-gnn,5,mix,NOT_RUN,,,D:\桌面\研究生相关事项\CodeWork\DCDLP_work\DCDLP\results\logs\paper_main_citeseer_neo-gnn_mix_seed5.log,Official baseline is intentionally isolated from the DCDLP implementation. Run scripts/download_data.py --third-party and the matching official adapter; no synthetic score was emitted.
2026-07-17T19:46:17,paper_main,citeseer,neo-gnn,6,uniform,NOT_RUN,,,D:\桌面\研究生相关事项\CodeWork\DCDLP_work\DCDLP\results\logs\paper_main_citeseer_neo-gnn_uniform_seed6.log,Official baseline is intentionally isolated from the DCDLP implementation. Run scripts/download_data.py --third-party and the matching official adapter; no synthetic score was emitted.
2026-07-17T19:46:17,paper_main,citeseer,neo-gnn,6,degree_corrected,NOT_RUN,,,D:\桌面\研究生相关事项\CodeWork\DCDLP_work\DCDLP\results\logs\paper_main_citeseer_neo-gnn_degree_corrected_seed6.log,Official baseline is intentionally isolated from the DCDLP implementation. Run scripts/download_data.py --third-party and the matching official adapter; no synthetic score was emitted.
2026-07-17T19:46:17,paper_main,citeseer,neo-gnn,6,mix,NOT_RUN,,,D:\桌面\研究生相关事项\CodeWork\DCDLP_work\DCDLP\results\logs\paper_main_citeseer_neo-gnn_mix_seed6.log,Official baseline is intentionally isolated from the DCDLP implementation. Run scripts/download_data.py --third-party and the matching official adapter; no synthetic score was emitted.
2026-07-17T19:46:17,paper_main,citeseer,neo-gnn,7,uniform,NOT_RUN,,,D:\桌面\研究生相关事项\CodeWork\DCDLP_work\DCDLP\results\logs\paper_main_citeseer_neo-gnn_uniform_seed7.log,Official baseline is intentionally isolated from the DCDLP implementation. Run scripts/download_data.py --third-party and the matching official adapter; no synthetic score was emitted.
2026-07-17T19:46:17,paper_main,citeseer,neo-gnn,7,degree_corrected,NOT_RUN,,,D:\桌面\研究生相关事项\CodeWork\DCDLP_work\DCDLP\results\logs\paper_main_citeseer_neo-gnn_degree_corrected_seed7.log,Official baseline is intentionally isolated from the DCDLP implementation. Run scripts/download_data.py --third-party and the matching official adapter; no synthetic score was emitted.
2026-07-17T19:46:17,paper_main,citeseer,neo-gnn,7,mix,NOT_RUN,,,D:\桌面\研究生相关事项\CodeWork\DCDLP_work\DCDLP\results\logs\paper_main_citeseer_neo-gnn_mix_seed7.log,Official baseline is intentionally isolated from the DCDLP implementation. Run scripts/download_data.py --third-party and the matching official adapter; no synthetic score was emitted.
2026-07-17T19:46:17,paper_main,citeseer,neo-gnn,8,uniform,NOT_RUN,,,D:\桌面\研究生相关事项\CodeWork\DCDLP_work\DCDLP\results\logs\paper_main_citeseer_neo-gnn_uniform_seed8.log,Official baseline is intentionally isolated from the DCDLP implementation. Run scripts/download_data.py --third-party and the matching official adapter; no synthetic score was emitted.
2026-07-17T19:46:17,paper_main,citeseer,neo-gnn,8,degree_corrected,NOT_RUN,,,D:\桌面\研究生相关事项\CodeWork\DCDLP_work\DCDLP\results\logs\paper_main_citeseer_neo-gnn_degree_corrected_seed8.log,Official baseline is intentionally isolated from the DCDLP implementation. Run scripts/download_data.py --third-party and the matching official adapter; no synthetic score was emitted.
2026-07-17T19:46:17,paper_main,citeseer,neo-gnn,8,mix,NOT_RUN,,,D:\桌面\研究生相关事项\CodeWork\DCDLP_work\DCDLP\results\logs\paper_main_citeseer_neo-gnn_mix_seed8.log,Official baseline is intentionally isolated from the DCDLP implementation. Run scripts/download_data.py --third-party and the matching official adapter; no synthetic score was emitted.
2026-07-17T19:46:17,paper_main,citeseer,neo-gnn,9,uniform,NOT_RUN,,,D:\桌面\研究生相关事项\CodeWork\DCDLP_work\DCDLP\results\logs\paper_main_citeseer_neo-gnn_uniform_seed9.log,Official baseline is intentionally isolated from the DCDLP implementation. Run scripts/download_data.py --third-party and the matching official adapter; no synthetic score was emitted.
2026-07-17T19:46:17,paper_main,citeseer,neo-gnn,9,degree_corrected,NOT_RUN,,,D:\桌面\研究生相关事项\CodeWork\DCDLP_work\DCDLP\results\logs\paper_main_citeseer_neo-gnn_degree_corrected_seed9.log,Official baseline is intentionally isolated from the DCDLP implementation. Run scripts/download_data.py --third-party and the matching official adapter; no synthetic score was emitted.
2026-07-17T19:46:17,paper_main,citeseer,neo-gnn,9,mix,NOT_RUN,,,D:\桌面\研究生相关事项\CodeWork\DCDLP_work\DCDLP\results\logs\paper_main_citeseer_neo-gnn_mix_seed9.log,Official baseline is intentionally isolated from the DCDLP implementation. Run scripts/download_data.py --third-party and the matching official adapter; no synthetic score was emitted.
2026-07-17T19:46:17,paper_main,citeseer,ncn,0,uniform,NOT_RUN,,,D:\桌面\研究生相关事项\CodeWork\DCDLP_work\DCDLP\results\logs\paper_main_citeseer_ncn_uniform_seed0.log,Official baseline is intentionally isolated from the DCDLP implementation. Run scripts/download_data.py --third-party and the matching official adapter; no synthetic score was emitted.
2026-07-17T19:46:17,paper_main,citeseer,ncn,0,degree_corrected,NOT_RUN,,,D:\桌面\研究生相关事项\CodeWork\DCDLP_work\DCDLP\results\logs\paper_main_citeseer_ncn_degree_corrected_seed0.log,Official baseline is intentionally isolated from the DCDLP implementation. Run scripts/download_data.py --third-party and the matching official adapter; no synthetic score was emitted.
2026-07-17T19:46:17,paper_main,citeseer,ncn,0,mix,NOT_RUN,,,D:\桌面\研究生相关事项\CodeWork\DCDLP_work\DCDLP\results\logs\paper_main_citeseer_ncn_mix_seed0.log,Official baseline is intentionally isolated from the DCDLP implementation. Run scripts/download_data.py --third-party and the matching official adapter; no synthetic score was emitted.
2026-07-17T19:46:17,paper_main,citeseer,ncn,1,uniform,NOT_RUN,,,D:\桌面\研究生相关事项\CodeWork\DCDLP_work\DCDLP\results\logs\paper_main_citeseer_ncn_uniform_seed1.log,Official baseline is intentionally isolated from the DCDLP implementation. Run scripts/download_data.py --third-party and the matching official adapter; no synthetic score was emitted.
2026-07-17T19:46:17,paper_main,citeseer,ncn,1,degree_corrected,NOT_RUN,,,D:\桌面\研究生相关事项\CodeWork\DCDLP_work\DCDLP\results\logs\paper_main_citeseer_ncn_degree_corrected_seed1.log,Official baseline is intentionally isolated from the DCDLP implementation. Run scripts/download_data.py --third-party and the matching official adapter; no synthetic score was emitted.
2026-07-17T19:46:17,paper_main,citeseer,ncn,1,mix,NOT_RUN,,,D:\桌面\研究生相关事项\CodeWork\DCDLP_work\DCDLP\results\logs\paper_main_citeseer_ncn_mix_seed1.log,Official baseline is intentionally isolated from the DCDLP implementation. Run scripts/download_data.py --third-party and the matching official adapter; no synthetic score was emitted.
2026-07-17T19:46:17,paper_main,citeseer,ncn,2,uniform,NOT_RUN,,,D:\桌面\研究生相关事项\CodeWork\DCDLP_work\DCDLP\results\logs\paper_main_citeseer_ncn_uniform_seed2.log,Official baseline is intentionally isolated from the DCDLP implementation. Run scripts/download_data.py --third-party and the matching official adapter; no synthetic score was emitted.
2026-07-17T19:46:17,paper_main,citeseer,ncn,2,degree_corrected,NOT_RUN,,,D:\桌面\研究生相关事项\CodeWork\DCDLP_work\DCDLP\results\logs\paper_main_citeseer_ncn_degree_corrected_seed2.log,Official baseline is intentionally isolated from the DCDLP implementation. Run scripts/download_data.py --third-party and the matching official adapter; no synthetic score was emitted.
2026-07-17T19:46:17,paper_main,citeseer,ncn,2,mix,NOT_RUN,,,D:\桌面\研究生相关事项\CodeWork\DCDLP_work\DCDLP\results\logs\paper_main_citeseer_ncn_mix_seed2.log,Official baseline is intentionally isolated from the DCDLP implementation. Run scripts/download_data.py --third-party and the matching official adapter; no synthetic score was emitted.
2026-07-17T19:46:17,paper_main,citeseer,ncn,3,uniform,NOT_RUN,,,D:\桌面\研究生相关事项\CodeWork\DCDLP_work\DCDLP\results\logs\paper_main_citeseer_ncn_uniform_seed3.log,Official baseline is intentionally isolated from the DCDLP implementation. Run scripts/download_data.py --third-party and the matching official adapter; no synthetic score was emitted.
2026-07-17T19:46:17,paper_main,citeseer,ncn,3,degree_corrected,NOT_RUN,,,D:\桌面\研究生相关事项\CodeWork\DCDLP_work\DCDLP\results\logs\paper_main_citeseer_ncn_degree_corrected_seed3.log,Official baseline is intentionally isolated from the DCDLP implementation. Run scripts/download_data.py --third-party and the matching official adapter; no synthetic score was emitted.
2026-07-17T19:46:17,paper_main,citeseer,ncn,3,mix,NOT_RUN,,,D:\桌面\研究生相关事项\CodeWork\DCDLP_work\DCDLP\results\logs\paper_main_citeseer_ncn_mix_seed3.log,Official baseline is intentionally isolated from the DCDLP implementation. Run scripts/download_data.py --third-party and the matching official adapter; no synthetic score was emitted.
2026-07-17T19:46:17,paper_main,citeseer,ncn,4,uniform,NOT_RUN,,,D:\桌面\研究生相关事项\CodeWork\DCDLP_work\DCDLP\results\logs\paper_main_citeseer_ncn_uniform_seed4.log,Official baseline is intentionally isolated from the DCDLP implementation. Run scripts/download_data.py --third-party and the matching official adapter; no synthetic score was emitted.
2026-07-17T19:46:17,paper_main,citeseer,ncn,4,degree_corrected,NOT_RUN,,,D:\桌面\研究生相关事项\CodeWork\DCDLP_work\DCDLP\results\logs\paper_main_citeseer_ncn_degree_corrected_seed4.log,Official baseline is intentionally isolated from the DCDLP implementation. Run scripts/download_data.py --third-party and the matching official adapter; no synthetic score was emitted.
2026-07-17T19:46:17,paper_main,citeseer,ncn,4,mix,NOT_RUN,,,D:\桌面\研究生相关事项\CodeWork\DCDLP_work\DCDLP\results\logs\paper_main_citeseer_ncn_mix_seed4.log,Official baseline is intentionally isolated from the DCDLP implementation. Run scripts/download_data.py --third-party and the matching official adapter; no synthetic score was emitted.
2026-07-17T19:46:17,paper_main,citeseer,ncn,5,uniform,NOT_RUN,,,D:\桌面\研究生相关事项\CodeWork\DCDLP_work\DCDLP\results\logs\paper_main_citeseer_ncn_uniform_seed5.log,Official baseline is intentionally isolated from the DCDLP implementation. Run scripts/download_data.py --third-party and the matching official adapter; no synthetic score was emitted.
2026-07-17T19:46:17,paper_main,citeseer,ncn,5,degree_corrected,NOT_RUN,,,D:\桌面\研究生相关事项\CodeWork\DCDLP_work\DCDLP\results\logs\paper_main_citeseer_ncn_degree_corrected_seed5.log,Official baseline is intentionally isolated from the DCDLP implementation. Run scripts/download_data.py --third-party and the matching official adapter; no synthetic score was emitted.
2026-07-17T19:46:17,paper_main,citeseer,ncn,5,mix,NOT_RUN,,,D:\桌面\研究生相关事项\CodeWork\DCDLP_work\DCDLP\results\logs\paper_main_citeseer_ncn_mix_seed5.log,Official baseline is intentionally isolated from the DCDLP implementation. Run scripts/download_data.py --third-party and the matching official adapter; no synthetic score was emitted.
2026-07-17T19:46:17,paper_main,citeseer,ncn,6,uniform,NOT_RUN,,,D:\桌面\研究生相关事项\CodeWork\DCDLP_work\DCDLP\results\logs\paper_main_citeseer_ncn_uniform_seed6.log,Official baseline is intentionally isolated from the DCDLP implementation. Run scripts/download_data.py --third-party and the matching official adapter; no synthetic score was emitted.
2026-07-17T19:46:17,paper_main,citeseer,ncn,6,degree_corrected,NOT_RUN,,,D:\桌面\研究生相关事项\CodeWork\DCDLP_work\DCDLP\results\logs\paper_main_citeseer_ncn_degree_corrected_seed6.log,Official baseline is intentionally isolated from the DCDLP implementation. Run scripts/download_data.py --third-party and the matching official adapter; no synthetic score was emitted.
2026-07-17T19:46:17,paper_main,citeseer,ncn,6,mix,NOT_RUN,,,D:\桌面\研究生相关事项\CodeWork\DCDLP_work\DCDLP\results\logs\paper_main_citeseer_ncn_mix_seed6.log,Official baseline is intentionally isolated from the DCDLP implementation. Run scripts/download_data.py --third-party and the matching official adapter; no synthetic score was emitted.
2026-07-17T19:46:17,paper_main,citeseer,ncn,7,uniform,NOT_RUN,,,D:\桌面\研究生相关事项\CodeWork\DCDLP_work\DCDLP\results\logs\paper_main_citeseer_ncn_uniform_seed7.log,Official baseline is intentionally isolated from the DCDLP implementation. Run scripts/download_data.py --third-party and the matching official adapter; no synthetic score was emitted.
2026-07-17T19:46:17,paper_main,citeseer,ncn,7,degree_corrected,NOT_RUN,,,D:\桌面\研究生相关事项\CodeWork\DCDLP_work\DCDLP\results\logs\paper_main_citeseer_ncn_degree_corrected_seed7.log,Official baseline is intentionally isolated from the DCDLP implementation. Run scripts/download_data.py --third-party and the matching official adapter; no synthetic score was emitted.
2026-07-17T19:46:17,paper_main,citeseer,ncn,7,mix,NOT_RUN,,,D:\桌面\研究生相关事项\CodeWork\DCDLP_work\DCDLP\results\logs\paper_main_citeseer_ncn_mix_seed7.log,Official baseline is intentionally isolated from the DCDLP implementation. Run scripts/download_data.py --third-party and the matching official adapter; no synthetic score was emitted.
2026-07-17T19:46:17,paper_main,citeseer,ncn,8,uniform,NOT_RUN,,,D:\桌面\研究生相关事项\CodeWork\DCDLP_work\DCDLP\results\logs\paper_main_citeseer_ncn_uniform_seed8.log,Official baseline is intentionally isolated from the DCDLP implementation. Run scripts/download_data.py --third-party and the matching official adapter; no synthetic score was emitted.
2026-07-17T19:46:17,paper_main,citeseer,ncn,8,degree_corrected,NOT_RUN,,,D:\桌面\研究生相关事项\CodeWork\DCDLP_work\DCDLP\results\logs\paper_main_citeseer_ncn_degree_corrected_seed8.log,Official baseline is intentionally isolated from the DCDLP implementation. Run scripts/download_data.py --third-party and the matching official adapter; no synthetic score was emitted.
2026-07-17T19:46:17,paper_main,citeseer,ncn,8,mix,NOT_RUN,,,D:\桌面\研究生相关事项\CodeWork\DCDLP_work\DCDLP\results\logs\paper_main_citeseer_ncn_mix_seed8.log,Official baseline is intentionally isolated from the DCDLP implementation. Run scripts/download_data.py --third-party and the matching official adapter; no synthetic score was emitted.
2026-07-17T19:46:17,paper_main,citeseer,ncn,9,uniform,NOT_RUN,,,D:\桌面\研究生相关事项\CodeWork\DCDLP_work\DCDLP\results\logs\paper_main_citeseer_ncn_uniform_seed9.log,Official baseline is intentionally isolated from the DCDLP implementation. Run scripts/download_data.py --third-party and the matching official adapter; no synthetic score was emitted.
2026-07-17T19:46:17,paper_main,citeseer,ncn,9,degree_corrected,NOT_RUN,,,D:\桌面\研究生相关事项\CodeWork\DCDLP_work\DCDLP\results\logs\paper_main_citeseer_ncn_degree_corrected_seed9.log,Official baseline is intentionally isolated from the DCDLP implementation. Run scripts/download_data.py --third-party and the matching official adapter; no synthetic score was emitted.
2026-07-17T19:46:17,paper_main,citeseer,ncn,9,mix,NOT_RUN,,,D:\桌面\研究生相关事项\CodeWork\DCDLP_work\DCDLP\results\logs\paper_main_citeseer_ncn_mix_seed9.log,Official baseline is intentionally isolated from the DCDLP implementation. Run scripts/download_data.py --third-party and the matching official adapter; no synthetic score was emitted.
2026-07-17T19:46:17,paper_main,citeseer,ncnc,0,uniform,NOT_RUN,,,D:\桌面\研究生相关事项\CodeWork\DCDLP_work\DCDLP\results\logs\paper_main_citeseer_ncnc_uniform_seed0.log,Official baseline is intentionally isolated from the DCDLP implementation. Run scripts/download_data.py --third-party and the matching official adapter; no synthetic score was emitted.
2026-07-17T19:46:17,paper_main,citeseer,ncnc,0,degree_corrected,NOT_RUN,,,D:\桌面\研究生相关事项\CodeWork\DCDLP_work\DCDLP\results\logs\paper_main_citeseer_ncnc_degree_corrected_seed0.log,Official baseline is intentionally isolated from the DCDLP implementation. Run scripts/download_data.py --third-party and the matching official adapter; no synthetic score was emitted.
2026-07-17T19:46:17,paper_main,citeseer,ncnc,0,mix,NOT_RUN,,,D:\桌面\研究生相关事项\CodeWork\DCDLP_work\DCDLP\results\logs\paper_main_citeseer_ncnc_mix_seed0.log,Official baseline is intentionally isolated from the DCDLP implementation. Run scripts/download_data.py --third-party and the matching official adapter; no synthetic score was emitted.
2026-07-17T19:46:17,paper_main,citeseer,ncnc,1,uniform,NOT_RUN,,,D:\桌面\研究生相关事项\CodeWork\DCDLP_work\DCDLP\results\logs\paper_main_citeseer_ncnc_uniform_seed1.log,Official baseline is intentionally isolated from the DCDLP implementation. Run scripts/download_data.py --third-party and the matching official adapter; no synthetic score was emitted.
2026-07-17T19:46:17,paper_main,citeseer,ncnc,1,degree_corrected,NOT_RUN,,,D:\桌面\研究生相关事项\CodeWork\DCDLP_work\DCDLP\results\logs\paper_main_citeseer_ncnc_degree_corrected_seed1.log,Official baseline is intentionally isolated from the DCDLP implementation. Run scripts/download_data.py --third-party and the matching official adapter; no synthetic score was emitted.
2026-07-17T19:46:17,paper_main,citeseer,ncnc,1,mix,NOT_RUN,,,D:\桌面\研究生相关事项\CodeWork\DCDLP_work\DCDLP\results\logs\paper_main_citeseer_ncnc_mix_seed1.log,Official baseline is intentionally isolated from the DCDLP implementation. Run scripts/download_data.py --third-party and the matching official adapter; no synthetic score was emitted.
2026-07-17T19:46:17,paper_main,citeseer,ncnc,2,uniform,NOT_RUN,,,D:\桌面\研究生相关事项\CodeWork\DCDLP_work\DCDLP\results\logs\paper_main_citeseer_ncnc_uniform_seed2.log,Official baseline is intentionally isolated from the DCDLP implementation. Run scripts/download_data.py --third-party and the matching official adapter; no synthetic score was emitted.
2026-07-17T19:46:17,paper_main,citeseer,ncnc,2,degree_corrected,NOT_RUN,,,D:\桌面\研究生相关事项\CodeWork\DCDLP_work\DCDLP\results\logs\paper_main_citeseer_ncnc_degree_corrected_seed2.log,Official baseline is intentionally isolated from the DCDLP implementation. Run scripts/download_data.py --third-party and the matching official adapter; no synthetic score was emitted.
2026-07-17T19:46:17,paper_main,citeseer,ncnc,2,mix,NOT_RUN,,,D:\桌面\研究生相关事项\CodeWork\DCDLP_work\DCDLP\results\logs\paper_main_citeseer_ncnc_mix_seed2.log,Official baseline is intentionally isolated from the DCDLP implementation. Run scripts/download_data.py --third-party and the matching official adapter; no synthetic score was emitted.
2026-07-17T19:46:17,paper_main,citeseer,ncnc,3,uniform,NOT_RUN,,,D:\桌面\研究生相关事项\CodeWork\DCDLP_work\DCDLP\results\logs\paper_main_citeseer_ncnc_uniform_seed3.log,Official baseline is intentionally isolated from the DCDLP implementation. Run scripts/download_data.py --third-party and the matching official adapter; no synthetic score was emitted.
2026-07-17T19:46:17,paper_main,citeseer,ncnc,3,degree_corrected,NOT_RUN,,,D:\桌面\研究生相关事项\CodeWork\DCDLP_work\DCDLP\results\logs\paper_main_citeseer_ncnc_degree_corrected_seed3.log,Official baseline is intentionally isolated from the DCDLP implementation. Run scripts/download_data.py --third-party and the matching official adapter; no synthetic score was emitted.
2026-07-17T19:46:17,paper_main,citeseer,ncnc,3,mix,NOT_RUN,,,D:\桌面\研究生相关事项\CodeWork\DCDLP_work\DCDLP\results\logs\paper_main_citeseer_ncnc_mix_seed3.log,Official baseline is intentionally isolated from the DCDLP implementation. Run scripts/download_data.py --third-party and the matching official adapter; no synthetic score was emitted.
2026-07-17T19:46:17,paper_main,citeseer,ncnc,4,uniform,NOT_RUN,,,D:\桌面\研究生相关事项\CodeWork\DCDLP_work\DCDLP\results\logs\paper_main_citeseer_ncnc_uniform_seed4.log,Official baseline is intentionally isolated from the DCDLP implementation. Run scripts/download_data.py --third-party and the matching official adapter; no synthetic score was emitted.
2026-07-17T19:46:17,paper_main,citeseer,ncnc,4,degree_corrected,NOT_RUN,,,D:\桌面\研究生相关事项\CodeWork\DCDLP_work\DCDLP\results\logs\paper_main_citeseer_ncnc_degree_corrected_seed4.log,Official baseline is intentionally isolated from the DCDLP implementation. Run scripts/download_data.py --third-party and the matching official adapter; no synthetic score was emitted.
2026-07-17T19:46:17,paper_main,citeseer,ncnc,4,mix,NOT_RUN,,,D:\桌面\研究生相关事项\CodeWork\DCDLP_work\DCDLP\results\logs\paper_main_citeseer_ncnc_mix_seed4.log,Official baseline is intentionally isolated from the DCDLP implementation. Run scripts/download_data.py --third-party and the matching official adapter; no synthetic score was emitted.
2026-07-17T19:46:17,paper_main,citeseer,ncnc,5,uniform,NOT_RUN,,,D:\桌面\研究生相关事项\CodeWork\DCDLP_work\DCDLP\results\logs\paper_main_citeseer_ncnc_uniform_seed5.log,Official baseline is intentionally isolated from the DCDLP implementation. Run scripts/download_data.py --third-party and the matching official adapter; no synthetic score was emitted.
2026-07-17T19:46:17,paper_main,citeseer,ncnc,5,degree_corrected,NOT_RUN,,,D:\桌面\研究生相关事项\CodeWork\DCDLP_work\DCDLP\results\logs\paper_main_citeseer_ncnc_degree_corrected_seed5.log,Official baseline is intentionally isolated from the DCDLP implementation. Run scripts/download_data.py --third-party and the matching official adapter; no synthetic score was emitted.
2026-07-17T19:46:17,paper_main,citeseer,ncnc,5,mix,NOT_RUN,,,D:\桌面\研究生相关事项\CodeWork\DCDLP_work\DCDLP\results\logs\paper_main_citeseer_ncnc_mix_seed5.log,Official baseline is intentionally isolated from the DCDLP implementation. Run scripts/download_data.py --third-party and the matching official adapter; no synthetic score was emitted.
2026-07-17T19:46:17,paper_main,citeseer,ncnc,6,uniform,NOT_RUN,,,D:\桌面\研究生相关事项\CodeWork\DCDLP_work\DCDLP\results\logs\paper_main_citeseer_ncnc_uniform_seed6.log,Official baseline is intentionally isolated from the DCDLP implementation. Run scripts/download_data.py --third-party and the matching official adapter; no synthetic score was emitted.
2026-07-17T19:46:17,paper_main,citeseer,ncnc,6,degree_corrected,NOT_RUN,,,D:\桌面\研究生相关事项\CodeWork\DCDLP_work\DCDLP\results\logs\paper_main_citeseer_ncnc_degree_corrected_seed6.log,Official baseline is intentionally isolated from the DCDLP implementation. Run scripts/download_data.py --third-party and the matching official adapter; no synthetic score was emitted.
2026-07-17T19:46:17,paper_main,citeseer,ncnc,6,mix,NOT_RUN,,,D:\桌面\研究生相关事项\CodeWork\DCDLP_work\DCDLP\results\logs\paper_main_citeseer_ncnc_mix_seed6.log,Official baseline is intentionally isolated from the DCDLP implementation. Run scripts/download_data.py --third-party and the matching official adapter; no synthetic score was emitted.
2026-07-17T19:46:17,paper_main,citeseer,ncnc,7,uniform,NOT_RUN,,,D:\桌面\研究生相关事项\CodeWork\DCDLP_work\DCDLP\results\logs\paper_main_citeseer_ncnc_uniform_seed7.log,Official baseline is intentionally isolated from the DCDLP implementation. Run scripts/download_data.py --third-party and the matching official adapter; no synthetic score was emitted.
2026-07-17T19:46:17,paper_main,citeseer,ncnc,7,degree_corrected,NOT_RUN,,,D:\桌面\研究生相关事项\CodeWork\DCDLP_work\DCDLP\results\logs\paper_main_citeseer_ncnc_degree_corrected_seed7.log,Official baseline is intentionally isolated from the DCDLP implementation. Run scripts/download_data.py --third-party and the matching official adapter; no synthetic score was emitted.
2026-07-17T19:46:17,paper_main,citeseer,ncnc,7,mix,NOT_RUN,,,D:\桌面\研究生相关事项\CodeWork\DCDLP_work\DCDLP\results\logs\paper_main_citeseer_ncnc_mix_seed7.log,Official baseline is intentionally isolated from the DCDLP implementation. Run scripts/download_data.py --third-party and the matching official adapter; no synthetic score was emitted.
2026-07-17T19:46:17,paper_main,citeseer,ncnc,8,uniform,NOT_RUN,,,D:\桌面\研究生相关事项\CodeWork\DCDLP_work\DCDLP\results\logs\paper_main_citeseer_ncnc_uniform_seed8.log,Official baseline is intentionally isolated from the DCDLP implementation. Run scripts/download_data.py --third-party and the matching official adapter; no synthetic score was emitted.
2026-07-17T19:46:17,paper_main,citeseer,ncnc,8,degree_corrected,NOT_RUN,,,D:\桌面\研究生相关事项\CodeWork\DCDLP_work\DCDLP\results\logs\paper_main_citeseer_ncnc_degree_corrected_seed8.log,Official baseline is intentionally isolated from the DCDLP implementation. Run scripts/download_data.py --third-party and the matching official adapter; no synthetic score was emitted.
2026-07-17T19:46:17,paper_main,citeseer,ncnc,8,mix,NOT_RUN,,,D:\桌面\研究生相关事项\CodeWork\DCDLP_work\DCDLP\results\logs\paper_main_citeseer_ncnc_mix_seed8.log,Official baseline is intentionally isolated from the DCDLP implementation. Run scripts/download_data.py --third-party and the matching official adapter; no synthetic score was emitted.
2026-07-17T19:46:17,paper_main,citeseer,ncnc,9,uniform,NOT_RUN,,,D:\桌面\研究生相关事项\CodeWork\DCDLP_work\DCDLP\results\logs\paper_main_citeseer_ncnc_uniform_seed9.log,Official baseline is intentionally isolated from the DCDLP implementation. Run scripts/download_data.py --third-party and the matching official adapter; no synthetic score was emitted.
2026-07-17T19:46:17,paper_main,citeseer,ncnc,9,degree_corrected,NOT_RUN,,,D:\桌面\研究生相关事项\CodeWork\DCDLP_work\DCDLP\results\logs\paper_main_citeseer_ncnc_degree_corrected_seed9.log,Official baseline is intentionally isolated from the DCDLP implementation. Run scripts/download_data.py --third-party and the matching official adapter; no synthetic score was emitted.
2026-07-17T19:46:17,paper_main,citeseer,ncnc,9,mix,NOT_RUN,,,D:\桌面\研究生相关事项\CodeWork\DCDLP_work\DCDLP\results\logs\paper_main_citeseer_ncnc_mix_seed9.log,Official baseline is intentionally isolated from the DCDLP implementation. Run scripts/download_data.py --third-party and the matching official adapter; no synthetic score was emitted.
2026-07-17T19:46:17,paper_main,citeseer,ltlp,0,uniform,NOT_RUN,,,D:\桌面\研究生相关事项\CodeWork\DCDLP_work\DCDLP\results\logs\paper_main_citeseer_ltlp_uniform_seed0.log,Official baseline is intentionally isolated from the DCDLP implementation. Run scripts/download_data.py --third-party and the matching official adapter; no synthetic score was emitted.
2026-07-17T19:46:17,paper_main,citeseer,ltlp,0,degree_corrected,NOT_RUN,,,D:\桌面\研究生相关事项\CodeWork\DCDLP_work\DCDLP\results\logs\paper_main_citeseer_ltlp_degree_corrected_seed0.log,Official baseline is intentionally isolated from the DCDLP implementation. Run scripts/download_data.py --third-party and the matching official adapter; no synthetic score was emitted.
2026-07-17T19:46:17,paper_main,citeseer,ltlp,0,mix,NOT_RUN,,,D:\桌面\研究生相关事项\CodeWork\DCDLP_work\DCDLP\results\logs\paper_main_citeseer_ltlp_mix_seed0.log,Official baseline is intentionally isolated from the DCDLP implementation. Run scripts/download_data.py --third-party and the matching official adapter; no synthetic score was emitted.
2026-07-17T19:46:17,paper_main,citeseer,ltlp,1,uniform,NOT_RUN,,,D:\桌面\研究生相关事项\CodeWork\DCDLP_work\DCDLP\results\logs\paper_main_citeseer_ltlp_uniform_seed1.log,Official baseline is intentionally isolated from the DCDLP implementation. Run scripts/download_data.py --third-party and the matching official adapter; no synthetic score was emitted.
2026-07-17T19:46:17,paper_main,citeseer,ltlp,1,degree_corrected,NOT_RUN,,,D:\桌面\研究生相关事项\CodeWork\DCDLP_work\DCDLP\results\logs\paper_main_citeseer_ltlp_degree_corrected_seed1.log,Official baseline is intentionally isolated from the DCDLP implementation. Run scripts/download_data.py --third-party and the matching official adapter; no synthetic score was emitted.
2026-07-17T19:46:17,paper_main,citeseer,ltlp,1,mix,NOT_RUN,,,D:\桌面\研究生相关事项\CodeWork\DCDLP_work\DCDLP\results\logs\paper_main_citeseer_ltlp_mix_seed1.log,Official baseline is intentionally isolated from the DCDLP implementation. Run scripts/download_data.py --third-party and the matching official adapter; no synthetic score was emitted.
2026-07-17T19:46:17,paper_main,citeseer,ltlp,2,uniform,NOT_RUN,,,D:\桌面\研究生相关事项\CodeWork\DCDLP_work\DCDLP\results\logs\paper_main_citeseer_ltlp_uniform_seed2.log,Official baseline is intentionally isolated from the DCDLP implementation. Run scripts/download_data.py --third-party and the matching official adapter; no synthetic score was emitted.
2026-07-17T19:46:17,paper_main,citeseer,ltlp,2,degree_corrected,NOT_RUN,,,D:\桌面\研究生相关事项\CodeWork\DCDLP_work\DCDLP\results\logs\paper_main_citeseer_ltlp_degree_corrected_seed2.log,Official baseline is intentionally isolated from the DCDLP implementation. Run scripts/download_data.py --third-party and the matching official adapter; no synthetic score was emitted.
2026-07-17T19:46:17,paper_main,citeseer,ltlp,2,mix,NOT_RUN,,,D:\桌面\研究生相关事项\CodeWork\DCDLP_work\DCDLP\results\logs\paper_main_citeseer_ltlp_mix_seed2.log,Official baseline is intentionally isolated from the DCDLP implementation. Run scripts/download_data.py --third-party and the matching official adapter; no synthetic score was emitted.
2026-07-17T19:46:17,paper_main,citeseer,ltlp,3,uniform,NOT_RUN,,,D:\桌面\研究生相关事项\CodeWork\DCDLP_work\DCDLP\results\logs\paper_main_citeseer_ltlp_uniform_seed3.log,Official baseline is intentionally isolated from the DCDLP implementation. Run scripts/download_data.py --third-party and the matching official adapter; no synthetic score was emitted.
2026-07-17T19:46:17,paper_main,citeseer,ltlp,3,degree_corrected,NOT_RUN,,,D:\桌面\研究生相关事项\CodeWork\DCDLP_work\DCDLP\results\logs\paper_main_citeseer_ltlp_degree_corrected_seed3.log,Official baseline is intentionally isolated from the DCDLP implementation. Run scripts/download_data.py --third-party and the matching official adapter; no synthetic score was emitted.
2026-07-17T19:46:17,paper_main,citeseer,ltlp,3,mix,NOT_RUN,,,D:\桌面\研究生相关事项\CodeWork\DCDLP_work\DCDLP\results\logs\paper_main_citeseer_ltlp_mix_seed3.log,Official baseline is intentionally isolated from the DCDLP implementation. Run scripts/download_data.py --third-party and the matching official adapter; no synthetic score was emitted.
2026-07-17T19:46:17,paper_main,citeseer,ltlp,4,uniform,NOT_RUN,,,D:\桌面\研究生相关事项\CodeWork\DCDLP_work\DCDLP\results\logs\paper_main_citeseer_ltlp_uniform_seed4.log,Official baseline is intentionally isolated from the DCDLP implementation. Run scripts/download_data.py --third-party and the matching official adapter; no synthetic score was emitted.
2026-07-17T19:46:17,paper_main,citeseer,ltlp,4,degree_corrected,NOT_RUN,,,D:\桌面\研究生相关事项\CodeWork\DCDLP_work\DCDLP\results\logs\paper_main_citeseer_ltlp_degree_corrected_seed4.log,Official baseline is intentionally isolated from the DCDLP implementation. Run scripts/download_data.py --third-party and the matching official adapter; no synthetic score was emitted.
2026-07-17T19:46:17,paper_main,citeseer,ltlp,4,mix,NOT_RUN,,,D:\桌面\研究生相关事项\CodeWork\DCDLP_work\DCDLP\results\logs\paper_main_citeseer_ltlp_mix_seed4.log,Official baseline is intentionally isolated from the DCDLP implementation. Run scripts/download_data.py --third-party and the matching official adapter; no synthetic score was emitted.
2026-07-17T19:46:17,paper_main,citeseer,ltlp,5,uniform,NOT_RUN,,,D:\桌面\研究生相关事项\CodeWork\DCDLP_work\DCDLP\results\logs\paper_main_citeseer_ltlp_uniform_seed5.log,Official baseline is intentionally isolated from the DCDLP implementation. Run scripts/download_data.py --third-party and the matching official adapter; no synthetic score was emitted.
2026-07-17T19:46:17,paper_main,citeseer,ltlp,5,degree_corrected,NOT_RUN,,,D:\桌面\研究生相关事项\CodeWork\DCDLP_work\DCDLP\results\logs\paper_main_citeseer_ltlp_degree_corrected_seed5.log,Official baseline is intentionally isolated from the DCDLP implementation. Run scripts/download_data.py --third-party and the matching official adapter; no synthetic score was emitted.
2026-07-17T19:46:17,paper_main,citeseer,ltlp,5,mix,NOT_RUN,,,D:\桌面\研究生相关事项\CodeWork\DCDLP_work\DCDLP\results\logs\paper_main_citeseer_ltlp_mix_seed5.log,Official baseline is intentionally isolated from the DCDLP implementation. Run scripts/download_data.py --third-party and the matching official adapter; no synthetic score was emitted.
2026-07-17T19:46:17,paper_main,citeseer,ltlp,6,uniform,NOT_RUN,,,D:\桌面\研究生相关事项\CodeWork\DCDLP_work\DCDLP\results\logs\paper_main_citeseer_ltlp_uniform_seed6.log,Official baseline is intentionally isolated from the DCDLP implementation. Run scripts/download_data.py --third-party and the matching official adapter; no synthetic score was emitted.
2026-07-17T19:46:17,paper_main,citeseer,ltlp,6,degree_corrected,NOT_RUN,,,D:\桌面\研究生相关事项\CodeWork\DCDLP_work\DCDLP\results\logs\paper_main_citeseer_ltlp_degree_corrected_seed6.log,Official baseline is intentionally isolated from the DCDLP implementation. Run scripts/download_data.py --third-party and the matching official adapter; no synthetic score was emitted.
2026-07-17T19:46:17,paper_main,citeseer,ltlp,6,mix,NOT_RUN,,,D:\桌面\研究生相关事项\CodeWork\DCDLP_work\DCDLP\results\logs\paper_main_citeseer_ltlp_mix_seed6.log,Official baseline is intentionally isolated from the DCDLP implementation. Run scripts/download_data.py --third-party and the matching official adapter; no synthetic score was emitted.
2026-07-17T19:46:17,paper_main,citeseer,ltlp,7,uniform,NOT_RUN,,,D:\桌面\研究生相关事项\CodeWork\DCDLP_work\DCDLP\results\logs\paper_main_citeseer_ltlp_uniform_seed7.log,Official baseline is intentionally isolated from the DCDLP implementation. Run scripts/download_data.py --third-party and the matching official adapter; no synthetic score was emitted.
2026-07-17T19:46:17,paper_main,citeseer,ltlp,7,degree_corrected,NOT_RUN,,,D:\桌面\研究生相关事项\CodeWork\DCDLP_work\DCDLP\results\logs\paper_main_citeseer_ltlp_degree_corrected_seed7.log,Official baseline is intentionally isolated from the DCDLP implementation. Run scripts/download_data.py --third-party and the matching official adapter; no synthetic score was emitted.
2026-07-17T19:46:17,paper_main,citeseer,ltlp,7,mix,NOT_RUN,,,D:\桌面\研究生相关事项\CodeWork\DCDLP_work\DCDLP\results\logs\paper_main_citeseer_ltlp_mix_seed7.log,Official baseline is intentionally isolated from the DCDLP implementation. Run scripts/download_data.py --third-party and the matching official adapter; no synthetic score was emitted.
2026-07-17T19:46:17,paper_main,citeseer,ltlp,8,uniform,NOT_RUN,,,D:\桌面\研究生相关事项\CodeWork\DCDLP_work\DCDLP\results\logs\paper_main_citeseer_ltlp_uniform_seed8.log,Official baseline is intentionally isolated from the DCDLP implementation. Run scripts/download_data.py --third-party and the matching official adapter; no synthetic score was emitted.
2026-07-17T19:46:17,paper_main,citeseer,ltlp,8,degree_corrected,NOT_RUN,,,D:\桌面\研究生相关事项\CodeWork\DCDLP_work\DCDLP\results\logs\paper_main_citeseer_ltlp_degree_corrected_seed8.log,Official baseline is intentionally isolated from the DCDLP implementation. Run scripts/download_data.py --third-party and the matching official adapter; no synthetic score was emitted.
2026-07-17T19:46:17,paper_main,citeseer,ltlp,8,mix,NOT_RUN,,,D:\桌面\研究生相关事项\CodeWork\DCDLP_work\DCDLP\results\logs\paper_main_citeseer_ltlp_mix_seed8.log,Official baseline is intentionally isolated from the DCDLP implementation. Run scripts/download_data.py --third-party and the matching official adapter; no synthetic score was emitted.
2026-07-17T19:46:17,paper_main,citeseer,ltlp,9,uniform,NOT_RUN,,,D:\桌面\研究生相关事项\CodeWork\DCDLP_work\DCDLP\results\logs\paper_main_citeseer_ltlp_uniform_seed9.log,Official baseline is intentionally isolated from the DCDLP implementation. Run scripts/download_data.py --third-party and the matching official adapter; no synthetic score was emitted.
2026-07-17T19:46:17,paper_main,citeseer,ltlp,9,degree_corrected,NOT_RUN,,,D:\桌面\研究生相关事项\CodeWork\DCDLP_work\DCDLP\results\logs\paper_main_citeseer_ltlp_degree_corrected_seed9.log,Official baseline is intentionally isolated from the DCDLP implementation. Run scripts/download_data.py --third-party and the matching official adapter; no synthetic score was emitted.
2026-07-17T19:46:17,paper_main,citeseer,ltlp,9,mix,NOT_RUN,,,D:\桌面\研究生相关事项\CodeWork\DCDLP_work\DCDLP\results\logs\paper_main_citeseer_ltlp_mix_seed9.log,Official baseline is intentionally isolated from the DCDLP implementation. Run scripts/download_data.py --third-party and the matching official adapter; no synthetic score was emitted.
2026-07-17T19:46:17,paper_main,citeseer,dcdlp,0,uniform,COMPLETED,0,D:\\桌面\\研究生相关事项\\CodeWork\\DCDLP_work\\DCDLP\\results\\raw\\citeseer_uniform_seed0_9d6df67f353c.json,D:\桌面\研究生相关事项\CodeWork\DCDLP_work\DCDLP\results\logs\paper_main_citeseer_dcdlp_uniform_seed0.log,
2026-07-17T20:08:39,paper_main,citeseer,dcdlp,0,degree_corrected,COMPLETED,0,D:\\桌面\\研究生相关事项\\CodeWork\\DCDLP_work\\DCDLP\\results\\raw\\citeseer_degree_corrected_seed0_3f6271817264.json,D:\桌面\研究生相关事项\CodeWork\DCDLP_work\DCDLP\results\logs\paper_main_citeseer_dcdlp_degree_corrected_seed0.log,
2026-07-17T20:32:53,paper_main,citeseer,dcdlp,0,mix,COMPLETED,0,D:\\桌面\\研究生相关事项\\CodeWork\\DCDLP_work\\DCDLP\\results\\raw\\citeseer_mix_seed0_fc47b524c078.json,D:\桌面\研究生相关事项\CodeWork\DCDLP_work\DCDLP\results\logs\paper_main_citeseer_dcdlp_mix_seed0.log,
2026-07-17T20:56:41,paper_main,citeseer,dcdlp,1,uniform,COMPLETED,0,D:\\桌面\\研究生相关事项\\CodeWork\\DCDLP_work\\DCDLP\\results\\raw\\citeseer_uniform_seed1_c4a1d18bff3a.json,D:\桌面\研究生相关事项\CodeWork\DCDLP_work\DCDLP\results\logs\paper_main_citeseer_dcdlp_uniform_seed1.log,
